variant,n,rep,S_size,S_hit,h_rmse,W_hat,V_hat,W_se,eps_band,n_band,V_se,W_dev,W_cover,V_dev,V_cover
dense_K200,1000,0,50,1.0,1.3846513733325851,0.6896860732780585,0.5521240234375,0.05598007937432408,0.01474912573955024,61,0.044910499052077744,0.3318647127677097,0.0,-0.0176239013671875,1.0
screen_full,1000,0,10,1.0,0.597950940340305,0.3447067881197623,0.50634765625,0.04485603998289993,0.007739391949684326,78,0.05682319042110231,-0.013114572390586554,1.0,-0.0634002685546875,1.0
screen_split,1000,0,8,1.0,0.6571355248499036,0.4118832492035831,0.487548828125,0.06353455548159946,0.009761485546266874,62,0.05372755180287611,0.05406188869323425,1.0,-0.0821990966796875,1.0
oracle,1000,0,2,1.0,0.26253478052257956,0.34615622955790004,0.5782470703125,0.04583961502135331,0.006888982420371784,54,0.05443618429198269,-0.01166513095244881,1.0,0.0084991455078125,1.0
dense_K200,1000,1,50,1.0,1.4293544505407865,0.750385725785638,0.5654296875,0.05298822668912082,0.015368860817180975,44,0.03167073099187814,0.39256436527528915,0.0,-0.0043182373046875,1.0
screen_full,1000,1,10,1.0,0.5829684573944494,0.42251380256595916,0.5491943359375,0.05015826771516224,0.009219133905223501,62,0.042123350292137235,0.06469244205561031,1.0,-0.0205535888671875,1.0
screen_split,1000,1,8,1.0,0.934089905854893,0.5802320245650193,0.5546875,0.07797151641705437,0.012399264610522178,77,0.06292249166554245,0.22241066405467047,0.0,-0.0150604248046875,1.0
oracle,1000,1,2,1.0,0.36800599585145444,0.34432739229622106,0.522216796875,0.047044085274114716,0.008081767279867605,65,0.05938438040138292,-0.013493968214127794,1.0,-0.0475311279296875,1.0
dense_K200,1000,2,50,1.0,1.5516744017579063,0.766475594696371,0.5452880859375,0.05426651053794722,0.01646418043229318,68,0.038894956049548984,0.4086542341860222,0.0,-0.0244598388671875,1.0
screen_full,1000,2,10,1.0,0.5846446145629901,0.5020297904277213,0.6077880859375,0.05472662538994482,0.008660475616872441,79,0.05327648415249398,0.14420842991737248,0.0,0.0380401611328125,1.0
screen_split,1000,2,8,1.0,0.7576286331597996,0.5443781270182613,0.6318359375,0.07479523793828323,0.009206455615598077,65,0.06395898951531469,0.18655676650791242,0.0,0.0620880126953125,1.0
oracle,1000,2,2,1.0,0.3264151421335549,0.394158820859709,0.5736083984375,0.046783897939750706,0.006903407568464633,42,0.03971075145640224,0.03633746034936014,1.0,0.0038604736328125,1.0
dense_K200,1000,3,50,1.0,1.3026440639916006,0.662899720448163,0.5545654296875,0.055732785491323836,0.013869011762303016,79,0.04911089159876448,0.3050783599378142,0.0,-0.0151824951171875,1.0
screen_full,1000,3,10,1.0,0.6133032249031712,0.431951020694588,0.5572509765625,0.05243388646719989,0.008648205016562872,66,0.0467863655429843,0.07412966018423917,1.0,-0.0124969482421875,1.0
screen_split,1000,3,10,1.0,0.8803272194054718,0.3479613433446472,0.4775390625,0.05844867460946664,0.00977515640563004,75,0.05398683263786764,-0.009860017165701673,1.0,-0.0922088623046875,1.0
oracle,1000,3,2,1.0,0.3644331443823315,0.36616910991251617,0.5224609375,0.04436391009938904,0.007023509744050432,54,0.05493272184487246,0.008347749402167315,1.0,-0.0472869873046875,1.0
dense_K200,1000,4,50,1.0,1.4124558260511804,0.6896353402905818,0.541748046875,0.0537207411376409,0.01515685368176833,71,0.041185160600635845,0.33181397978023297,0.0,-0.0279998779296875,1.0
screen_full,1000,4,9,1.0,0.7525853964066032,0.44218693846731727,0.5538330078125,0.050200095223634264,0.008919985068290639,88,0.07126889322327114,0.08436557795696842,1.0,-0.0159149169921875,1.0
screen_split,1000,4,9,1.0,0.809320093670316,0.41535767050925004,0.4700927734375,0.0700711589811344,0.01019124690296461,53,0.04344878111534388,0.05753630999890119,1.0,-0.0996551513671875,0.0
oracle,1000,4,2,1.0,0.3469843509508582,0.35885709468567484,0.515869140625,0.04268589699084394,0.007165946795368832,51,0.049244664942391485,0.0010357341753259863,1.0,-0.0538787841796875,1.0
dense_K200,1000,5,50,1.0,1.3427348793187988,0.6954338339715748,0.5469970703125,0.05380581448780074,0.015232476614055855,73,0.04620353851232426,0.3376124734612259,0.0,-0.0227508544921875,1.0
screen_full,1000,5,10,1.0,0.562182532613457,0.42944508631392075,0.5462646484375,0.04692358241607789,0.009219918154544027,71,0.045036373882272815,0.0716237258035719,1.0,-0.0234832763671875,1.0
screen_split,1000,5,10,1.0,0.6161009585785885,0.404812513451071,0.5150146484375,0.06163737865383531,0.009074812068504069,76,0.062301275980338286,0.04699115294072215,1.0,-0.0547332763671875,1.0
oracle,1000,5,2,1.0,0.4165296484599502,0.35218887479165323,0.5633544921875,0.04606821329915219,0.008209643562861921,73,0.05926639811425896,-0.005632485718695623,1.0,-0.0063934326171875,1.0
dense_K200,1000,6,50,1.0,1.2018653047065682,0.54467420035728,0.5157470703125,0.05037528808878099,0.01290940041028199,46,0.03626142802346738,0.18685283984693113,0.0,-0.0540008544921875,1.0
screen_full,1000,6,10,1.0,0.5496271162270223,0.3347088482582358,0.533203125,0.0469586190921689,0.007442286619677484,55,0.05000478114832192,-0.023112512252113027,1.0,-0.0365447998046875,1.0
screen_split,1000,6,4,1.0,0.7439014873156878,0.48485914233053007,0.5482177734375,0.05632873757574546,0.010081916993974479,63,0.0489807572028689,0.12703778182018122,0.0,-0.0215301513671875,1.0
oracle,1000,6,2,1.0,0.3817823705766658,0.32271881320495716,0.581787109375,0.04739324796759818,0.0076657135134056455,78,0.06749413196646284,-0.035102547305391696,1.0,0.0120391845703125,1.0
dense_K200,1000,7,50,1.0,1.3335543016419813,0.6431853457060338,0.515869140625,0.05132939950944144,0.014877853373800836,65,0.03633421483201815,0.28536398519568495,0.0,-0.0538787841796875,1.0
screen_full,1000,7,7,1.0,0.49363508157780983,0.4022596808496991,0.5587158203125,0.04884954548083243,0.008642869103090823,65,0.04611707191792746,0.044438320339350246,1.0,-0.0110321044921875,1.0
screen_split,1000,7,4,1.0,1.0978564255422911,0.5085025379704708,0.5133056640625,0.0560194204817611,0.012843024419092946,58,0.03263460290734418,0.150681177460122,0.0,-0.0564422607421875,1.0
oracle,1000,7,2,1.0,0.390649428231899,0.4229116342537247,0.55908203125,0.046356460058319,0.008706145899282017,66,0.06470016738518644,0.06509027374337584,1.0,-0.0106658935546875,1.0
dense_K200,1000,8,50,1.0,1.3790704184748235,0.6618953829460519,0.5474853515625,0.05376203730180746,0.014452753361210404,64,0.040598682394280695,0.30407402243570303,0.0,-0.0222625732421875,1.0
screen_full,1000,8,4,1.0,0.4937679621683547,0.31941078056470795,0.5299072265625,0.04353318055068066,0.006793181673705147,58,0.05458205171134698,-0.0384105799456409,1.0,-0.0398406982421875,1.0
screen_split,1000,8,3,1.0,0.7861600256209648,0.4269619780176613,0.610595703125,0.06655524922699464,0.009472349927214532,67,0.06868295006671991,0.06914061750731243,1.0,0.0408477783203125,1.0
oracle,1000,8,2,1.0,0.36090331773412637,0.2981247512260894,0.5655517578125,0.04723760462698157,0.005872236106322505,50,0.049397031369494866,-0.05969660928425946,1.0,-0.0041961669921875,1.0
dense_K200,1000,9,50,1.0,1.4271149328160022,0.6863256133029969,0.537109375,0.056078450695455265,0.015491339567641307,53,0.034283172202561725,0.32850425279264805,0.0,-0.0326385498046875,1.0
screen_full,1000,9,8,1.0,0.6276314782598609,0.410323243678058,0.5562744140625,0.05061591150166315,0.008378076613795934,64,0.05037302022310161,0.05250188316770915,1.0,-0.0134735107421875,1.0
screen_split,1000,9,10,1.0,0.7469738304899705,0.5332614715774572,0.62353515625,0.07982903989853707,0.00967562897624534,56,0.0589996622223638,0.17544011106710833,0.0,0.0537872314453125,1.0
oracle,1000,9,2,1.0,0.40894959939169157,0.332843757325604,0.53271484375,0.04452133817797687,0.006669058739591524,77,0.08214101530104115,-0.024977603184744845,1.0,-0.0370330810546875,1.0
dense_K200,1000,10,50,1.0,1.3672808023306788,0.7777166294216108,0.5994873046875,0.056216974718889416,0.014588498084388606,74,0.04429651181785317,0.41989526891126194,0.0,0.0297393798828125,1.0
screen_full,1000,10,10,1.0,0.4954298889765166,0.43900272083486575,0.610107421875,0.05342576791738951,0.007457607313516222,72,0.06217564203429894,0.0811813603245169,1.0,0.0403594970703125,1.0
screen_split,1000,10,6,1.0,0.8005187023433149,0.47569704226525256,0.6241455078125,0.0767869930144175,0.009161275117585934,68,0.06304374638434607,0.1178756817549037,1.0,0.0543975830078125,1.0
oracle,1000,10,2,1.0,0.30251671503325744,0.3375589048007412,0.56982421875,0.04659157574322463,0.0063583771889272975,47,0.0452624646247247,-0.020262455709607663,1.0,7.62939453125e-05,1.0
dense_K200,1000,11,50,1.0,1.5060300916082567,0.7382919445638583,0.545166015625,0.05622770724577356,0.016381969389742422,67,0.03559676394864668,0.3804705840535094,0.0,-0.0245819091796875,1.0
screen_full,1000,11,9,1.0,0.5575881350455241,0.45916801087289044,0.5523681640625,0.04885352798661413,0.009173978900394304,72,0.05025053107275951,0.10134665036254159,0.0,-0.0173797607421875,1.0
screen_split,1000,11,4,1.0,0.6969367501522638,0.4094715976620038,0.580810546875,0.06907074484854397,0.008930435166698794,79,0.06654056831177922,0.051650237151654954,1.0,0.0110626220703125,1.0
oracle,1000,11,2,1.0,0.26672122687521704,0.36874975992537157,0.5770263671875,0.048243440671167634,0.006699587601240496,53,0.0487882450446889,0.010928399415022716,1.0,0.0072784423828125,1.0
dense_K200,1000,12,50,1.0,1.4135690987958802,0.6696825293853041,0.534912109375,0.05714514606128573,0.01487643634800941,62,0.03983510710239156,0.3118611688749553,0.0,-0.0348358154296875,1.0
screen_full,1000,12,3,1.0,0.5133833953238202,0.359704588084483,0.570068359375,0.04578938028847451,0.0077999489659894075,45,0.03564845131037542,0.001883227574134172,1.0,0.0003204345703125,1.0
screen_split,1000,12,9,1.0,0.91744346998445,0.4425271254641991,0.550048828125,0.06998926861766608,0.009944099758551758,79,0.061399825928741485,0.08470576495385024,1.0,-0.0196990966796875,1.0
oracle,1000,12,2,1.0,0.29175731382550113,0.2960373904224566,0.559814453125,0.045684038870997264,0.006454640583867333,52,0.05811377938884421,-0.06178397008789227,1.0,-0.0099334716796875,1.0
dense_K200,1000,13,50,1.0,1.3911070958054612,0.7132941750217051,0.563232421875,0.05248983771354854,0.014568059177295629,61,0.038393163580132894,0.35547281451135626,0.0,-0.0065155029296875,1.0
screen_full,1000,13,10,1.0,0.6350354263980239,0.4885236643537094,0.5933837890625,0.04785226044952231,0.008851438536402818,62,0.03820260864701065,0.13070230384336057,0.0,0.0236358642578125,1.0
screen_split,1000,13,10,1.0,0.9959613798637112,0.5765996540750422,0.5205078125,0.06684493547779963,0.012379113015872627,68,0.04501886883874277,0.21877829356469336,0.0,-0.0492401123046875,1.0
oracle,1000,13,2,1.0,0.3143278906994494,0.394284246957018,0.536376953125,0.04362322227026871,0.007427881031740413,66,0.05290395786567659,0.036462886446669174,1.0,-0.0333709716796875,1.0
dense_K200,1000,14,50,1.0,1.5017776085689782,0.7083362537630866,0.53662109375,0.053191692015655205,0.016053737322097673,61,0.036254948077983684,0.35051489325273777,0.0,-0.0331268310546875,1.0
screen_full,1000,14,7,1.0,0.5666868585656956,0.4050247239592095,0.5174560546875,0.0471261003624334,0.008790440678239331,65,0.04401018272743558,0.04720336344886067,1.0,-0.0522918701171875,1.0
screen_split,1000,14,10,1.0,0.7680329947617127,0.3796563058971514,0.5316162109375,0.06813000114118989,0.00891691028578953,58,0.06029158614807312,0.02183494538680253,1.0,-0.0381317138671875,1.0
oracle,1000,14,2,1.0,0.2770769163238972,0.3394026264127371,0.5809326171875,0.05101413136158297,0.006714467414429805,38,0.03838675320835193,-0.018418734097611744,1.0,0.0111846923828125,1.0
dense_K200,1000,15,50,1.0,1.4070513405807301,0.7326081483013983,0.558349609375,0.05749145570045991,0.015195659875445298,62,0.041507221496801805,0.37478678779104946,0.0,-0.0113983154296875,1.0
screen_full,1000,15,10,1.0,0.6152686012761444,0.44312266478190065,0.5997314453125,0.052213891694386,0.008314052301233148,71,0.05073184814731793,0.0853013042715518,1.0,0.0299835205078125,1.0
screen_split,1000,15,8,1.0,0.8757318105823135,0.5287473933751187,0.5877685546875,0.07334580914061882,0.010308788783912287,48,0.049506327536391524,0.17092603286476982,0.0,0.0180206298828125,1.0
oracle,1000,15,2,1.0,0.3208618868559393,0.3850963507033043,0.6246337890625,0.049029076506855084,0.007367058992646991,57,0.054447358342335134,0.02727499019295543,1.0,0.0548858642578125,1.0
dense_K200,1000,16,50,1.0,1.5074557469927212,0.7110054098375858,0.55224609375,0.05602102732834681,0.015671186448226557,67,0.0379529199594428,0.3531840493272369,0.0,-0.0175018310546875,1.0
screen_full,1000,16,9,1.0,0.5804714719529298,0.3739348440697468,0.5245361328125,0.04623408682002654,0.008165844617427006,64,0.04631245872607121,0.016113483559397956,1.0,-0.0452117919921875,1.0
screen_split,1000,16,5,1.0,0.7517363819707062,0.46727972762697184,0.5618896484375,0.06804787344481997,0.010010618477319775,70,0.062447506409053576,0.10945836711662299,1.0,-0.0078582763671875,1.0
oracle,1000,16,2,1.0,0.359570081477844,0.39189572255229443,0.5882568359375,0.045275980981202855,0.007628001377215504,44,0.044086732157172216,0.03407436204194558,1.0,0.0185089111328125,1.0
dense_K200,1000,17,50,1.0,1.4758176196451869,0.6599037135362169,0.52734375,0.05241379861802122,0.015356736646563545,61,0.03740719628703621,0.30208235302586806,0.0,-0.0424041748046875,1.0
screen_full,1000,17,10,1.0,0.5757851054224736,0.4110257508987787,0.5594482421875,0.049101101524878885,0.008353270786865612,55,0.04473801349706879,0.053204390388429834,1.0,-0.0102996826171875,1.0
screen_split,1000,17,10,1.0,0.9424302058767383,0.4862012059149763,0.543701171875,0.0663824274870195,0.01082084440002927,60,0.04621717727102764,0.12837984540462744,1.0,-0.0260467529296875,1.0
oracle,1000,17,2,1.0,0.21548746166967292,0.3398690000725546,0.5751953125,0.04858625247793773,0.006560711495764281,35,0.03540835794162838,-0.017952360437794246,1.0,0.0054473876953125,1.0
dense_K200,1000,18,50,1.0,1.5156379240314137,0.829541390542756,0.58349609375,0.05797511088578269,0.01631310115273165,66,0.03916952495340616,0.47172003003240714,0.0,0.0137481689453125,1.0
screen_full,1000,18,5,1.0,0.6115964178252143,0.4456766155095807,0.524658203125,0.04674691110860364,0.009908328164140275,65,0.03907977334727004,0.08785525499923186,1.0,-0.0450897216796875,1.0
screen_split,1000,18,4,1.0,0.7392849469771425,0.4014674992588583,0.4901123046875,0.05856603846889939,0.010501166519462833,81,0.06213746410200889,0.04364613874850942,1.0,-0.0796356201171875,1.0
oracle,1000,18,2,1.0,0.38711716573856686,0.3778095108508034,0.5325927734375,0.04376689051597081,0.008169719746385784,107,0.09460018882699034,0.019988150340454536,1.0,-0.0371551513671875,1.0
dense_K200,1000,19,50,1.0,1.4159840364150134,0.7050245034184454,0.53076171875,0.05425135145783852,0.015867289531408993,66,0.04410091893835959,0.3472031429080965,0.0,-0.0389862060546875,1.0
screen_full,1000,19,10,1.0,0.569168029630391,0.3977371772696728,0.5552978515625,0.05194519283145068,0.00827529936156435,53,0.047095871170728984,0.03991581675932393,1.0,-0.0144500732421875,1.0
screen_split,1000,19,10,1.0,0.8598355162374447,0.4306895561583251,0.4945068359375,0.060521561379875376,0.010904556728802877,63,0.04517892816877928,0.07286819564797625,1.0,-0.0752410888671875,1.0
oracle,1000,19,2,1.0,0.490990538519618,0.34428119355597586,0.556640625,0.04558668534425141,0.00817702945155777,87,0.10742875305592899,-0.01354016695437299,1.0,-0.0131072998046875,1.0
dense_K200,1000,20,50,1.0,1.5817713863165819,0.7602990168074427,0.5262451171875,0.056506720752393054,0.017503921123970406,66,0.037409655092212016,0.40247765629709387,0.0,-0.0435028076171875,1.0
screen_full,1000,20,10,1.0,0.6032274662612087,0.4988310464599443,0.5574951171875,0.051221724463337386,0.010105966572225383,57,0.036170236149498367,0.14100968594959545,0.0,-0.0122528076171875,1.0
screen_split,1000,20,4,1.0,0.7028335913615803,0.4887720963365364,0.6312255859375,0.07239525695442246,0.009733394650988079,54,0.0561032935020271,0.13095073582618755,1.0,0.0614776611328125,1.0
oracle,1000,20,2,1.0,0.36487261200765525,0.4662804378117136,0.5701904296875,0.04813530022300508,0.008695515753794467,61,0.053635945840650526,0.10845907730136473,0.0,0.0004425048828125,1.0
dense_K200,1000,21,50,1.0,1.4345436691835314,0.7517046008666789,0.5611572265625,0.05540147267762575,0.015650459931358506,59,0.03195071674346623,0.39388324035633004,0.0,-0.0085906982421875,1.0
screen_full,1000,21,10,1.0,0.529328586528314,0.46826910153549345,0.6268310546875,0.05252616207081628,0.007858636798529781,58,0.051787604088851726,0.1104477410251446,0.0,0.0570831298828125,1.0
screen_split,1000,21,5,1.0,0.7927914694336401,0.5011581310983753,0.5869140625,0.06780504498096274,0.010154100205819687,68,0.053860225873017725,0.1433367705880264,0.0,0.0171661376953125,1.0
oracle,1000,21,2,1.0,0.28942887927781713,0.3955193731859825,0.6202392578125,0.04872704292285254,0.0064975214866015716,65,0.07265823155216349,0.03769801267563366,1.0,0.0504913330078125,1.0
dense_K200,1000,22,50,1.0,1.3306898428341725,0.7763131120785416,0.61376953125,0.05981703570414099,0.014033018293760795,69,0.05404551221468428,0.41849175156819274,0.0,0.0440216064453125,1.0
screen_full,1000,22,10,1.0,0.48207899714456853,0.4629247087705848,0.609130859375,0.0466823958052015,0.007948348187522818,62,0.0510749095343266,0.10510334826023593,0.0,0.0393829345703125,1.0
screen_split,1000,22,10,1.0,0.7051187066133663,0.5198502175332291,0.6180419921875,0.07944467444525609,0.00911848352187394,55,0.059496751023027386,0.16202885702288028,0.0,0.0482940673828125,1.0
oracle,1000,22,2,1.0,0.36729372191397835,0.460679991644598,0.58349609375,0.04420897688390778,0.007885163565163637,49,0.04722756578867354,0.10285863113424915,0.0,0.0137481689453125,1.0
dense_K200,1000,23,50,1.0,1.3450501666781676,0.6879167839366642,0.553955078125,0.05374427532958618,0.01415182356841388,77,0.0433043113684035,0.33009542342631537,0.0,-0.0157928466796875,1.0
screen_full,1000,23,10,1.0,0.6283620575437057,0.4801164136490288,0.6009521484375,0.05429679185719895,0.008635437802723626,59,0.04393141663616448,0.12229505313867994,0.0,0.0312042236328125,1.0
screen_split,1000,23,5,1.0,0.8336549748988203,0.4150945805346816,0.5206298828125,0.07124301827917628,0.010927657461093903,75,0.059985042504678975,0.05727322002433277,1.0,-0.0491180419921875,1.0
oracle,1000,23,2,1.0,0.32268567529129133,0.4080784353380767,0.5970458984375,0.04998650628313998,0.0068732267973690185,44,0.042977472967296725,0.05025707482772784,1.0,0.0272979736328125,1.0
dense_K200,1000,24,50,1.0,1.4003308401537289,0.6498337618492649,0.5294189453125,0.05051353281371157,0.014917709961588446,57,0.03192768197732315,0.29201240133891604,0.0,-0.0403289794921875,1.0
screen_full,1000,24,7,1.0,0.5344165456232677,0.3423320342271674,0.5535888671875,0.04504963629469008,0.007252165500876543,84,0.06670071778419993,-0.015489326283181448,1.0,-0.0161590576171875,1.0
screen_split,1000,24,10,1.0,0.7454949440977874,0.44114193052903183,0.55908203125,0.06988731011621344,0.008964868253605148,63,0.05465877717276971,0.08332057001868298,1.0,-0.0106658935546875,1.0
oracle,1000,24,2,1.0,0.3114475947360036,0.374827789936774,0.5791015625,0.04648343775780602,0.006889543122750326,46,0.04923964905111981,0.017006429426425163,1.0,0.0093536376953125,1.0
dense_K200,1000,25,50,1.0,1.5544923492418996,0.8377694634061298,0.571533203125,0.05972224128004617,0.01701015062268758,77,0.04142560737328477,0.47994810289578094,0.0,0.0017852783203125,1.0
screen_full,1000,25,10,1.0,0.5756023714931143,0.4463817841449352,0.58642578125,0.05146992104797244,0.008449925561591303,52,0.03986677318965815,0.08856042363458633,1.0,0.0166778564453125,1.0
screen_split,1000,25,10,1.0,0.8906929163265781,0.5966416038036166,0.601318359375,0.07276262385969356,0.011363129078428038,63,0.04067280844520451,0.2388202432932678,0.0,0.0315704345703125,1.0
oracle,1000,25,2,1.0,0.2340470924734843,0.34922834751409393,0.609619140625,0.05087054368932022,0.006610826134121018,64,0.06938395538128861,-0.008593012996254923,1.0,0.0398712158203125,1.0
dense_K200,1000,26,50,1.0,1.3290348805905694,0.6526683915976954,0.5482177734375,0.05341506904911919,0.014422814244393527,61,0.041681112018171845,0.29484703108734656,0.0,-0.0215301513671875,1.0
screen_full,1000,26,10,1.0,0.5073592210213748,0.36083442755534023,0.5506591796875,0.05159113180084289,0.00788308542191627,44,0.037073897057476685,0.00301306704499138,1.0,-0.0190887451171875,1.0
screen_split,1000,26,10,1.0,0.6764947388388384,0.416020309425823,0.56494140625,0.06750016429188815,0.00858306268446105,59,0.06172785685378267,0.05819894891547417,1.0,-0.0048065185546875,1.0
oracle,1000,26,2,1.0,0.26355219446980716,0.3705516814282578,0.616455078125,0.04707206668674405,0.007101091103346835,58,0.05938523231166263,0.012730320917908933,1.0,0.0467071533203125,1.0
dense_K200,1000,27,50,1.0,1.4674736197232612,0.7336440960779417,0.54296875,0.055118676286402386,0.016032777050466736,78,0.047868833157170054,0.3758227355675928,0.0,-0.0267791748046875,1.0
screen_full,1000,27,10,1.0,0.6495975470791551,0.4889631004066952,0.6041259765625,0.050347019357649216,0.009022121709951376,64,0.04381768130275999,0.13114173989634637,0.0,0.0343780517578125,1.0
screen_split,1000,27,10,1.0,0.922220949918749,0.5908294407426509,0.6572265625,0.07419226364500238,0.009363576675848894,48,0.04635056123952583,0.23300808023230202,0.0,0.0874786376953125,1.0
oracle,1000,27,2,1.0,0.3885216541319454,0.3919972989608269,0.5882568359375,0.04768646059171208,0.007590059724465813,68,0.06804429925630749,0.03417593845047806,1.0,0.0185089111328125,1.0
dense_K200,1000,28,50,1.0,1.3938313982789519,0.7100633850875973,0.56005859375,0.05304053792018228,0.01500956912978229,67,0.04122585748034561,0.3522420245772484,0.0,-0.0096893310546875,1.0
screen_full,1000,28,8,1.0,0.4927434946105299,0.4237462915996142,0.5838623046875,0.050505848330401004,0.007805717513844834,61,0.043424888752370806,0.06592493108926534,1.0,0.0141143798828125,1.0
screen_split,1000,28,10,1.0,0.7956159908971575,0.4817002192061296,0.568603515625,0.07317527908964204,0.01007391978525917,68,0.06216759300490355,0.12387885869578075,1.0,-0.0011444091796875,1.0
oracle,1000,28,2,1.0,0.4739786259980574,0.4023045163377712,0.580322265625,0.04711779409600107,0.0075648341597003375,38,0.03293205273578867,0.04448315582742235,1.0,0.0105743408203125,1.0
dense_K200,1000,29,50,1.0,1.4394137141408325,0.7880971156442178,0.5819091796875,0.05192642257163382,0.015438881899340524,66,0.041588262340889415,0.43027575513386895,0.0,0.0121612548828125,1.0
screen_full,1000,29,3,1.0,0.43482224210030374,0.3739024563222125,0.5272216796875,0.04053376957563358,0.007791952718571943,89,0.08032246543359493,0.01608109581186362,1.0,-0.0425262451171875,1.0
screen_split,1000,29,8,1.0,0.8335078115154793,0.5618917457399561,0.5806884765625,0.0612546310482386,0.010518106797823055,61,0.054240580404373316,0.2040703852296073,0.0,0.0109405517578125,1.0
oracle,1000,29,2,1.0,0.38423368410404896,0.37461059070302455,0.52001953125,0.040350931950935656,0.007506532022663171,76,0.07565435542597387,0.016789230192675697,1.0,-0.0497283935546875,1.0
dense_K200,1000,30,50,1.0,1.4775882511418348,0.7174543779162554,0.5521240234375,0.052193851316644,0.015407214951212491,76,0.04186418910734115,0.3596330174059066,0.0,-0.0176239013671875,1.0
screen_full,1000,30,10,1.0,0.5140944572169308,0.3589516280836882,0.5631103515625,0.04788121268848195,0.007473453197211364,49,0.04557658623732369,0.0011302675733393386,1.0,-0.0066375732421875,1.0
screen_split,1000,30,5,1.0,0.85197192583996,0.4421856180811786,0.543701171875,0.06840029584884347,0.01050869262247695,76,0.05731219099057032,0.08436425757082977,1.0,-0.0260467529296875,1.0
oracle,1000,30,2,1.0,0.35323677661217573,0.2698997762479455,0.576171875,0.04752849556883248,0.006474805006923164,75,0.06928003966065466,-0.08792158426240337,1.0,0.0064239501953125,1.0
dense_K200,1000,31,50,1.0,1.6250064434845415,0.7650033138379312,0.53125,0.05578033817160584,0.01724002149380732,68,0.036550314587711255,0.40718195332758234,0.0,-0.0384979248046875,1.0
screen_full,1000,31,10,1.0,0.5924013087479623,0.4405618719553883,0.59814453125,0.05711814244151081,0.007842808192905884,51,0.04332914112209115,0.08274051144503947,1.0,0.0283966064453125,1.0
screen_split,1000,31,10,1.0,0.7276192272314427,0.3965879391691949,0.552978515625,0.07875409199463121,0.008242294493695436,67,0.06475196543117473,0.03876657865884603,1.0,-0.0167694091796875,1.0
oracle,1000,31,2,1.0,0.269432800926988,0.3627798151479221,0.603515625,0.050197773531728544,0.0064446450742878724,33,0.03421925649384733,0.004958454637573273,1.0,0.0337677001953125,1.0
dense_K200,1000,32,50,1.0,1.371532265699505,0.7245527703122385,0.5665283203125,0.05770674271494597,0.01489788844042531,68,0.05292716811318978,0.3667314098018897,0.0,-0.0032196044921875,1.0
screen_full,1000,32,5,1.0,0.5228624251758708,0.46664136443891535,0.6468505859375,0.05343283928174304,0.00790647796915787,73,0.057739704504627155,0.1088200039285665,0.0,0.0771026611328125,1.0
screen_split,1000,32,3,1.0,0.7744360054276156,0.5088572116178163,0.6680908203125,0.07487913259392132,0.010355462821093668,74,0.07049145103901618,0.15103585110746742,0.0,0.0983428955078125,1.0
oracle,1000,32,2,1.0,0.3007736653344169,0.4170457329368091,0.6163330078125,0.048244211896243124,0.0069237121810404745,97,0.11614726158050286,0.059224372426460226,1.0,0.0465850830078125,1.0
dense_K200,1000,33,50,1.0,1.4111671174508669,0.6302622887393794,0.5218505859375,0.050717097885090656,0.014907557929094739,45,0.032743740406790026,0.27244092822903054,0.0,-0.0478973388671875,1.0
screen_full,1000,33,10,1.0,0.5565101998363692,0.39680543117501466,0.5673828125,0.05086123689163864,0.007992443679657162,68,0.049954542270980756,0.038984070664665804,1.0,-0.0023651123046875,1.0
screen_split,1000,33,5,1.0,1.0435821158232412,0.41070752208029243,0.4805908203125,0.05873728397495054,0.011482312608092588,77,0.04882025834554223,0.05288616156994358,1.0,-0.0891571044921875,1.0
oracle,1000,33,2,1.0,0.2947097564483862,0.3438326268324273,0.5140380859375,0.04333757518554053,0.007218982486528004,61,0.05753293540834664,-0.013988733677921528,1.0,-0.0557098388671875,1.0
dense_K200,1000,34,50,1.0,1.308401052391142,0.7271137478766907,0.5826416015625,0.05340194982949685,0.01426318221070049,60,0.040081743718746364,0.36929238736634185,0.0,0.0128936767578125,1.0
screen_full,1000,34,10,1.0,0.5457118731727946,0.4904532528329665,0.591796875,0.04998074277340075,0.008867044871512715,61,0.04141082354651842,0.13263189232261763,0.0,0.0220489501953125,1.0
screen_split,1000,34,10,1.0,0.9566234823621431,0.6519870026203155,0.5831298828125,0.07441100995522551,0.012165582368611432,76,0.0542255265033646,0.29416564210996665,0.0,0.0133819580078125,1.0
oracle,1000,34,2,1.0,0.3386807390471113,0.47224825885541377,0.6109619140625,0.04866759712429397,0.0079776173777146,58,0.05290934126549035,0.11442689834506492,0.0,0.0412139892578125,1.0
dense_K200,1000,35,50,1.0,1.4534577731908889,0.8332693750145699,0.59716796875,0.05466601327524346,0.01569988054487683,60,0.035815166222674444,0.47544801450422103,0.0,0.0274200439453125,1.0
screen_full,1000,35,10,1.0,0.6189046785593368,0.5162486321789443,0.65380859375,0.05711451122794591,0.008404909668585137,61,0.04567106263630097,0.1584272716685955,0.0,0.0840606689453125,1.0
screen_split,1000,35,10,1.0,0.8796406104442287,0.5542408407036493,0.599609375,0.07871903816046447,0.01014671296866652,55,0.046890369964424396,0.19641948019330047,0.0,0.0298614501953125,1.0
oracle,1000,35,2,1.0,0.30767965144609044,0.3974265694241518,0.55908203125,0.04997326037865894,0.00737189613515013,36,0.03506688564374501,0.039605208913802925,1.0,-0.0106658935546875,1.0
dense_K200,1000,36,50,1.0,1.4034553045875513,0.7043151828214931,0.544921875,0.052167439559254236,0.015738800357608506,66,0.033245644319718735,0.34649382231114423,0.0,-0.0248260498046875,1.0
screen_full,1000,36,10,1.0,0.6275391434158706,0.4578702072273893,0.5401611328125,0.04533938340729758,0.009655384971590663,60,0.03550577104476782,0.10004884671704045,0.0,-0.0295867919921875,1.0
screen_split,1000,36,9,1.0,0.9491348248250763,0.5561383127156465,0.5360107421875,0.0691739153412132,0.011882488765468721,62,0.04157945785984533,0.19831695220529766,0.0,-0.0337371826171875,1.0
oracle,1000,36,2,1.0,0.408388910352201,0.4687497607780342,0.577880859375,0.046760328207755386,0.009088397316093809,67,0.048955443056189415,0.11092840026768536,0.0,0.0081329345703125,1.0
dense_K200,1000,37,50,1.0,1.4560195580821278,0.7627925610458468,0.5679931640625,0.056863428382392354,0.015551852695058294,65,0.03968383040616944,0.40497120053549795,0.0,-0.0017547607421875,1.0
screen_full,1000,37,10,1.0,0.580847849721764,0.4668407516716725,0.574951171875,0.0537311783082912,0.009086167105031512,72,0.04844862914426025,0.10901939116132364,0.0,0.0052032470703125,1.0
screen_split,1000,37,9,1.0,0.9521942776842469,0.4816708054566565,0.5445556640625,0.06740905988638848,0.01105601947809395,64,0.05622725753078476,0.12384944494630767,1.0,-0.0251922607421875,1.0
oracle,1000,37,2,1.0,0.3186959779405102,0.35990518354052736,0.5631103515625,0.046834662208875714,0.007757299934608484,54,0.04779440753217847,0.002083823030178511,1.0,-0.0066375732421875,1.0
dense_K200,1000,38,50,1.0,1.384445835340408,0.7383797180984302,0.5576171875,0.0555720550155766,0.01560837832554267,65,0.03505436740668672,0.3805583575880813,0.0,-0.0121307373046875,1.0
screen_full,1000,38,7,1.0,0.5405375692214087,0.46824877722719366,0.5377197265625,0.0493837690229944,0.009380577538361527,62,0.04478826391006433,0.1104274167168448,0.0,-0.0320281982421875,1.0
screen_split,1000,38,10,1.0,0.8853194798982916,0.5688387974694222,0.5653076171875,0.06573910094316837,0.011690869109338793,70,0.04923590609099357,0.21101743695907338,0.0,-0.0044403076171875,1.0
oracle,1000,38,2,1.0,0.22227509645859575,0.4130095639813026,0.595947265625,0.049930842256746946,0.007805346734350474,60,0.052329066591824125,0.05518820347095377,1.0,0.0261993408203125,1.0
dense_K200,1000,39,50,1.0,1.4911720921151734,0.8125984818979364,0.585205078125,0.05427495728606484,0.015506866130820005,71,0.03845380894198649,0.4547771213875875,0.0,0.0154571533203125,1.0
screen_full,1000,39,10,1.0,0.6103629330768486,0.42915004110707045,0.5816650390625,0.050226130957641744,0.00800458745039772,56,0.0445185684214052,0.0713286805967216,1.0,0.0119171142578125,1.0
screen_split,1000,39,3,1.0,1.0019180185628427,0.5264094124302163,0.5460205078125,0.06668858727130964,0.010421353471702595,82,0.08525418682013655,0.16858805191986748,0.0,-0.0237274169921875,1.0
oracle,1000,39,2,1.0,0.4001749140646686,0.36390134929780793,0.5693359375,0.04610550705039601,0.006596459194548746,59,0.06749944820422106,0.0060799887874590786,1.0,-0.0004119873046875,1.0
dense_K200,1000,40,50,1.0,1.3215570160665313,0.6545632716955117,0.5504150390625,0.05102642444758389,0.014041305510442479,74,0.04310279637793872,0.2967419111851628,0.0,-0.0193328857421875,1.0
screen_full,1000,40,5,1.0,0.4597671993181198,0.4101672080871298,0.5946044921875,0.050582020581093026,0.007594619985247569,59,0.04694571507201124,0.05234584757678096,1.0,0.0248565673828125,1.0
screen_split,1000,40,10,1.0,0.7434765128750983,0.5090855826058948,0.5625,0.06911764894082086,0.010441035727596786,60,0.04849322971816033,0.1512642220955459,0.0,-0.0072479248046875,1.0
oracle,1000,40,2,1.0,0.3441031944326106,0.389227870112042,0.5762939453125,0.054154695223633434,0.007245680214817887,45,0.03936462497612391,0.03140650960169317,1.0,0.0065460205078125,1.0
dense_K200,1000,41,50,1.0,1.3820532734057793,0.6484915800387316,0.529052734375,0.050936689670761336,0.014750215978148087,74,0.04283719228919839,0.2906702195283828,0.0,-0.0406951904296875,1.0
screen_full,1000,41,10,1.0,0.4864034017506956,0.3374374669754998,0.5443115234375,0.04887735711913077,0.007455419743084767,55,0.04275462409287147,-0.02038389353484904,1.0,-0.0254364013671875,1.0
screen_split,1000,41,7,1.0,0.9155599902066581,0.5737118258613317,0.584228515625,0.07003117695356978,0.01134929088986856,69,0.05010827934280562,0.21589046535098289,0.0,0.0144805908203125,1.0
oracle,1000,41,2,1.0,0.27640985416443825,0.32232534585877737,0.5704345703125,0.0442577860461241,0.006570646297821839,46,0.045974592623870554,-0.035496014651571484,1.0,0.0006866455078125,1.0
dense_K200,1000,42,50,1.0,1.443993858417096,0.7273120812573453,0.5380859375,0.05248085858747306,0.016122407320748208,71,0.04050933848143704,0.3694907207469964,0.0,-0.0316619873046875,1.0
screen_full,1000,42,7,1.0,0.5796261912108425,0.5050778246036848,0.626953125,0.05345137895663751,0.008917221901474577,52,0.037195916932122666,0.14725646409333593,0.0,0.0572052001953125,1.0
screen_split,1000,42,5,1.0,0.9085806417454027,0.5897228338479212,0.6226806640625,0.07139332936832349,0.011804363645329052,70,0.050751829434457885,0.23190147333757238,0.0,0.0529327392578125,1.0
oracle,1000,42,2,1.0,0.30576089168625925,0.4292974943934116,0.6064453125,0.048219773113340685,0.007799680281309024,51,0.054539429779747746,0.07147613388306273,1.0,0.0366973876953125,1.0
dense_K200,1000,43,50,1.0,1.519898013862908,0.7089803793789703,0.514404296875,0.053617010710922834,0.016806857388067867,63,0.03643428823987883,0.35115901886862144,0.0,-0.0553436279296875,1.0
screen_full,1000,43,10,1.0,0.5385882108386699,0.4468621817258435,0.57568359375,0.05503608370005057,0.008725212907543241,62,0.04425665863012039,0.08904082121549467,1.0,0.0059356689453125,1.0
screen_split,1000,43,10,1.0,1.0605787110541487,0.5573653760656521,0.5224609375,0.06735363857659181,0.013172655328131996,76,0.041339094231951416,0.1995440155553032,0.0,-0.0472869873046875,1.0
oracle,1000,43,2,1.0,0.2979428951074247,0.3700517161671881,0.558349609375,0.048606657189709315,0.007739831625051298,50,0.05047841789764296,0.012230355656839276,1.0,-0.0113983154296875,1.0
dense_K200,1000,44,50,1.0,1.3086429876170944,0.7162818453580523,0.5638427734375,0.05258191098033115,0.01457503160623705,68,0.04269584119524054,0.35846048484770343,0.0,-0.0059051513671875,1.0
screen_full,1000,44,6,1.0,0.5013000298294833,0.4198765440748752,0.5804443359375,0.05125765186742796,0.008178501020460902,56,0.0488272364600082,0.06205518356452633,1.0,0.0106964111328125,1.0
screen_split,1000,44,10,1.0,0.8425325833118114,0.42714826974341435,0.5440673828125,0.06303545603972399,0.00944320341245444,76,0.05689382516867847,0.0693269092330655,1.0,-0.0256805419921875,1.0
oracle,1000,44,2,1.0,0.37823041766647864,0.35465076349110036,0.5806884765625,0.04870701724925116,0.006743929996980592,64,0.0597735643619176,-0.003170597019248489,1.0,0.0109405517578125,1.0
dense_K200,1000,45,50,1.0,1.275430522092467,0.6269064819404071,0.5284423828125,0.05185637560653915,0.014588996727116813,61,0.04170851868102042,0.26908512143005825,0.0,-0.0413055419921875,1.0
screen_full,1000,45,8,1.0,0.4936363109127717,0.3849309298506123,0.5462646484375,0.04848766605698508,0.008714502706246161,83,0.06019576133403731,0.02710956934026343,1.0,-0.0234832763671875,1.0
screen_split,1000,45,7,1.0,0.7758417627361764,0.46013645878108833,0.574462890625,0.07880628325605128,0.009791618373271492,69,0.0570540825946088,0.10231509827073948,1.0,0.0047149658203125,1.0
oracle,1000,45,2,1.0,0.3294240563644318,0.4019896709438676,0.5660400390625,0.04432042361440022,0.00838991378487584,69,0.06696571720037137,0.044168310433518765,1.0,-0.0037078857421875,1.0
dense_K200,1000,46,50,1.0,1.4849706353946548,0.8579375450705022,0.6058349609375,0.05937866627652985,0.01600489284283184,70,0.03802566891012269,0.5001161845601534,0.0,0.0360870361328125,1.0
screen_full,1000,46,9,1.0,0.5868314634840203,0.5227230516392961,0.6724853515625,0.055860250495309266,0.008058883698072904,52,0.04550768169351079,0.16490169112894726,0.0,0.1027374267578125,0.0
screen_split,1000,46,10,1.0,0.9742221449261388,0.5954868593201506,0.607421875,0.07766675317411012,0.010772522682683553,58,0.05627956973443949,0.2376654988098017,0.0,0.0376739501953125,1.0
oracle,1000,46,2,1.0,0.3866213969757441,0.4665853392047732,0.6090087890625,0.04837505572561581,0.007874680943884594,56,0.05264776800176272,0.10876397869442433,0.0,0.0392608642578125,1.0
dense_K200,1000,47,50,1.0,1.4500734652140688,0.7147314451366598,0.5494384765625,0.04856008538664128,0.015437814454991051,72,0.042408471440062254,0.3569100846263109,0.0,-0.0203094482421875,1.0
screen_full,1000,47,10,1.0,0.625228094539384,0.4631027593287819,0.6114501953125,0.05156768868186967,0.00816220883313004,66,0.04542932602075365,0.10528139881843307,0.0,0.0417022705078125,1.0
screen_split,1000,47,10,1.0,0.8450597789531717,0.48426671806758126,0.5836181640625,0.068483846723655,0.00934973561538218,52,0.044862096452297585,0.1264453575572324,1.0,0.0138702392578125,1.0
oracle,1000,47,2,1.0,0.277803214398758,0.36955059660142886,0.555419921875,0.044600641460491336,0.006554695488535165,42,0.04930862230546326,0.011729236091080009,1.0,-0.0143280029296875,1.0
dense_K200,1000,48,50,1.0,1.3131699786893285,0.6283137238622152,0.5333251953125,0.05305092591039766,0.014131765310233618,68,0.044894801416805144,0.2704923633518663,0.0,-0.0364227294921875,1.0
screen_full,1000,48,10,1.0,0.6336657071041133,0.42274127246873827,0.6051025390625,0.054798238202026,0.007553223980401634,62,0.05339878260252733,0.06491991195838942,1.0,0.0353546142578125,1.0
screen_split,1000,48,10,1.0,0.9711313274474567,0.6065600727258571,0.6441650390625,0.08453581615760711,0.009792538451892135,90,0.07035327910572199,0.24873871221550825,0.0,0.0744171142578125,1.0
oracle,1000,48,2,1.0,0.2855792195803698,0.3364490334974977,0.6131591796875,0.05078859930187953,0.005812516128415212,59,0.0767855104263425,-0.021372327012851133,1.0,0.0434112548828125,1.0
dense_K200,1000,49,50,1.0,1.4810188489379938,0.7575898489073991,0.5621337890625,0.05151314280208156,0.01600669150134547,60,0.03710573599890074,0.39976848839705026,0.0,-0.0076141357421875,1.0
screen_full,1000,49,10,1.0,0.5796211792480925,0.4661927791011726,0.60400390625,0.050754935480670164,0.008437093218245956,62,0.04354593004087936,0.10837141859082378,0.0,0.0342559814453125,1.0
screen_split,1000,49,6,1.0,0.7682638571128916,0.5427656484798014,0.5987548828125,0.07532322649008212,0.010059272945503614,69,0.0640752910058217,0.1849442879694525,0.0,0.0290069580078125,1.0
oracle,1000,49,2,1.0,0.307605417995988,0.40854609618272675,0.6004638671875,0.049084710034998334,0.0071092073381854165,47,0.05480738300261871,0.050724735672377896,1.0,0.0307159423828125,1.0
dense_K200,1000,50,50,1.0,1.2867149863301357,0.7568654342244764,0.6002197265625,0.052501814975655654,0.014111456620765617,72,0.041161943322921286,0.39904407371412753,0.0,0.0304718017578125,1.0
screen_full,1000,50,10,1.0,0.5620035136669453,0.5009854408588867,0.6156005859375,0.05671900752561593,0.008803275612713414,65,0.045913416500745693,0.1431640803485379,0.0,0.0458526611328125,1.0
screen_split,1000,50,8,1.0,0.9019590538426189,0.6187676556019984,0.5948486328125,0.06555677458441173,0.012378354677139847,57,0.03471178252086132,0.26094629509164957,0.0,0.0251007080078125,1.0
oracle,1000,50,2,1.0,0.3263918259185992,0.399612049665769,0.5791015625,0.04784112346125247,0.007158196820023284,51,0.047855998430018844,0.04179068915542017,1.0,0.0093536376953125,1.0
dense_K200,1000,51,50,1.0,1.4340677922839313,0.7193842970718276,0.5347900390625,0.051643341139270445,0.016497858140884697,56,0.03798177983930511,0.36156293656147875,0.0,-0.0349578857421875,1.0
screen_full,1000,51,10,1.0,0.5643253482383258,0.44879564529457094,0.61279296875,0.0533142766439839,0.008302908478505917,49,0.038686053255419274,0.09097428478422209,1.0,0.0430450439453125,1.0
screen_split,1000,51,4,1.0,0.8264643931932998,0.4600051516997998,0.536376953125,0.06510545586225498,0.010684644034978416,66,0.04698262707001481,0.10218379118945092,1.0,-0.0333709716796875,1.0
oracle,1000,51,2,1.0,0.3643257727565085,0.4024060304182865,0.6756591796875,0.051928868914410155,0.007313351290863253,35,0.038537100951284216,0.044584669907937635,1.0,0.1059112548828125,0.0
dense_K200,1000,52,50,1.0,1.2596857831070993,0.6657509380020649,0.5517578125,0.0507322787149462,0.01385527288857353,69,0.04133073114041384,0.307929577491716,0.0,-0.0179901123046875,1.0
screen_full,1000,52,5,1.0,0.508415626612274,0.44768760613913994,0.6170654296875,0.0485895008678978,0.008312387803781147,81,0.05593496590288796,0.08986624562879109,1.0,0.0473175048828125,1.0
screen_split,1000,52,10,1.0,0.8684136737530993,0.4926294791498838,0.544921875,0.06397805666269131,0.010986142470673402,55,0.040182356279493396,0.13480811863953496,0.0,-0.0248260498046875,1.0
oracle,1000,52,2,1.0,0.2952464971833762,0.4171862122599149,0.6309814453125,0.049829590279790226,0.007095279872088502,30,0.02900707059153096,0.05936485174956607,1.0,0.0612335205078125,0.0
dense_K200,1000,53,50,1.0,1.3654309226276804,0.6763238553490755,0.5426025390625,0.05490688572910564,0.014810295942327991,53,0.03840113418243322,0.3185024948387266,0.0,-0.0271453857421875,1.0
screen_full,1000,53,10,1.0,0.5799682880675172,0.4489548601738037,0.564208984375,0.05172843500809362,0.008899154696603895,68,0.04656966728206355,0.09113349966345485,1.0,-0.0055389404296875,1.0
screen_split,1000,53,10,1.0,0.9516895607224325,0.6618953326076613,0.595947265625,0.07377814099899496,0.01256990129071141,72,0.05032271179393983,0.30407397209731246,0.0,0.0261993408203125,1.0
oracle,1000,53,2,1.0,0.3159656264817648,0.42299063639238765,0.5872802734375,0.045219286546909016,0.0075881467684166225,141,0.14998218110817854,0.0651692758820388,1.0,0.0175323486328125,1.0
dense_K200,1000,54,50,1.0,1.3693176321106948,0.7039846150207595,0.54736328125,0.05378655359732512,0.015168470076443279,65,0.04138537116192292,0.34616325451041063,0.0,-0.0223846435546875,1.0
screen_full,1000,54,10,1.0,0.5205423481086626,0.41411643727237246,0.5506591796875,0.05029947595752691,0.008641640852321183,62,0.044419404715366304,0.05629507676202361,1.0,-0.0190887451171875,1.0
screen_split,1000,54,9,1.0,0.8316791161701848,0.46952099396876346,0.5152587890625,0.06753218288130303,0.010262848233534962,63,0.05143591330720888,0.1116996334584146,1.0,-0.0544891357421875,1.0
oracle,1000,54,2,1.0,0.2400790320126089,0.3827609437934607,0.5152587890625,0.04321684489901384,0.007300151320312083,31,0.03147869599822899,0.024939583283111855,1.0,-0.0544891357421875,1.0
dense_K200,1000,55,50,1.0,1.476912806705168,0.7204666751100512,0.541259765625,0.05188613882837446,0.01626336810152281,73,0.039927476615013856,0.3626453145997024,0.0,-0.0284881591796875,1.0
screen_full,1000,55,8,1.0,0.5657059853043772,0.42750663512883935,0.5567626953125,0.04721860929600434,0.009042474625023094,55,0.037681344218195925,0.0696852746184905,1.0,-0.0129852294921875,1.0
screen_split,1000,55,9,1.0,0.8126051567055357,0.4680178905755115,0.5849609375,0.06444431732251737,0.009535109670760121,61,0.05454175021616123,0.11019653006516267,1.0,0.0152130126953125,1.0
oracle,1000,55,2,1.0,0.2865118605151117,0.3934678354364802,0.5250244140625,0.0455360419004798,0.008068346638713477,73,0.06692656684828312,0.03564647492613132,1.0,-0.0447235107421875,1.0
dense_K200,1000,56,50,1.0,1.410411523357141,0.8120813243589093,0.59130859375,0.056482437252350894,0.015086572662802417,48,0.03173623228137825,0.4542599638485605,0.0,0.0215606689453125,1.0
screen_full,1000,56,10,1.0,0.6851387974663175,0.5118847291750788,0.6090087890625,0.05689371165959005,0.00883145436514811,66,0.0491011501182969,0.15406336866472992,0.0,0.0392608642578125,1.0
screen_split,1000,56,9,1.0,0.8239213981874847,0.5339851790598755,0.6219482421875,0.06911319882222001,0.010172697862714774,63,0.051177730601249874,0.17616381854952667,0.0,0.0522003173828125,1.0
oracle,1000,56,2,1.0,0.39473097853199,0.43412014790069764,0.5562744140625,0.04696663279467818,0.008307131174276089,56,0.04843434477582362,0.07629878739034879,1.0,-0.0134735107421875,1.0
dense_K200,1000,57,50,1.0,1.6293394168904505,0.7728870937328225,0.5418701171875,0.056796390099159835,0.017292759063149494,68,0.03501637765985639,0.41506573322247364,0.0,-0.0278778076171875,1.0
screen_full,1000,57,10,1.0,0.607632736535559,0.40015361471723104,0.5841064453125,0.05085098258120555,0.008039761527200146,66,0.058409389630331106,0.04233225420688219,1.0,0.0143585205078125,1.0
screen_split,1000,57,7,1.0,0.7665281907819764,0.48047239372434947,0.5234375,0.061969981149431,0.010923278454931904,60,0.04273935751104254,0.12265103321400062,0.0,-0.0463104248046875,1.0
oracle,1000,57,2,1.0,0.3572832810989673,0.3304617214726362,0.554931640625,0.04483288976578549,0.00710519903508228,91,0.08572680626898067,-0.027359639037712657,1.0,-0.0148162841796875,1.0
dense_K200,1000,58,50,1.0,1.3890148242224853,0.7107438960786899,0.563232421875,0.05848329672688843,0.014346999056823222,76,0.045667449230860656,0.3529225355683411,0.0,-0.0065155029296875,1.0
screen_full,1000,58,5,1.0,0.654009290360478,0.32891094633462953,0.4908447265625,0.04611964569254057,0.008412734457333537,65,0.04893562846223668,-0.028910414175719323,1.0,-0.0789031982421875,1.0
screen_split,1000,58,9,1.0,0.7374053026579943,0.4039485915247817,0.478515625,0.07047976549241641,0.009697704901070872,60,0.04838973143135589,0.046127231014432835,1.0,-0.0912322998046875,1.0
oracle,1000,58,2,1.0,0.29889086645078156,0.3140601235078443,0.4970703125,0.04510217272374148,0.007024971765226001,55,0.06252884765892656,-0.04376123700250456,1.0,-0.0726776123046875,1.0
dense_K200,1000,59,50,1.0,1.3246479561889875,0.61881334962009,0.5517578125,0.05154921134420766,0.01349770522599303,60,0.042588754280905666,0.2609919891097412,0.0,-0.0179901123046875,1.0
screen_full,1000,59,8,1.0,0.5097467824076074,0.3774388056758468,0.5775146484375,0.051344740274367764,0.007259200728770473,65,0.05170186719437811,0.01961744516549796,1.0,0.0077667236328125,1.0
screen_split,1000,59,10,1.0,0.7423899183114456,0.4887852354143539,0.59130859375,0.07161193552852663,0.009375180319160513,78,0.07015109783303035,0.13096387490400507,1.0,0.0215606689453125,1.0
oracle,1000,59,2,1.0,0.36976829974918207,0.33025454179908464,0.605712890625,0.04759806335657823,0.0061143873345936885,52,0.058466769737095636,-0.027566818711264207,1.0,0.0359649658203125,1.0
dense_K200,1000,60,50,1.0,1.3489813906367898,0.7345913199028697,0.5782470703125,0.053628202441817714,0.01467040898049969,74,0.040597184732812236,0.3767699593925209,0.0,0.0084991455078125,1.0
screen_full,1000,60,10,1.0,0.6420540829954273,0.49518410500907534,0.59423828125,0.049743603433678056,0.009219613429133515,61,0.045832074956868515,0.13736274449872649,0.0,0.0244903564453125,1.0
screen_split,1000,60,10,1.0,0.9793503431529135,0.6280714126852842,0.6041259765625,0.07397379037706747,0.01174131685572606,60,0.04469525974627636,0.27025005217493536,0.0,0.0343780517578125,1.0
oracle,1000,60,2,1.0,0.26948270649554934,0.4582217325279243,0.62744140625,0.049277063762573806,0.007490253882491002,42,0.039251822408859674,0.10040037201757546,0.0,0.0576934814453125,1.0
dense_K200,1000,61,50,1.0,1.4266179935022008,0.7718583546650744,0.56103515625,0.053763659888418566,0.01582971615426386,87,0.04598767790118386,0.4140369941547255,0.0,-0.0087127685546875,1.0
screen_full,1000,61,10,1.0,0.6210385193377527,0.49298513516993264,0.57861328125,0.048716450411630474,0.009160651297788041,46,0.036055810871116166,0.1351637746595838,0.0,0.0088653564453125,1.0
screen_split,1000,61,10,1.0,0.9324453407680681,0.6535446817423839,0.6275634765625,0.07100363539072331,0.011360669697101523,63,0.04630126537862817,0.29572332123203504,0.0,0.0578155517578125,1.0
oracle,1000,61,2,1.0,0.3045357526310689,0.40741508802366916,0.6617431640625,0.04981692022910192,0.00709112495832013,67,0.07139566701670054,0.04959372751332031,1.0,0.0919952392578125,1.0
dense_K200,1000,62,50,1.0,1.5174890266902779,0.8021726599132777,0.575439453125,0.06117261021185283,0.01632644276742863,64,0.034393950001716994,0.44435129940292883,0.0,0.0056915283203125,1.0
screen_full,1000,62,10,1.0,0.5862917399820602,0.31708929397630287,0.490478515625,0.048546739383726535,0.008166958444262217,46,0.037211080915921804,-0.040732066534045985,1.0,-0.0792694091796875,0.0
screen_split,1000,62,2,1.0,0.34315130955684187,0.42435501794106517,0.5904541015625,0.06146294718788781,0.0080293695271954,46,0.06227230593274013,0.06653365743071632,1.0,0.0207061767578125,1.0
oracle,1000,62,2,1.0,0.36694052513132025,0.3285012761045738,0.5467529296875,0.04341518586334304,0.007324837184238372,57,0.051039586523216746,-0.02932008440577505,1.0,-0.0229949951171875,1.0
dense_K200,1000,63,50,1.0,1.396446210896489,0.6747607625196481,0.541748046875,0.04993707374636342,0.015337526092261071,67,0.03735814459804261,0.31693940200929926,0.0,-0.0279998779296875,1.0
screen_full,1000,63,10,1.0,0.5105392958916605,0.43950115206177964,0.575927734375,0.04663163461770504,0.008764521747277092,47,0.032762115495259675,0.08167979155143079,1.0,0.0061798095703125,1.0
screen_split,1000,63,9,1.0,0.8590453806470633,0.5111646213996652,0.5225830078125,0.07022768057718598,0.011575366923834934,68,0.04825313878269393,0.15334326088931638,0.0,-0.0471649169921875,1.0
oracle,1000,63,2,1.0,0.339981493797385,0.45665971983253956,0.6395263671875,0.04659056381082062,0.008221433140108163,52,0.044857440625319885,0.0988383593221907,0.0,0.0697784423828125,1.0
dense_K200,1000,64,50,1.0,1.3315914614560624,0.6982931530141695,0.5506591796875,0.05618799655901878,0.01497842252426539,56,0.036679013920927137,0.34047179250382065,0.0,-0.0190887451171875,1.0
screen_full,1000,64,5,1.0,0.5057739911321794,0.43895759672974444,0.5667724609375,0.047767379714486066,0.008995099769230052,57,0.037467301692132964,0.08113623621939559,1.0,-0.0029754638671875,1.0
screen_split,1000,64,7,1.0,0.905846781373694,0.5363646381314898,0.5499267578125,0.06868123155496753,0.012102659462625308,67,0.043447798064758264,0.17854327762114097,0.0,-0.0198211669921875,1.0
oracle,1000,64,2,1.0,0.39046691006895357,0.42222487061955505,0.5948486328125,0.04549663951004852,0.007939454419103303,51,0.04335123266466513,0.0644035101092062,1.0,0.0251007080078125,1.0
dense_K200,1000,65,50,1.0,1.350994548622688,0.7804725193386226,0.58984375,0.0608981122475107,0.01518816603641166,59,0.039514710743768146,0.42265115882827375,0.0,0.0200958251953125,1.0
screen_full,1000,65,10,1.0,0.6078535401232694,0.5202250869551568,0.5771484375,0.05129281713032895,0.010124790827741866,60,0.03424710915036191,0.16240372644480794,0.0,0.0074005126953125,1.0
screen_split,1000,65,3,1.0,1.2802923690332932,0.5249754171245292,0.5245361328125,0.06887390070338521,0.013135300316416815,74,0.047805405723110116,0.16715405661418037,0.0,-0.0452117919921875,1.0
oracle,1000,65,2,1.0,0.38538851867016327,0.44268968606780557,0.583740234375,0.04700495546578673,0.008929142343709166,25,0.01897232483103058,0.08486832555745671,1.0,0.0139923095703125,1.0
dense_K200,1000,66,50,1.0,1.4583116481216505,0.7546568217336089,0.5660400390625,0.056356445220738,0.015567955606915417,70,0.03888394660555668,0.3968354612232601,0.0,-0.0037078857421875,1.0
screen_full,1000,66,10,1.0,0.5190490789203509,0.3833086166534859,0.55419921875,0.04656788266095915,0.008026767451223658,59,0.04524021141305681,0.02548725614313707,1.0,-0.0155487060546875,1.0
screen_split,1000,66,5,1.0,0.7730349966167617,0.39978293508747736,0.5614013671875,0.06510073994501156,0.009740183440646668,93,0.07856634978155096,0.04196157457712851,1.0,-0.0083465576171875,1.0
oracle,1000,66,2,1.0,0.2808525952412325,0.3593293411418589,0.54248046875,0.04566468416802682,0.007093454382957956,75,0.07996530002144271,0.0015079806315100308,1.0,-0.0272674560546875,1.0
dense_K200,1000,67,50,1.0,1.3343462406646758,0.6643278082523819,0.53515625,0.055056091792014386,0.014744123400340155,61,0.039141365567318856,0.30650644774203306,0.0,-0.0345916748046875,1.0
screen_full,1000,67,10,1.0,0.5396714614174384,0.3917319490245609,0.5340576171875,0.04812420951410496,0.008548931047238513,56,0.039544144964555834,0.033910588514212026,1.0,-0.0356903076171875,1.0
screen_split,1000,67,10,1.0,0.9546545137425502,0.5031358033342376,0.514892578125,0.0679186040353893,0.011794016112322015,64,0.050809726507134355,0.14531444282388872,0.0,-0.0548553466796875,1.0
oracle,1000,67,2,1.0,0.37673674947538405,0.3329702593959,0.5382080078125,0.04293538498333496,0.008102272041934724,50,0.04413549515241549,-0.024851101114448826,1.0,-0.0315399169921875,1.0
dense_K200,1000,68,50,1.0,1.4129642562340887,0.7160630558153461,0.551513671875,0.053297989320180414,0.015285110050664377,82,0.04741894510637416,0.3582416953049973,0.0,-0.0182342529296875,1.0
screen_full,1000,68,7,1.0,0.5268113024111352,0.39161022344388324,0.5841064453125,0.05307536152579042,0.007650534722335256,66,0.05207457555306048,0.03378886293353439,1.0,0.0143585205078125,1.0
screen_split,1000,68,4,1.0,0.714496944237698,0.46884064283099736,0.687255859375,0.07505352806467419,0.009255636813626808,52,0.049211769329962574,0.1110192823206485,1.0,0.1175079345703125,0.0
oracle,1000,68,2,1.0,0.3000472068494797,0.3415734275570583,0.6533203125,0.05184578560920204,0.006332081852477855,64,0.07216979731898465,-0.016247932953290578,1.0,0.0835723876953125,1.0
dense_K200,1000,69,50,1.0,1.6122878044205247,0.775818318495788,0.5302734375,0.056273861018261456,0.017638056300798063,65,0.03463341749378091,0.4179969579854391,0.0,-0.0394744873046875,1.0
screen_full,1000,69,4,1.0,0.5689370678152326,0.3601041605763853,0.520751953125,0.04595710304543696,0.008408051264263328,70,0.05533163676001401,0.002282800066036428,1.0,-0.0489959716796875,1.0
screen_split,1000,69,8,1.0,0.896468596406464,0.40955725494059203,0.4696044921875,0.06643856195618558,0.011033436142455768,55,0.04260309904100235,0.05173589443024318,1.0,-0.1001434326171875,0.0
oracle,1000,69,2,1.0,0.38177237371601414,0.3547265462525817,0.4765625,0.04385320829123315,0.007868689521834466,65,0.0508056893084215,-0.0030948142577671423,1.0,-0.0931854248046875,1.0
dense_K200,1000,70,50,1.0,1.498833107499275,0.8289044093810446,0.574951171875,0.06251895652604839,0.01662197947956217,65,0.03981373108914327,0.47108304887069574,0.0,0.0052032470703125,1.0
screen_full,1000,70,10,1.0,0.7037151765907109,0.526816688669524,0.576171875,0.05028317846672717,0.010032358766207982,67,0.040428075252128964,0.16899532815917517,0.0,0.0064239501953125,1.0
screen_split,1000,70,10,1.0,0.9407857140349082,0.5543598075652172,0.548583984375,0.08046960607969443,0.012173318327009111,66,0.04777994314891258,0.19653844705486834,0.0,-0.0211639404296875,1.0
oracle,1000,70,2,1.0,0.43408924073456656,0.3795554622108671,0.5970458984375,0.04675350244085892,0.008309574524834416,92,0.06214389814964442,0.02173410170051826,1.0,0.0272979736328125,1.0
dense_K200,1000,71,50,1.0,1.4031722605002501,0.770281786398048,0.5682373046875,0.052917189450396244,0.015516188339708237,60,0.03812381309812899,0.41246042588769916,0.0,-0.0015106201171875,1.0
screen_full,1000,71,10,1.0,0.5617192322249507,0.48469718385999716,0.5697021484375,0.04840848643189426,0.009247608950972961,54,0.035427114961729865,0.1268758233496483,0.0,-4.57763671875e-05,1.0
screen_split,1000,71,9,1.0,0.8017289575391174,0.6132314792557056,0.5899658203125,0.07300705960683222,0.011148907814580913,51,0.0463635178636991,0.2554101187453568,0.0,0.0202178955078125,1.0
oracle,1000,71,2,1.0,0.31951704678432336,0.4632616264095895,0.5885009765625,0.04697758963882599,0.00840987302630189,38,0.03610497092250628,0.10544026589924066,0.0,0.0187530517578125,1.0
dense_K200,1000,72,50,1.0,1.4977983437482578,0.8322757454334347,0.5870361328125,0.05575253419013157,0.016377492979046115,82,0.04202817935371294,0.4744543849230859,0.0,0.0172882080078125,1.0
screen_full,1000,72,10,1.0,0.5955984304001932,0.4909896928383171,0.6021728515625,0.05186640771773995,0.009154581549993594,79,0.05287361218651172,0.13316833232796826,0.0,0.0324249267578125,1.0
screen_split,1000,72,9,1.0,0.7459644530222873,0.5491969255382876,0.599853515625,0.08191846878393938,0.010625102636646426,73,0.06535185679487043,0.19137556502793873,0.0,0.0301055908203125,1.0
oracle,1000,72,2,1.0,0.3835549171671974,0.47292725419649667,0.5604248046875,0.04681297526331428,0.008346041977342785,65,0.06573429255210061,0.11510589368614782,0.0,-0.0093231201171875,1.0
dense_K200,1000,73,50,1.0,1.4201835133392007,0.6350334136597706,0.5107421875,0.04991535528072498,0.01520971772584089,67,0.03641596597871916,0.27721205314942177,0.0,-0.0590057373046875,1.0
screen_full,1000,73,10,1.0,0.565279025830293,0.3370816624201659,0.5386962890625,0.04875243573096806,0.007699750304912892,57,0.042491376144896766,-0.020739698090182945,1.0,-0.0310516357421875,1.0
screen_split,1000,73,9,1.0,0.7812722900839899,0.3873994095556698,0.5118408203125,0.0702382760349071,0.009165922030142656,62,0.05179107330225899,0.029578049045320964,1.0,-0.0579071044921875,1.0
oracle,1000,73,2,1.0,0.2854209682976658,0.277275522340132,0.5086669921875,0.04490446704642395,0.006067284484101641,71,0.08394498236841041,-0.08054583817021688,1.0,-0.0610809326171875,1.0
dense_K200,1000,74,50,1.0,1.3343756167937242,0.7070365122990114,0.574951171875,0.05258186470375719,0.014139245130661187,63,0.041289193674009406,0.3492151517886626,0.0,0.0052032470703125,1.0
screen_full,1000,74,9,1.0,0.5413662541681019,0.4555029576371104,0.5941162109375,0.049133717266114985,0.00831849870354368,63,0.04480749440832861,0.09768159712676155,0.0,0.0243682861328125,1.0
screen_split,1000,74,7,1.0,0.6842502821928489,0.4686454957581835,0.5780029296875,0.06255463583335123,0.009211498994875974,70,0.05826155636021244,0.11082413524783463,1.0,0.0082550048828125,1.0
oracle,1000,74,2,1.0,0.3167190026273146,0.4079138154532793,0.6600341796875,0.05149602265262686,0.0069927321342115436,46,0.04472097387052228,0.050092454942930464,1.0,0.0902862548828125,0.0
dense_K200,1000,75,50,1.0,1.3739129983108518,0.6536131325343817,0.5286865234375,0.049458856083014084,0.014825468261752643,60,0.03804518730569411,0.29579177202403284,0.0,-0.0410614013671875,1.0
screen_full,1000,75,9,1.0,0.55197665239223,0.42808299917298354,0.5577392578125,0.05037246674429491,0.00870196166695497,62,0.046714800487201724,0.07026163866263468,1.0,-0.0120086669921875,1.0
screen_split,1000,75,10,1.0,0.9420111589035022,0.5178045810724893,0.547607421875,0.07347286007775719,0.010978493897757938,64,0.0425624184568675,0.15998322056214043,0.0,-0.0221405029296875,1.0
oracle,1000,75,2,1.0,0.3361609997619503,0.44027655050817127,0.60400390625,0.04784610857377387,0.007923068248650666,78,0.06353364015804058,0.08245518999782242,1.0,0.0342559814453125,1.0
dense_K200,1000,76,50,1.0,1.5598849248362139,0.8081332589040966,0.54248046875,0.05656038859121881,0.017581871696892577,47,0.03240900752183771,0.45031189839374774,0.0,-0.0272674560546875,1.0
screen_full,1000,76,10,1.0,0.5710957482536919,0.4942821383060799,0.607421875,0.05311515112077041,0.009012951550774759,61,0.043356882901596706,0.13646077779573107,0.0,0.0376739501953125,1.0
screen_split,1000,76,10,1.0,0.84823695094659,0.6431130153416701,0.6162109375,0.07563548443784025,0.011198751012544052,62,0.05859870845059516,0.28529165483132124,0.0,0.0464630126953125,1.0
oracle,1000,76,2,1.0,0.3267864876535243,0.4560007062385697,0.6519775390625,0.05189047139828968,0.008049309473667462,42,0.03957443552096892,0.09817934572822085,1.0,0.0822296142578125,0.0
dense_K200,1000,77,50,1.0,1.29705293885536,0.7663224947534631,0.59521484375,0.052495250366729924,0.014501205436797551,55,0.03951186985589876,0.4085011342431143,0.0,0.0254669189453125,1.0
screen_full,1000,77,10,1.0,0.552140336090511,0.5025532014176041,0.6026611328125,0.05016860341506924,0.008922240187390662,45,0.03765412570319863,0.14473184090725522,0.0,0.0329132080078125,1.0
screen_split,1000,77,10,1.0,0.8611947316611058,0.663832157616459,0.651611328125,0.07050679826430466,0.01101941491436155,75,0.056748825319864034,0.3060107971061101,0.0,0.0818634033203125,1.0
oracle,1000,77,2,1.0,0.2771665921031609,0.4639001518812573,0.592529296875,0.04481906886403449,0.007926637399422202,33,0.029658461943107863,0.10607879137090848,0.0,0.0227813720703125,1.0
dense_K200,1000,78,50,1.0,1.377235678882125,0.6657121886040003,0.5362548828125,0.05520468520271164,0.015005999271010283,62,0.043590475867582086,0.3078908280936514,0.0,-0.0334930419921875,1.0
screen_full,1000,78,10,1.0,0.6739277671742321,0.5121216977465184,0.6390380859375,0.054800987377737816,0.008964712166972916,68,0.045179397869610935,0.15430033723616954,0.0,0.0692901611328125,1.0
screen_split,1000,78,10,1.0,0.8387580875394385,0.551530949833209,0.605224609375,0.07064770424534107,0.010641916568699337,55,0.04422902598502997,0.1937095893228602,0.0,0.0354766845703125,1.0
oracle,1000,78,2,1.0,0.3859194656142201,0.434313352914773,0.6771240234375,0.05339456018907197,0.007591380290775629,50,0.04298318345704932,0.07649199240442417,1.0,0.1073760986328125,0.0
dense_K200,1000,79,50,1.0,1.3162573622042497,0.5721214358011912,0.4986572265625,0.05358903580199409,0.014334571130387153,63,0.04321148566905412,0.21430007529084238,0.0,-0.0710906982421875,1.0
screen_full,1000,79,10,1.0,0.588477207745449,0.43130908108751786,0.54833984375,0.049639808450480535,0.00921628390759708,74,0.043319467335237116,0.07348772057716901,1.0,-0.0214080810546875,1.0
screen_split,1000,79,5,1.0,0.8143185074514233,0.4768529056175079,0.530029296875,0.07054716136814075,0.011801898670591263,67,0.05787235512736785,0.11903154510715908,1.0,-0.0397186279296875,1.0
oracle,1000,79,2,1.0,0.3577396977537442,0.40252516675262184,0.5755615234375,0.05189408682550817,0.008424990002024712,46,0.03912664905208221,0.04470380624227299,1.0,0.0058135986328125,1.0
dense_K200,1000,80,50,1.0,1.3775589454271207,0.692920581099195,0.5352783203125,0.053182965879306654,0.015465524924212711,54,0.03363085172484443,0.3350992205888461,0.0,-0.0344696044921875,1.0
screen_full,1000,80,3,1.0,0.5936181913019473,0.4306075979347259,0.54296875,0.04484613512319667,0.00980573377734041,79,0.05318451695109727,0.07278623742437706,1.0,-0.0267791748046875,1.0
screen_split,1000,80,7,1.0,0.7974156162533353,0.437723307476843,0.5419921875,0.06866302536132234,0.010411387771022603,73,0.062122100449289924,0.07990194696649416,1.0,-0.0277557373046875,1.0
oracle,1000,80,2,1.0,0.33853482407772634,0.3729139982967757,0.5345458984375,0.044688680231835955,0.008150779877071346,123,0.1522945998267737,0.015092637786426832,1.0,-0.0352020263671875,1.0
dense_K200,1000,81,50,1.0,1.4644419000650093,0.8123774929507686,0.579833984375,0.06258746413437868,0.01619820438078839,69,0.03803139025362666,0.4545561324404197,0.0,0.0100860595703125,1.0
screen_full,1000,81,9,1.0,0.5017931134722751,0.3964727245446048,0.54541015625,0.048087491644294725,0.008144212000586053,59,0.048013369055043484,0.03865136403425595,1.0,-0.0243377685546875,1.0
screen_split,1000,81,10,1.0,0.8849208689388419,0.5767393489676201,0.593505859375,0.07676908323876366,0.01067228947022663,54,0.0462493699470086,0.21891798845727128,0.0,0.0237579345703125,1.0
oracle,1000,81,2,1.0,0.23649718620410942,0.3493580628484451,0.5958251953125,0.04853837452906088,0.007104189593338897,48,0.05362461330423079,-0.008463297661903735,1.0,0.0260772705078125,1.0
dense_K200,1000,82,50,1.0,1.5654805390980029,0.7495097208329629,0.5303955078125,0.05149365497757979,0.017130319807715035,72,0.0385728073605789,0.391688360322614,0.0,-0.0393524169921875,1.0
screen_full,1000,82,4,1.0,0.6425989948655618,0.5009155205922278,0.5579833984375,0.05010489689600674,0.010181943407537935,67,0.041336335118088374,0.14309416008187892,0.0,-0.0117645263671875,1.0
screen_split,1000,82,7,1.0,0.8416697017246458,0.560038562728326,0.576416015625,0.07439498762250205,0.011247798693990427,74,0.06268121227631489,0.20221720221797712,0.0,0.0066680908203125,1.0
oracle,1000,82,2,1.0,0.3468291861791455,0.42596514814549113,0.603759765625,0.04851312812943354,0.00810970133169948,63,0.05312390917790359,0.06814378763514228,1.0,0.0340118408203125,1.0
dense_K200,1000,83,50,1.0,1.40092633800946,0.6382190852218413,0.5213623046875,0.05371768212523117,0.014941749661655917,66,0.041134424138851156,0.2803977247114925,0.0,-0.0483856201171875,1.0
screen_full,1000,83,7,1.0,0.5990996714077715,0.36558634910015014,0.517578125,0.04411506516789923,0.008335722678417364,68,0.048183036831173545,0.007764988589801292,1.0,-0.0521697998046875,1.0
screen_split,1000,83,7,1.0,0.84138862248954,0.4011621245467021,0.51806640625,0.06785757948428611,0.010065708733699708,57,0.05247786182059345,0.04334076403635323,1.0,-0.0516815185546875,1.0
oracle,1000,83,2,1.0,0.32876522715898326,0.3357844406668896,0.5379638671875,0.044681315862579944,0.007147214785628407,37,0.037262642197491334,-0.022036919843459235,1.0,-0.0317840576171875,1.0
dense_K200,1000,84,50,1.0,1.3795733325831707,0.5658820411918704,0.4942626953125,0.05063792308986967,0.014470418822206956,77,0.05150699813337457,0.2080606806815215,0.0,-0.0754852294921875,1.0
screen_full,1000,84,9,1.0,0.5955058853449794,0.335887894160505,0.487548828125,0.04933646702169001,0.008213791515992355,49,0.04053651689670274,-0.021933466349843833,1.0,-0.0821990966796875,0.0
screen_split,1000,84,10,1.0,0.9291646554014926,0.413445799090105,0.4915771484375,0.0716969006364881,0.010362779293579705,70,0.056320100521934514,0.05562443857975613,1.0,-0.0781707763671875,1.0
oracle,1000,84,2,1.0,0.3917355138157364,0.2845371832559435,0.478271484375,0.04578616258148582,0.007134728251405617,54,0.051851959352931826,-0.07328417725440534,1.0,-0.0914764404296875,1.0
dense_K200,1000,85,50,1.0,1.286389790826776,0.5901433890033849,0.5396728515625,0.05581841951852863,0.013319528827608135,74,0.05016664750639543,0.23232202849303607,0.0,-0.0300750732421875,1.0
screen_full,1000,85,10,1.0,0.6007351188524102,0.3092404295005811,0.5223388671875,0.04582198152976623,0.007383788989575563,58,0.05367554436472335,-0.048580931009767736,1.0,-0.0474090576171875,1.0
screen_split,1000,85,10,1.0,1.0437413904055235,0.3909998350491412,0.450927734375,0.05905448221208659,0.010894761159293427,82,0.05454097181693636,0.03317847453879236,1.0,-0.1188201904296875,0.0
oracle,1000,85,2,1.0,0.33815971778009396,0.23012720705729184,0.5177001953125,0.04271093204006012,0.005173949847471888,91,0.09705665755159806,-0.127694153453057,0.0,-0.0520477294921875,1.0
dense_K200,1000,86,50,1.0,1.3264869413013411,0.7175039373800853,0.586669921875,0.05332668341055818,0.013814719061845318,64,0.03996170098295082,0.3596825768697365,0.0,0.0169219970703125,1.0
screen_full,1000,86,10,1.0,0.566041233671264,0.46840515378701153,0.6522216796875,0.052570050718167394,0.007680148596429134,56,0.050041535084402594,0.11058379327666268,0.0,0.0824737548828125,1.0
screen_split,1000,86,4,1.0,0.7980196438304606,0.4427348264730305,0.5762939453125,0.06077641398024318,0.009411164384884589,66,0.05969025296858473,0.08491346596268162,1.0,0.0065460205078125,1.0
oracle,1000,86,2,1.0,0.464505271251928,0.37586297001265023,0.699951171875,0.05174720307699351,0.0064485305990292854,99,0.09520454630641069,0.01804160950230138,1.0,0.1302032470703125,1.0
dense_K200,1000,87,50,1.0,1.582572769385531,0.8171724303362458,0.565185546875,0.0554575567418674,0.016572095528065073,66,0.034430799122008915,0.4593510698258969,0.0,-0.0045623779296875,1.0
screen_full,1000,87,10,1.0,0.666577560059608,0.48542592163595144,0.6343994140625,0.05213373820554137,0.008413580982918315,38,0.029391261125944083,0.1276045611256026,0.0,0.0646514892578125,0.0
screen_split,1000,87,4,1.0,0.7810011246835341,0.4884464238179146,0.5797119140625,0.0665214062238986,0.010252399663884144,66,0.05313923951270442,0.13062506330756574,0.0,0.0099639892578125,1.0
oracle,1000,87,2,1.0,0.3557151143045404,0.37099623332302534,0.572509765625,0.04718235997483657,0.006911125325133371,74,0.07479894448238884,0.013174872812676486,1.0,0.0027618408203125,1.0
dense_K200,1000,88,50,1.0,1.3426270987435573,0.7383851693551539,0.5830078125,0.051869900471182645,0.01464921742624369,68,0.04543551351983019,0.380563808844805,0.0,0.0132598876953125,1.0
screen_full,1000,88,10,1.0,0.5767616120268747,0.455653171501625,0.5975341796875,0.049823303811182995,0.008571026865159193,54,0.03603908339000455,0.09783181099127614,0.0,0.0277862548828125,1.0
screen_split,1000,88,10,1.0,0.8027997979646512,0.437718373407775,0.5394287109375,0.06937299449174915,0.009941166521441811,51,0.047699603763266714,0.07989701289742612,1.0,-0.0303192138671875,1.0
oracle,1000,88,2,1.0,0.2680851154199237,0.39435682848274284,0.58984375,0.04401397716309003,0.00755934939640399,44,0.04886875486504808,0.03653546797239399,1.0,0.0200958251953125,1.0
dense_K200,1000,89,50,1.0,1.5847909440977204,0.8266694174752689,0.58837890625,0.060576793956466396,0.016349270224131622,67,0.039139838752517024,0.46884805696492005,0.0,0.0186309814453125,1.0
screen_full,1000,89,9,1.0,0.5656001820514321,0.5069471228288379,0.6934814453125,0.059542277699403595,0.007451484687447326,50,0.04785619628235546,0.14912576231848906,0.0,0.1237335205078125,0.0
screen_split,1000,89,10,1.0,0.895758131506644,0.6385519794410803,0.6654052734375,0.08080180000769743,0.00972288430399319,51,0.04753947944335402,0.2807306189307315,0.0,0.0956573486328125,0.0
oracle,1000,89,2,1.0,0.3576981949676032,0.41622868140806424,0.608642578125,0.04802572273066937,0.0068517626880925135,64,0.0610177599566808,0.05840732089771539,1.0,0.0388946533203125,1.0
dense_K200,1000,90,50,1.0,1.3640386929173471,0.7161592973214383,0.5723876953125,0.05398389026271405,0.014710910934994968,66,0.045737153903251976,0.3583379368110895,0.0,0.0026397705078125,1.0
screen_full,1000,90,10,1.0,0.5811169418896506,0.4874738209310853,0.628173828125,0.056501464321010254,0.00817033364722693,70,0.05343665170647009,0.12965246042073647,0.0,0.0584259033203125,1.0
screen_split,1000,90,5,1.0,0.8267943146027423,0.46171509336125016,0.499267578125,0.07929052252634052,0.011515827028341911,85,0.07026980543306259,0.10389373285090131,1.0,-0.0704803466796875,1.0
oracle,1000,90,2,1.0,0.28838014556462577,0.38284669829429785,0.6263427734375,0.05051170040798954,0.007197352861670515,95,0.09143957525882766,0.025025337783948998,1.0,0.0565948486328125,1.0
dense_K200,1000,91,50,1.0,1.3429633201899627,0.7066237367852753,0.570068359375,0.056761155065618255,0.014369886153552544,64,0.039895463303061804,0.3488023762749265,0.0,0.0003204345703125,1.0
screen_full,1000,91,5,1.0,0.6316419424044895,0.4471330928363593,0.572998046875,0.04784754486811323,0.009109374601327413,60,0.04137123722010471,0.08931173232601047,1.0,0.0032501220703125,1.0
screen_split,1000,91,9,1.0,0.8782751649275293,0.4526755484970488,0.5443115234375,0.0693985182028657,0.00981010634058963,65,0.05142347827965702,0.09485418798669992,1.0,-0.0254364013671875,1.0
oracle,1000,91,2,1.0,0.31252967466224574,0.3522620363758119,0.539794921875,0.044878619549775824,0.007321394855730642,59,0.058297647439851635,-0.005559324134536969,1.0,-0.0299530029296875,1.0
dense_K200,1000,92,50,1.0,1.2994250263741727,0.7271704211678087,0.5892333984375,0.059616369051486526,0.013945648589968353,53,0.037304459861657674,0.36934906065745987,0.0,0.0194854736328125,1.0
screen_full,1000,92,10,1.0,0.5584340161085958,0.4446906877420722,0.57373046875,0.04785931923521033,0.00838171701066195,59,0.044545693604219054,0.08686932723172336,1.0,0.0039825439453125,1.0
screen_split,1000,92,10,1.0,0.8790058492568332,0.6077746511115094,0.632080078125,0.0827130685936628,0.010799258458339154,77,0.06477671869559402,0.24995329060116056,0.0,0.0623321533203125,1.0
oracle,1000,92,2,1.0,0.19737032618870426,0.35516315353964356,0.54931640625,0.047790920450981225,0.006645683381478991,46,0.05231339677695498,-0.0026582069707052902,1.0,-0.0204315185546875,1.0
dense_K200,1000,93,50,1.0,1.4276734365284143,0.6803679216911314,0.534912109375,0.05529300088092815,0.015316648754307693,71,0.04021067639709966,0.3225465611807825,0.0,-0.0348358154296875,1.0
screen_full,1000,93,10,1.0,0.6581384999485441,0.4348791980093865,0.558349609375,0.05195442137424459,0.009357311353712513,56,0.040145451279212506,0.07705783749903766,1.0,-0.0113983154296875,1.0
screen_split,1000,93,9,1.0,0.9794920510999481,0.6424608093470513,0.566162109375,0.0743430011353838,0.012755071173304194,67,0.046368356077415275,0.28463944883670245,0.0,-0.0035858154296875,1.0
oracle,1000,93,2,1.0,0.2789450819381894,0.36537088329835093,0.5765380859375,0.05136104956002737,0.007316408896306501,55,0.05592718270118117,0.007549522788002083,1.0,0.0067901611328125,1.0
dense_K200,1000,94,50,1.0,1.3672410110777418,0.751025566317929,0.5736083984375,0.05217327240145731,0.015151521630656322,80,0.037974361223249556,0.3932042058075802,0.0,0.0038604736328125,1.0
screen_full,1000,94,10,1.0,0.4847360806456862,0.4225475489595671,0.5557861328125,0.049287144867204744,0.00858211669383286,62,0.04415571033918927,0.06472618844921824,1.0,-0.0139617919921875,1.0
screen_split,1000,94,10,1.0,0.655531354997895,0.4908962173603214,0.6329345703125,0.07054593910824727,0.008426037517594371,55,0.05948476648659553,0.13307485684997256,1.0,0.0631866455078125,1.0
oracle,1000,94,2,1.0,0.25932989409560525,0.39481519856502956,0.601318359375,0.04785745503250349,0.007072936180603144,44,0.04636299805259782,0.036993838054680706,1.0,0.0315704345703125,1.0
dense_K200,1000,95,50,1.0,1.314616993108182,0.7260610101795852,0.5640869140625,0.0564972507449563,0.014614623531884688,81,0.05029772539144389,0.3682396496692364,0.0,-0.0056610107421875,1.0
screen_full,1000,95,10,1.0,0.5201741588047477,0.48012481759121706,0.6253662109375,0.05715877905517055,0.008299244406136665,64,0.04732876336712091,0.1223034570808682,0.0,0.0556182861328125,1.0
screen_split,1000,95,10,1.0,0.7362102477387399,0.5350298474489557,0.590576171875,0.07682727999358482,0.010169963526465011,53,0.048887669165331424,0.1772084869386068,0.0,0.0208282470703125,1.0
oracle,1000,95,2,1.0,0.25380449298823043,0.41445368678337013,0.6046142578125,0.04803565931763904,0.007189223357928823,55,0.05421684099263872,0.05663232627302128,1.0,0.0348663330078125,1.0
dense_K200,1000,96,50,1.0,1.513479410750202,0.8447956833482043,0.5828857421875,0.05954670196311397,0.016349201075649866,66,0.041934193934764476,0.48697432283785547,0.0,0.0131378173828125,1.0
screen_full,1000,96,10,1.0,0.5116621579852242,0.43690402590380084,0.6275634765625,0.05354424198260098,0.007426242676182319,60,0.04862185586662923,0.07908266539345199,1.0,0.0578155517578125,1.0
screen_split,1000,96,10,1.0,0.8881737372821901,0.5055039638934739,0.5654296875,0.06699541025041586,0.010239255266717253,76,0.057783687591749074,0.147682603383125,0.0,-0.0043182373046875,1.0
oracle,1000,96,2,1.0,0.3637760876509696,0.4397372420168047,0.595703125,0.046267730617606036,0.007612706969153579,67,0.05948057974451188,0.08191588150645585,1.0,0.0259552001953125,1.0
dense_K200,1000,97,50,1.0,1.3966339570456077,0.7419258891672836,0.5596923828125,0.056783486792845034,0.015105619807034737,66,0.042347719685790736,0.3841045286569348,0.0,-0.0100555419921875,1.0
screen_full,1000,97,8,1.0,0.46780835807077287,0.39060943124257186,0.5489501953125,0.04852647281289714,0.007830343978593429,52,0.040488361816462,0.03278807073222301,1.0,-0.0207977294921875,1.0
screen_split,1000,97,9,1.0,0.7439204052525771,0.520474640570578,0.5552978515625,0.07559091390336681,0.010654522331492085,77,0.06188000244243391,0.16265328006022917,0.0,-0.0144500732421875,1.0
oracle,1000,97,2,1.0,0.31845689290893864,0.3196782218032969,0.53955078125,0.04545304631768701,0.006967215371721366,29,0.02991311446982679,-0.03814313870705194,1.0,-0.0301971435546875,1.0
dense_K200,1000,98,50,1.0,1.5579625304783804,0.7725158149301514,0.5589599609375,0.0540444718569556,0.016271593114446377,65,0.03623390998033887,0.41469445441980257,0.0,-0.0107879638671875,1.0
screen_full,1000,98,7,1.0,0.5015807098232307,0.3989397777640252,0.5921630859375,0.05216869387199403,0.007514974126381684,75,0.06075557540047875,0.041118417253676376,1.0,0.0224151611328125,1.0
screen_split,1000,98,9,1.0,0.9278987687959582,0.5301362826644733,0.6187744140625,0.07629577902306586,0.009354834159368292,67,0.07123655489552763,0.17231492215412447,0.0,0.0490264892578125,1.0
oracle,1000,98,2,1.0,0.20994257770316846,0.3473180353563737,0.5487060546875,0.04440741776321506,0.0063355455234533455,41,0.04969604592907589,-0.010503325153975174,1.0,-0.0210418701171875,1.0
dense_K200,1000,99,50,1.0,1.4528136192548522,0.7470116676524308,0.549560546875,0.05685428676709025,0.015992303248910468,81,0.044719218677170054,0.3891903071420819,0.0,-0.0201873779296875,1.0
screen_full,1000,99,10,1.0,0.6503186872306611,0.4834457271157094,0.5921630859375,0.050890202279198965,0.009534910824669183,69,0.047770664975404956,0.12562436660536053,0.0,0.0224151611328125,1.0
screen_split,1000,99,10,1.0,0.9148458197631073,0.4648418053187655,0.5374755859375,0.07104754239284508,0.011194700646998755,64,0.04668157402038448,0.10702044480841666,1.0,-0.0322723388671875,1.0
oracle,1000,99,2,1.0,0.4352621749860863,0.41165917384729456,0.632568359375,0.049628748103596534,0.00857411730710769,53,0.04583560160341113,0.053837813336945706,1.0,0.0628204345703125,1.0
dense_K200,1000,100,50,1.0,1.3379360136828395,0.6579667285600859,0.54638671875,0.05281565591983989,0.014345538802806673,59,0.04082473652136821,0.300145368049737,0.0,-0.0233612060546875,1.0
screen_full,1000,100,10,1.0,0.6976742027621761,0.5474038992747319,0.6051025390625,0.055483842359417286,0.00954964239964758,76,0.05406711514487836,0.18958253876438302,0.0,0.0353546142578125,1.0
screen_split,1000,100,10,1.0,1.0451631926759397,0.6042377326366808,0.58056640625,0.07756834568526229,0.01182772832912186,64,0.05279814218278315,0.24641637212633194,0.0,0.0108184814453125,1.0
oracle,1000,100,2,1.0,0.29251678115227975,0.4374919504756095,0.593017578125,0.05249016301687846,0.007608443457930407,43,0.041901623722205586,0.07967058996526066,1.0,0.0232696533203125,1.0
dense_K200,1000,101,50,1.0,1.434475245873595,0.6202349067093891,0.5015869140625,0.04630040073934718,0.01567904541904865,56,0.03394871099281522,0.2624135461990402,0.0,-0.0681610107421875,0.0
screen_full,1000,101,10,1.0,0.6051255848299292,0.38801945796364135,0.5443115234375,0.049008900412609885,0.008166223865347332,65,0.04727619986894437,0.030198097453292494,1.0,-0.0254364013671875,1.0
screen_split,1000,101,10,1.0,0.7117626154521294,0.4611845184492688,0.5557861328125,0.07603796075627456,0.009897588880280247,66,0.06349080348114629,0.10336315793891993,1.0,-0.0139617919921875,1.0
oracle,1000,101,2,1.0,0.3888712334928306,0.3524971464228352,0.55029296875,0.045081760008584056,0.007818510477551282,52,0.041481686730868,-0.005324214087513657,1.0,-0.0194549560546875,1.0
dense_K200,1000,102,50,1.0,1.5136844243797354,0.7219556842975471,0.5404052734375,0.058679474174242685,0.016240103821278898,78,0.045296076249966365,0.36413432378719823,0.0,-0.0293426513671875,1.0
screen_full,1000,102,10,1.0,0.6286037817321429,0.42718719063990185,0.5787353515625,0.05297645245911646,0.008613249312696246,53,0.040979781672344354,0.069365830129553,1.0,0.0089874267578125,1.0
screen_split,1000,102,7,1.0,0.8443369631079094,0.4808727444988228,0.5863037109375,0.0740455659183954,0.009599878757169347,71,0.06103333764636143,0.12305138398847393,1.0,0.0165557861328125,1.0
oracle,1000,102,2,1.0,0.3128001075275668,0.3408010517335043,0.5653076171875,0.04886614272968602,0.007050688547330213,81,0.07220320121696759,-0.017020308776844573,1.0,-0.0044403076171875,1.0
dense_K200,1000,103,50,1.0,1.4310977519186316,0.7615441053095815,0.5751953125,0.056743572581148274,0.015114319053551924,62,0.04185230752398251,0.40372274479923265,0.0,0.0054473876953125,1.0
screen_full,1000,103,10,1.0,0.6390440302446678,0.45451758401668735,0.5980224609375,0.04875969406098903,0.008235786223266648,65,0.04736752831786348,0.0966962235063385,0.0,0.0282745361328125,1.0
screen_split,1000,103,10,1.0,0.7706917021235149,0.49391987583427943,0.5858154296875,0.07714737442556364,0.009429711465741763,82,0.07948280886157316,0.13609851532393058,1.0,0.0160675048828125,1.0
oracle,1000,103,2,1.0,0.31955868491397627,0.3537383910668093,0.6558837890625,0.04897600379178476,0.006791055845626235,95,0.09395553367202865,-0.00408296944353953,1.0,0.0861358642578125,1.0
dense_K200,1000,104,50,1.0,1.4389884196077654,0.7441940707235793,0.55029296875,0.052738254295604754,0.016007695749500415,67,0.040584489926977024,0.3863727102132305,0.0,-0.0194549560546875,1.0
screen_full,1000,104,10,1.0,0.5537678619187675,0.4791859190015758,0.5780029296875,0.05745383669850039,0.009156106124781101,66,0.04397309790804068,0.12136455849122696,0.0,0.0082550048828125,1.0
screen_split,1000,104,10,1.0,0.9286047719515,0.6416094307960287,0.5865478515625,0.06926981349567986,0.012533097480005657,67,0.046205062496840026,0.28378807028567987,0.0,0.0167999267578125,1.0
oracle,1000,104,2,1.0,0.43358798751684485,0.4771061299676491,0.56103515625,0.04590245040799006,0.009273940787773407,39,0.030985278926115214,0.11928476945730027,0.0,-0.0087127685546875,1.0
dense_K200,1000,105,50,1.0,1.316934950079445,0.8127982637422007,0.6173095703125,0.05565229453064513,0.014524559047136487,68,0.042917600935622885,0.4549769032318518,0.0,0.0475616455078125,1.0
screen_full,1000,105,10,1.0,0.5866931896759852,0.5088291506570805,0.6654052734375,0.05438546422322436,0.008073450597894084,57,0.04429777584423872,0.1510077901467316,0.0,0.0956573486328125,0.0
screen_split,1000,105,10,1.0,0.7686704096186805,0.5773521078111346,0.6600341796875,0.08184368441799364,0.009700313693989193,53,0.05104981396170221,0.2195307473007857,0.0,0.0902862548828125,1.0
oracle,1000,105,2,1.0,0.3426289050756983,0.40817315491269235,0.6397705078125,0.044903025395705905,0.006649127532145159,49,0.0471196300054321,0.0503517944023435,1.0,0.0700225830078125,1.0
dense_K200,1000,106,50,1.0,1.3532158806905674,0.7030032338760837,0.55126953125,0.05112096068754161,0.014929696539043975,57,0.03753764118260902,0.3451818733657348,0.0,-0.0184783935546875,1.0
screen_full,1000,106,10,1.0,0.5779105828153551,0.44460417436479976,0.5684814453125,0.04991582195935313,0.008469876472004454,72,0.04892211949459771,0.08678281385445091,1.0,-0.0012664794921875,1.0
screen_split,1000,106,6,1.0,0.8008596107919488,0.5460197723614173,0.58056640625,0.0644277151435955,0.009883345608796786,47,0.03669923835825212,0.18819841185106845,0.0,0.0108184814453125,1.0
oracle,1000,106,2,1.0,0.4290010776266629,0.3940363483804338,0.52783203125,0.041112269105450176,0.007237318499642446,74,0.056943914380561886,0.036214987870084925,1.0,-0.0419158935546875,1.0
dense_K200,1000,107,50,1.0,1.438477491206067,0.8740416698085551,0.595947265625,0.05788782904099179,0.016263704521343073,56,0.037690901049875804,0.5162203092982063,0.0,0.0261993408203125,1.0
screen_full,1000,107,10,1.0,0.6082569107064667,0.579885417337116,0.6121826171875,0.054249900765132766,0.009996740884015294,54,0.0337738732500681,0.2220640568267671,0.0,0.0424346923828125,1.0
screen_split,1000,107,10,1.0,0.8024750258180566,0.603648575716165,0.555908203125,0.06258700958828764,0.011815629840590963,67,0.041372304432593744,0.24582721520581619,0.0,-0.0138397216796875,1.0
oracle,1000,107,2,1.0,0.3838766762553371,0.5463676846799339,0.6099853515625,0.05244796657753856,0.008936437133494528,46,0.04148210595545602,0.18854632416958506,0.0,0.0402374267578125,1.0
dense_K200,1000,108,50,1.0,1.5680213351140098,0.7864816337904242,0.551513671875,0.04971743010700337,0.017062513285964805,65,0.035698457558420084,0.4286602732800754,0.0,-0.0182342529296875,1.0
screen_full,1000,108,10,1.0,0.6387478319721197,0.3969231417503897,0.547119140625,0.04676008638498791,0.008719201109381196,59,0.03917820086056227,0.03910178124004082,1.0,-0.0226287841796875,1.0
screen_split,1000,108,4,1.0,0.653525046171573,0.36464453707713695,0.5478515625,0.06166566293072282,0.008178017290023216,67,0.05884655875908796,0.006823176566788103,1.0,-0.0218963623046875,1.0
oracle,1000,108,2,1.0,0.3478797689796448,0.3700730358312835,0.5960693359375,0.045288372062691026,0.0071369692752044946,62,0.05407114771805734,0.01225167532093463,1.0,0.0263214111328125,1.0
dense_K200,1000,109,50,1.0,1.4209672620956901,0.807863219578012,0.6051025390625,0.06300592041005866,0.014954625745567473,56,0.038770748210136326,0.45004185906766314,0.0,0.0353546142578125,1.0
screen_full,1000,109,10,1.0,0.5508912425891321,0.47709311911119817,0.5823974609375,0.05291664143127835,0.008993377338971003,66,0.04241025073897234,0.11927175860084932,0.0,0.0126495361328125,1.0
screen_split,1000,109,10,1.0,0.7704190062499526,0.48349568566720835,0.533935546875,0.07345033621198743,0.010606270792840836,77,0.06155552584365116,0.1256743251568595,1.0,-0.0358123779296875,1.0
oracle,1000,109,2,1.0,0.28816633366616606,0.40240629971874786,0.5274658203125,0.04357211930251985,0.007564249987929961,63,0.04923172379588004,0.04458493920839901,1.0,-0.0422821044921875,1.0
dense_K200,1000,110,50,1.0,1.3855633926783915,0.6621408705031425,0.5526123046875,0.0498659736801629,0.014379621550984812,55,0.03690348673286746,0.30431950999279367,0.0,-0.0171356201171875,1.0
screen_full,1000,110,7,1.0,0.5537443441608983,0.3743606830661395,0.5494384765625,0.04615181676615672,0.0076036745599765655,64,0.04951010472565273,0.01653932255579066,1.0,-0.0203094482421875,1.0
screen_split,1000,110,10,1.0,0.8362649548837876,0.472387979583068,0.577392578125,0.07383998683696558,0.00967553885030263,52,0.042177145135810966,0.11456661907271914,1.0,0.0076446533203125,1.0
oracle,1000,110,2,1.0,0.34441774151602145,0.3322723287329207,0.56201171875,0.051099752888537485,0.006657651373408346,56,0.0535088361154972,-0.025549031777428177,1.0,-0.0077362060546875,1.0
dense_K200,1000,111,50,1.0,1.438834630095353,0.6586735558118127,0.523681640625,0.048693291676356686,0.015444268048468,69,0.03403161802728794,0.3008521953014639,0.0,-0.0460662841796875,1.0
screen_full,1000,111,8,1.0,0.5550108736590406,0.43283672026111275,0.5546875,0.049110899248023525,0.008394060859373732,56,0.04155917432359562,0.0750153597507639,1.0,-0.0150604248046875,1.0
screen_split,1000,111,9,1.0,0.7025032203011,0.4533840845734965,0.55615234375,0.07056010694210234,0.009238932989558267,68,0.06156649441108164,0.09556272406314764,1.0,-0.0135955810546875,1.0
oracle,1000,111,2,1.0,0.3212796651548284,0.3652614645350819,0.5738525390625,0.04610645257697544,0.0066010835581278285,42,0.044283377643008874,0.007440104024733052,1.0,0.0041046142578125,1.0
dense_K200,1000,112,50,1.0,1.4078690445416782,0.785974300454316,0.583984375,0.05669327523695602,0.015526795120489306,67,0.04408632137992869,0.4281529399439672,0.0,0.0142364501953125,1.0
screen_full,1000,112,10,1.0,0.6254680390906145,0.49289172580316065,0.556396484375,0.047668636271721895,0.009481005654910333,56,0.03640057586844136,0.1350703652928118,0.0,-0.0133514404296875,1.0
screen_split,1000,112,10,1.0,0.9689542693602504,0.5848240524671026,0.6146240234375,0.07331090980652274,0.011091987540574449,67,0.05388861062635044,0.2270026919567537,0.0,0.0448760986328125,1.0
oracle,1000,112,2,1.0,0.3607345222407878,0.44859064154395667,0.5064697265625,0.04502635280507307,0.008037164466647775,45,0.04315561091924067,0.09076928103360782,0.0,-0.0632781982421875,1.0
dense_K200,1000,113,50,1.0,1.3763785955254355,0.6724003504288938,0.5439453125,0.0565943142592544,0.014584905929598473,54,0.03461385771842375,0.31457898991854494,0.0,-0.0258026123046875,1.0
screen_full,1000,113,6,1.0,0.6274151436700337,0.36294931809710784,0.511474609375,0.04696870670660984,0.008470357410699446,58,0.041893374244779666,0.005127957586758991,1.0,-0.0582733154296875,1.0
screen_split,1000,113,3,1.0,0.8220902232331538,0.48157191618293804,0.5587158203125,0.06848489503083248,0.010764730827692621,68,0.046110592572294246,0.12375055567258919,1.0,-0.0110321044921875,1.0
oracle,1000,113,2,1.0,0.3621345038126742,0.33268476329344,0.47998046875,0.0429472563451999,0.007213443357557795,55,0.05358445482974595,-0.025136597216908863,1.0,-0.0897674560546875,1.0
dense_K200,1000,114,50,1.0,1.4342017643789844,0.8192942970944027,0.5953369140625,0.060104629878726036,0.015353836606172835,67,0.03680882245114692,0.46147293658405386,0.0,0.0255889892578125,1.0
screen_full,1000,114,6,1.0,0.5356185581105267,0.4972305237703827,0.6036376953125,0.05070022360125426,0.009422391648272124,61,0.037087226160224994,0.13940916326003383,0.0,0.0338897705078125,1.0
screen_split,1000,114,6,1.0,0.7163833378805973,0.5304742133204061,0.53759765625,0.06400190722779543,0.011253538122977405,65,0.04829736755830143,0.17265285281005727,0.0,-0.0321502685546875,1.0
oracle,1000,114,2,1.0,0.4101295022190103,0.48048383450254784,0.5946044921875,0.04698924897928375,0.0087898737344714,66,0.06308067169814856,0.12266247399219898,0.0,0.0248565673828125,1.0
dense_K200,1000,115,50,1.0,1.3323322331091174,0.59412058902994,0.513427734375,0.05026306476040323,0.014508818732274793,63,0.0367224651957758,0.23629922851959118,0.0,-0.0563201904296875,1.0
screen_full,1000,115,9,1.0,0.5142148914856303,0.41650162489418846,0.5341796875,0.04693087598253364,0.008495445060844943,50,0.03667354240955769,0.05868026438383961,1.0,-0.0355682373046875,1.0
screen_split,1000,115,10,1.0,0.9380873364912199,0.5107402205779306,0.5462646484375,0.0686843745598197,0.010925007472727311,73,0.056815404070659915,0.1529188600675817,0.0,-0.0234832763671875,1.0
oracle,1000,115,2,1.0,0.3589536068412352,0.36701450247988965,0.5958251953125,0.04940269982908763,0.007367911283713693,57,0.05137121788621098,0.009193141969540797,1.0,0.0260772705078125,1.0
dense_K200,1000,116,50,1.0,1.3930622372524857,0.7184993696902999,0.540771484375,0.0563553517239316,0.01589121413609307,79,0.04272887293822152,0.3606780091799511,0.0,-0.0289764404296875,1.0
screen_full,1000,116,2,1.0,0.30154856243065603,0.36215570314399204,0.50830078125,0.04498611742805221,0.007684262149494722,48,0.046385791073924196,0.0043343426336431845,1.0,-0.0614471435546875,1.0
screen_split,1000,116,10,1.0,0.8196549754189766,0.48597354513228186,0.5771484375,0.08385135470528704,0.010504390950383526,61,0.05852796126648326,0.128152184621933,1.0,0.0074005126953125,1.0
oracle,1000,116,2,1.0,0.3183748477647813,0.364084948933337,0.498046875,0.04465027418236075,0.007727460830644031,50,0.04757520278608932,0.006263588422988131,1.0,-0.0717010498046875,1.0
dense_K200,1000,117,50,1.0,1.5691838282047639,0.8323306991862687,0.581787109375,0.05813272316672554,0.016381616415741415,71,0.03936906393937566,0.4745093386759198,0.0,0.0120391845703125,1.0
screen_full,1000,117,10,1.0,0.5486602787957454,0.40085665895726535,0.5977783203125,0.048206327711871846,0.007507436971987677,62,0.04706216992241108,0.0430352984469165,1.0,0.0280303955078125,1.0
screen_split,1000,117,8,1.0,0.8787487220932553,0.4199755802255677,0.5137939453125,0.07076957307536354,0.009587963461617497,70,0.06800241767960351,0.06215421971521884,1.0,-0.0559539794921875,1.0
oracle,1000,117,2,1.0,0.4201218293933788,0.325101567703292,0.5186767578125,0.043190165985013976,0.00615474595467215,46,0.041200119379694235,-0.032719792807056836,1.0,-0.0510711669921875,1.0
dense_K200,1000,118,50,1.0,1.5075514021751841,0.8373106448801602,0.597900390625,0.05791797761462961,0.015728096568610437,54,0.03468824436502625,0.4794892843698113,0.0,0.0281524658203125,1.0
screen_full,1000,118,10,1.0,0.5639332137294144,0.49323161703847257,0.612548828125,0.05617487508292605,0.008378309352040758,55,0.04963472631646059,0.13541025652812372,0.0,0.0428009033203125,1.0
screen_split,1000,118,10,1.0,0.7614935528240041,0.5289704767600169,0.5926513671875,0.0816776140781464,0.009794791467505101,72,0.06519187947910036,0.171149116249668,0.0,0.0229034423828125,1.0
oracle,1000,118,2,1.0,0.3165090499768503,0.3965802015011106,0.5528564453125,0.049145170185470315,0.007206618673366736,41,0.04511661752237307,0.03875884099076177,1.0,-0.0168914794921875,1.0
dense_K200,1000,119,50,1.0,1.4027016600054134,0.8335703380257371,0.5985107421875,0.059283050230847935,0.015509305986785227,69,0.03829325348859141,0.47574897751538825,0.0,0.0287628173828125,1.0
screen_full,1000,119,10,1.0,0.596175737241063,0.5206704296203997,0.6175537109375,0.055454064118875414,0.008865608600655085,64,0.04432421368906257,0.16284906911005081,0.0,0.0478057861328125,1.0
screen_split,1000,119,10,1.0,0.7428241907475935,0.5507828682958522,0.6070556640625,0.07987253610618676,0.010282207702928401,60,0.051702887717391656,0.19296150778550336,0.0,0.0373077392578125,1.0
oracle,1000,119,2,1.0,0.32057624825732967,0.4515325733287423,0.5982666015625,0.050866694318125974,0.008238081388501992,48,0.040521728083114474,0.09371121281839345,1.0,0.0285186767578125,1.0
dense_K200,1000,120,50,1.0,1.4095680710119534,0.6543454833337301,0.5361328125,0.051790243616015724,0.014733351231364876,72,0.03826543718825686,0.29652412282338125,0.0,-0.0336151123046875,1.0
screen_full,1000,120,4,1.0,0.3014294664015183,0.36392903588580067,0.563720703125,0.04855916110100905,0.007221120647910271,67,0.059202715943953745,0.006107675375451815,1.0,-0.0060272216796875,1.0
screen_split,1000,120,6,1.0,0.9391630335821626,0.579102499392435,0.5933837890625,0.07030948602483887,0.011557498956285295,67,0.047320719196533176,0.22128113888208611,0.0,0.0236358642578125,1.0
oracle,1000,120,2,1.0,0.1846974452558989,0.3756902850897471,0.5703125,0.046349172445591384,0.007020907933217402,48,0.04945983137409166,0.01786892457939826,1.0,0.0005645751953125,1.0
dense_K200,1000,121,50,1.0,1.3909869428538226,0.6715083932341015,0.5367431640625,0.05179732606699134,0.015157626061555074,67,0.04038188641599882,0.31368703272375265,0.0,-0.0330047607421875,1.0
screen_full,1000,121,7,1.0,0.5015759942965993,0.3831818217606455,0.5255126953125,0.0446554470472192,0.008320305888710841,62,0.04736969709591847,0.025360461250296673,1.0,-0.0442352294921875,1.0
screen_split,1000,121,10,1.0,0.8796780021409434,0.46157447311659383,0.5006103515625,0.06989323116089713,0.011391166387724234,65,0.042254520234587076,0.10375311260624498,1.0,-0.0691375732421875,1.0
oracle,1000,121,2,1.0,0.2067080385986287,0.3571926546428524,0.5533447265625,0.04342460758401475,0.007269515756713202,64,0.08090781309736296,-0.0006287058674964707,1.0,-0.0164031982421875,1.0
dense_K200,1000,122,50,1.0,1.3365754307788653,0.621218130190196,0.50830078125,0.049161536316503066,0.014730887437748892,71,0.03903321606337359,0.26339676967984715,0.0,-0.0614471435546875,1.0
screen_full,1000,122,10,1.0,0.6512606161041307,0.4441386431532022,0.5872802734375,0.050833669080270746,0.008258535974168904,68,0.050227600891100274,0.08631728264285332,1.0,0.0175323486328125,1.0
screen_split,1000,122,10,1.0,0.7725396740815003,0.40396574092309645,0.498291015625,0.06152844192389129,0.009583436751044198,74,0.06618579262925689,0.0461443804127476,1.0,-0.0714569091796875,1.0
oracle,1000,122,2,1.0,0.3002203098434929,0.32109862547098167,0.51220703125,0.04119694147263998,0.007043751234225243,51,0.048732438918838814,-0.03672273503936718,1.0,-0.0575408935546875,1.0
dense_K200,1000,123,50,1.0,1.3662201990718335,0.6256536724623749,0.5341796875,0.053498599117768296,0.014268130358862957,60,0.03721745947140957,0.26783231195202606,0.0,-0.0355682373046875,1.0
screen_full,1000,123,7,1.0,0.5703555211571006,0.37461079456024404,0.541015625,0.04576765462445118,0.008040081965463939,47,0.03630418493995055,0.01678943404989519,1.0,-0.0287322998046875,1.0
screen_split,1000,123,4,1.0,0.8117762419869535,0.3845010981519612,0.586181640625,0.06570504304316348,0.009626632680274423,89,0.06488511802032905,0.026679737641612356,1.0,0.0164337158203125,1.0
oracle,1000,123,2,1.0,0.36044433857968966,0.3424013886998215,0.659423828125,0.05062678666879678,0.006407664174432805,42,0.049467811908919225,-0.015419971810527344,1.0,0.0896759033203125,1.0
dense_K200,1000,124,50,1.0,1.5094754842078717,0.6936721937720141,0.5377197265625,0.05829749615730493,0.015517453894586341,71,0.041915372712039205,0.3358508332616652,0.0,-0.0320281982421875,1.0
screen_full,1000,124,7,1.0,0.4907854553050149,0.3396358588479795,0.5726318359375,0.04913276320171746,0.007022335852703053,59,0.055530619180314766,-0.018185501662369374,1.0,0.0028839111328125,1.0
screen_split,1000,124,7,1.0,0.9155451623094711,0.4469145084152425,0.536376953125,0.07021183640438007,0.010458487691541913,73,0.05856387421412292,0.08909314790489364,1.0,-0.0333709716796875,1.0
oracle,1000,124,2,1.0,0.2674165185347416,0.34580861139247254,0.5435791015625,0.04537891287087876,0.006819026848466941,67,0.06514701871220242,-0.012012749117876309,1.0,-0.0261688232421875,1.0
dense_K200,1000,125,50,1.0,1.3625020152322866,0.7740116103533861,0.5982666015625,0.054067752634762115,0.014814203756650211,56,0.034829565408045875,0.4161902498430372,0.0,0.0285186767578125,1.0
screen_full,1000,125,10,1.0,0.4773274486161203,0.42455556449206006,0.578369140625,0.053123868171576334,0.00804011294735411,70,0.0563289932499236,0.0667342039817112,1.0,0.0086212158203125,1.0
screen_split,1000,125,10,1.0,0.7164378154168661,0.5357286532953156,0.605224609375,0.08327242860201332,0.009523469794484504,65,0.057352138660771684,0.17790729278496675,0.0,0.0354766845703125,1.0
oracle,1000,125,2,1.0,0.2750894776239492,0.4044170852708833,0.6185302734375,0.049435580033338734,0.006891638406382854,42,0.054983829817985795,0.046595724760534474,1.0,0.0487823486328125,1.0
dense_K200,1000,126,50,1.0,1.3577095913371944,0.643980510090113,0.537109375,0.052354268154259705,0.014691645531561253,72,0.04076721365564767,0.2861591495797642,0.0,-0.0326385498046875,1.0
screen_full,1000,126,10,1.0,0.553537791482368,0.34234764161155545,0.5526123046875,0.049697607066859655,0.00735248559602148,50,0.04290896366615706,-0.015473718898793398,1.0,-0.0171356201171875,1.0
screen_split,1000,126,10,1.0,0.6999327244198276,0.45887530735610227,0.528564453125,0.06508986313918697,0.010038197122404075,57,0.05465118093383921,0.10105394684575342,1.0,-0.0411834716796875,1.0
oracle,1000,126,2,1.0,0.4229234781813604,0.25796279341583217,0.5101318359375,0.04223264114739465,0.006504024705634728,67,0.06697709589433606,-0.09985856709451668,0.0,-0.0596160888671875,1.0
dense_K200,1000,127,50,1.0,1.3167238525693212,0.7452766725613271,0.595703125,0.053488369448447204,0.014221544937243175,66,0.04761415444647789,0.3874553120509783,0.0,0.0259552001953125,1.0
screen_full,1000,127,10,1.0,0.6511265455044141,0.5171423079499813,0.656494140625,0.05192101984228125,0.008140557569178494,69,0.05454215748777606,0.15932094743963243,0.0,0.0867462158203125,1.0
screen_split,1000,127,7,1.0,0.9170352307464382,0.6746064704254249,0.65673828125,0.07863251498661424,0.010733107857903552,65,0.05238036025079131,0.316785109915076,0.0,0.0869903564453125,1.0
oracle,1000,127,2,1.0,0.3008239127593895,0.4345354331738601,0.609130859375,0.04603895814329723,0.0066837166620669465,75,0.08083381684504481,0.07671407266351127,1.0,0.0393829345703125,1.0
dense_K200,1000,128,50,1.0,1.4065947789384718,0.6935709980506887,0.5306396484375,0.04743623303725888,0.015340668792441925,61,0.03280539883995863,0.3357496375403398,0.0,-0.0391082763671875,1.0
screen_full,1000,128,9,1.0,0.5331672897622574,0.39094648501433116,0.5728759765625,0.04785347426978292,0.008294565762970859,50,0.038769528888970735,0.033125124503982306,1.0,0.0031280517578125,1.0
screen_split,1000,128,2,1.0,0.6121038154837246,0.3056458534165266,0.4793701171875,0.05209627516356738,0.008114939734701043,157,0.22939432952460065,-0.05217550709382224,1.0,-0.0903778076171875,1.0
oracle,1000,128,2,1.0,0.2506970915912019,0.34909472282077636,0.5616455078125,0.04545416721163112,0.006426483731387527,41,0.045450536131598586,-0.008726637689572492,1.0,-0.0081024169921875,1.0
dense_K200,1000,129,50,1.0,1.4062089358210477,0.834655261825245,0.609375,0.06202973147030547,0.015234121539309937,68,0.039112544972200326,0.4768339013148961,0.0,0.0396270751953125,1.0
screen_full,1000,129,10,1.0,0.530965387885123,0.44546351287570474,0.580322265625,0.0502277329625786,0.008150424112562006,63,0.05028560457458936,0.08764215236535589,1.0,0.0105743408203125,1.0
screen_split,1000,129,10,1.0,0.744141736968368,0.5258600967465247,0.6529541015625,0.08351170316552792,0.008573750004331913,55,0.05158099914545661,0.16803873623617582,0.0,0.0832061767578125,1.0
oracle,1000,129,2,1.0,0.3021857157629211,0.40444103040329643,0.60693359375,0.05084492842807275,0.0073529044327054986,43,0.04597961897341406,0.04661966989294758,1.0,0.0371856689453125,1.0
dense_K200,1000,130,50,1.0,1.3711401811773964,0.6682328155871385,0.5362548828125,0.05724260004112541,0.014713060213624536,67,0.049084919356572575,0.3104114550767897,0.0,-0.0334930419921875,1.0
screen_full,1000,130,3,1.0,0.551167600091262,0.40775642709342413,0.592529296875,0.048257344156644386,0.008157464909914256,62,0.04378129824427408,0.04993506658307528,1.0,0.0227813720703125,1.0
screen_split,1000,130,5,1.0,0.9654560360592661,0.5111399971563205,0.528076171875,0.07658425165270955,0.010608715450397281,73,0.06329517412587037,0.15331863664597167,0.0,-0.0416717529296875,1.0
oracle,1000,130,2,1.0,0.3511694124773344,0.3580134024628526,0.5802001953125,0.0460291166330556,0.00692869366362539,60,0.05924888461467381,0.0001920419525037742,1.0,0.0104522705078125,1.0
dense_K200,1000,131,50,1.0,1.4680533506026983,0.7737187665952312,0.580078125,0.05259650156544336,0.015280191888734432,73,0.040943545261843156,0.41589740608488235,0.0,0.0103302001953125,1.0
screen_full,1000,131,10,1.0,0.6480441057099876,0.5035915491930596,0.6124267578125,0.05516520519260932,0.009160658173515092,66,0.043517617585548604,0.14577018868271074,0.0,0.0426788330078125,1.0
screen_split,1000,131,10,1.0,0.9122657072719568,0.42815860523677773,0.4990234375,0.06802748180340024,0.010489953317338485,69,0.04934182229018886,0.07033724472642888,1.0,-0.0707244873046875,1.0
oracle,1000,131,2,1.0,0.3523245155586016,0.4053421776156866,0.612548828125,0.04693123927706368,0.00752085115064162,58,0.044919378412865904,0.04752081710533773,1.0,0.0428009033203125,1.0
dense_K200,1000,132,50,1.0,1.3220987195102958,0.6836223123665728,0.537109375,0.053235886881901645,0.01503897339280936,66,0.04271745184830378,0.32580095185622393,0.0,-0.0326385498046875,1.0
screen_full,1000,132,10,1.0,0.5909825925187379,0.4822366165874722,0.5797119140625,0.04809641340523162,0.00937240674237899,60,0.03915000930375337,0.12441525607712334,0.0,0.0099639892578125,1.0
screen_split,1000,132,7,1.0,0.9327367452059994,0.5964007158684986,0.5869140625,0.06295756441523627,0.012478225538402991,55,0.03737412484700029,0.23857935535814978,0.0,0.0171661376953125,1.0
oracle,1000,132,2,1.0,0.34857863097244496,0.42438441644165154,0.584228515625,0.04489775599990443,0.008417969746461943,49,0.03727612154769206,0.06656305593130268,1.0,0.0144805908203125,1.0
dense_K200,1000,133,50,1.0,1.4442769543354879,0.7955518150891718,0.5841064453125,0.05540959229844082,0.015527683758223278,60,0.0364912400121105,0.437730454578823,0.0,0.0143585205078125,1.0
screen_full,1000,133,10,1.0,0.5674007094580391,0.5153962016205031,0.615966796875,0.053399467658970204,0.008827916958931106,58,0.04118977958828002,0.1575748411101543,0.0,0.0462188720703125,1.0
screen_split,1000,133,10,1.0,1.0430228286537477,0.7171253627920244,0.650146484375,0.08717611486252294,0.012053565733081544,67,0.04842198234952108,0.3593040022816756,0.0,0.0803985595703125,1.0
oracle,1000,133,2,1.0,0.3271271349451008,0.47196708838538864,0.658935546875,0.05213400452714264,0.008115033208871855,68,0.05957086488235349,0.11414572787503979,0.0,0.0891876220703125,1.0
dense_K200,1000,134,50,1.0,1.503177243949873,0.7995592759620456,0.5709228515625,0.05418472758347958,0.016110382049493627,55,0.03015118127909281,0.4417379154516967,0.0,0.0011749267578125,1.0
screen_full,1000,134,6,1.0,0.44255550937272203,0.4138974807380229,0.610107421875,0.051583769198932865,0.008002851102558762,60,0.04883076832065076,0.05607612022767405,1.0,0.0403594970703125,1.0
screen_split,1000,134,10,1.0,0.7848781737303384,0.4931820599983238,0.5989990234375,0.07461444264058655,0.009585338013916398,64,0.05825564320135374,0.13536069948797497,1.0,0.0292510986328125,1.0
oracle,1000,134,2,1.0,0.4074634920776737,0.41945466342979465,0.6275634765625,0.04983118034692624,0.007828054754497804,52,0.04767494257424922,0.0616333029194458,1.0,0.0578155517578125,1.0
dense_K200,1000,135,50,1.0,1.4118681800578974,0.8278664957286292,0.5963134765625,0.053427777358528314,0.015758485072482405,62,0.04044838309509537,0.4700451352182804,0.0,0.0265655517578125,1.0
screen_full,1000,135,7,1.0,0.5620880420861613,0.4936287009454263,0.6068115234375,0.05045559800798006,0.009264803269801827,54,0.03353632692439489,0.13580734043507747,0.0,0.0370635986328125,1.0
screen_split,1000,135,7,1.0,0.8979224664055003,0.6455576041687918,0.618896484375,0.08188423991050715,0.011278487887926838,70,0.0562749612229545,0.28773624365844297,0.0,0.0491485595703125,1.0
oracle,1000,135,2,1.0,0.40255264627743453,0.44868917956136495,0.6002197265625,0.04588168855772907,0.008296934229515449,107,0.12572123925753,0.0908678190510161,0.0,0.0304718017578125,1.0
dense_K200,1000,136,50,1.0,1.4476877001864346,0.6528813284428262,0.524658203125,0.05030839084486074,0.015391128762413567,67,0.04176057223779925,0.29505996793247735,0.0,-0.0450897216796875,1.0
screen_full,1000,136,7,1.0,0.5748154024591785,0.38508783637948785,0.5579833984375,0.048605262813160466,0.008329401651367056,66,0.04856825035561808,0.027266475869138995,1.0,-0.0117645263671875,1.0
screen_split,1000,136,7,1.0,0.7234097626090475,0.369728162438085,0.5684814453125,0.06411200708395488,0.007911651135791545,65,0.060067790051510174,0.011906801927736133,1.0,-0.0012664794921875,1.0
oracle,1000,136,2,1.0,0.28938188025326694,0.3705320478408828,0.566650390625,0.04840658156896412,0.006902910585586637,50,0.05001048846047984,0.012710687330533932,1.0,-0.0030975341796875,1.0
dense_K200,1000,137,50,1.0,1.4363954314259881,0.7762085628508439,0.5677490234375,0.058825593467869475,0.015988174676197727,62,0.03906374145257109,0.4183872023404951,0.0,-0.0019989013671875,1.0
screen_full,1000,137,10,1.0,0.5029617327272349,0.42734068101236894,0.59765625,0.05301729092711404,0.008118952827585898,65,0.051885668844275104,0.06951932050202009,1.0,0.0279083251953125,1.0
screen_split,1000,137,10,1.0,0.9312838380489675,0.6435045706423936,0.6307373046875,0.07446411215082009,0.01153812396612358,60,0.04386693567387241,0.2856832101320448,0.0,0.0609893798828125,1.0
oracle,1000,137,2,1.0,0.2508309577043349,0.35739663891530365,0.6021728515625,0.04795094071486707,0.006937148862760923,45,0.04917180874200791,-0.0004247215950451966,1.0,0.0324249267578125,1.0
dense_K200,1000,138,50,1.0,1.5294491921573015,0.8008299829292828,0.5692138671875,0.05323124101111918,0.016317616438130123,61,0.03611232359703239,0.4430086224189339,0.0,-0.0005340576171875,1.0
screen_full,1000,138,10,1.0,0.5441053564350123,0.4568305100704043,0.5819091796875,0.05259304212801386,0.008532389613875592,59,0.04095695296132365,0.09900914956005546,1.0,0.0121612548828125,1.0
screen_split,1000,138,10,1.0,0.8815766406822625,0.6759331942874878,0.6298828125,0.0712668403224036,0.010909861088938344,60,0.04743776190276443,0.3181118337771389,0.0,0.0601348876953125,1.0
oracle,1000,138,2,1.0,0.3431179203751538,0.4359731073585427,0.57666015625,0.0490745830228715,0.007807872011410794,43,0.049665766678276956,0.07815174684819387,1.0,0.0069122314453125,1.0
dense_K200,1000,139,50,1.0,1.3762571404771926,0.6894536396536846,0.558349609375,0.048805627192267484,0.014644755693887858,59,0.03765772640358984,0.3316322791433357,0.0,-0.0113983154296875,1.0
screen_full,1000,139,5,1.0,0.5829076904729921,0.43135889726864585,0.573486328125,0.04606402174157015,0.008765531010347011,65,0.04960750076802756,0.073537536758297,1.0,0.0037384033203125,1.0
screen_split,1000,139,10,1.0,0.9417409551582939,0.48292843952715114,0.5345458984375,0.06878182171997606,0.010821370337800005,70,0.05587897809138978,0.1251070790168023,1.0,-0.0352020263671875,1.0
oracle,1000,139,2,1.0,0.2632468689492041,0.3523788423703103,0.618408203125,0.04661003259228311,0.007190562897584915,63,0.05966564567685543,-0.005442518140038544,1.0,0.0486602783203125,1.0
dense_K200,1000,140,50,1.0,1.3118116826691613,0.6913979441403175,0.5693359375,0.04951773841784124,0.014628580246420483,57,0.03637657456811369,0.33357658362996867,0.0,-0.0004119873046875,1.0
screen_full,1000,140,10,1.0,0.5493759458223726,0.49215200968958894,0.640625,0.05657224319788262,0.008422469268647391,55,0.041196997832545636,0.1343306491792401,0.0,0.0708770751953125,1.0
screen_split,1000,140,10,1.0,1.029819689718119,0.683947926144298,0.649658203125,0.08002335543225852,0.011447480149114553,55,0.04274564400165797,0.32612656563394915,0.0,0.0799102783203125,1.0
oracle,1000,140,2,1.0,0.2941597393975973,0.4218053042766714,0.669921875,0.05113553484385166,0.007233339768236256,44,0.0473716874670126,0.06398394376632255,1.0,0.1001739501953125,0.0
dense_K200,1000,141,50,1.0,1.5115939052229184,0.7506714825486864,0.549072265625,0.056548444136827976,0.016463097540354833,76,0.04440749721894194,0.3928501220383376,0.0,-0.0206756591796875,1.0
screen_full,1000,141,6,1.0,0.5644083806412348,0.5287324200149816,0.6285400390625,0.05492684501441982,0.008718623736133309,56,0.042831749460407076,0.1709110595046327,0.0,0.0587921142578125,1.0
screen_split,1000,141,10,1.0,0.9677319032892733,0.6190411281617774,0.595458984375,0.0780762884301984,0.01135084346141612,65,0.0539978998956304,0.2612197676514285,0.0,0.0257110595703125,1.0
oracle,1000,141,2,1.0,0.33503574012786497,0.43342755604877437,0.6134033203125,0.04923133241325398,0.007229981665539575,54,0.05183311892078743,0.07560619553842551,1.0,0.0436553955078125,1.0
dense_K200,1000,142,50,1.0,1.6152644492797377,0.8913001353680834,0.5726318359375,0.05560348996877519,0.018016525551216335,69,0.03462995987127108,0.5334787748577345,0.0,0.0028839111328125,1.0
screen_full,1000,142,4,1.0,0.4974650887907787,0.3807508425970718,0.5404052734375,0.04416656697334615,0.008214104901291062,73,0.050656109725359284,0.022929482086722963,1.0,-0.0293426513671875,1.0
screen_split,1000,142,9,1.0,0.7878650580321951,0.5382873124026439,0.6005859375,0.07253792260097558,0.010059980061168674,59,0.05486909760524198,0.18046595189229508,0.0,0.0308380126953125,1.0
oracle,1000,142,2,1.0,0.3114979808656923,0.4056118325017042,0.5894775390625,0.04728737108641762,0.007751020434499188,42,0.032106733969946205,0.04779047199135533,1.0,0.0197296142578125,1.0
dense_K200,1000,143,50,1.0,1.418006248872598,0.6771403546446317,0.5404052734375,0.05314686732153476,0.015157084947057472,64,0.04327842547011349,0.3193189941342829,0.0,-0.0293426513671875,1.0
screen_full,1000,143,10,1.0,0.6023623696962273,0.4431977114185731,0.5806884765625,0.04783914493497137,0.008926620318482036,61,0.040458274375751384,0.08537635090822426,1.0,0.0109405517578125,1.0
screen_split,1000,143,10,1.0,0.6471529054251336,0.4311862266526243,0.575927734375,0.07155209991694685,0.008868621797155914,65,0.0670065414441499,0.07336486614227544,1.0,0.0061798095703125,1.0
oracle,1000,143,2,1.0,0.28413390676331474,0.32900181601511974,0.550048828125,0.04275613295622346,0.007385848640676447,67,0.05867329932398246,-0.02881954449522911,1.0,-0.0196990966796875,1.0
dense_K200,1000,144,50,1.0,1.5321265144530265,0.7795193870053805,0.55859375,0.06386867518373027,0.016507814408508476,80,0.04661285374465169,0.42169802649503163,0.0,-0.0111541748046875,1.0
screen_full,1000,144,10,1.0,0.6290812924404727,0.38989801119824685,0.5599365234375,0.051650231333624466,0.00829561814389259,63,0.04724136943227203,0.032076650687898,1.0,-0.0098114013671875,1.0
screen_split,1000,144,9,1.0,0.9071128321057301,0.5048099444407185,0.55712890625,0.0775522131209857,0.011017456841789086,66,0.05694717759776254,0.14698858393036962,1.0,-0.0126190185546875,1.0
oracle,1000,144,2,1.0,0.34776820697373145,0.33899913977526414,0.4979248046875,0.043543429431147404,0.00744160273419887,67,0.06336114660142336,-0.018822220735084716,1.0,-0.0718231201171875,1.0
dense_K200,1000,145,50,1.0,1.4213497229959018,0.79247156411207,0.5780029296875,0.05569447507321376,0.015584502975599577,53,0.035239895109363185,0.43465020360172113,0.0,0.0082550048828125,1.0
screen_full,1000,145,10,1.0,0.7452689457486837,0.5071739321605159,0.5987548828125,0.05150021940059913,0.009518393386216328,57,0.033497055599890774,0.14935257165016702,0.0,0.0290069580078125,1.0
screen_split,1000,145,10,1.0,0.9075991386654183,0.6466487823250184,0.62255859375,0.0809140070261843,0.010872706047734375,55,0.04010047712770911,0.2888274218146696,0.0,0.0528106689453125,1.0
oracle,1000,145,2,1.0,0.3350683989153397,0.42077791726944896,0.6539306640625,0.05160596525839061,0.006908092306765731,47,0.05674619947502971,0.06295655675910011,1.0,0.0841827392578125,1.0
dense_K200,1000,146,50,1.0,1.4141067469848945,0.7353900742737054,0.558837890625,0.053614292803977524,0.015221122414016349,72,0.042663441379319315,0.37756871376335654,0.0,-0.0109100341796875,1.0
screen_full,1000,146,10,1.0,0.56870537525688,0.4263705902836862,0.561279296875,0.04781331692181891,0.00884632352378684,58,0.04043905816259969,0.06854922977333733,1.0,-0.0084686279296875,1.0
screen_split,1000,146,9,1.0,0.8183224346413744,0.5289312372516619,0.5889892578125,0.06688822841639551,0.010447491178995698,68,0.04920481984386986,0.17110987674131306,0.0,0.0192413330078125,1.0
oracle,1000,146,2,1.0,0.2451960842567661,0.3257325137384896,0.5096435546875,0.04228381054896726,0.007044138525291584,70,0.08011495069151793,-0.03208884677185925,1.0,-0.0601043701171875,1.0
dense_K200,1000,147,50,1.0,1.3874583514644467,0.5608107403033267,0.4847412109375,0.04928091432377672,0.014546818942730558,52,0.0343603054780164,0.20298937979297782,0.0,-0.0850067138671875,0.0
screen_full,1000,147,4,1.0,0.49998573790507256,0.3349600913960715,0.5087890625,0.041926449426214714,0.007678086938443291,91,0.06918529707189024,-0.022861269114277327,1.0,-0.0609588623046875,1.0
screen_split,1000,147,3,1.0,1.016955934357966,0.5775762510140299,0.53271484375,0.10008253092926056,0.012834053382408759,65,0.041749020361469075,0.21975489050368102,0.0,-0.0370330810546875,1.0
oracle,1000,147,2,1.0,0.31433739882114287,0.3139016474940781,0.5086669921875,0.0400449864084328,0.00662952513644626,76,0.08019598141616484,-0.043919713016270734,1.0,-0.0610809326171875,1.0
dense_K200,1000,148,50,1.0,1.4522134070235195,0.6079213379742452,0.48828125,0.0505356481854677,0.015735642768746155,71,0.04001835258978041,0.25009997746389634,0.0,-0.0814666748046875,0.0
screen_full,1000,148,5,1.0,0.6152670565835324,0.3475759501884498,0.5096435546875,0.046728456229500066,0.008664140812372103,69,0.050321523851855954,-0.010245410321899073,1.0,-0.0601043701171875,1.0
screen_split,1000,148,7,1.0,1.0001050628459542,0.4271331142495373,0.4781494140625,0.06242518148966478,0.01078330719114259,76,0.056990552541966014,0.06931175373918846,1.0,-0.0915985107421875,1.0
oracle,1000,148,2,1.0,0.4089087300987094,0.3016827971960707,0.48779296875,0.04365961907439842,0.007069107696017968,45,0.043224630074217694,-0.056138563314278134,1.0,-0.0819549560546875,1.0
dense_K200,1000,149,50,1.0,1.3780159776938947,0.7392377206081302,0.6058349609375,0.062230897397276566,0.01400891806067854,65,0.04933730955446582,0.38141636009778135,0.0,0.0360870361328125,1.0
screen_full,1000,149,10,1.0,0.5765209591288681,0.4802900754672045,0.66162109375,0.05515091374008817,0.007533522007836781,49,0.04098868611988834,0.12246871495685563,0.0,0.0918731689453125,0.0
screen_split,1000,149,7,1.0,0.8076076382234176,0.572946056858145,0.660400390625,0.08003325995750231,0.008902096261385875,78,0.08099653501510774,0.21512469634779618,0.0,0.0906524658203125,1.0
oracle,1000,149,2,1.0,0.3278002463775384,0.38530444475523584,0.606689453125,0.046931160439588046,0.006840973343872578,78,0.07314604714826482,0.02748308424488699,1.0,0.0369415283203125,1.0
dense_K200,4000,0,50,1.0,0.624989131208459,0.45616926397694035,0.5799560546875,0.02765398705993014,0.00878152838200137,56,0.03222494838356849,0.0983479034665915,0.0,0.0102081298828125,1.0
screen_full,4000,0,10,1.0,0.30135864805821244,0.398692996516886,0.5865478515625,0.025816783830989527,0.007328275783250538,63,0.026128009659252195,0.04087163600653715,1.0,0.0167999267578125,1.0
screen_split,4000,0,10,1.0,0.3812394264134815,0.40713037030977167,0.558349609375,0.034714055161984135,0.008311212066042644,53,0.028430381852731477,0.04930900979942282,1.0,-0.0113983154296875,1.0
oracle,4000,0,2,1.0,0.1556506009553456,0.3855438182435662,0.5941162109375,0.024722153919201795,0.007003707286848464,59,0.031182075555801304,0.027722457733217354,1.0,0.0243682861328125,1.0
dense_K200,4000,1,50,1.0,0.576102681588571,0.4294761799466693,0.5794677734375,0.026097234933724674,0.008292977094195,60,0.03499996419678391,0.07165481943632046,0.0,0.0097198486328125,1.0
screen_full,4000,1,7,1.0,0.2576634040631034,0.3787922755228458,0.5582275390625,0.025140095583772153,0.007242239451208637,70,0.028751922625990658,0.020970915012496927,1.0,-0.0115203857421875,1.0
screen_split,4000,1,10,1.0,0.45742879754452875,0.40653714829950965,0.5894775390625,0.03565545972980196,0.007419467087062611,60,0.03489397813934121,0.0487157877891608,1.0,0.0197296142578125,1.0
oracle,4000,1,2,1.0,0.13671580586149254,0.35019865181983645,0.527099609375,0.02257082838055855,0.006882592905789578,66,0.034530824353543085,-0.007622708690512403,1.0,-0.0426483154296875,1.0
dense_K200,4000,2,50,1.0,0.6319614449243616,0.4781515352447916,0.591064453125,0.02707111824477988,0.008898063732371134,66,0.034005898886980516,0.12033017473444274,0.0,0.0213165283203125,1.0
screen_full,4000,2,10,1.0,0.34118263660292103,0.4182544385935252,0.5985107421875,0.02661797243265644,0.00743705584355182,50,0.02062293568924778,0.06043307808317633,0.0,0.0287628173828125,1.0
screen_split,4000,2,10,1.0,0.40526608993319546,0.3920647762656696,0.566162109375,0.036694906819751884,0.007770983262799747,39,0.02362416364748449,0.03424341575532075,1.0,-0.0035858154296875,1.0
oracle,4000,2,2,1.0,0.16955447717841488,0.3755236782343545,0.5262451171875,0.022253902185911948,0.0072488228881833604,52,0.026895089573127008,0.017702317724005656,1.0,-0.0435028076171875,1.0
dense_K200,4000,3,50,1.0,0.639899475207817,0.4160469823752827,0.56396484375,0.02597249961702441,0.008486553227214796,67,0.035989938521492196,0.05822562186493385,0.0,-0.0057830810546875,1.0
screen_full,4000,3,9,1.0,0.2697751005974676,0.34581123856868723,0.5479736328125,0.024347960966617854,0.007066613715165981,44,0.022004437028501293,-0.012010121941661622,1.0,-0.0217742919921875,1.0
screen_split,4000,3,10,1.0,0.41439270816946583,0.39671033273281325,0.594970703125,0.03642553737942946,0.007311708503755082,50,0.03319343155007093,0.0388889722224644,1.0,0.0252227783203125,1.0
oracle,4000,3,2,1.0,0.1663325777189862,0.33966195618514644,0.570556640625,0.023220459871808735,0.006745626566421534,36,0.019596953307424666,-0.01815940432520241,1.0,0.0008087158203125,1.0
dense_K200,4000,4,50,1.0,0.5822390114932938,0.41707941759979805,0.557861328125,0.026135703216400876,0.008585501716090864,69,0.036086504574875125,0.0592580570894492,0.0,-0.0118865966796875,1.0
screen_full,4000,4,6,1.0,0.23609647649044507,0.3417655843542713,0.552978515625,0.024434405208979038,0.007117343599137779,52,0.02702466023391237,-0.01605577615607756,1.0,-0.0167694091796875,1.0
screen_split,4000,4,4,1.0,0.3121484935002463,0.3322457317650354,0.5074462890625,0.031189324091938742,0.007546253799182076,56,0.033004929165608474,-0.02557562874531344,1.0,-0.0623016357421875,1.0
oracle,4000,4,2,1.0,0.12988817760517457,0.33628518479494535,0.56298828125,0.023164795800632132,0.00688587402686444,53,0.02851408689124047,-0.021536175715403505,1.0,-0.0067596435546875,1.0
dense_K200,4000,5,50,1.0,0.6262760508253211,0.48669958068617253,0.6279296875,0.029565873418574074,0.00818980072221691,76,0.044134572295543906,0.12887822017582368,0.0,0.0581817626953125,1.0
screen_full,4000,5,8,1.0,0.28800185444706144,0.40118991270866516,0.6151123046875,0.025616406695572396,0.006990258968684278,70,0.031635785213243804,0.04336855219831631,1.0,0.0453643798828125,1.0
screen_split,4000,5,10,1.0,0.3679444559075127,0.43007680594221415,0.5948486328125,0.03629961886398743,0.007833033166803328,59,0.03429651660594729,0.0722554454318653,0.0,0.0251007080078125,1.0
oracle,4000,5,2,1.0,0.15678731933277743,0.40022719593900935,0.6207275390625,0.024484838413308143,0.007101062665900941,50,0.026539422241661698,0.0424058354286605,1.0,0.0509796142578125,1.0
dense_K200,4000,6,50,1.0,0.6191966505596884,0.47445674415011907,0.6318359375,0.028332531684403018,0.0079276297468365,58,0.03535489281479409,0.11663538363977022,0.0,0.0620880126953125,1.0
screen_full,4000,6,6,1.0,0.23183698142161085,0.385266241609294,0.592041015625,0.025234640556906867,0.006771111759511133,53,0.027062910350440814,0.027444881098945162,1.0,0.0222930908203125,1.0
screen_split,4000,6,10,1.0,0.4727172654210611,0.4225517322457076,0.6322021484375,0.03699831447299691,0.007135161676950358,58,0.03758008848708817,0.06473037173535873,1.0,0.0624542236328125,1.0
oracle,4000,6,2,1.0,0.21067672825971587,0.3760546008056743,0.5281982421875,0.022684605085190327,0.006787471791926256,42,0.022029524291676098,0.01823324029532547,1.0,-0.0415496826171875,1.0
dense_K200,4000,7,50,1.0,0.6556075387605867,0.45565444966582114,0.602783203125,0.028451473951140453,0.008231394414102788,61,0.03683149483287736,0.09783308915547229,0.0,0.0330352783203125,1.0
screen_full,4000,7,10,1.0,0.31534467241806324,0.3903358241138356,0.593017578125,0.026836218923132146,0.007084395565340874,57,0.027009550263643267,0.032514463603486754,1.0,0.0232696533203125,1.0
screen_split,4000,7,10,1.0,0.3897340043892636,0.3852085281498152,0.5989990234375,0.0400789410943653,0.007012873981106254,59,0.034282808142997404,0.02738716763946636,1.0,0.0292510986328125,1.0
oracle,4000,7,2,1.0,0.1540847406982988,0.34000762800917605,0.54345703125,0.023385786229016534,0.00657984354765945,65,0.03471065505536646,-0.017813732501172796,1.0,-0.0262908935546875,1.0
dense_K200,4000,8,50,1.0,0.6115019004295202,0.4181085221827522,0.55078125,0.025868330350151843,0.0088296864661466,64,0.03185448521061596,0.06028716167240333,0.0,-0.0189666748046875,1.0
screen_full,4000,8,10,1.0,0.26953652843647663,0.3538687589948413,0.5325927734375,0.02450640182054824,0.007147787481209893,48,0.02316988367368165,-0.003952601515507526,1.0,-0.0371551513671875,1.0
screen_split,4000,8,9,1.0,0.33692738383542997,0.3535003188122579,0.5263671875,0.03604823792910155,0.007632021778760694,57,0.03246344929998589,-0.004321041698090944,1.0,-0.0433807373046875,1.0
oracle,4000,8,2,1.0,0.16224767674524163,0.358659903535418,0.5797119140625,0.02361055294335193,0.0071142768080474485,47,0.0252912644787134,0.0008385430250691384,1.0,0.0099639892578125,1.0
dense_K200,4000,9,50,1.0,0.5727259393644817,0.43720185068827494,0.568115234375,0.025562036008600245,0.008712947969415663,59,0.033030259188281105,0.07938049017792609,0.0,-0.0016326904296875,1.0
screen_full,4000,9,5,1.0,0.22275231655043748,0.35621785627242186,0.5577392578125,0.02335136925480938,0.006979340052468306,52,0.024894913505312623,-0.0016035042379269893,1.0,-0.0120086669921875,1.0
screen_split,4000,9,5,1.0,0.300196109066077,0.4040317714645251,0.5789794921875,0.0340357962572112,0.007813054385247518,43,0.027607113785148327,0.04621041095417627,1.0,0.0092315673828125,1.0
oracle,4000,9,2,1.0,0.1415681309683691,0.3479921330261849,0.601318359375,0.024251246600722465,0.0067250267985219814,39,0.023170814939717996,-0.009829227484163927,1.0,0.0315704345703125,1.0
dense_K200,4000,10,50,1.0,0.5529962187562774,0.4185821696369192,0.5738525390625,0.026161819217578527,0.008166159488284754,82,0.04274826396862331,0.060760809126570337,0.0,0.0041046142578125,1.0
screen_full,4000,10,10,1.0,0.31126421821708095,0.3924499018968457,0.55908203125,0.024646527267627397,0.007729535525844305,44,0.01905092932718561,0.03462854138649685,1.0,-0.0106658935546875,1.0
screen_split,4000,10,10,1.0,0.4606891030545359,0.36516207812658824,0.565185546875,0.03704874180953933,0.006991259991900417,56,0.033611606107854526,0.0073407176162393895,1.0,-0.0045623779296875,1.0
oracle,4000,10,2,1.0,0.22755059967996166,0.35259925286870497,0.5401611328125,0.02273150870029091,0.007173343756283521,70,0.037377367835049524,-0.0052221076416438805,1.0,-0.0295867919921875,1.0
dense_K200,4000,11,50,1.0,0.5888791291903908,0.43441287769458203,0.5592041015625,0.025981090629656627,0.008734596909063192,71,0.03588909046953853,0.07659151718423318,0.0,-0.0105438232421875,1.0
screen_full,4000,11,8,1.0,0.28018362060514806,0.3638813001590717,0.556640625,0.02466215380428044,0.0072776361887577036,58,0.02491624320450949,0.006059939648722867,1.0,-0.0131072998046875,1.0
screen_split,4000,11,10,1.0,0.41440095572363717,0.38357223326955037,0.5806884765625,0.03649552132636756,0.007193283938348983,59,0.0382288769757047,0.025750872759201515,1.0,0.0109405517578125,1.0
oracle,4000,11,2,1.0,0.1809724927855986,0.3378910889085922,0.5589599609375,0.02287736473495092,0.006931398044490773,83,0.042321343358115195,-0.019930271601756644,1.0,-0.0107879638671875,1.0
dense_K200,4000,12,50,1.0,0.6013434841466492,0.4232195031757273,0.5732421875,0.026534347219550797,0.008385917817073985,79,0.04161168070364332,0.06539814266537847,0.0,0.0034942626953125,1.0
screen_full,4000,12,10,1.0,0.30593562041210687,0.3842179549843432,0.57958984375,0.02586392431352243,0.007039465186180302,60,0.026251500580418696,0.02639659447399434,1.0,0.0098419189453125,1.0
screen_split,4000,12,10,1.0,0.4266336493224403,0.40487478165277985,0.566650390625,0.036281195566338756,0.008148037664805909,55,0.030117967314218598,0.047053421142430996,1.0,-0.0030975341796875,1.0
oracle,4000,12,2,1.0,0.13746080916363912,0.3445129947631591,0.5435791015625,0.023304702238960282,0.0067217330153673364,36,0.02135326279832874,-0.013308365747189743,1.0,-0.0261688232421875,1.0
dense_K200,4000,13,50,1.0,0.6249454724016166,0.4439324002170064,0.57861328125,0.026334633462342563,0.008516491267881685,64,0.034873204439774416,0.08611103970665757,0.0,0.0088653564453125,1.0
screen_full,4000,13,10,1.0,0.34617172382666694,0.39669526863218835,0.5869140625,0.025536035031770203,0.0073949860149001906,64,0.03078330420063156,0.038873908121839496,1.0,0.0171661376953125,1.0
screen_split,4000,13,10,1.0,0.37633378607582424,0.42287869843854764,0.60595703125,0.03679420226281697,0.00742698278640905,49,0.034168419036797175,0.06505733792819879,1.0,0.0362091064453125,1.0
oracle,4000,13,2,1.0,0.1725635677587691,0.37193112732386124,0.572021484375,0.02333349087970431,0.006856616969208049,41,0.02178948424530518,0.014109766813512392,1.0,0.0022735595703125,1.0
dense_K200,4000,14,50,1.0,0.5846657184814447,0.44363263217208415,0.6036376953125,0.02801430154223807,0.008089968623569544,50,0.03304195461254542,0.0858112716617353,0.0,0.0338897705078125,1.0
screen_full,4000,14,5,1.0,0.2850581541316974,0.3738947530346157,0.5770263671875,0.024532510729789427,0.0070128836612666345,66,0.03238721114373705,0.016073392524266872,1.0,0.0072784423828125,1.0
screen_split,4000,14,10,1.0,0.4061316969351789,0.3961784177944109,0.5751953125,0.037994311255326034,0.007586671272267532,66,0.03938390013079277,0.038357057284062024,1.0,0.0054473876953125,1.0
oracle,4000,14,2,1.0,0.19460497262096957,0.3753945797382334,0.5654296875,0.023337626871037645,0.0067698773492197665,55,0.029509593147869752,0.017573219227884573,1.0,-0.0043182373046875,1.0
dense_K200,4000,15,50,1.0,0.6398541751576071,0.46972027826184537,0.599853515625,0.027262857812255306,0.008676894217518667,50,0.030972890439598694,0.11189891775149652,0.0,0.0301055908203125,1.0
screen_full,4000,15,10,1.0,0.35629216343256437,0.4100418282445407,0.6085205078125,0.02615306096202542,0.00703030490636369,55,0.026992531345510846,0.05222046773419187,0.0,0.0387725830078125,1.0
screen_split,4000,15,10,1.0,0.3541494351517223,0.3879681670249776,0.5540771484375,0.035530790844546654,0.007503529427702161,56,0.03650781242532408,0.030146806514628754,1.0,-0.0156707763671875,1.0
oracle,4000,15,2,1.0,0.19148602692365135,0.38803700352644355,0.5692138671875,0.023442807649926907,0.0067825738673245855,47,0.02720282689060899,0.030215643016094695,1.0,-0.0005340576171875,1.0
dense_K200,4000,16,50,1.0,0.6105954076304477,0.46724349491957295,0.5924072265625,0.02790169481826297,0.008716859928025343,62,0.035034850218331096,0.1094221344092241,0.0,0.0226593017578125,1.0
screen_full,4000,16,10,1.0,0.31524614686741853,0.3878551683803043,0.581787109375,0.0258328651770523,0.007212872660097111,52,0.024268036760799482,0.030033807869955464,1.0,0.0120391845703125,1.0
screen_split,4000,16,5,1.0,0.37113440702993816,0.40847952962141076,0.568359375,0.03659172759245656,0.007493976856030445,64,0.040282468504226315,0.05065816911106191,1.0,-0.0013885498046875,1.0
oracle,4000,16,2,1.0,0.16383063237376527,0.36425177371234807,0.5523681640625,0.02358102129056442,0.006706217702621781,40,0.020946239008547717,0.006430413201999219,1.0,-0.0173797607421875,1.0
dense_K200,4000,17,50,1.0,0.6046504963174636,0.4449412281631876,0.6011962890625,0.02804511466918346,0.008066710324066091,64,0.03866209608074113,0.08711986765283875,0.0,0.0314483642578125,1.0
screen_full,4000,17,10,1.0,0.3132556810455888,0.3883315778718856,0.5928955078125,0.02605628283292967,0.006807184976929466,55,0.030385891465552234,0.03051021736153675,1.0,0.0231475830078125,1.0
screen_split,4000,17,8,1.0,0.3214671860269,0.3850837164150098,0.5794677734375,0.038054072648738654,0.0069033555984935055,53,0.04479597674549411,0.027262355904660973,1.0,0.0097198486328125,1.0
oracle,4000,17,2,1.0,0.15858625121666958,0.35136113274340597,0.5609130859375,0.02388438993523962,0.006726703391130144,61,0.031519726650972156,-0.006460227766942883,1.0,-0.0088348388671875,1.0
dense_K200,4000,18,50,1.0,0.6520105136330854,0.49626264565419687,0.59716796875,0.02773326598785061,0.009129634516189304,61,0.029967540762982026,0.13844128514384801,0.0,0.0274200439453125,1.0
screen_full,4000,18,10,1.0,0.31950311233121587,0.4212717784469128,0.6015625,0.026412715777158997,0.007362208460623238,56,0.024402368793686142,0.06345041793656397,0.0,0.0318145751953125,1.0
screen_split,4000,18,10,1.0,0.4103348844260722,0.47390030462665983,0.6207275390625,0.036782802022206185,0.008230673711130667,43,0.023677826334700947,0.11607894411631098,0.0,0.0509796142578125,0.0
oracle,4000,18,2,1.0,0.16716196435696873,0.3873926166965421,0.552734375,0.02306722662788087,0.007334589753945487,58,0.031046368377270685,0.029571256186193273,1.0,-0.0170135498046875,1.0
dense_K200,4000,19,50,1.0,0.5832006241972962,0.42229644089178425,0.607666015625,0.026589650247550382,0.007744052551076548,71,0.03983906514984576,0.0644750803814354,0.0,0.0379180908203125,1.0
screen_full,4000,19,10,1.0,0.27443393607953703,0.35628552043256007,0.613525390625,0.02602450660855347,0.006040455842282944,67,0.03506404931549148,-0.001535840077788786,1.0,0.0437774658203125,1.0
screen_split,4000,19,10,1.0,0.37814307421383336,0.412302260397437,0.611083984375,0.03774146183369302,0.00734742849882124,56,0.03474763150680201,0.05448089988708815,1.0,0.0413360595703125,1.0
oracle,4000,19,2,1.0,0.19480524544832795,0.33848733598943986,0.583984375,0.023694711975706332,0.005949029760119886,38,0.02258420734302846,-0.019334024520908988,1.0,0.0142364501953125,1.0
dense_K200,4000,20,50,1.0,0.5729456193798301,0.4519489425725751,0.60205078125,0.026396241163495242,0.008244624264255946,54,0.033359255299401265,0.09412758206222627,0.0,0.0323028564453125,1.0
screen_full,4000,20,10,1.0,0.3134816871942005,0.3805536245857396,0.590087890625,0.02521680480922251,0.0070319526358023675,62,0.027400786926476153,0.02273226407539075,1.0,0.0203399658203125,1.0
screen_split,4000,20,7,1.0,0.3707204540898163,0.38901743443770076,0.6165771484375,0.0363932628865449,0.006481629831950243,57,0.03837914113387854,0.03119607392735191,1.0,0.0468292236328125,1.0
oracle,4000,20,2,1.0,0.19899614977745111,0.35673605049441626,0.55126953125,0.02254685161424064,0.006846618056936594,51,0.027895014602172235,-0.0010853100159325946,1.0,-0.0184783935546875,1.0
dense_K200,4000,21,50,1.0,0.6432788706977038,0.49338265295544687,0.5999755859375,0.02698320424954082,0.009043230510577496,79,0.038009131067837605,0.13556129244509801,0.0,0.0302276611328125,1.0
screen_full,4000,21,10,1.0,0.3060951283580468,0.3872719566123233,0.578125,0.024944806831243733,0.007067269170483458,48,0.02190244827029328,0.029450596101974424,1.0,0.0083770751953125,1.0
screen_split,4000,21,10,1.0,0.43164688086655034,0.3672940353408246,0.5242919921875,0.033994630619794006,0.008100619130748637,71,0.04231393816800695,0.009472674830475758,1.0,-0.0454559326171875,1.0
oracle,4000,21,2,1.0,0.14854399420737704,0.40111844926643353,0.5731201171875,0.023826313191483282,0.006924461408839828,58,0.031550472912282065,0.04329708875608468,1.0,0.0033721923828125,1.0
dense_K200,4000,22,50,1.0,0.6323055951796822,0.47144256011543534,0.58544921875,0.026606034937545937,0.008726761996566251,60,0.03407496444710793,0.11362119960508649,0.0,0.0157012939453125,1.0
screen_full,4000,22,9,1.0,0.3383024778973989,0.386484881509657,0.5565185546875,0.024615647385929043,0.0075149074795266444,61,0.027406826985889494,0.028663520999308134,1.0,-0.0132293701171875,1.0
screen_split,4000,22,10,1.0,0.4438450628852661,0.4530307015535191,0.600830078125,0.0349170216419664,0.00761686752273393,70,0.0373149658230177,0.09520934104317025,0.0,0.0310821533203125,1.0
oracle,4000,22,2,1.0,0.24294180127323559,0.3935928658875902,0.5634765625,0.023185437510057118,0.007416543707087505,62,0.027621049303132326,0.03577150537724133,1.0,-0.0062713623046875,1.0
dense_K200,4000,23,50,1.0,0.5892209492622266,0.4405162192110569,0.6119384765625,0.027058889693103175,0.007843575025214268,62,0.037530088213524805,0.08269485870070803,0.0,0.0421905517578125,1.0
screen_full,4000,23,7,1.0,0.2419326827123509,0.3678934414081354,0.6065673828125,0.02593841651778675,0.006291068382872235,51,0.026190967918607685,0.01007208089778655,1.0,0.0368194580078125,1.0
screen_split,4000,23,10,1.0,0.4275208338062909,0.36328879608806974,0.58544921875,0.03554795869626781,0.006823294863726669,70,0.04389210087965621,0.005467435577720892,1.0,0.0157012939453125,1.0
oracle,4000,23,2,1.0,0.18233430695481348,0.3610258292396761,0.6234130859375,0.024216583635290362,0.0061095334387799355,56,0.03982974381242109,0.0032044687293272256,1.0,0.0536651611328125,1.0
dense_K200,4000,24,50,1.0,0.6050934395564512,0.4556777625346566,0.614990234375,0.02875378118540103,0.008134463514290471,63,0.039266044808412205,0.09785640202430773,0.0,0.0452423095703125,1.0
screen_full,4000,24,9,1.0,0.2526858759931865,0.38254022867468945,0.5928955078125,0.026455844903289928,0.006754336147592917,66,0.02773739578470673,0.0247188681643406,1.0,0.0231475830078125,1.0
screen_split,4000,24,3,1.0,0.4443534522142852,0.42828594888854254,0.617431640625,0.036412680865073606,0.00758908176172767,59,0.042401846341676534,0.0704645883781937,1.0,0.0476837158203125,1.0
oracle,4000,24,2,1.0,0.1493375724759465,0.3663662781557745,0.6029052734375,0.02488482647619564,0.006251297837032673,51,0.030076656979347166,0.008544917645425643,1.0,0.0331573486328125,1.0
dense_K200,4000,25,50,1.0,0.6414717865420265,0.4816837641222594,0.5865478515625,0.026613349827529945,0.0092672471211285,64,0.0330486196291825,0.12386240361191053,0.0,0.0167999267578125,1.0
screen_full,4000,25,10,1.0,0.3193424284349237,0.41349848972912173,0.5792236328125,0.024886764858736005,0.007439599187071071,53,0.025130590695626565,0.05567712921877288,0.0,0.0094757080078125,1.0
screen_split,4000,25,10,1.0,0.48293241398655623,0.4335909246722139,0.5863037109375,0.03520015118756062,0.008163052248777539,59,0.03226095516564041,0.07576956416186503,0.0,0.0165557861328125,1.0
oracle,4000,25,2,1.0,0.19570001256540423,0.40119192819441163,0.5528564453125,0.022386050429144263,0.007319914193875381,46,0.022887982891253284,0.04337056768406278,1.0,-0.0168914794921875,1.0
dense_K200,4000,26,50,1.0,0.5479743296282772,0.43865427388131467,0.5946044921875,0.026795547171438158,0.008053040185621295,67,0.04001778374791312,0.08083291337096582,0.0,0.0248565673828125,1.0
screen_full,4000,26,10,1.0,0.3061739833786848,0.38331144304724546,0.6090087890625,0.02657297407434286,0.006541486671273223,64,0.03159550954017309,0.025490082536896608,1.0,0.0392608642578125,1.0
screen_split,4000,26,10,1.0,0.4535705476822943,0.4348265726631634,0.5948486328125,0.03712583670225092,0.0077920960757064785,53,0.03391925045117704,0.07700521215281453,0.0,0.0251007080078125,1.0
oracle,4000,26,2,1.0,0.15133789719579188,0.3509798910965318,0.545654296875,0.02287541627687492,0.006493698354473403,72,0.03852933804694511,-0.006841469413817025,1.0,-0.0240936279296875,1.0
dense_K200,4000,27,50,1.0,0.564233455321983,0.48882107477303044,0.603759765625,0.027873887204133932,0.008726042764172994,57,0.031504620721328334,0.1309997142626816,0.0,0.0340118408203125,1.0
screen_full,4000,27,10,1.0,0.27815757766654803,0.41453325384125034,0.5965576171875,0.025533286522748406,0.0074430417382352525,47,0.021002739276573798,0.056711893330901486,0.0,0.0268096923828125,1.0
screen_split,4000,27,10,1.0,0.5008296671453757,0.4194307892858765,0.5548095703125,0.034604294043485154,0.008605080049793283,70,0.03373854220522361,0.061609428775527664,1.0,-0.0149383544921875,1.0
oracle,4000,27,2,1.0,0.13882502859876072,0.3840268540972485,0.607666015625,0.023907590311698052,0.0069428252934815105,48,0.026105979204390735,0.026205493586899664,1.0,0.0379180908203125,1.0
dense_K200,4000,28,50,1.0,0.6549970455571896,0.42479601163147124,0.5511474609375,0.026741587768021245,0.008916320977437593,65,0.03317647972848398,0.06697465112112239,0.0,-0.0186004638671875,1.0
screen_full,4000,28,10,1.0,0.38522318693024704,0.36376183729937805,0.54541015625,0.024852266614738824,0.007322118797273164,63,0.028412847928575687,0.005940476789029203,1.0,-0.0243377685546875,1.0
screen_split,4000,28,10,1.0,0.36415816200518386,0.3376623707606503,0.5482177734375,0.0338235134300955,0.00668850941463689,52,0.0426267183727165,-0.02015898974969854,1.0,-0.0215301513671875,1.0
oracle,4000,28,2,1.0,0.15485549726356726,0.36697136268645414,0.5582275390625,0.023924802412205043,0.006987769316582515,58,0.034095766623965705,0.009150002176105287,1.0,-0.0115203857421875,1.0
dense_K200,4000,29,50,1.0,0.6030135389493486,0.45001392406821134,0.5892333984375,0.026489442925913497,0.008373851776316834,77,0.039456753476874364,0.09219256355786248,0.0,0.0194854736328125,1.0
screen_full,4000,29,7,1.0,0.3002247389444715,0.363017510948318,0.595458984375,0.025353123663015988,0.006686708444975419,71,0.03633241193371055,0.005196150437969171,1.0,0.0257110595703125,1.0
screen_split,4000,29,10,1.0,0.37656050930227997,0.3487980847068911,0.55908203125,0.035209881396564585,0.006590724707043812,59,0.038847363843946665,-0.009023275803457742,1.0,-0.0106658935546875,1.0
oracle,4000,29,2,1.0,0.16881191343543583,0.33759239449950273,0.601318359375,0.02406873128311783,0.006132495509673656,51,0.02805086903392728,-0.020228966010846117,1.0,0.0315704345703125,1.0
dense_K200,4000,30,50,1.0,0.6466705920182787,0.4484206980861212,0.558349609375,0.026501463568327145,0.009229599537150338,74,0.036055507733078175,0.09059933757577238,0.0,-0.0113983154296875,1.0
screen_full,4000,30,8,1.0,0.3094953956259059,0.3828049383367318,0.5743408203125,0.02532189935798506,0.007370639617815818,43,0.020431910095380635,0.02498357782638294,1.0,0.0045928955078125,1.0
screen_split,4000,30,4,1.0,0.32406579254358997,0.42444037608094604,0.587646484375,0.033941426122550744,0.007805113843101741,51,0.029906832048197968,0.06661901557059718,0.0,0.0178985595703125,1.0
oracle,4000,30,2,1.0,0.15062054457511045,0.3761139213905924,0.57421875,0.023584541341669076,0.006955309148952982,44,0.023760517277942952,0.018292560880243558,1.0,0.0044708251953125,1.0
dense_K200,4000,31,50,1.0,0.5710119991267242,0.47349172622566094,0.5950927734375,0.02660157455847992,0.008736723189394113,77,0.03855866338225862,0.11567036571531208,0.0,0.0253448486328125,1.0
screen_full,4000,31,10,1.0,0.32244640358480475,0.41674455198232363,0.5938720703125,0.026254965607096382,0.007564110000334353,47,0.018467328251722686,0.05892319147197478,0.0,0.0241241455078125,1.0
screen_split,4000,31,10,1.0,0.3958584842242704,0.4171117963059028,0.5672607421875,0.03587007225356499,0.007836665705491155,65,0.03398054901223898,0.05929043579555393,1.0,-0.0024871826171875,1.0
oracle,4000,31,2,1.0,0.16291130517529412,0.400069873144648,0.5888671875,0.024366855937663495,0.007440052787899451,45,0.02339142759682668,0.04224851263429913,1.0,0.0191192626953125,1.0
dense_K200,4000,32,50,1.0,0.68503320823014,0.4728906270788701,0.595458984375,0.02800861147627464,0.008773045151834327,54,0.031116908500024177,0.11506926656852123,0.0,0.0257110595703125,1.0
screen_full,4000,32,10,1.0,0.33643893802777697,0.38333759016868807,0.6005859375,0.02702033437344862,0.007024141212540248,51,0.025076275086156445,0.025516229658339218,1.0,0.0308380126953125,1.0
screen_split,4000,32,10,1.0,0.36151461760498504,0.4111635263983425,0.58544921875,0.0380462332406456,0.007433400887220913,62,0.04101663847055612,0.053342165887993676,1.0,0.0157012939453125,1.0
oracle,4000,32,2,1.0,0.163844396977174,0.3711743337592181,0.55712890625,0.023597047931995616,0.006966309780963777,48,0.026471493527295917,0.013352973248869249,1.0,-0.0126190185546875,1.0
dense_K200,4000,33,50,1.0,0.6280676329091266,0.48175782667802103,0.6053466796875,0.027170807076483543,0.008747641754930466,67,0.036520239931086766,0.12393646616767218,0.0,0.0355987548828125,1.0
screen_full,4000,33,10,1.0,0.27518458990018607,0.3878266301499358,0.6005859375,0.026411884044486068,0.0068438716138221126,59,0.0299452941386046,0.03000526963958694,1.0,0.0308380126953125,1.0
screen_split,4000,33,10,1.0,0.2991616480402188,0.3756304140253211,0.5692138671875,0.036387658509680086,0.007361203607484619,64,0.03355091289259209,0.01780905351497225,1.0,-0.0005340576171875,1.0
oracle,4000,33,2,1.0,0.1712292030782438,0.39601902723189536,0.5821533203125,0.02398046920773788,0.006851725414115254,50,0.027173284859070165,0.03819766672154651,1.0,0.0124053955078125,1.0
dense_K200,4000,34,50,1.0,0.6126442593703342,0.47046396715574335,0.6068115234375,0.02667094779030057,0.008489085811099336,59,0.035028072053724844,0.1126426066453945,0.0,0.0370635986328125,1.0
screen_full,4000,34,10,1.0,0.37083961461331616,0.4310486237099676,0.6019287109375,0.025908442531740142,0.007381473860782571,55,0.024612039074080563,0.07322726319961875,0.0,0.0321807861328125,1.0
screen_split,4000,34,4,1.0,0.3210128604457856,0.3481318277129948,0.5823974609375,0.03198374215780255,0.0070304048271826415,66,0.04100485934868983,-0.009689532797354072,1.0,0.0126495361328125,1.0
oracle,4000,34,2,1.0,0.12150318499527336,0.3792087915425687,0.602294921875,0.02353343225370528,0.006953741060781705,83,0.04784559571692995,0.02138743103221985,1.0,0.0325469970703125,1.0
dense_K200,4000,35,50,1.0,0.6530631586874882,0.4988595851749939,0.614501953125,0.028575755198639034,0.008737636359062906,57,0.03271493791593463,0.14103822466464505,0.0,0.0447540283203125,1.0
screen_full,4000,35,10,1.0,0.294835952872092,0.406982629196351,0.59033203125,0.026880588472760425,0.006752495968069735,58,0.029211054200590815,0.049161268686002124,1.0,0.0205841064453125,1.0
screen_split,4000,35,10,1.0,0.36403141782745196,0.411945208260701,0.616455078125,0.03858394248758393,0.00709943920199875,60,0.03862741309564769,0.05412384775035217,1.0,0.0467071533203125,1.0
oracle,4000,35,2,1.0,0.12438522757130092,0.38622300776647717,0.5821533203125,0.024339604393533165,0.00686320359395824,58,0.03140284455407714,0.028401647256128315,1.0,0.0124053955078125,1.0
dense_K200,4000,36,50,1.0,0.5980377307361321,0.42352862366534794,0.5625,0.02527579828626023,0.008709051724763875,52,0.02924282180276508,0.06570726315499908,0.0,-0.0072479248046875,1.0
screen_full,4000,36,10,1.0,0.34923899596448843,0.3725940636444959,0.5745849609375,0.02607278219042191,0.0071877863722530745,42,0.019853611419920626,0.014772703134147025,1.0,0.0048370361328125,1.0
screen_split,4000,36,7,1.0,0.3422216098306677,0.392086288302212,0.565673828125,0.03576780446000678,0.007566600543190446,57,0.03550237050286042,0.03426492779186313,1.0,-0.0040740966796875,1.0
oracle,4000,36,2,1.0,0.1315898288340905,0.3545014607790866,0.5692138671875,0.023035044418304704,0.006826065559051665,62,0.03132257853877692,-0.0033198997312622325,1.0,-0.0005340576171875,1.0
dense_K200,4000,37,50,1.0,0.6501962215103947,0.4510051219680906,0.569580078125,0.026072321533662023,0.009028483838086776,61,0.03482721416640005,0.09318376145774176,0.0,-0.0001678466796875,1.0
screen_full,4000,37,2,1.0,0.12791627728224247,0.33747345345154145,0.587158203125,0.02356930320074932,0.006487560799523101,42,0.023384180943180986,-0.020347907058807402,1.0,0.0174102783203125,1.0
screen_split,4000,37,10,1.0,0.4091237011915045,0.36383482229474645,0.57373046875,0.03555331343115074,0.00684908565496366,55,0.03424767198638979,0.0060134617843976,1.0,0.0039825439453125,1.0
oracle,4000,37,2,1.0,0.12802592033008278,0.33670606798656344,0.586181640625,0.02352682496762219,0.006493438025806752,51,0.028743045420991525,-0.02111529252378541,1.0,0.0164337158203125,1.0
dense_K200,4000,38,50,1.0,0.6328563819523108,0.5016945977469033,0.6148681640625,0.027831220272409838,0.008773176049132537,48,0.029793485321978574,0.14387323723655443,0.0,0.0451202392578125,1.0
screen_full,4000,38,10,1.0,0.33365641548823466,0.4088699323401578,0.59375,0.026334214516636357,0.007231678875576368,65,0.02682161594987144,0.05104857182980893,1.0,0.0240020751953125,1.0
screen_split,4000,38,10,1.0,0.4083511081386018,0.43772184488009813,0.6383056640625,0.03739841509684899,0.006902497585011583,47,0.03332650268415995,0.07990048436974928,0.0,0.0685577392578125,0.0
oracle,4000,38,2,1.0,0.10794039946233724,0.37428816528922854,0.585693359375,0.0239651309883016,0.006674354326022534,59,0.033123663517052926,0.016466804778879685,1.0,0.0159454345703125,1.0
dense_K200,4000,39,50,1.0,0.6146307312527913,0.4171888262614164,0.5828857421875,0.027633680726148892,0.008125240199476701,72,0.04299373166359398,0.05936746575106755,0.0,0.0131378173828125,1.0
screen_full,4000,39,10,1.0,0.32282467304351126,0.3742274390161728,0.5853271484375,0.026529759437870743,0.006860636464304004,48,0.023645899719339586,0.01640607850582393,1.0,0.0155792236328125,1.0
screen_split,4000,39,10,1.0,0.4371483035190739,0.372414335870491,0.5753173828125,0.038504667345761474,0.007294414064223534,71,0.043770001110587334,0.014592975360142146,1.0,0.0055694580078125,1.0
oracle,4000,39,2,1.0,0.18093158187327196,0.3680845451365802,0.595947265625,0.024737903680941656,0.006555259023803652,55,0.03054668866826265,0.010263184626231325,1.0,0.0261993408203125,1.0
dense_K200,4000,40,50,1.0,0.5687766040891407,0.45131205945808295,0.591796875,0.027759077366269737,0.008409259751925528,62,0.03419106932391056,0.0934906989477341,0.0,0.0220489501953125,1.0
screen_full,4000,40,8,1.0,0.30278742590061114,0.38647922634967813,0.557861328125,0.025527298601755264,0.007564124497526758,53,0.024101640209206465,0.028657865839329277,1.0,-0.0118865966796875,1.0
screen_split,4000,40,5,1.0,0.412227101222961,0.37120028363481405,0.54248046875,0.0339431995697404,0.007628292072036437,46,0.029137593889617758,0.013378923124465203,1.0,-0.0272674560546875,1.0
oracle,4000,40,2,1.0,0.17776418053692541,0.37982371633580847,0.572265625,0.023690746206473687,0.007045760258909631,80,0.06089753739897807,0.02200235582545962,1.0,0.0025177001953125,1.0
dense_K200,4000,41,50,1.0,0.588846586688277,0.4700682835883543,0.5975341796875,0.02692355612231016,0.008622043034931214,66,0.035540350210336656,0.11224692307800543,0.0,0.0277862548828125,1.0
screen_full,4000,41,10,1.0,0.35219382610334893,0.4189606768208099,0.620849609375,0.02706293313776136,0.007107920870089665,62,0.027145215713276778,0.061139316310461045,0.0,0.0511016845703125,1.0
screen_split,4000,41,10,1.0,0.4273673839044578,0.41237587113809415,0.6163330078125,0.03815392818348753,0.007613162082591095,60,0.033178667462312406,0.0545545106277453,1.0,0.0465850830078125,1.0
oracle,4000,41,2,1.0,0.19370789579787515,0.3704874179155385,0.5693359375,0.02347239809855762,0.006862136337054415,57,0.030245822108725316,0.012666057405189668,1.0,-0.0004119873046875,1.0
dense_K200,4000,42,50,1.0,0.6373602001838963,0.4578737525333718,0.588623046875,0.02766713424227824,0.008605527737488919,56,0.029604751216806245,0.10005239202302296,0.0,0.0188751220703125,1.0
screen_full,4000,42,10,1.0,0.3113923194872825,0.37264420632671236,0.541015625,0.02464261207503457,0.0072937588280634295,68,0.031215157941282757,0.014822845816363506,1.0,-0.0287322998046875,1.0
screen_split,4000,42,10,1.0,0.4386331524611935,0.37758759101634765,0.5792236328125,0.037034061771651736,0.007313874581526757,61,0.03870617550077792,0.019766230505998794,1.0,0.0094757080078125,1.0
oracle,4000,42,2,1.0,0.16485091028549242,0.3496281229364129,0.5406494140625,0.02250425324785766,0.00685018959449982,58,0.031418270556715075,-0.008193237573935974,1.0,-0.0290985107421875,1.0
dense_K200,4000,43,50,1.0,0.6411293751498974,0.4391776917354925,0.577880859375,0.025631091402420047,0.008409274186907045,54,0.02882196086582081,0.08135633122514363,0.0,0.0081329345703125,1.0
screen_full,4000,43,10,1.0,0.23937252679159432,0.33790719504603905,0.5726318359375,0.024512881032792252,0.0062602534489466875,46,0.023708408675900582,-0.019914165464309797,1.0,0.0028839111328125,1.0
screen_split,4000,43,10,1.0,0.34684417164683584,0.38119625059741813,0.5684814453125,0.03324094716467865,0.007263710101725036,56,0.03212230826209026,0.023374890087069278,1.0,-0.0012664794921875,1.0
oracle,4000,43,2,1.0,0.12284625185427314,0.3262304867114871,0.561279296875,0.022575352914637588,0.0065285853246664,62,0.032708967202422556,-0.031590873798861774,1.0,-0.0084686279296875,1.0
dense_K200,4000,44,50,1.0,0.6293220858586127,0.45854496633599306,0.5859375,0.027093851610639694,0.008796474147010024,69,0.03435900757868249,0.10072360582564421,0.0,0.0161895751953125,1.0
screen_full,4000,44,10,1.0,0.3223727256933375,0.4187792374142204,0.594970703125,0.026379079931672156,0.00719345717228554,52,0.023714658025315614,0.060957876903871555,0.0,0.0252227783203125,1.0
screen_split,4000,44,6,1.0,0.3893096819085318,0.4461196398651021,0.595947265625,0.0358995931715316,0.008239495374944507,54,0.028520478056181797,0.08829827935475326,0.0,0.0261993408203125,1.0
oracle,4000,44,2,1.0,0.1826301932379951,0.3926903323216764,0.572998046875,0.02431800227036931,0.007078296218897166,60,0.032672769852222484,0.03486897181132753,1.0,0.0032501220703125,1.0
dense_K200,4000,45,50,1.0,0.6289254148454173,0.503661958373596,0.6112060546875,0.028607901497280843,0.009006075476969645,61,0.033666738627172406,0.1458405978632471,0.0,0.0414581298828125,1.0
screen_full,4000,45,10,1.0,0.33647896363821356,0.4445443419542337,0.601806640625,0.02672352036484635,0.007705441680456437,49,0.022284916862241117,0.08672298144388485,0.0,0.0320587158203125,1.0
screen_split,4000,45,10,1.0,0.33104053539788786,0.4176042195764622,0.611083984375,0.03853541076929578,0.007413977583533511,47,0.032316204633526045,0.05978285906611336,1.0,0.0413360595703125,1.0
oracle,4000,45,2,1.0,0.21858916427884895,0.4145359790384207,0.6060791015625,0.024678897344397526,0.00755215891921468,44,0.02141989925197074,0.05671461852807186,0.0,0.0363311767578125,1.0
dense_K200,4000,46,50,1.0,0.5943482052300435,0.4562717183984632,0.5902099609375,0.026680669307197966,0.008470261917539695,54,0.03259126224182161,0.09845035788811435,0.0,0.0204620361328125,1.0
screen_full,4000,46,10,1.0,0.36567203443153184,0.4008081662745578,0.593505859375,0.02633184697482907,0.006898291006478549,66,0.02869287973111058,0.042986805764208935,1.0,0.0237579345703125,1.0
screen_split,4000,46,7,1.0,0.39258851816664714,0.3903477527034459,0.5548095703125,0.0328860644065232,0.007931800472896903,67,0.042241054084166126,0.03252639219309705,1.0,-0.0149383544921875,1.0
oracle,4000,46,2,1.0,0.176508817677349,0.3815465166276749,0.5694580078125,0.02307838563179374,0.006803820020747653,62,0.033970170397682006,0.023725156117326063,1.0,-0.0002899169921875,1.0
dense_K200,4000,47,50,1.0,0.6221586649925551,0.40989486045705287,0.5687255859375,0.02685620932806708,0.008255715543093057,67,0.0354369439877786,0.052073499946704016,1.0,-0.0010223388671875,1.0
screen_full,4000,47,8,1.0,0.3294149303452451,0.31827714749403835,0.54150390625,0.024413629442725456,0.006892872231261504,58,0.026403900598009223,-0.0395442130163105,1.0,-0.0282440185546875,1.0
screen_split,4000,47,10,1.0,0.4003501299240522,0.3022079127078879,0.528076171875,0.03353477899446729,0.0063927516159320045,57,0.03707873942409532,-0.05561344780246097,1.0,-0.0416717529296875,1.0
oracle,4000,47,2,1.0,0.19266700138469903,0.31986257775061516,0.53369140625,0.02305866207581706,0.006638595151816792,58,0.03451627902866648,-0.03795878275973369,1.0,-0.0360565185546875,1.0
dense_K200,4000,48,50,1.0,0.6423095589369952,0.43215488520201906,0.567626953125,0.02610435465532683,0.008629952582883646,63,0.035489089856387955,0.0743335246916702,0.0,-0.0021209716796875,1.0
screen_full,4000,48,7,1.0,0.29885256482967093,0.36734906917929866,0.577392578125,0.02567950019873843,0.006922848408453455,53,0.025513726682507107,0.009527708668949808,1.0,0.0076446533203125,1.0
screen_split,4000,48,10,1.0,0.4152587363392737,0.4128247420240859,0.5927734375,0.0379083854765987,0.007780464203311449,46,0.03149449461069522,0.05500338151373707,1.0,0.0230255126953125,1.0
oracle,4000,48,2,1.0,0.21212862393443085,0.3489879560307225,0.6336669921875,0.025174115445369266,0.00668045007428433,136,0.0776523646130524,-0.008833404479626328,1.0,0.0639190673828125,1.0
dense_K200,4000,49,50,1.0,0.6123023897782056,0.43585922033771657,0.56787109375,0.02683451591989482,0.008619118065264487,70,0.03264761904940386,0.07803785982736772,0.0,-0.0018768310546875,1.0
screen_full,4000,49,7,1.0,0.24627636969082156,0.35651360253416287,0.5758056640625,0.0248403783943626,0.006999214607408625,55,0.027555418088194422,-0.0013077579761859859,1.0,0.0060577392578125,1.0
screen_split,4000,49,10,1.0,0.3874344064976605,0.3947314060214726,0.5701904296875,0.03646994426372773,0.0076886083528063245,61,0.034494328333226194,0.03691004551112376,1.0,0.0004425048828125,1.0
oracle,4000,49,2,1.0,0.14774503878046583,0.3352674168190215,0.558349609375,0.02354896331955113,0.006377658555670913,62,0.03857348168452715,-0.02255394369132735,1.0,-0.0113983154296875,1.0
dense_K200,4000,50,50,1.0,0.6000938059022629,0.47113837484085686,0.5989990234375,0.026631451307781422,0.00862085209140845,67,0.035888722281541684,0.113317014330508,0.0,0.0292510986328125,1.0
screen_full,4000,50,10,1.0,0.32596423940750685,0.42728375784823003,0.605712890625,0.025981036658209052,0.007359378173907578,62,0.02552550883318524,0.06946239733788118,0.0,0.0359649658203125,1.0
screen_split,4000,50,10,1.0,0.4182878754926442,0.45506485106155903,0.59228515625,0.03751111128897221,0.008414559531111794,59,0.032256560541720394,0.09724349055121018,0.0,0.0225372314453125,1.0
oracle,4000,50,2,1.0,0.14140027029320332,0.37297926481808286,0.5909423828125,0.024179971923559564,0.00671865906972162,87,0.0800527992672665,0.015157904307734005,1.0,0.0211944580078125,1.0
dense_K200,4000,51,50,1.0,0.5931520261658855,0.4359522743856783,0.6142578125,0.028375355144371884,0.007666463489179497,59,0.037507996488009746,0.07813091387532944,0.0,0.0445098876953125,1.0
screen_full,4000,51,10,1.0,0.31474437166993513,0.4133627279364488,0.603271484375,0.02631540499393495,0.007371183559996651,51,0.023545427147950028,0.05554136742609994,0.0,0.0335235595703125,1.0
screen_split,4000,51,10,1.0,0.3821577960486264,0.38446681750504297,0.5948486328125,0.036541044186286155,0.006792703915385721,64,0.03945115282123069,0.026645456994694117,1.0,0.0251007080078125,1.0
oracle,4000,51,2,1.0,0.12421717220429832,0.36830030055031027,0.59912109375,0.02466704242829226,0.006551608516073062,36,0.021316982588278376,0.010478940039961415,1.0,0.0293731689453125,1.0
dense_K200,4000,52,50,1.0,0.6331059952091267,0.45021264902029373,0.5771484375,0.02672962419206193,0.00864556866975277,58,0.03359791742616074,0.09239128850994488,0.0,0.0074005126953125,1.0
screen_full,4000,52,10,1.0,0.257085357664538,0.3671416054021067,0.5902099609375,0.02606087905374393,0.006556822280287018,52,0.0261187106309209,0.009320244891757867,1.0,0.0204620361328125,1.0
screen_split,4000,52,10,1.0,0.39539012771720944,0.37923060093203076,0.591796875,0.03797457135190922,0.007302900645882293,57,0.03428317228038636,0.021409240421681908,1.0,0.0220489501953125,1.0
oracle,4000,52,2,1.0,0.14324490700926054,0.3679210195516595,0.5457763671875,0.023109625913665468,0.00699072356334696,55,0.027082470317101478,0.01009965904131066,1.0,-0.0239715576171875,1.0
dense_K200,4000,53,50,1.0,0.6826281622650366,0.4646609918157928,0.571533203125,0.027483917299687233,0.009175782500731462,58,0.030925251687152683,0.10683963130544394,0.0,0.0017852783203125,1.0
screen_full,4000,53,10,1.0,0.3910845813164556,0.40707929953745603,0.5858154296875,0.02726141492802825,0.0077458950690992125,47,0.021530917658477172,0.04925793902710718,1.0,0.0160675048828125,1.0
screen_split,4000,53,10,1.0,0.40136416254082036,0.382133171963404,0.587158203125,0.03622555685973718,0.007011082365837061,56,0.035076349904981936,0.024311811453055165,1.0,0.0174102783203125,1.0
oracle,4000,53,2,1.0,0.1687779524486157,0.3710228095416348,0.5572509765625,0.024371628486816267,0.007146519437459517,41,0.02070897051598624,0.01320144903128595,1.0,-0.0124969482421875,1.0
dense_K200,4000,54,50,1.0,0.6025789267543791,0.42909864039285783,0.574951171875,0.02613648133504175,0.008282663413408985,69,0.03721765669084436,0.07127727988250898,0.0,0.0052032470703125,1.0
screen_full,4000,54,10,1.0,0.34122524117432596,0.3837804521750543,0.6064453125,0.02673715992711168,0.0068549401224300074,56,0.027720695497160875,0.025959091664705447,1.0,0.0366973876953125,1.0
screen_split,4000,54,10,1.0,0.41501783845068096,0.41392627275600236,0.6177978515625,0.039412883000656,0.007133529528881296,57,0.034502965048458,0.056104912245653504,1.0,0.0480499267578125,1.0
oracle,4000,54,2,1.0,0.1430629790187264,0.35781699761475416,0.5609130859375,0.023593667140776133,0.006556408872735425,47,0.02891416969958074,-4.362895594689498e-06,1.0,-0.0088348388671875,1.0
dense_K200,4000,55,50,1.0,0.6578827303448938,0.4791244407384686,0.62255859375,0.029099159950245115,0.00833838758501878,60,0.03367322047397223,0.12130308022811975,0.0,0.0528106689453125,1.0
screen_full,4000,55,10,1.0,0.28232958689385523,0.3681360099305987,0.5980224609375,0.02666250253215648,0.0068270992778371965,54,0.024798299828699043,0.010314649420249844,1.0,0.0282745361328125,1.0
screen_split,4000,55,10,1.0,0.3733543175391105,0.37673944122677433,0.573974609375,0.036633373417687104,0.007344550954819545,64,0.03609340514962809,0.01891808071642548,1.0,0.0042266845703125,1.0
oracle,4000,55,2,1.0,0.17669097500212289,0.33494289635642405,0.611572265625,0.024697310683177782,0.006485419217547345,54,0.03413651121807646,-0.022878464153924805,1.0,0.0418243408203125,1.0
dense_K200,4000,56,50,1.0,0.6173907969814643,0.454630232288628,0.59814453125,0.02647484698337066,0.008331747023572799,69,0.036901234322338126,0.09680887177827913,0.0,0.0283966064453125,1.0
screen_full,4000,56,10,1.0,0.2968933341843058,0.3663576242666225,0.601318359375,0.02711643749165714,0.006350483993955474,55,0.02796663099754373,0.008536263756273643,1.0,0.0315704345703125,1.0
screen_split,4000,56,10,1.0,0.43979405604254435,0.4328305875085269,0.582763671875,0.03647744575034767,0.007896337448433441,75,0.03569649955548873,0.07500922699817802,0.0,0.0130157470703125,1.0
oracle,4000,56,2,1.0,0.15853522612955018,0.3356011997591382,0.58837890625,0.023880271879078933,0.006146090350054935,63,0.04113910639288187,-0.022220160751210638,1.0,0.0186309814453125,1.0
dense_K200,4000,57,50,1.0,0.6223501477265243,0.4345743557295758,0.59130859375,0.027668419765793054,0.008172882353873803,56,0.03381048561450536,0.07675299521922696,0.0,0.0215606689453125,1.0
screen_full,4000,57,10,1.0,0.34968217928976014,0.32960326119474226,0.6014404296875,0.026757850434270165,0.006243190576022755,61,0.0329857225634483,-0.028218099315606593,1.0,0.0316925048828125,1.0
screen_split,4000,57,10,1.0,0.4056103171425494,0.38755955982999246,0.59326171875,0.03678336165546594,0.007300557472727074,42,0.02691642816788567,0.02973819931964361,1.0,0.0235137939453125,1.0
oracle,4000,57,2,1.0,0.12497009344311905,0.32022440928100426,0.55712890625,0.023150661187683233,0.005966439750772255,61,0.04340639093745702,-0.03759695122934459,1.0,-0.0126190185546875,1.0
dense_K200,4000,58,50,1.0,0.6110023217270438,0.4340582470537627,0.596923828125,0.027125042705665427,0.008114798100206102,50,0.034760231168654385,0.07623688654341387,0.0,0.0271759033203125,1.0
screen_full,4000,58,10,1.0,0.3097739143857471,0.3670368839914772,0.5919189453125,0.025515553176165655,0.0068936829529253705,67,0.0331024657110697,0.009215523481128363,1.0,0.0221710205078125,1.0
screen_split,4000,58,10,1.0,0.39146070783844805,0.3273121598206278,0.5595703125,0.03610467934987295,0.006348472988939879,60,0.04303008756385672,-0.030509200689721072,1.0,-0.0101776123046875,1.0
oracle,4000,58,2,1.0,0.1411620867532283,0.3659754671110469,0.5908203125,0.02395451673625768,0.006561051517302166,46,0.024580038965778588,0.008154106600698041,1.0,0.0210723876953125,1.0
dense_K200,4000,59,50,1.0,0.6085279606609384,0.4395421633423001,0.585693359375,0.027101673713344095,0.00833151563257447,60,0.0376793823812989,0.08172080283195127,0.0,0.0159454345703125,1.0
screen_full,4000,59,5,1.0,0.22775588982597153,0.3844323066365381,0.5833740234375,0.025173721202035676,0.007181776852251202,62,0.02968315610050346,0.02661094612618925,1.0,0.0136260986328125,1.0
screen_split,4000,59,10,1.0,0.414926642923487,0.34714774450363084,0.53173828125,0.0339472457667634,0.007461779619311509,71,0.04075151044892958,-0.010673616006718012,1.0,-0.0380096435546875,1.0
oracle,4000,59,2,1.0,0.1487446648668528,0.36051426961741184,0.596435546875,0.023983260228452524,0.006796187216761416,44,0.024506584555547044,0.0026929091070629907,1.0,0.0266876220703125,1.0
dense_K200,4000,60,50,1.0,0.6914351042902315,0.5098485608717116,0.6029052734375,0.028339226535002607,0.009256838103503194,70,0.037204111180898496,0.15202720036136275,0.0,0.0331573486328125,1.0
screen_full,4000,60,7,1.0,0.28774166441582794,0.4009813796971953,0.594482421875,0.02609751843403615,0.007257985084488043,79,0.035533226566344396,0.04316001918684642,1.0,0.0247344970703125,1.0
screen_split,4000,60,7,1.0,0.31776926132842637,0.39891752348235787,0.584228515625,0.03643755150631935,0.007463773999373841,55,0.03435995160036585,0.04109616297200902,1.0,0.0144805908203125,1.0
oracle,4000,60,2,1.0,0.12061203388345552,0.35680683315837713,0.5831298828125,0.0242547344725862,0.006772259818727867,54,0.02881504582546031,-0.0010145273519717168,1.0,0.0133819580078125,1.0
dense_K200,4000,61,50,1.0,0.6240006211828754,0.39918386340190337,0.571533203125,0.027408377020212805,0.007969581678953546,57,0.03557052288571476,0.04136250289155452,1.0,0.0017852783203125,1.0
screen_full,4000,61,10,1.0,0.28209156093011933,0.3191963971205351,0.56396484375,0.025554506609880474,0.006050364416439432,52,0.02918180057290282,-0.03862496338981375,1.0,-0.0057830810546875,1.0
screen_split,4000,61,10,1.0,0.4273457023318501,0.36130747192236723,0.5758056640625,0.03661671428044701,0.0072673638988484356,57,0.034708304162401366,0.003486111412018378,1.0,0.0060577392578125,1.0
oracle,4000,61,2,1.0,0.19174991189188967,0.32964760706371055,0.588134765625,0.024211620441362696,0.006112220768473593,43,0.0256459065478418,-0.028173753446638305,1.0,0.0183868408203125,1.0
dense_K200,4000,62,50,1.0,0.6102051775425016,0.4509562619859642,0.56591796875,0.02623439951254911,0.009062790301903871,61,0.03370731118737293,0.09313490147561537,0.0,-0.0038299560546875,1.0
screen_full,4000,62,6,1.0,0.2629214950529588,0.3740403384806017,0.5811767578125,0.025150287981997334,0.007469596721230959,58,0.02569613566215991,0.016218977970252846,1.0,0.0114288330078125,1.0
screen_split,4000,62,8,1.0,0.4696587808338979,0.43137820561023893,0.578125,0.03743090673220765,0.008459198379264392,62,0.03698666221838155,0.07355684509989008,0.0,0.0083770751953125,1.0
oracle,4000,62,2,1.0,0.21140186414040266,0.3900938945269318,0.6468505859375,0.025220022596516435,0.007406441358917647,47,0.02287804457381397,0.03227253401658292,1.0,0.0771026611328125,0.0
dense_K200,4000,63,50,1.0,0.6327729389100879,0.48415531596078715,0.638427734375,0.02933958958685278,0.007843529426850498,63,0.03976852940657905,0.1263339554504383,0.0,0.0686798095703125,1.0
screen_full,4000,63,3,1.0,0.24310136876100505,0.36283065722956137,0.5999755859375,0.02424153902855726,0.006447119410426432,57,0.03018560401709618,0.005009296719212519,1.0,0.0302276611328125,1.0
screen_split,4000,63,6,1.0,0.3902349956319713,0.40214013226286716,0.6168212890625,0.036675767689924615,0.0069109839088608155,63,0.039452862913892724,0.044318771752518304,1.0,0.0470733642578125,1.0
oracle,4000,63,2,1.0,0.1664959356356814,0.3460868035664565,0.6148681640625,0.02435303984685177,0.0060426659195396614,86,0.04711748451670277,-0.01173455694389236,1.0,0.0451202392578125,1.0
dense_K200,4000,64,50,1.0,0.5768913647492363,0.4016893216746138,0.5731201171875,0.026027681523203783,0.007994780440273314,62,0.03608287467315889,0.043867961164264946,1.0,0.0033721923828125,1.0
screen_full,4000,64,10,1.0,0.3036322371643618,0.35115870787169695,0.5765380859375,0.025647877640250262,0.006957286219003389,68,0.02899548081861383,-0.0066626526386519,1.0,0.0067901611328125,1.0
screen_split,4000,64,10,1.0,0.3542533080174266,0.35086383244303854,0.5706787109375,0.03560281624710528,0.006980452818899846,59,0.036210393414830705,-0.006957528067310315,1.0,0.0009307861328125,1.0
oracle,4000,64,2,1.0,0.13770496603530744,0.33448470950552134,0.5804443359375,0.023746060525829702,0.006490641526129483,60,0.033082902369571184,-0.023336651004827513,1.0,0.0106964111328125,1.0
dense_K200,4000,65,50,1.0,0.696568827951189,0.41612929081744193,0.586669921875,0.027464000946038625,0.008139192898066578,65,0.03661141957908403,0.05830793030709308,0.0,0.0169219970703125,1.0
screen_full,4000,65,10,1.0,0.3534597560102679,0.27431672072116936,0.4940185546875,0.02344708312286592,0.005744906992801685,56,0.032968749327890415,-0.08350463978917949,0.0,-0.0757293701171875,0.0
screen_split,4000,65,5,1.0,0.3732976848455581,0.3462325172662529,0.5487060546875,0.03289340260246747,0.007076013228531266,59,0.03676742327931481,-0.011588843244095925,1.0,-0.0210418701171875,1.0
oracle,4000,65,2,1.0,0.24463842770125396,0.28539146380963243,0.4454345703125,0.020240318197103594,0.006292819242563776,35,0.021381776662001625,-0.07242989670071642,0.0,-0.1243133544921875,0.0
dense_K200,4000,66,50,1.0,0.5866681574178084,0.43840955979683427,0.574462890625,0.027323763683164567,0.00850178850889822,73,0.03670601866209309,0.08058819928648542,0.0,0.0047149658203125,1.0
screen_full,4000,66,8,1.0,0.28037487678046774,0.35161209048147724,0.55517578125,0.02562093663458257,0.007198232160120788,50,0.022222657644650454,-0.006209270028871616,1.0,-0.0145721435546875,1.0
screen_split,4000,66,10,1.0,0.3937182399449392,0.34145702811499185,0.5369873046875,0.03556727064296393,0.007360769749385507,76,0.04487482393746369,-0.016364332395357006,1.0,-0.0327606201171875,1.0
oracle,4000,66,2,1.0,0.18054994022389279,0.3395454607940703,0.52734375,0.02308449452628955,0.006841452395704377,47,0.023343985015874223,-0.018275899716278576,1.0,-0.0424041748046875,1.0
dense_K200,4000,67,50,1.0,0.6040727655110837,0.43480856929023415,0.5853271484375,0.02819992015104937,0.008287434017546785,62,0.03711714569870031,0.0769872087798853,0.0,0.0155792236328125,1.0
screen_full,4000,67,10,1.0,0.3502351128347872,0.38493806007161846,0.5916748046875,0.027539667283498024,0.0067247156711493184,58,0.02887854427289602,0.027116699561269608,1.0,0.0219268798828125,1.0
screen_split,4000,67,10,1.0,0.3585305334072746,0.352766199181385,0.5601806640625,0.03501166048719774,0.007173929974458332,52,0.03231315058173244,-0.005055161328963831,1.0,-0.0095672607421875,1.0
oracle,4000,67,2,1.0,0.11846583139016963,0.32976473689517366,0.5850830078125,0.02441987497607267,0.006458062740453426,51,0.02767140464130247,-0.02805662361517519,1.0,0.0153350830078125,1.0
dense_K200,4000,68,50,1.0,0.6141611420870574,0.501658194053981,0.623291015625,0.029397513922854182,0.008476997824765476,51,0.0326918836596124,0.1438368335436322,0.0,0.0535430908203125,1.0
screen_full,4000,68,10,1.0,0.30573747261566486,0.4379018531255804,0.6275634765625,0.026805852208293863,0.0073789591570989615,42,0.019928096091139148,0.08008049261523154,0.0,0.0578155517578125,0.0
screen_split,4000,68,10,1.0,0.43171580374606444,0.47827954799227823,0.6356201171875,0.038593422527693315,0.007817511155402334,58,0.037225660955061086,0.12045818748192938,0.0,0.0658721923828125,1.0
oracle,4000,68,2,1.0,0.13894613346354112,0.42786605779889775,0.6005859375,0.02365109465141873,0.006978991304342347,43,0.02238234089344967,0.0700446972885489,0.0,0.0308380126953125,1.0
dense_K200,4000,69,50,1.0,0.6267415543032306,0.502339725534962,0.6312255859375,0.028278596385696214,0.008491001103544891,51,0.02816630033692981,0.14451836502461313,0.0,0.0614776611328125,0.0
screen_full,4000,69,3,1.0,0.2817491663398152,0.41123603158477995,0.60546875,0.023579571437240106,0.007241427567029584,55,0.026696561981429386,0.0534146710744311,0.0,0.0357208251953125,1.0
screen_split,4000,69,7,1.0,0.3936134259976377,0.4256192568970742,0.609619140625,0.03663754084807755,0.007582309609428779,63,0.033986911997748774,0.06779789638672534,1.0,0.0398712158203125,1.0
oracle,4000,69,2,1.0,0.15902194764293462,0.39714750759419826,0.6175537109375,0.024184086462085367,0.006809952717002058,50,0.030035489767797068,0.039326147083849405,1.0,0.0478057861328125,1.0
dense_K200,4000,70,50,1.0,0.6313041166279562,0.44663986138110073,0.604248046875,0.027795005682552377,0.008020307094406117,62,0.03857981323229136,0.08881850087075188,0.0,0.0345001220703125,1.0
screen_full,4000,70,10,1.0,0.3520558028933733,0.4269944755466806,0.6024169921875,0.026026824034424138,0.007133244547309786,57,0.024612976328257572,0.06917311503633172,0.0,0.0326690673828125,1.0
screen_split,4000,70,10,1.0,0.436149249714119,0.45356337250646916,0.618896484375,0.03880317061699413,0.0077216026713094014,65,0.037198189223948463,0.09574201199612031,0.0,0.0491485595703125,1.0
oracle,4000,70,2,1.0,0.17544203389607146,0.39750724242633806,0.555908203125,0.02320646588483819,0.006783790627987716,52,0.027264490348979768,0.03968588191598921,1.0,-0.0138397216796875,1.0
dense_K200,4000,71,50,1.0,0.6220952340190253,0.46615174081378896,0.6124267578125,0.027582580879219002,0.00817130560633859,67,0.03790367614052735,0.10833038030344011,0.0,0.0426788330078125,1.0
screen_full,4000,71,6,1.0,0.2829810361277658,0.392942375628712,0.5992431640625,0.025331562942240107,0.006970743663151305,43,0.022029078021032836,0.03512101511836313,1.0,0.0294952392578125,1.0
screen_split,4000,71,10,1.0,0.4245255336655106,0.4321009461351559,0.5899658203125,0.03717826157038205,0.007685586286745421,47,0.026559958344608264,0.07427958562480702,0.0,0.0202178955078125,1.0
oracle,4000,71,2,1.0,0.2237888699132376,0.38095229278045306,0.60205078125,0.023612562034631898,0.0068099336627613066,40,0.02233507783452758,0.02313093227010421,1.0,0.0323028564453125,1.0
dense_K200,4000,72,50,1.0,0.6455197593030778,0.4620241903187802,0.586181640625,0.026971861135288322,0.008804725329248473,75,0.03604022904131111,0.10420282980843137,0.0,0.0164337158203125,1.0
screen_full,4000,72,7,1.0,0.29187955219518585,0.36807989890470166,0.580078125,0.024775016105252987,0.006959839440444239,49,0.023514035292221874,0.010258538394352812,1.0,0.0103302001953125,1.0
screen_split,4000,72,7,1.0,0.3779197769871938,0.34817512472750123,0.5615234375,0.034083459682725505,0.007093234172128677,63,0.037860455148574626,-0.009646235782847623,1.0,-0.0082244873046875,1.0
oracle,4000,72,2,1.0,0.15222210754376464,0.3602120971382553,0.5677490234375,0.023660354461323068,0.006786530365308939,58,0.03470833663211041,0.0023907366279064535,1.0,-0.0019989013671875,1.0
dense_K200,4000,73,50,1.0,0.5414077294855566,0.42983604994525215,0.5804443359375,0.026501486594307986,0.008294474961013022,70,0.04164022577074034,0.0720146894349033,0.0,0.0106964111328125,1.0
screen_full,4000,73,10,1.0,0.3618419610341478,0.39402062067703236,0.57421875,0.02582440829722612,0.00733861696941127,66,0.027437229769882342,0.03619926016668351,1.0,0.0044708251953125,1.0
screen_split,4000,73,10,1.0,0.4163687936246828,0.3662531291723721,0.588134765625,0.03540179304306691,0.006948976834123538,61,0.04431482517722497,0.008431768662023276,1.0,0.0183868408203125,1.0
oracle,4000,73,2,1.0,0.2330406764042106,0.35643371419330955,0.5401611328125,0.022288015832205844,0.006847436458945695,43,0.02404594005919836,-0.0013876463170393039,1.0,-0.0295867919921875,1.0
dense_K200,4000,74,50,1.0,0.567754847955654,0.41944387039762354,0.5726318359375,0.02706121398908637,0.008243045583195757,63,0.03474086271788664,0.06162250988727469,0.0,0.0028839111328125,1.0
screen_full,4000,74,9,1.0,0.32853171101616413,0.36831994057218453,0.550537109375,0.02531610568233024,0.007589577091240357,47,0.019317169559890088,0.010498580061835683,1.0,-0.0192108154296875,1.0
screen_split,4000,74,8,1.0,0.3503370619299881,0.32856435266609973,0.5401611328125,0.035471844862650266,0.007145826523566792,69,0.0443162297719207,-0.029257007844249117,1.0,-0.0295867919921875,1.0
oracle,4000,74,2,1.0,0.143395776437068,0.3559542451235172,0.55126953125,0.023312593511419632,0.007093585592189667,43,0.022239669941370634,-0.0018671153868316526,1.0,-0.0184783935546875,1.0
dense_K200,4000,75,50,1.0,0.61594657366809,0.44600317422000546,0.601318359375,0.02879834185457638,0.00803328111840995,57,0.03675479843356303,0.08818181370965661,0.0,0.0315704345703125,1.0
screen_full,4000,75,10,1.0,0.3570215134420572,0.3942410716992463,0.61181640625,0.027176821083657533,0.006907157038949983,72,0.03615429157966611,0.036419711188897474,1.0,0.0420684814453125,1.0
screen_split,4000,75,7,1.0,0.44655972666755867,0.37467168595342026,0.56982421875,0.034564421905491076,0.007286612939894093,73,0.04093279452556419,0.016850325443071412,1.0,7.62939453125e-05,1.0
oracle,4000,75,2,1.0,0.21130944452268347,0.35913745995070306,0.536865234375,0.023146274517537202,0.0063918810891141235,46,0.024427139929675143,0.0013160994403542126,1.0,-0.0328826904296875,1.0
dense_K200,4000,76,50,1.0,0.5981489371162652,0.4724733343315508,0.6124267578125,0.02804378539194255,0.008433246089467956,71,0.038779797425059534,0.11465197382120196,0.0,0.0426788330078125,1.0
screen_full,4000,76,5,1.0,0.2461854290529156,0.40301877866262636,0.601806640625,0.024531905146230347,0.006955454105292109,48,0.02456729791820472,0.04519741815227751,1.0,0.0320587158203125,1.0
screen_split,4000,76,4,1.0,0.37864214967156945,0.47667663746398603,0.62841796875,0.03617126545389485,0.007633454300924442,58,0.035028863664844305,0.11885527695363718,0.0,0.0586700439453125,1.0
oracle,4000,76,2,1.0,0.15826155279732418,0.38628348112946514,0.5732421875,0.023937264636192935,0.006713586069844466,66,0.04086402952182025,0.028462120619116293,1.0,0.0034942626953125,1.0
dense_K200,4000,77,50,1.0,0.6215778332164638,0.44248952928641233,0.58056640625,0.026484342212830605,0.008383751214131444,68,0.03981618183311779,0.08466816877606348,0.0,0.0108184814453125,1.0
screen_full,4000,77,8,1.0,0.33524701429965187,0.37564290320084304,0.5667724609375,0.02593065532788823,0.007410262695784866,62,0.026396880690638263,0.017821542690494185,1.0,-0.0029754638671875,1.0
screen_split,4000,77,5,1.0,0.37461914768424404,0.33942841340669877,0.5557861328125,0.03528507648068805,0.0068858752927712895,69,0.04862178608785393,-0.01839294710365008,1.0,-0.0139617919921875,1.0
oracle,4000,77,2,1.0,0.13360527927969668,0.3779827929530652,0.5609130859375,0.02402205696024585,0.006990317804209188,56,0.028816462289758118,0.020161432442716343,1.0,-0.0088348388671875,1.0
dense_K200,4000,78,50,1.0,0.6112205857903256,0.4373058956283324,0.5673828125,0.02674813208282547,0.008657702704868167,58,0.034454796134394575,0.07948453511798353,0.0,-0.0023651123046875,1.0
screen_full,4000,78,10,1.0,0.3447773644021802,0.38095675664591444,0.5589599609375,0.025388454224345294,0.0072487329766389,55,0.028072395014066404,0.02313539613556559,1.0,-0.0107879638671875,1.0
screen_split,4000,78,10,1.0,0.4773977139577065,0.4436701958928364,0.5704345703125,0.03424716695384301,0.008545533766131302,67,0.035610961442137636,0.08584883538248755,0.0,0.0006866455078125,1.0
oracle,4000,78,2,1.0,0.17116893726918145,0.37920982002785647,0.555419921875,0.023112695288838338,0.007338523345755338,38,0.0191486246567902,0.02138845951750762,1.0,-0.0143280029296875,1.0
dense_K200,4000,79,50,1.0,0.6526348309035147,0.43984165118918367,0.5706787109375,0.026500868590631388,0.008768744191678519,68,0.03661966327317376,0.08202029067883482,0.0,0.0009307861328125,1.0
screen_full,4000,79,10,1.0,0.33772819766783296,0.3560906605424292,0.5723876953125,0.025752926108861096,0.0069667961132622025,62,0.032084555838757356,-0.0017306999679196355,1.0,0.0026397705078125,1.0
screen_split,4000,79,2,1.0,0.26611633765308623,0.32113009763827516,0.569091796875,0.032852449861134066,0.00652627096440584,60,0.046019735180359504,-0.03669126287207369,1.0,-0.0006561279296875,1.0
oracle,4000,79,2,1.0,0.15725645873543556,0.32709630526741307,0.5809326171875,0.023650751786571927,0.00650068554961959,58,0.03328066941996232,-0.030725055242935784,1.0,0.0111846923828125,1.0
dense_K200,4000,80,50,1.0,0.6004885074701538,0.46594112953348715,0.641845703125,0.029444296107061885,0.007623454922217626,58,0.03965934809462051,0.1081197690231383,0.0,0.0720977783203125,1.0
screen_full,4000,80,10,1.0,0.2590417003470093,0.35756080543204816,0.5911865234375,0.025898402900334214,0.006424231340826378,55,0.02914626129891673,-0.0002605550783006949,1.0,0.0214385986328125,1.0
screen_split,4000,80,10,1.0,0.34821516950331316,0.3817604626283945,0.5687255859375,0.033756402283896376,0.006782104217044216,61,0.03945690091997454,0.023939102118045674,1.0,-0.0010223388671875,1.0
oracle,4000,80,2,1.0,0.18239391882356,0.36133327184931274,0.5361328125,0.023106944476353603,0.006661588137165938,42,0.024258262639082807,0.003511911338963891,1.0,-0.0336151123046875,1.0
dense_K200,4000,81,50,1.0,0.60496511181133,0.45631066137043175,0.5958251953125,0.02759703621137262,0.00853542452074135,59,0.033559882313128175,0.0984893008600829,0.0,0.0260772705078125,1.0
screen_full,4000,81,10,1.0,0.29201170539362753,0.4032647679096703,0.5731201171875,0.025895884660328317,0.00749135709544019,56,0.022586781911006968,0.045443407399321456,1.0,0.0033721923828125,1.0
screen_split,4000,81,9,1.0,0.41924405509470575,0.43942738376281454,0.6070556640625,0.03672035365804827,0.0076683118907304405,58,0.034092753503286534,0.08160602325246569,0.0,0.0373077392578125,1.0
oracle,4000,81,2,1.0,0.133311174134266,0.3630586754282341,0.536376953125,0.02334339603249573,0.006930452045025704,62,0.034897684051296285,0.005237314917885261,1.0,-0.0333709716796875,1.0
dense_K200,4000,82,50,1.0,0.6038481215840766,0.44275065653695467,0.603271484375,0.02799004117123914,0.00794009449697703,59,0.035386760618625515,0.08492929602660582,0.0,0.0335235595703125,1.0
screen_full,4000,82,10,1.0,0.282956628022446,0.38532268814681403,0.5894775390625,0.025805846191262687,0.006735691944162865,58,0.02600966351962578,0.027501327636465178,1.0,0.0197296142578125,1.0
screen_split,4000,82,10,1.0,0.3495826872972714,0.37367470571791483,0.5618896484375,0.034518426380410916,0.007156133619270979,60,0.036477739867379094,0.015853345207565983,1.0,-0.0078582763671875,1.0
oracle,4000,82,2,1.0,0.1894114516749812,0.37576999939969535,0.584716796875,0.02372659352967437,0.006927205863107652,38,0.021574514104898218,0.017948638889346502,1.0,0.0149688720703125,1.0
dense_K200,4000,83,50,1.0,0.6122234017637759,0.4724791689416797,0.5875244140625,0.027238409998494587,0.008874494025785535,51,0.028028248017234074,0.11465780843133083,0.0,0.0177764892578125,1.0
screen_full,4000,83,10,1.0,0.33053912746030734,0.415068009808296,0.588623046875,0.025847006557943756,0.007683698163487366,56,0.02201539409086481,0.05724664929794715,0.0,0.0188751220703125,1.0
screen_split,4000,83,3,1.0,0.37078000358666646,0.4218846838053967,0.6011962890625,0.033100199480797704,0.008345348949347006,78,0.04569646468985959,0.06406332329504782,1.0,0.0314483642578125,1.0
oracle,4000,83,2,1.0,0.17214675978568666,0.3874753377016965,0.61865234375,0.024345287862258598,0.007270160214913691,58,0.029531704866417638,0.029653977191347658,1.0,0.0489044189453125,1.0
dense_K200,4000,84,50,1.0,0.5756054699190748,0.39393850431795485,0.5787353515625,0.027426236737515305,0.007723056682480059,61,0.037568446292732045,0.036117143807606,1.0,0.0089874267578125,1.0
screen_full,4000,84,10,1.0,0.27482260838127825,0.30848538873948705,0.5533447265625,0.024772425006510078,0.006238359502701729,53,0.026728910497207603,-0.0493359717708618,0.0,-0.0164031982421875,1.0
screen_split,4000,84,4,1.0,0.31536560390008955,0.3699421858832559,0.5843505859375,0.032675649493629805,0.007023619830883387,78,0.054468150653545974,0.01212082537290704,1.0,0.0146026611328125,1.0
oracle,4000,84,2,1.0,0.15691409063247275,0.3066817181272544,0.552978515625,0.022816176823063666,0.00636803911382113,41,0.02404524778001607,-0.05113964238309443,0.0,-0.0167694091796875,1.0
dense_K200,4000,85,50,1.0,0.6432708708048298,0.4781408919906761,0.6033935546875,0.027493443848054692,0.008804093062985888,62,0.03293567244386394,0.12031953148032726,0.0,0.0336456298828125,1.0
screen_full,4000,85,10,1.0,0.3195161840350314,0.38104664403129795,0.5595703125,0.026026080045673715,0.007208579919469277,71,0.032643476635668627,0.023225283520949103,1.0,-0.0101776123046875,1.0
screen_split,4000,85,10,1.0,0.4405175854993544,0.42765453323352326,0.588623046875,0.0381122495968249,0.00817526312576134,46,0.027592578577244932,0.06983317272317441,1.0,0.0188751220703125,1.0
oracle,4000,85,2,1.0,0.17015812302730085,0.37153954379188747,0.5462646484375,0.02371696610962643,0.0071556355522967695,54,0.030912120252733745,0.01371818328153862,1.0,-0.0234832763671875,1.0
dense_K200,4000,86,50,1.0,0.5957584401061488,0.46787222270190176,0.5845947265625,0.02802490510005758,0.008870690446947514,71,0.03630346653890512,0.11005086219155291,0.0,0.0148468017578125,1.0
screen_full,4000,86,9,1.0,0.32118257405608935,0.3872931591451465,0.5880126953125,0.026966189934169698,0.0071694755096857075,59,0.030132764953383163,0.029471798634797652,1.0,0.0182647705078125,1.0
screen_split,4000,86,10,1.0,0.4297113702666997,0.4096150061028568,0.587890625,0.03835221739876979,0.007737332554296462,53,0.028186214809576244,0.05179364559250793,1.0,0.0181427001953125,1.0
oracle,4000,86,2,1.0,0.14309724830198606,0.37118793509774584,0.58251953125,0.025035585364789496,0.007059888072549555,66,0.04748430458767406,0.013366574587396984,1.0,0.0127716064453125,1.0
dense_K200,4000,87,50,1.0,0.6054863497427566,0.47555068829580055,0.5972900390625,0.027338633169206063,0.008715169775341251,69,0.0353052388484957,0.1177293277854517,0.0,0.0275421142578125,1.0
screen_full,4000,87,10,1.0,0.31562090393342657,0.41107987700286647,0.5906982421875,0.025640422730422097,0.007455568222419474,66,0.02832753487978097,0.053258516492517616,0.0,0.0209503173828125,1.0
screen_split,4000,87,10,1.0,0.3731640874961788,0.42112909421491207,0.599853515625,0.034840681348557084,0.007553593905019878,61,0.0328359354042917,0.06330773370456322,1.0,0.0301055908203125,1.0
oracle,4000,87,2,1.0,0.1472668190283707,0.356838124384132,0.566650390625,0.023395275701235237,0.0069514251531819365,30,0.01712282463906773,-0.0009832361262168687,1.0,-0.0030975341796875,1.0
dense_K200,4000,88,50,1.0,0.5584206665744786,0.47664715666655544,0.613525390625,0.028753387402055804,0.00834676155616879,64,0.034030167517497184,0.11882579615620659,0.0,0.0437774658203125,1.0
screen_full,4000,88,10,1.0,0.316344491019753,0.4202555660173344,0.5867919921875,0.02683875462226761,0.007224410126774612,74,0.031968561228839815,0.06243420550698553,0.0,0.0170440673828125,1.0
screen_split,4000,88,10,1.0,0.3705763406868456,0.38904193163781176,0.55908203125,0.03718401134946303,0.007569797031559772,50,0.03342781667507395,0.031220571127462904,1.0,-0.0106658935546875,1.0
oracle,4000,88,2,1.0,0.19510838438862246,0.3810893237260383,0.5855712890625,0.024524143479274754,0.0070374637810446585,62,0.032013907909008966,0.02326796321568947,1.0,0.0158233642578125,1.0
dense_K200,4000,89,50,1.0,0.6280150427634354,0.47637774413732853,0.618896484375,0.027854349136355663,0.008142156779389207,56,0.03210583256908599,0.11855638362697968,0.0,0.0491485595703125,1.0
screen_full,4000,89,10,1.0,0.3572660360688888,0.4153808262877341,0.607177734375,0.02700664802520417,0.00706009593316937,62,0.028133688326490304,0.057559465777385244,0.0,0.0374298095703125,1.0
screen_split,4000,89,10,1.0,0.45948711880391785,0.43845857932405424,0.6448974609375,0.04045997056901097,0.006886781612563201,59,0.03648789900448897,0.08063721881370539,0.0,0.0751495361328125,0.0
oracle,4000,89,2,1.0,0.20048344034804477,0.388730013734958,0.626220703125,0.024570938767673627,0.006595766554861852,48,0.02865037894760103,0.030908653224609173,1.0,0.0564727783203125,0.0
dense_K200,4000,90,50,1.0,0.6637868673925884,0.43183207129588375,0.5716552734375,0.027044993744128474,0.008492642763678802,59,0.032297301475524794,0.0740107107855349,0.0,0.0019073486328125,1.0
screen_full,4000,90,7,1.0,0.26360144095966026,0.33191420585793524,0.5391845703125,0.023591071586692314,0.006676590425193616,63,0.032739916664561594,-0.02590715465241361,1.0,-0.0305633544921875,1.0
screen_split,4000,90,7,1.0,0.3887503763117205,0.3370066420459926,0.5391845703125,0.033718885347702114,0.00728532029555513,46,0.029998344036382844,-0.02081471846435623,1.0,-0.0305633544921875,1.0
oracle,4000,90,2,1.0,0.1575607046240775,0.32786241097962554,0.5189208984375,0.022569126764809305,0.006492161778319912,52,0.02996347440401874,-0.02995894953072331,1.0,-0.0508270263671875,1.0
dense_K200,4000,91,50,1.0,0.641188356513261,0.4402144834030095,0.591796875,0.027185424628370237,0.008237393948862045,75,0.041104821898132395,0.08239312289266065,0.0,0.0220489501953125,1.0
screen_full,4000,91,10,1.0,0.28802134978530997,0.35588191250724266,0.623046875,0.027497928860232366,0.005948070791486536,66,0.0338532279976354,-0.0019394480031061923,1.0,0.0532989501953125,1.0
screen_split,4000,91,10,1.0,0.40109529359211354,0.40552930219744626,0.6114501953125,0.0381718410387626,0.006991872451809323,63,0.039081619924822085,0.04770794168709741,1.0,0.0417022705078125,1.0
oracle,4000,91,2,1.0,0.15040563086390982,0.3677667174948442,0.5771484375,0.024443562123400674,0.006231614105122988,58,0.033931548292604564,0.009945356984495335,1.0,0.0074005126953125,1.0
dense_K200,4000,92,50,1.0,0.7032025346997761,0.49039188578894083,0.61181640625,0.027993535988906883,0.00868611329810766,56,0.030690222020778386,0.13257052527859198,0.0,0.0420684814453125,1.0
screen_full,4000,92,10,1.0,0.29730167185897305,0.3858982327277315,0.6058349609375,0.02664270624086802,0.006665646366528339,36,0.01932839692478728,0.028076872217382642,1.0,0.0360870361328125,1.0
screen_split,4000,92,7,1.0,0.38227138681233663,0.44227899416491007,0.6142578125,0.0372777138885499,0.007813631923129678,48,0.030858570515493327,0.08445763365456121,0.0,0.0445098876953125,1.0
oracle,4000,92,2,1.0,0.1913867637069077,0.37999953664530295,0.5928955078125,0.02334880948866298,0.006627017509120977,39,0.020627801708389005,0.022178176134954097,1.0,0.0231475830078125,1.0
dense_K200,4000,93,50,1.0,0.5843215329722111,0.43583625060522246,0.58056640625,0.027162018808552582,0.008587110062110246,44,0.025238074636245382,0.07801489009487361,0.0,0.0108184814453125,1.0
screen_full,4000,93,10,1.0,0.33260783069826666,0.40515712254313796,0.59033203125,0.026353213366433943,0.007469990899958156,60,0.024976334080809483,0.04733576203278911,1.0,0.0205841064453125,1.0
screen_split,4000,93,10,1.0,0.42121698627657544,0.395857950606628,0.5810546875,0.03748580265615366,0.007458129956505073,57,0.03465967969629434,0.03803659009627913,1.0,0.0113067626953125,1.0
oracle,4000,93,2,1.0,0.16560639315264558,0.39565837007849736,0.5792236328125,0.023746028678741347,0.007298428325984056,39,0.021735872247465964,0.037837009568148505,1.0,0.0094757080078125,1.0
dense_K200,4000,94,50,1.0,0.6114273955662847,0.4812508280072374,0.613525390625,0.027260925996501147,0.008491729203314516,65,0.033065687753738186,0.12342946749688855,0.0,0.0437774658203125,1.0
screen_full,4000,94,6,1.0,0.3073278109023879,0.40824384905649286,0.5872802734375,0.0243539470939413,0.0074760611804739335,47,0.020611835692918256,0.050422488546144006,0.0,0.0175323486328125,1.0
screen_split,4000,94,10,1.0,0.42424828851272034,0.40286858782632134,0.5770263671875,0.03568406831548497,0.00775390047941666,60,0.03551954986705706,0.04504722731597249,1.0,0.0072784423828125,1.0
oracle,4000,94,2,1.0,0.17099603874508243,0.3810331829602912,0.62451171875,0.02445135177953716,0.007040255494466547,59,0.028868119170881248,0.023211822449942354,1.0,0.0547637939453125,1.0
dense_K200,4000,95,50,1.0,0.5900435236098964,0.4595281042527914,0.614501953125,0.027632226993200573,0.00822882720662512,59,0.036615412690011805,0.10170674374244254,0.0,0.0447540283203125,1.0
screen_full,4000,95,10,1.0,0.33681645449774095,0.4126758547717906,0.6273193359375,0.027022153235078332,0.006895569623496112,44,0.020964416603166405,0.05485449426144173,0.0,0.0575714111328125,0.0
screen_split,4000,95,10,1.0,0.4828661242360158,0.4701572149284632,0.599365234375,0.03635228843401165,0.008202847790410164,87,0.042375084008439326,0.11233585441811433,0.0,0.0296173095703125,1.0
oracle,4000,95,2,1.0,0.18040184529851996,0.3811047546820628,0.575439453125,0.023724249596172406,0.00677543285661948,55,0.031583295434415945,0.023283394171713934,1.0,0.0056915283203125,1.0
dense_K200,4000,96,50,1.0,0.5670397030137662,0.4211299435342079,0.5972900390625,0.027552515621390678,0.007820209422648931,68,0.041178133623965114,0.06330858302385906,0.0,0.0275421142578125,1.0
screen_full,4000,96,4,1.0,0.22605009978867802,0.3609358411168828,0.563720703125,0.02420376778580347,0.0069249612626249984,58,0.02925589346141419,0.0031144806065339647,1.0,-0.0060272216796875,1.0
screen_split,4000,96,10,1.0,0.3720021744729401,0.40566766160308865,0.6005859375,0.03712259494639192,0.007321444650242014,56,0.03553766711849133,0.047846301092739796,1.0,0.0308380126953125,1.0
oracle,4000,96,2,1.0,0.12920796179069566,0.3453820108852801,0.550048828125,0.02352167486361769,0.0065700307541198015,54,0.033413484522706094,-0.012439349625068763,1.0,-0.0196990966796875,1.0
dense_K200,4000,97,50,1.0,0.624691988539571,0.3966311848750491,0.567626953125,0.02713452676148441,0.00807436136106342,56,0.03450085879954686,0.03880982436470026,1.0,-0.0021209716796875,1.0
screen_full,4000,97,10,1.0,0.33668387861750193,0.30382664490208067,0.555419921875,0.02627908861397582,0.006051492003023581,57,0.031868294197087935,-0.053994715608268185,0.0,-0.0143280029296875,1.0
screen_split,4000,97,6,1.0,0.39147675904659046,0.3359314522222894,0.543212890625,0.03393353080645388,0.006842477452286158,51,0.03449831520169129,-0.02188990828805948,1.0,-0.0265350341796875,1.0
oracle,4000,97,2,1.0,0.1557020938400943,0.2991103195169643,0.5440673828125,0.0228701786562653,0.006090773994738205,43,0.027358576481684042,-0.05871104099338453,0.0,-0.0256805419921875,1.0
dense_K200,4000,98,50,1.0,0.5900130909118778,0.42120829640729873,0.6092529296875,0.027808425055666948,0.0076092404371462296,54,0.03551140004248264,0.06338693589694988,0.0,0.0395050048828125,1.0
screen_full,4000,98,10,1.0,0.31969415866568834,0.36819124714683654,0.5963134765625,0.02587630977923501,0.0065000938844489275,59,0.028507260863338327,0.01036988663648769,1.0,0.0265655517578125,1.0
screen_split,4000,98,10,1.0,0.46390692921158005,0.39989921607513057,0.59912109375,0.038263196689714694,0.00757197560397439,58,0.03312669025536499,0.04207785556478172,1.0,0.0293731689453125,1.0
oracle,4000,98,2,1.0,0.19786945557508734,0.3376656822429538,0.621826171875,0.024624958088540493,0.006005232228081518,41,0.02555868119879216,-0.02015567826739506,1.0,0.0520782470703125,0.0
dense_K200,4000,99,50,1.0,0.6274966148253506,0.4628747553445064,0.5728759765625,0.027952215631494273,0.008905474268667498,66,0.03716551541016844,0.10505339483415754,0.0,0.0031280517578125,1.0
screen_full,4000,99,10,1.0,0.30363102417224463,0.38004367868418193,0.5948486328125,0.026808577975806026,0.006792324734863829,56,0.031163248964430682,0.022222318173833078,1.0,0.0251007080078125,1.0
screen_split,4000,99,10,1.0,0.3986605025148073,0.4174610969723446,0.599853515625,0.03810864492716132,0.007605792740945845,54,0.03400320347690335,0.059639736461995774,1.0,0.0301055908203125,1.0
oracle,4000,99,2,1.0,0.14645519619723926,0.35191988933581553,0.54443359375,0.022964415854171607,0.006578170522701484,56,0.030686444081528586,-0.005901471174533324,1.0,-0.0253143310546875,1.0
dense_K200,4000,100,50,1.0,0.5657821231484287,0.4025213637853361,0.5771484375,0.025846926549237065,0.0077995708774415175,62,0.037565988384418464,0.04470000327498724,1.0,0.0074005126953125,1.0
screen_full,4000,100,10,1.0,0.30422192400983017,0.3605956404060357,0.5675048828125,0.024763823812130298,0.006944577517661249,71,0.03202987420153114,0.0027742798956868486,1.0,-0.0022430419921875,1.0
screen_split,4000,100,10,1.0,0.4425468458636263,0.358803217630566,0.5499267578125,0.03459659272127721,0.007081767167063146,70,0.04184790440162275,0.0009818571202171444,1.0,-0.0198211669921875,1.0
oracle,4000,100,2,1.0,0.16323869025494386,0.33222388252139834,0.5418701171875,0.022755625848140563,0.006521418540405545,61,0.033902390174084765,-0.025597477988950512,1.0,-0.0278778076171875,1.0
dense_K200,4000,101,50,1.0,0.6277154623605461,0.4597548031009395,0.6103515625,0.029105217998396424,0.008196729841422187,57,0.037994274932841444,0.10193344259059067,0.0,0.0406036376953125,1.0
screen_full,4000,101,6,1.0,0.2628198364828633,0.3616451903911673,0.6036376953125,0.02583540675417967,0.006680639618571968,56,0.02825569190977822,0.0038238298808184745,1.0,0.0338897705078125,1.0
screen_split,4000,101,6,1.0,0.30347701515127207,0.3811111293440187,0.58935546875,0.03554870831547975,0.007352083671241483,48,0.03122855806087882,0.023289768833669844,1.0,0.0196075439453125,1.0
oracle,4000,101,2,1.0,0.13052947236884982,0.33584574475001705,0.576171875,0.023425265038208982,0.006435844564834914,75,0.051011650557422496,-0.0219756157603318,1.0,0.0064239501953125,1.0
dense_K200,4000,102,50,1.0,0.6792834707197054,0.4689306727189908,0.59423828125,0.02797616398196814,0.008813551131772863,54,0.032246207291833605,0.11110931220864195,0.0,0.0244903564453125,1.0
screen_full,4000,102,6,1.0,0.2669497757342694,0.3754472130322793,0.583251953125,0.025474353672737995,0.007020107362636044,54,0.0252466724834036,0.01762585252193044,1.0,0.0135040283203125,1.0
screen_split,4000,102,10,1.0,0.3618104487199547,0.37906742900871654,0.5897216796875,0.03721124964840582,0.007056148332147312,57,0.03552614581231921,0.021246068498367687,1.0,0.0199737548828125,1.0
oracle,4000,102,2,1.0,0.1431553742899469,0.3719870785370456,0.5771484375,0.023369632901221814,0.00699417354619967,52,0.027319714268708294,0.01416571802669675,1.0,0.0074005126953125,1.0
dense_K200,4000,103,50,1.0,0.6218779912571508,0.4575688914180174,0.5848388671875,0.026738694560143265,0.008674267211332477,68,0.0332726143873587,0.09974753090766852,0.0,0.0150909423828125,1.0
screen_full,4000,103,10,1.0,0.3037957322764837,0.37376154285758,0.57275390625,0.024718032895963808,0.007334824714331836,70,0.029379601857029113,0.015940182347231158,1.0,0.0030059814453125,1.0
screen_split,4000,103,8,1.0,0.39184589678798615,0.3851939816673009,0.5877685546875,0.03598836204030472,0.007683392098553958,61,0.0366568931226914,0.02737262115695205,1.0,0.0180206298828125,1.0
oracle,4000,103,2,1.0,0.15209791473731846,0.3606289576929722,0.57275390625,0.02374884542035951,0.006759104840517321,47,0.02564654427670689,0.002807597182623356,1.0,0.0030059814453125,1.0
dense_K200,4000,104,50,1.0,0.6299709715104792,0.4903750265042215,0.5997314453125,0.028740947161963105,0.008967229923353472,52,0.03132503697812236,0.13255366599387264,0.0,0.0299835205078125,1.0
screen_full,4000,104,10,1.0,0.31548424960135335,0.38807134341181737,0.5628662109375,0.025330109089499467,0.007479121195924568,56,0.023770988280086298,0.03024998290146852,1.0,-0.0068817138671875,1.0
screen_split,4000,104,9,1.0,0.4507099440100749,0.41757975759633503,0.557373046875,0.0362562374003005,0.008428415246684553,46,0.025789575363143184,0.05975839708598618,1.0,-0.0123748779296875,1.0
oracle,4000,104,2,1.0,0.1641738618217995,0.3777435326744183,0.552490234375,0.023608007926098306,0.006947735643328512,49,0.026244750425303415,0.01992217216406944,1.0,-0.0172576904296875,1.0
dense_K200,4000,105,50,1.0,0.5637907268693643,0.410499533743132,0.588134765625,0.02660790460114874,0.007875437509988118,57,0.03557535811520148,0.05267817323278312,0.0,0.0183868408203125,1.0
screen_full,4000,105,10,1.0,0.29172695055188,0.3664780945022501,0.5843505859375,0.025061432626769634,0.006753786207647867,81,0.03903614555890267,0.008656733991901255,1.0,0.0146026611328125,1.0
screen_split,4000,105,9,1.0,0.43051249197878094,0.39585444323252794,0.5855712890625,0.03470503443021494,0.007150462474634733,54,0.03626277808793634,0.03803308272217909,1.0,0.0158233642578125,1.0
oracle,4000,105,2,1.0,0.14157156926169664,0.3262615304338172,0.585693359375,0.023411475931438303,0.006178755411619953,46,0.02749136643592502,-0.031559830076531625,1.0,0.0159454345703125,1.0
dense_K200,4000,106,50,1.0,0.5716462044818824,0.4724433815836787,0.6334228515625,0.028445117323532457,0.007849173021123063,56,0.03625810678733052,0.11462202107332986,0.0,0.0636749267578125,1.0
screen_full,4000,106,10,1.0,0.3470872543919884,0.41186292754161324,0.625732421875,0.026380602415764107,0.006527751662402162,57,0.027253112089073096,0.05404156703126439,0.0,0.0559844970703125,0.0
screen_split,4000,106,10,1.0,0.36913252490500353,0.39193390834416286,0.6138916015625,0.03680351820507038,0.006544537084057473,47,0.033750608914749854,0.03411254783381401,1.0,0.0441436767578125,1.0
oracle,4000,106,2,1.0,0.18205713159314285,0.38455758176445476,0.63330078125,0.025022098866989608,0.006302070128048702,78,0.04617964500334601,0.026736221254105907,1.0,0.0635528564453125,1.0
dense_K200,4000,107,50,1.0,0.5543641256599546,0.3901011049969414,0.57275390625,0.02609743918810776,0.007706288932311559,64,0.03551644825773502,0.03227974448659254,1.0,0.0030059814453125,1.0
screen_full,4000,107,10,1.0,0.2705021969629608,0.3387479551348279,0.5804443359375,0.025989699673761205,0.00617310371134856,55,0.029418022335646807,-0.019073405375520935,1.0,0.0106964111328125,1.0
screen_split,4000,107,4,1.0,0.37744121749073395,0.4148109969372252,0.5732421875,0.03388951309848695,0.007701149548929434,52,0.03280356564464777,0.05698963642687632,1.0,0.0034942626953125,1.0
oracle,4000,107,2,1.0,0.18114962574232268,0.3522527281830027,0.545166015625,0.023040036064946888,0.006377097837474822,46,0.026109509051733464,-0.005568632327346168,1.0,-0.0245819091796875,1.0
dense_K200,4000,108,50,1.0,0.6110035262117144,0.4463835245182423,0.5892333984375,0.02716852132683828,0.008507016471975583,57,0.03630509891454757,0.08856216400789346,0.0,0.0194854736328125,1.0
screen_full,4000,108,10,1.0,0.32103164551929236,0.3657749420840712,0.594970703125,0.02700580437608951,0.006988161592383079,65,0.03282290098726995,0.007953581573722335,1.0,0.0252227783203125,1.0
screen_split,4000,108,7,1.0,0.39346800753227834,0.37406961344150785,0.5794677734375,0.03753076006233148,0.00723313203671924,47,0.03400712733277251,0.016248252931159002,1.0,0.0097198486328125,1.0
oracle,4000,108,2,1.0,0.13894059272032624,0.36835051687694675,0.5753173828125,0.02389655479299905,0.006737351152352064,39,0.021561822820611778,0.010529156366597903,1.0,0.0055694580078125,1.0
dense_K200,4000,109,50,1.0,0.6064126565828513,0.4765260270986208,0.594482421875,0.027483294069301598,0.008762138185471124,76,0.03500612938806222,0.11870466658827195,0.0,0.0247344970703125,1.0
screen_full,4000,109,10,1.0,0.26273590263305646,0.391004872971063,0.58203125,0.02654620025063343,0.007095533154319211,56,0.023577186581559183,0.03318351246071416,1.0,0.0122833251953125,1.0
screen_split,4000,109,10,1.0,0.3769048731691227,0.4254522716714121,0.5831298828125,0.03758982841112212,0.007953793698515281,42,0.024988754261472543,0.06763091116106323,1.0,0.0133819580078125,1.0
oracle,4000,109,2,1.0,0.19163238739738467,0.3965187923850795,0.5902099609375,0.024108858635802356,0.007220672241384122,58,0.029115134467560297,0.038697431874730626,1.0,0.0204620361328125,1.0
dense_K200,4000,110,50,1.0,0.6520748904744816,0.4486749769913952,0.589599609375,0.02717095065550291,0.008431889601869736,68,0.036194790989911206,0.09085361648104634,0.0,0.0198516845703125,1.0
screen_full,4000,110,10,1.0,0.42248034513232463,0.38583315005416163,0.628662109375,0.02831857537150422,0.0064364799127197,68,0.033547148706021455,0.028011789543812782,1.0,0.0589141845703125,1.0
screen_split,4000,110,10,1.0,0.4016249254987607,0.4050975482294717,0.6375732421875,0.036718240320272384,0.006444465559051637,49,0.03959067890828147,0.04727618771912284,1.0,0.0678253173828125,1.0
oracle,4000,110,2,1.0,0.13194359507747533,0.35917899940897163,0.570068359375,0.023189709991477913,0.006110170179918752,34,0.01968843838731194,0.0013576388986227816,1.0,0.0003204345703125,1.0
dense_K200,4000,111,50,1.0,0.6484049053521933,0.47704525380231066,0.5994873046875,0.028775546038142585,0.00857475683271423,67,0.03731908691278659,0.11922389329196181,0.0,0.0297393798828125,1.0
screen_full,4000,111,7,1.0,0.2821763688796779,0.3744480938251848,0.5960693359375,0.02582400865480025,0.007010667833931152,64,0.030634784282275198,0.01662673331483594,1.0,0.0263214111328125,1.0
screen_split,4000,111,10,1.0,0.368038440169476,0.39801526645267854,0.5762939453125,0.036406241540169484,0.007865315326368048,47,0.028800975278935388,0.04019390594232969,1.0,0.0065460205078125,1.0
oracle,4000,111,2,1.0,0.1712280659644764,0.3771898496358266,0.552978515625,0.023889045877350003,0.006898189003988963,37,0.022993202554723386,0.019368489125477728,1.0,-0.0167694091796875,1.0
dense_K200,4000,112,50,1.0,0.6183565070496081,0.42874683961988685,0.598388671875,0.028063474829210774,0.007953646583448123,74,0.039856546287955485,0.070925479109538,0.0,0.0286407470703125,1.0
screen_full,4000,112,10,1.0,0.33736878849721835,0.3768153369269627,0.59423828125,0.02726675790999431,0.006676222571941162,55,0.02733492127895753,0.018993976416613823,1.0,0.0244903564453125,1.0
screen_split,4000,112,2,1.0,0.22652059053729925,0.31418992631292464,0.5211181640625,0.03153409265875206,0.00631235321824281,53,0.04260293875349154,-0.04363143419742421,1.0,-0.0486297607421875,1.0
oracle,4000,112,2,1.0,0.17713523375799686,0.33414968617184815,0.581298828125,0.024352146902044628,0.00640045031696685,71,0.0397408321816653,-0.023671674338500703,1.0,0.0115509033203125,1.0
dense_K200,4000,113,50,1.0,0.5837438276948479,0.45698922637542755,0.591064453125,0.0267571469616975,0.008346671112183051,59,0.03348782991541477,0.0991678658650787,0.0,0.0213165283203125,1.0
screen_full,4000,113,8,1.0,0.2742199800662914,0.3732397501410546,0.568115234375,0.0246921910288531,0.007211426372109261,57,0.023740580483630355,0.015418389630705742,1.0,-0.0016326904296875,1.0
screen_split,4000,113,5,1.0,0.3700343991015321,0.3941469105422104,0.5552978515625,0.03483960742580106,0.007694987816762401,60,0.035922568809062715,0.03632555003186155,1.0,-0.0144500732421875,1.0
oracle,4000,113,2,1.0,0.16292582809784212,0.3671240632111119,0.5775146484375,0.023357161505357733,0.00706521100010139,74,0.04068164236962575,0.009302702700763055,1.0,0.0077667236328125,1.0
dense_K200,4000,114,50,1.0,0.5959585910139776,0.46289565131020893,0.61083984375,0.027950164259710916,0.008253393643656308,56,0.03273442620660187,0.10507429079986008,0.0,0.0410919189453125,1.0
screen_full,4000,114,6,1.0,0.28339459390549115,0.38118796674381705,0.5653076171875,0.02479616882304283,0.006962312364286091,64,0.028349470783031253,0.0233666062334682,1.0,-0.0044403076171875,1.0
screen_split,4000,114,8,1.0,0.3861236267616668,0.4312289333710669,0.586181640625,0.03659493451933098,0.007710823101222489,56,0.034818359913160714,0.07340757286071803,0.0,0.0164337158203125,1.0
oracle,4000,114,2,1.0,0.12890107303904152,0.3706626059404596,0.549072265625,0.022997349462424113,0.006851985868126353,59,0.03373564641555066,0.012841245430110726,1.0,-0.0206756591796875,1.0
dense_K200,4000,115,50,1.0,0.6026219252414188,0.41508209286278763,0.569580078125,0.025406277363636612,0.008409926200336211,71,0.03901712337282956,0.05726073235243878,0.0,-0.0001678466796875,1.0
screen_full,4000,115,10,1.0,0.286649749614453,0.3548924559773436,0.60302734375,0.025981401064506058,0.006578342748483089,36,0.019527189086066835,-0.002928904533005261,1.0,0.0332794189453125,1.0
screen_split,4000,115,10,1.0,0.43741497783436006,0.39584507600477603,0.618896484375,0.03672388257692238,0.006823764147461028,62,0.0429003980652859,0.03802371549442718,1.0,0.0491485595703125,1.0
oracle,4000,115,2,1.0,0.17301251140420926,0.34823973513793094,0.5892333984375,0.023634547521196776,0.006653718642315874,58,0.03046060582708219,-0.009581625372417912,1.0,0.0194854736328125,1.0
dense_K200,4000,116,50,1.0,0.5319368481852453,0.41327663449781343,0.5849609375,0.026812093883035553,0.007802345993337496,66,0.0368514830255407,0.05545527398746458,0.0,0.0152130126953125,1.0
screen_full,4000,116,10,1.0,0.2655424774116919,0.3609046450597848,0.586669921875,0.025823414604073947,0.006579096941579455,43,0.021465960479205678,0.0030832845494359606,1.0,0.0169219970703125,1.0
screen_split,4000,116,10,1.0,0.3890662211858073,0.34984640294125247,0.58056640625,0.03671156416371741,0.006486706638656434,59,0.046704254992802216,-0.007974957569096386,1.0,0.0108184814453125,1.0
oracle,4000,116,2,1.0,0.1270987747680109,0.34935208708541843,0.5745849609375,0.023869742844003467,0.0064100325598330996,57,0.03276558405511618,-0.008469273424930424,1.0,0.0048370361328125,1.0
dense_K200,4000,117,50,1.0,0.6397928206530205,0.4469391268537215,0.586181640625,0.027463778414197365,0.00846749136683825,60,0.0340438313276935,0.08911776634337265,0.0,0.0164337158203125,1.0
screen_full,4000,117,10,1.0,0.32600917627521314,0.39547752522239776,0.5887451171875,0.02665246173585823,0.00700120856749879,60,0.025232882799242167,0.03765616471204891,1.0,0.0189971923828125,1.0
screen_split,4000,117,10,1.0,0.3336763884057145,0.39470416493293103,0.594482421875,0.03765112214732285,0.006958600160546449,56,0.03613362708304935,0.03688280442258218,1.0,0.0247344970703125,1.0
oracle,4000,117,2,1.0,0.10510157110460788,0.3569049566160225,0.5889892578125,0.024076612847966566,0.006367359596392297,56,0.034412196453228606,-0.0009164038943263453,1.0,0.0192413330078125,1.0
dense_K200,4000,118,50,1.0,0.5600782932197398,0.41449700999429406,0.576416015625,0.026237518610731776,0.008096412723141462,55,0.03682933185556687,0.05667564948394521,0.0,0.0066680908203125,1.0
screen_full,4000,118,9,1.0,0.3016636464688856,0.3776959589971334,0.5858154296875,0.02517127144971667,0.00719670204856275,73,0.03219566721143178,0.019874598486784523,1.0,0.0160675048828125,1.0
screen_split,4000,118,5,1.0,0.3558544528093839,0.36622850030198595,0.5853271484375,0.034119013788347606,0.007507536816298983,53,0.033941389209838614,0.008407139791637097,1.0,0.0155792236328125,1.0
oracle,4000,118,2,1.0,0.1535088277722182,0.32600860802015663,0.6119384765625,0.024247999575069165,0.006529166475015673,51,0.027550090144655252,-0.03181275249019222,1.0,0.0421905517578125,1.0
dense_K200,4000,119,50,1.0,0.586773125615233,0.4086748602639188,0.5712890625,0.026808736436586204,0.008159463342646892,60,0.034573274472457144,0.05085349975356995,1.0,0.0015411376953125,1.0
screen_full,4000,119,10,1.0,0.29558873111216266,0.353918116664385,0.565673828125,0.02554142803053842,0.006859289358930747,59,0.026855703708806435,-0.003903243845963855,1.0,-0.0040740966796875,1.0
screen_split,4000,119,10,1.0,0.37412119198494515,0.34232003444650894,0.581298828125,0.0366323250031392,0.006749060932171162,43,0.03064404880306918,-0.015501326063839915,1.0,0.0115509033203125,1.0
oracle,4000,119,2,1.0,0.11781296329649578,0.34387052722253986,0.5469970703125,0.023286561176642358,0.006495629578856061,50,0.03127566318803172,-0.013950833287808995,1.0,-0.0227508544921875,1.0
dense_K200,4000,120,50,1.0,0.6417999063507155,0.4774862417059814,0.598388671875,0.02696033677622083,0.008835994095078995,52,0.030467532009494574,0.11966488119563257,0.0,0.0286407470703125,1.0
screen_full,4000,120,10,1.0,0.3079896468549695,0.4079062471756394,0.5946044921875,0.026319976829844233,0.007028101521527876,53,0.02421826848127496,0.05008488666529054,1.0,0.0248565673828125,1.0
screen_split,4000,120,9,1.0,0.3846389917038346,0.38926507713613856,0.59375,0.03784176791806093,0.006959044995734282,62,0.03920762678548812,0.03144371662578971,1.0,0.0240020751953125,1.0
oracle,4000,120,2,1.0,0.17420961566118692,0.4175793837969023,0.6102294921875,0.024444135628658624,0.006988205909773601,55,0.033018292405289994,0.05975802328655344,0.0,0.0404815673828125,1.0
dense_K200,4000,121,50,1.0,0.6156699605013028,0.46219640394550343,0.5887451171875,0.028342189507377376,0.008817952252293227,77,0.0392071614512684,0.10437504343515458,0.0,0.0189971923828125,1.0
screen_full,4000,121,10,1.0,0.2863960793393827,0.365438295412158,0.5806884765625,0.026255257434286285,0.007005412357198771,49,0.02373558490882425,0.007616934901809147,1.0,0.0109405517578125,1.0
screen_split,4000,121,6,1.0,0.3798605927629514,0.38078437898457274,0.5555419921875,0.03667439363760452,0.007299037320688567,73,0.04456389007746875,0.022963018474223884,1.0,-0.0142059326171875,1.0
oracle,4000,121,2,1.0,0.2047634398118767,0.34575777465769464,0.5399169921875,0.02333068857585908,0.006957992967516464,59,0.030241868452561792,-0.012063585852654213,1.0,-0.0298309326171875,1.0
dense_K200,4000,122,50,1.0,0.5832940140403509,0.4302916864412361,0.574951171875,0.025897398907367135,0.008443937735378217,55,0.03223335732267432,0.07247032593088726,0.0,0.0052032470703125,1.0
screen_full,4000,122,10,1.0,0.2979034754677088,0.4064066656577896,0.5975341796875,0.025568900204958604,0.007561936411608267,48,0.019640597696367904,0.04858530514744075,1.0,0.0277862548828125,1.0
screen_split,4000,122,6,1.0,0.3768431324641269,0.42331185463852106,0.5863037109375,0.03530013150308994,0.008129554604700976,51,0.030291450268494474,0.0654904941281722,1.0,0.0165557861328125,1.0
oracle,4000,122,2,1.0,0.17657374191567474,0.36521446764875787,0.6055908203125,0.024154255603040593,0.007096360831548627,49,0.02710741680458342,0.007393107138409016,1.0,0.0358428955078125,1.0
dense_K200,4000,123,50,1.0,0.6468770248863018,0.47515871178322616,0.590576171875,0.02757525997796019,0.008940751546683296,55,0.033264820646432165,0.11733735127287731,0.0,0.0208282470703125,1.0
screen_full,4000,123,10,1.0,0.3038070847876054,0.392620882178412,0.5662841796875,0.02662636187707131,0.007163437818263313,55,0.025183040253215893,0.03479952166806316,1.0,-0.0034637451171875,1.0
screen_split,4000,123,4,1.0,0.31480127403916536,0.42960984270406843,0.577880859375,0.035453314573512314,0.007818502185432459,58,0.037754441010779134,0.07178848219371958,0.0,0.0081329345703125,1.0
oracle,4000,123,2,1.0,0.14972316008474412,0.37890468526816445,0.562744140625,0.024225540725858374,0.007050483823115245,40,0.02009430395978545,0.021083324757815602,1.0,-0.0070037841796875,1.0
dense_K200,4000,124,50,1.0,0.6472073127933141,0.49397825654454836,0.60205078125,0.027584724836110304,0.00898729564862434,65,0.03329298856424881,0.1361568960341995,0.0,0.0323028564453125,1.0
screen_full,4000,124,10,1.0,0.2875514360649735,0.39778591314216305,0.5684814453125,0.026515334179057742,0.007157845057869082,52,0.024263107151398965,0.0399645526318142,1.0,-0.0012664794921875,1.0
screen_split,4000,124,10,1.0,0.35701612420858986,0.4279724065894118,0.5872802734375,0.03891521621191922,0.007613088719595929,62,0.036813521069966264,0.07015104607906297,1.0,0.0175323486328125,1.0
oracle,4000,124,2,1.0,0.20356125198842454,0.4108692090684802,0.5771484375,0.024205831234142817,0.0075238317561564004,41,0.019337699981305464,0.05304784855813133,0.0,0.0074005126953125,1.0
dense_K200,4000,125,50,1.0,0.593852872562207,0.43776654194789283,0.5859375,0.027706557024174565,0.008250757128291595,66,0.03574554802715948,0.07994518143754398,0.0,0.0161895751953125,1.0
screen_full,4000,125,10,1.0,0.2903925495514149,0.3603008176818099,0.561767578125,0.025991265602363377,0.006981564168519112,62,0.028546281212796027,0.0024794571714610303,1.0,-0.0079803466796875,1.0
screen_split,4000,125,10,1.0,0.3655057079032169,0.36775895838760997,0.54541015625,0.03765361482141531,0.0072194769731843645,60,0.03905388800523964,0.009937597877261117,1.0,-0.0243377685546875,1.0
oracle,4000,125,2,1.0,0.15076827907961107,0.3492767207265858,0.5400390625,0.023479505360508617,0.006666501692095867,55,0.03239376841107549,-0.008544639783763075,1.0,-0.0297088623046875,1.0
dense_K200,4000,126,50,1.0,0.6254411005127857,0.48240586320111234,0.594482421875,0.027516564785580358,0.008893048462589991,59,0.031687042555763135,0.12458450269076349,0.0,0.0247344970703125,1.0
screen_full,4000,126,10,1.0,0.3512544392995899,0.3916993976384989,0.5760498046875,0.02572393392621065,0.00730847967469294,59,0.024088346584925518,0.033878037128150074,1.0,0.0063018798828125,1.0
screen_split,4000,126,10,1.0,0.4406165406757394,0.4489423764136774,0.5582275390625,0.03701886679411645,0.008459246052453046,63,0.0331525439755971,0.09112101590332855,0.0,-0.0115203857421875,1.0
oracle,4000,126,2,1.0,0.1613113001194712,0.37330947028713374,0.53857421875,0.02269422288410122,0.0069386305960586125,44,0.02247160372933391,0.015488109776784886,1.0,-0.0311737060546875,1.0
dense_K200,4000,127,50,1.0,0.6186758212470309,0.4033165887869261,0.5439453125,0.026624579521094476,0.008590050931869481,58,0.03556453557738204,0.04549522827657726,1.0,-0.0258026123046875,1.0
screen_full,4000,127,6,1.0,0.28020271565242344,0.3418297324690248,0.5291748046875,0.023338362016123937,0.007316808170594335,34,0.017435932166015283,-0.015991628041324035,1.0,-0.0405731201171875,0.0
screen_split,4000,127,10,1.0,0.38875060248644483,0.34787068716454583,0.547607421875,0.03482118387571914,0.007352169668846778,51,0.029847568471385807,-0.009950673345803018,1.0,-0.0221405029296875,1.0
oracle,4000,127,2,1.0,0.18608496135039113,0.32626439881374325,0.5438232421875,0.022022536516315347,0.006991217359748832,57,0.03306669581453859,-0.0315569616966056,1.0,-0.0259246826171875,1.0
dense_K200,4000,128,50,1.0,0.599119044198069,0.44043011242966046,0.62548828125,0.02865503028973389,0.007498987786209502,59,0.040108688327082205,0.08260875191931161,0.0,0.0557403564453125,1.0
screen_full,4000,128,10,1.0,0.3170996558660753,0.4004072147938985,0.6102294921875,0.025993477681678204,0.006767168496445271,61,0.030566066564596,0.04258585428354966,1.0,0.0404815673828125,1.0
screen_split,4000,128,10,1.0,0.44183412794529636,0.48441772099319647,0.6107177734375,0.036603997334392464,0.008416358050863538,55,0.031659268409205736,0.12659636048284761,0.0,0.0409698486328125,1.0
oracle,4000,128,2,1.0,0.1670816525710911,0.3777879709581743,0.600830078125,0.023915221993922327,0.006298980892080003,64,0.037618237682153916,0.01996661044782544,1.0,0.0310821533203125,1.0
dense_K200,4000,129,50,1.0,0.5763368413867281,0.44328681346833837,0.58935546875,0.026635607425904612,0.008418505895833381,61,0.032021390024337106,0.08546545295798952,0.0,0.0196075439453125,1.0
screen_full,4000,129,10,1.0,0.3032272640924995,0.37529078971070706,0.5712890625,0.024373188202026514,0.00736498404657971,60,0.02629390031348239,0.01746942920035821,1.0,0.0015411376953125,1.0
screen_split,4000,129,10,1.0,0.3318214465428977,0.37581502270958617,0.5650634765625,0.03495816511915055,0.007382061025848652,49,0.029520099398005147,0.017993662199237315,1.0,-0.0046844482421875,1.0
oracle,4000,129,2,1.0,0.12428335675692632,0.37738705626068103,0.56494140625,0.023425712736769275,0.007120313811506969,39,0.01990796228767157,0.01956569575033218,1.0,-0.0048065185546875,1.0
dense_K200,4000,130,50,1.0,0.5723000512736061,0.43006795423263483,0.572998046875,0.026368186811794408,0.008389603397853296,71,0.038157405818988424,0.07224659372228598,0.0,0.0032501220703125,1.0
screen_full,4000,130,10,1.0,0.3440388050748656,0.3953042258091669,0.56689453125,0.02512532510584335,0.007631842306940481,47,0.0192507384947181,0.03748286529881806,1.0,-0.0028533935546875,1.0
screen_split,4000,130,10,1.0,0.4232587923256971,0.4113527260006216,0.5784912109375,0.03514096113694249,0.007970446042186502,58,0.03207959041359653,0.053531365490272764,1.0,0.0087432861328125,1.0
oracle,4000,130,2,1.0,0.12677660037933966,0.3459926801392656,0.5865478515625,0.02342871975070213,0.006927037492785326,69,0.037430364547145385,-0.011828680371083256,1.0,0.0167999267578125,1.0
dense_K200,4000,131,50,1.0,0.6030283784427966,0.4272240217456782,0.603271484375,0.027368324790821522,0.007811808563157172,65,0.03722591764345808,0.06940266123532934,0.0,0.0335235595703125,1.0
screen_full,4000,131,7,1.0,0.29964323938277604,0.3666221375860015,0.619384765625,0.02658771114805834,0.006612133960190134,53,0.02768635542241855,0.008800777075652633,1.0,0.0496368408203125,1.0
screen_split,4000,131,9,1.0,0.47671679546539797,0.407167161758196,0.6817626953125,0.04157009995336313,0.0063161002079915,56,0.04078247304381577,0.049345801247847154,1.0,0.1120147705078125,0.0
oracle,4000,131,2,1.0,0.19102591303097305,0.34955811020691285,0.577880859375,0.02390038599723599,0.0065254670031384245,83,0.043651598565641485,-0.008263250303435998,1.0,0.0081329345703125,1.0
dense_K200,4000,132,50,1.0,0.5637968936482811,0.44042400031747164,0.5904541015625,0.02688598217924102,0.00816288177894594,48,0.02801344796116813,0.08260263980712279,0.0,0.0207061767578125,1.0
screen_full,4000,132,7,1.0,0.2667598637184796,0.377610139770717,0.5762939453125,0.02505159152569855,0.006927826170068933,66,0.028913238608147387,0.01978877926036815,1.0,0.0065460205078125,1.0
screen_split,4000,132,2,1.0,0.2498030165742956,0.37389029873049917,0.58203125,0.0327939153999067,0.006994074830579662,75,0.0695595691792178,0.01606893822015032,1.0,0.0122833251953125,1.0
oracle,4000,132,2,1.0,0.17006135853368207,0.3562387685712144,0.5499267578125,0.023206387460311027,0.006426318188162561,41,0.024831772383402985,-0.001582591939134459,1.0,-0.0198211669921875,1.0
dense_K200,4000,133,50,1.0,0.5909446356932384,0.4712153334651465,0.586181640625,0.02635142514052649,0.008822335285810619,54,0.03032387997714557,0.11339397295479764,0.0,0.0164337158203125,1.0
screen_full,4000,133,10,1.0,0.34005730785673177,0.42754288940857343,0.5751953125,0.025387750994965652,0.007827430644172293,72,0.029580291694545312,0.06972152889822458,0.0,0.0054473876953125,1.0
screen_split,4000,133,10,1.0,0.48853169972537813,0.43684840951844656,0.5560302734375,0.03623311269553669,0.008219549619355062,70,0.03820781222015086,0.0790270490080977,0.0,-0.0137176513671875,1.0
oracle,4000,133,2,1.0,0.15069154243961302,0.40691088705937256,0.566162109375,0.023543478306449574,0.007309813393989564,49,0.026039557826576083,0.04908952654902371,0.0,-0.0035858154296875,1.0
dense_K200,4000,134,50,1.0,0.5785087808406486,0.44301748110606864,0.59326171875,0.027878928146377036,0.008297461345126255,65,0.039631775808402485,0.0851961205957198,0.0,0.0235137939453125,1.0
screen_full,4000,134,10,1.0,0.40562167737586385,0.39493178555142927,0.58056640625,0.026359630695625504,0.006997405199915386,62,0.02580293092787911,0.03711042504108042,1.0,0.0108184814453125,1.0
screen_split,4000,134,10,1.0,0.36934143087148974,0.37696701113619446,0.5814208984375,0.03761661215823321,0.007142653789209378,62,0.03753059018747532,0.01914565062584561,1.0,0.0116729736328125,1.0
oracle,4000,134,2,1.0,0.14404381847275485,0.36225130755769797,0.5850830078125,0.0240375385215088,0.006443193075611646,43,0.028133868663898366,0.004429947047349114,1.0,0.0153350830078125,1.0
dense_K200,4000,135,50,1.0,0.5819721423600358,0.45431522418397424,0.5921630859375,0.02795859385687146,0.008419561372295688,41,0.028655939398675397,0.09649386367362539,0.0,0.0224151611328125,1.0
screen_full,4000,135,10,1.0,0.2797522894539397,0.39061852378368034,0.5819091796875,0.026157286053314778,0.007220497776411874,57,0.025573160923395784,0.03279716327333149,1.0,0.0121612548828125,1.0
screen_split,4000,135,10,1.0,0.40403699567004764,0.39574480467600576,0.5872802734375,0.037130999252388344,0.007469687833121241,66,0.0395704724016501,0.037923444165656905,1.0,0.0175323486328125,1.0
oracle,4000,135,2,1.0,0.14995057887378938,0.3737946848979735,0.5484619140625,0.023371579084522434,0.0070522556834477215,46,0.023377734688734286,0.015973324387624666,1.0,-0.0212860107421875,1.0
dense_K200,4000,136,50,1.0,0.5805697970053769,0.47790328721372227,0.6033935546875,0.027948760983566672,0.0084500857286321,53,0.03117911195023546,0.12008192670337342,0.0,0.0336456298828125,1.0
screen_full,4000,136,6,1.0,0.2564962546384089,0.4009725643953063,0.579345703125,0.025572185809807885,0.0071807817151628905,51,0.02488951678964875,0.04315120388495747,1.0,0.0095977783203125,1.0
screen_split,4000,136,10,1.0,0.36984177733044593,0.4412460323096773,0.595947265625,0.035111354673045124,0.007832270698917823,44,0.025983685936703728,0.08342467179932844,0.0,0.0261993408203125,1.0
oracle,4000,136,2,1.0,0.1566527802865943,0.3818631760820915,0.5255126953125,0.022549595186322862,0.006819156328422825,48,0.02725798531435241,0.024041815571742675,1.0,-0.0442352294921875,1.0
dense_K200,4000,137,50,1.0,0.5691519433171726,0.46325391213612127,0.618408203125,0.027619054688197062,0.0080845721053841,71,0.039120779877222886,0.10543255162577242,0.0,0.0486602783203125,1.0
screen_full,4000,137,10,1.0,0.33642636003088827,0.39382932015438654,0.611572265625,0.026516760421080213,0.006530831231193857,54,0.026410849537531332,0.03600795964403769,1.0,0.0418243408203125,1.0
screen_split,4000,137,10,1.0,0.3568145208576049,0.38237948808936084,0.6192626953125,0.03597951729761608,0.006386285211030954,48,0.03264688935556438,0.02455812757901199,1.0,0.0495147705078125,1.0
oracle,4000,137,2,1.0,0.20353910547605286,0.35113008891983055,0.58984375,0.023669956027091602,0.006486195849154054,59,0.031683369449508995,-0.0066912715905182996,1.0,0.0200958251953125,1.0
dense_K200,4000,138,50,1.0,0.5948267116102212,0.4477595311411982,0.5714111328125,0.026349859781603105,0.009056276054910637,62,0.03052776750011716,0.08993817063084936,0.0,0.0016632080078125,1.0
screen_full,4000,138,6,1.0,0.2732812254673061,0.37836521447615334,0.577880859375,0.024680541834341662,0.007671380675863466,52,0.024095241009119348,0.020543853965804493,1.0,0.0081329345703125,1.0
screen_split,4000,138,10,1.0,0.4085091206245644,0.3780850619920629,0.5440673828125,0.03582198537863855,0.008432513550674904,62,0.032843425076553544,0.020263701481714025,1.0,-0.0256805419921875,1.0
oracle,4000,138,2,1.0,0.18305963384127938,0.3733136088831206,0.576416015625,0.023078470271876022,0.007310023724418631,50,0.025232402387293865,0.015492248372771744,1.0,0.0066680908203125,1.0
dense_K200,4000,139,50,1.0,0.5887927142806008,0.47011137748943355,0.6048583984375,0.0283042567310658,0.008424288855784737,70,0.03815960238802181,0.1122900169790847,0.0,0.0351104736328125,1.0
screen_full,4000,139,10,1.0,0.29369139844316045,0.3963035520123654,0.58349609375,0.026644431763954483,0.006883750982805328,56,0.02746820895766032,0.03848219150201654,1.0,0.0137481689453125,1.0
screen_split,4000,139,7,1.0,0.3531060354029706,0.4170969961788875,0.614501953125,0.036549584382472605,0.007175914970139523,52,0.03653884554833661,0.05927563566853866,1.0,0.0447540283203125,1.0
oracle,4000,139,2,1.0,0.1608848358972085,0.37901358845378674,0.552490234375,0.02292060647088459,0.007045168250321136,60,0.029546490538276547,0.02119222794343789,1.0,-0.0172576904296875,1.0
dense_K200,4000,140,50,1.0,0.5899698773657597,0.4422035139087653,0.5775146484375,0.026862346037539717,0.008635270010574183,62,0.03247476306965487,0.08438215339841643,0.0,0.0077667236328125,1.0
screen_full,4000,140,10,1.0,0.2764705643809892,0.37813303518171393,0.5732421875,0.025919808370288438,0.007108563103373266,51,0.021476750358610644,0.020311674671365076,1.0,0.0034942626953125,1.0
screen_split,4000,140,6,1.0,0.3615621385179091,0.3633273899863525,0.5595703125,0.03494944976495701,0.007506405210443961,64,0.03866698971559484,0.005506029476003649,1.0,-0.0101776123046875,1.0
oracle,4000,140,2,1.0,0.14098479533132988,0.3422017220867706,0.566650390625,0.023709381773745996,0.00671785213671716,58,0.029167639547910858,-0.015619638423578275,1.0,-0.0030975341796875,1.0
dense_K200,4000,141,50,1.0,0.6159218985000066,0.459612782209788,0.5936279296875,0.02828790496453053,0.00861441837233623,68,0.039910108979032057,0.10179142169943917,0.0,0.0238800048828125,1.0
screen_full,4000,141,9,1.0,0.2550533725802343,0.38677751608963906,0.584716796875,0.025384808110568556,0.007055505990073062,59,0.02630250929061306,0.02895615557929021,1.0,0.0149688720703125,1.0
screen_split,4000,141,10,1.0,0.35310159077352404,0.36885078387993186,0.561279296875,0.03468436611483088,0.007227925099755466,57,0.031112956015516228,0.011029423369583014,1.0,-0.0084686279296875,1.0
oracle,4000,141,2,1.0,0.12934518352818639,0.37242494313486185,0.54736328125,0.02274444887454482,0.0069408034775834074,39,0.021293751212188617,0.014603582624513,1.0,-0.0223846435546875,1.0
dense_K200,4000,142,50,1.0,0.5958510835502436,0.4199020779282644,0.586181640625,0.027846773132309332,0.008093777750565722,57,0.03373854349712235,0.06208071741791554,0.0,0.0164337158203125,1.0
screen_full,4000,142,10,1.0,0.24368616058666165,0.359388600555324,0.590087890625,0.025813008522977597,0.006633474684611063,53,0.02656564664757786,0.00156724004497516,1.0,0.0203399658203125,1.0
screen_split,4000,142,5,1.0,0.37432168565536195,0.33026246460726694,0.5672607421875,0.03592978421991236,0.0065590001876636396,57,0.0370593617446513,-0.027558895903081915,1.0,-0.0024871826171875,1.0
oracle,4000,142,2,1.0,0.17785768190660076,0.3542827876403098,0.5665283203125,0.023494733133299556,0.00672392993774083,36,0.020079491963898303,-0.0035385728700390584,1.0,-0.0032196044921875,1.0
dense_K200,4000,143,50,1.0,0.5365483917910532,0.40955848310540655,0.5950927734375,0.02751924164124125,0.007455566721134078,43,0.030933744628460692,0.051737122595057694,1.0,0.0253448486328125,1.0
screen_full,4000,143,9,1.0,0.2804065066388468,0.35113522871704284,0.563720703125,0.02547468727513199,0.006564971690591262,66,0.029484439048880817,-0.006686131793306016,1.0,-0.0060272216796875,1.0
screen_split,4000,143,7,1.0,0.37473889773313923,0.343397521302504,0.544921875,0.03586131868918917,0.006799471840146985,58,0.03962376235119939,-0.014423839207844846,1.0,-0.0248260498046875,1.0
oracle,4000,143,2,1.0,0.1464786408666955,0.345484006256083,0.52880859375,0.022956750707233364,0.006343404607841199,57,0.033221195535928304,-0.012337354254265853,1.0,-0.0409393310546875,1.0
dense_K200,4000,144,50,1.0,0.628247396168679,0.5074380608427602,0.6337890625,0.02804983819498941,0.008426596970040947,66,0.03659447062705741,0.14961670033241137,0.0,0.0640411376953125,1.0
screen_full,4000,144,10,1.0,0.3703759525638554,0.42900596609844827,0.6143798828125,0.026983934734867633,0.007237681442710777,55,0.025110488271909818,0.07118460558809941,0.0,0.0446319580078125,1.0
screen_split,4000,144,10,1.0,0.4755295543031756,0.48664540857760163,0.6522216796875,0.03828500358696161,0.007644036938653172,43,0.023756964139777258,0.12882404806725278,0.0,0.0824737548828125,0.0
oracle,4000,144,2,1.0,0.19430163297142952,0.41133704657737036,0.6190185546875,0.024399431139440226,0.006856284273643044,34,0.020393229787514587,0.053515686067021506,0.0,0.0492706298828125,0.0
dense_K200,4000,145,50,1.0,0.5793986019847649,0.4448894334123189,0.5858154296875,0.026496467974684548,0.008415299599561433,67,0.03410765664883806,0.08706807290197005,0.0,0.0160675048828125,1.0
screen_full,4000,145,6,1.0,0.2467396886066394,0.3886117246769513,0.59423828125,0.025753401064575913,0.007186897817657949,60,0.02660585481003048,0.03079036416660247,1.0,0.0244903564453125,1.0
screen_split,4000,145,10,1.0,0.4279355447317363,0.41439209786068326,0.57177734375,0.03559800393071976,0.008174252137237804,60,0.03465703170892286,0.05657073735033441,1.0,0.0020294189453125,1.0
oracle,4000,145,2,1.0,0.15016451044271853,0.36965127577495693,0.5955810546875,0.023702145931104486,0.006813339496247743,39,0.020109652411206942,0.011829915264608082,1.0,0.0258331298828125,1.0
dense_K200,4000,146,50,1.0,0.5648028269103422,0.42640422452755056,0.55810546875,0.026215852876576694,0.008707812852993452,54,0.03163964110076866,0.0685828640172017,0.0,-0.0116424560546875,1.0
screen_full,4000,146,6,1.0,0.2798869956217096,0.3670151002149875,0.5460205078125,0.02518361517944211,0.007380395829646962,59,0.0279530523910285,0.00919373970463866,1.0,-0.0237274169921875,1.0
screen_split,4000,146,7,1.0,0.3559140041452732,0.3878042448922798,0.586181640625,0.0373491884319948,0.00806794945808828,48,0.028963862468369888,0.029982884381930974,1.0,0.0164337158203125,1.0
oracle,4000,146,2,1.0,0.16638732994108565,0.35757570518294746,0.558837890625,0.023988790752067442,0.0070049781743031884,34,0.01796975566849863,-0.00024565532740139506,1.0,-0.0109100341796875,1.0
dense_K200,4000,147,50,1.0,0.6567364225657691,0.4078472413389631,0.5625,0.026865854674073413,0.00838187563492365,63,0.03669950465785207,0.050025880828614255,1.0,-0.0072479248046875,1.0
screen_full,4000,147,10,1.0,0.3538819287072778,0.3742327005033704,0.566650390625,0.025585539205965464,0.007485044530128953,49,0.02243289840718406,0.016411339993021523,1.0,-0.0030975341796875,1.0
screen_split,4000,147,7,1.0,0.4020770453128187,0.2868181941994394,0.5362548828125,0.033228870109957405,0.006882218191733487,51,0.03571124788696671,-0.07100316631090947,0.0,-0.0334930419921875,1.0
oracle,4000,147,2,1.0,0.17763967901075528,0.3167743248511762,0.586669921875,0.0238858459751727,0.006812400670292543,83,0.04366582714165993,-0.04104703565917267,1.0,0.0169219970703125,1.0
dense_K200,4000,148,50,1.0,0.5943884044030031,0.46500063318068025,0.5789794921875,0.02626071855082853,0.00898304821580481,66,0.030665721324479096,0.1071792726703314,0.0,0.0092315673828125,1.0
screen_full,4000,148,10,1.0,0.3341524869615548,0.418769599098307,0.5731201171875,0.025169198365575598,0.008007257828785258,48,0.018197475058340833,0.06094823858795817,0.0,0.0033721923828125,1.0
screen_split,4000,148,10,1.0,0.3978197944032338,0.3819027774439274,0.5531005859375,0.03646629076578918,0.007481981879713993,41,0.029870553990686628,0.02408141693357857,1.0,-0.0166473388671875,1.0
oracle,4000,148,2,1.0,0.19441291553436119,0.38234264007906393,0.5643310546875,0.023685939277154823,0.007334371732990082,58,0.026254069740993168,0.024521279568715082,1.0,-0.0054168701171875,1.0
dense_K200,4000,149,50,1.0,0.5702281487253175,0.4550394866374921,0.5928955078125,0.027990641866381137,0.008351543673330157,62,0.03495164974306375,0.09721812612714326,0.0,0.0231475830078125,1.0
screen_full,4000,149,3,1.0,0.2238638556677999,0.36395949706392966,0.5255126953125,0.02292295864947607,0.00703369585059012,45,0.02444493836213395,0.0061381365535808086,1.0,-0.0442352294921875,1.0
screen_split,4000,149,10,1.0,0.39186351954045956,0.38024006649337616,0.5657958984375,0.03657131289624262,0.007217824597122426,72,0.04272307521227672,0.02241870598302731,1.0,-0.0039520263671875,1.0
oracle,4000,149,2,1.0,0.18667470766230407,0.3618075185432231,0.49609375,0.022528240251563726,0.0068630647690863565,34,0.018261006878487456,0.003986158032874221,1.0,-0.0736541748046875,0.0
