dgp,dim,n,K,rep,W_true,V_true,W_ss,V_ss,W_loo,h_rmse,W_hat,V_hat,W_se,eps_band,n_band,V_se,W_hat_dev,W_hat_cover,W_ss_dev,W_ss_cover,W_loo_dev,W_loo_cover,V_hat_dev,V_hat_cover,V_ss_dev,V_ss_cover
dense,10,4000,200,0,0.34094618144048716,0.5839996337890625,0.3731233076765062,0.6005634805517104,0.3583428494808858,0.6026942884437243,0.43430653024745103,0.60205078125,0.026746727822017244,0.008807716844757984,76,0.03663888773229579,0.09336034880696387,0.0,0.03217712623601904,1.0,0.017396668040398633,1.0,0.0180511474609375,1.0,0.016563846762647882,1.0
dense,10,4000,200,1,0.34094618144048716,0.5839996337890625,0.38625572571688427,0.6267125746660477,0.36079143450852497,0.5691104462893698,0.4294884111264059,0.56787109375,0.025654598323437,0.009144627036084268,52,0.02604746321863337,0.08854222968591874,0.0,0.04530954427639711,1.0,0.019845253068037805,1.0,-0.0161285400390625,1.0,0.042712940876985184,1.0
dense,10,4000,200,2,0.34094618144048716,0.5839996337890625,0.3298706828186385,0.6155916604091443,0.3096379794977571,0.6284467798118581,0.388911835247134,0.579833984375,0.025941351344659337,0.008761107161257527,60,0.031485884345102334,0.04796565380664686,1.0,-0.011075498621848645,1.0,-0.03130820194273004,1.0,-0.0041656494140625,1.0,0.03159202662008176,1.0
dense,10,4000,200,3,0.34094618144048716,0.5839996337890625,0.3101226549829778,0.606668252102474,0.2897527023393961,0.5279690994454074,0.3737185957886018,0.573486328125,0.026533173888036,0.007788135718991367,56,0.03464270443465402,0.03277241434811462,1.0,-0.030823526457509354,1.0,-0.051193479101091066,1.0,-0.0105133056640625,1.0,0.022668618313411493,1.0
dense,10,4000,200,4,0.34094618144048716,0.5839996337890625,0.3636251606711749,0.6530014609700148,0.34213015525543,0.5110140039274271,0.41376013911530773,0.587890625,0.025869781042902138,0.008428231757796873,80,0.039511218148480805,0.07281395767482057,0.0,0.022678979230687735,1.0,0.0011839738149428403,1.0,0.0038909912109375,1.0,0.06900182718095227,1.0
dense,10,4000,200,5,0.34094618144048716,0.5839996337890625,0.3564302374018963,0.5272033132364737,0.33977247053565285,0.5427454413235215,0.40658845742117017,0.575927734375,0.025648621115147926,0.008499248715920334,54,0.03181373311032616,0.06564227598068301,0.0,0.015484055961409116,1.0,-0.001173710904834313,1.0,-0.0080718994140625,1.0,-0.056796320552588764,1.0
dense,10,4000,200,6,0.34094618144048716,0.5839996337890625,0.32798983397081466,0.5520527786445858,0.3142031625540738,0.4957804152695783,0.3892142264272165,0.5791015625,0.02585365013535777,0.008117772200773903,51,0.03063129557226471,0.04826804498672932,1.0,-0.012956347469672502,1.0,-0.02674301888641334,1.0,-0.0048980712890625,1.0,-0.031946855144476705,1.0
dense,10,4000,200,7,0.34094618144048716,0.5839996337890625,0.3421935746077066,0.48541015413439126,0.31898331478097386,0.5936376988423239,0.3925611391264444,0.582275390625,0.025264290908221094,0.008303178458494993,72,0.036128139568049486,0.05161495768595725,0.0,0.001247393167219446,1.0,-0.021962866659513303,1.0,-0.0017242431640625,1.0,-0.09858947965467124,0.0
dense,10,4000,200,8,0.34094618144048716,0.5839996337890625,0.33756506523753715,0.59592237385533,0.3224332002172742,0.5465689582891037,0.3950303724769138,0.582275390625,0.026827967241383213,0.008229492427934344,60,0.0330359940924197,0.05408419103642664,0.0,-0.0033811162029500075,1.0,-0.018512981223212988,1.0,-0.0017242431640625,1.0,0.011922740066267479,1.0
dense,10,4000,200,9,0.34094618144048716,0.5839996337890625,0.365590556321134,0.6356366496553,0.37788012469949567,0.5461686497229007,0.4438231539087646,0.5933837890625,0.025374801689167635,0.008663887836192243,51,0.028658641468858614,0.10287697246827743,0.0,0.024644374880646858,1.0,0.036933943259008506,1.0,0.0093841552734375,1.0,0.05163701586623748,1.0
dense,10,4000,200,10,0.34094618144048716,0.5839996337890625,0.3993081853393509,0.5955613572860183,0.37457273156010684,0.5883601820886212,0.4410983048173495,0.613037109375,0.026050640989031107,0.008683556456726152,74,0.030339948563757557,0.10015212337686236,0.0,0.05836200389886376,0.0,0.03362655011961968,1.0,0.0290374755859375,1.0,0.011561723496955834,1.0
dense,10,4000,200,11,0.34094618144048716,0.5839996337890625,0.353778465769976,0.5713008686953767,0.33558529035054974,0.6397323752682803,0.4111173219239339,0.5927734375,0.025655761485793845,0.008747673811095912,65,0.031853934400127584,0.07017114048344675,0.0,0.012832284329488852,1.0,-0.005360891089937425,1.0,0.0087738037109375,1.0,-0.012698765093685838,1.0
dense,10,4000,200,12,0.34094618144048716,0.5839996337890625,0.3983086769869461,0.5971634787657805,0.3675644299262772,0.6137500848859931,0.4438513993888512,0.5904541015625,0.026272168836051088,0.00938959059012228,77,0.036724067870751706,0.10290521794836405,0.0,0.05736249554645895,0.0,0.02661824848579003,1.0,0.0064544677734375,1.0,0.013163844976717964,1.0
dense,10,4000,200,13,0.34094618144048716,0.5839996337890625,0.3519233376768694,0.7023064231143494,0.3498333288837715,0.5413904977428319,0.4236517169553643,0.62158203125,0.02647509028430207,0.008264554714402055,70,0.03521782676003845,0.08270553551487714,0.0,0.010977156236382235,1.0,0.008887147443284338,1.0,0.0375823974609375,1.0,0.11830678932528693,0.0
dense,10,4000,200,14,0.34094618144048716,0.5839996337890625,0.3342903642151182,0.7235617965112359,0.3289857187528503,0.5320104953800378,0.4037725621135652,0.5919189453125,0.026528895151156594,0.008354346847514,65,0.03481629232323864,0.06282638067307805,0.0,-0.006655817225368954,1.0,-0.011960462687636841,1.0,0.0079193115234375,1.0,0.13956216272217337,0.0
dense,10,4000,200,15,0.34094618144048716,0.5839996337890625,0.35664913761855077,0.6352104853756119,0.3428663026610229,0.552640981349018,0.41552765606794656,0.5992431640625,0.025859330582379433,0.00818210142325346,65,0.03539198901915178,0.0745814746274594,0.0,0.01570295617806361,1.0,0.0019201212205357532,1.0,0.0152435302734375,1.0,0.051210851586549366,1.0
dense,10,4000,200,16,0.34094618144048716,0.5839996337890625,0.3007044560036754,0.5664119253338263,0.30214773309681286,0.5276572722610993,0.37576396261704337,0.555419921875,0.025183747944093834,0.008238444947882203,64,0.034707838440629246,0.034817781176556206,1.0,-0.04024172543681176,1.0,-0.0387984483436743,1.0,-0.0285797119140625,1.0,-0.017587708455236162,1.0
dense,10,4000,200,17,0.34094618144048716,0.5839996337890625,0.32583980243924104,0.6030112392029232,0.3366429507529455,0.5609928020071273,0.40676138021495695,0.6187744140625,0.02602957108847397,0.008075483021338667,54,0.03158652904560037,0.06581519877446979,0.0,-0.015106379001246117,1.0,-0.0043032306875416815,1.0,0.0347747802734375,1.0,0.01901160541386071,1.0
dense,10,4000,200,18,0.34094618144048716,0.5839996337890625,0.378770379225104,0.6685302626492533,0.35986402133751016,0.6317373759078804,0.43539292838974086,0.601806640625,0.026085061424660175,0.008752907160014376,52,0.02867808504809415,0.0944467469492537,0.0,0.03782419778461682,1.0,0.018917839897023003,1.0,0.0178070068359375,1.0,0.0845306288601908,0.0
dense,10,4000,200,19,0.34094618144048716,0.5839996337890625,0.3203047386285305,0.5147131613580368,0.3311053653798648,0.53914656730959,0.3983338283810401,0.5709228515625,0.025935730179921238,0.008459468032545636,58,0.033164818680317155,0.05738764694055293,0.0,-0.02064144281195668,1.0,-0.00984081606062237,1.0,-0.0130767822265625,1.0,-0.0692864724310257,0.0
dense,10,4000,200,20,0.34094618144048716,0.5839996337890625,0.3393724979726195,0.6297890237273043,0.32162810926554153,0.5344155828366542,0.39921052451632627,0.5784912109375,0.025427307594308227,0.008259891392828615,69,0.03569286030309805,0.05826434307583911,0.0,-0.0015736834678676814,1.0,-0.019318072174945633,1.0,-0.0055084228515625,1.0,0.045789389938241776,1.0
dense,10,4000,200,21,0.34094618144048716,0.5839996337890625,0.3369545844000358,0.6778786725782149,0.2942409156122602,0.5884338803913991,0.3804161411413616,0.58935546875,0.025707893156968323,0.007810444626914706,78,0.04118124983999025,0.03946995970087441,1.0,-0.003991597040451378,1.0,-0.04670526582822698,1.0,0.0053558349609375,1.0,0.09387903878915238,0.0
dense,10,4000,200,22,0.34094618144048716,0.5839996337890625,0.3595220734996675,0.57080078125,0.33907236629548254,0.5452597221872131,0.41300306182195445,0.5799560546875,0.02443818943732055,0.008532195418154495,82,0.039520494902695304,0.07205688038146729,0.0,0.018575892059180366,1.0,-0.0018738151450046203,1.0,-0.0040435791015625,1.0,-0.0131988525390625,1.0
dense,10,4000,200,23,0.34094618144048716,0.5839996337890625,0.3376537442710612,0.6431973306118188,0.3332772209556995,0.5867982645620636,0.40484293720851244,0.5931396484375,0.025810231397691424,0.008533650874257533,68,0.0345068283652011,0.06389675576802528,0.0,-0.0032924371694259547,1.0,-0.007668960484787657,1.0,0.0091400146484375,1.0,0.05919769682275633,1.0
dense,10,4000,200,24,0.34094618144048716,0.5839996337890625,0.3638749737356842,0.5060660157590117,0.3416028042881583,0.5827452628338149,0.4133735601178028,0.5689697265625,0.024867428502323586,0.008638259821800302,64,0.03256381980865424,0.07242737867731563,0.0,0.022928792295197065,1.0,0.0006566228476711511,1.0,-0.0150299072265625,1.0,-0.07793361803005083,0.0
dense,10,4000,200,25,0.34094618144048716,0.5839996337890625,0.3420843083916547,0.6456267758825827,0.3284124071528738,0.54715346895088,0.4036126207447768,0.5799560546875,0.025107690546637817,0.00816587251785373,63,0.034745372422212574,0.06266643930428961,0.0,0.0011381269511675507,1.0,-0.012533774287613375,1.0,-0.0040435791015625,1.0,0.06162714209352016,1.0
dense,10,4000,200,26,0.34094618144048716,0.5839996337890625,0.3344555371047183,0.4996379387082178,0.29921701888773067,0.548187127446951,0.38598618848299426,0.58544921875,0.025464810721772202,0.0082759977647493,85,0.040981246723243894,0.0450400070425071,1.0,-0.006490644335768847,1.0,-0.041729162552756494,1.0,0.0014495849609375,1.0,-0.08436169508084468,0.0
dense,10,4000,200,27,0.34094618144048716,0.5839996337890625,0.3226432694854868,0.4867487246723845,0.2992451075914154,0.5913305452602841,0.3776855227992115,0.5726318359375,0.025672047108518274,0.008311130787173137,61,0.0336473450385747,0.036739341358724364,1.0,-0.018302911955000334,1.0,-0.041701073849071735,1.0,-0.0113677978515625,1.0,-0.097250909116678,0.0
dense,10,4000,200,28,0.34094618144048716,0.5839996337890625,0.33578752554152247,0.5985336126952758,0.3338541915861836,0.5438544413306486,0.41149053602998376,0.62841796875,0.028118328427841024,0.008062518900437637,48,0.03214716744412633,0.0705443545894966,0.0,-0.0051586558989646925,1.0,-0.0070919898543035376,1.0,0.0444183349609375,1.0,0.01453397890621333,1.0
dense,10,4000,200,29,0.34094618144048716,0.5839996337890625,0.39594124779281814,0.6648949791929251,0.3674211435033235,0.5541733093580496,0.4415600023638609,0.59130859375,0.026376278914803392,0.008840396452118619,62,0.03276724660232013,0.10061382092337373,0.0,0.05499506635233098,0.0,0.026474962062836338,1.0,0.0073089599609375,1.0,0.08089534540386256,0.0
dense,10,4000,200,30,0.34094618144048716,0.5839996337890625,0.3578008195794388,0.616754859037029,0.38240633077863506,0.6141178226187746,0.4492008093296954,0.5875244140625,0.02560230483077482,0.009332833150465633,64,0.029854344218338543,0.10825462788920825,0.0,0.01685463813895166,1.0,0.0414601493381479,1.0,0.0035247802734375,1.0,0.03275522524796648,1.0
dense,10,4000,200,31,0.34094618144048716,0.5839996337890625,0.39710746214729553,0.620475474309248,0.37459903296307373,0.5542242494771779,0.4369958922833871,0.60107421875,0.02499946426727663,0.008354900079039386,47,0.027647932890034255,0.09604971084289993,0.0,0.05616128070680837,0.0,0.03365285152258657,1.0,0.0170745849609375,1.0,0.03647584052018549,1.0
dense,10,4000,200,32,0.34094618144048716,0.5839996337890625,0.36791976464885645,0.6002658008685396,0.3584870280115898,0.5577044540773992,0.42731652490024674,0.6209716796875,0.02715510696735039,0.008228040378302184,68,0.03418948807647413,0.08637034345975958,0.0,0.02697358320836929,1.0,0.017540846571102664,1.0,0.0369720458984375,1.0,0.016266167079477145,1.0
dense,10,4000,200,33,0.34094618144048716,0.5839996337890625,0.2940187909479546,0.6136739110974645,0.30724837336517613,0.6031329199970858,0.38249385383925727,0.578369140625,0.026093831095821796,0.008449938552566733,58,0.03491521237183685,0.04154767239877011,1.0,-0.046927390492532584,1.0,-0.03369780807531103,1.0,-0.0056304931640625,1.0,0.029674277308401997,1.0
dense,10,4000,200,34,0.34094618144048716,0.5839996337890625,0.36091115322631007,0.6957713502285392,0.3621257750276683,0.5561957095738734,0.4319193111451153,0.59814453125,0.0258264745424057,0.008388572727015932,60,0.03388566640133176,0.09097312970462812,0.0,0.019964971785822905,1.0,0.021179593587181134,1.0,0.0141448974609375,1.0,0.1117717164394767,0.0
dense,10,4000,200,35,0.34094618144048716,0.5839996337890625,0.36192736059431774,0.5090805820533428,0.34354713693841965,0.5504423588727284,0.41466354906377934,0.6116943359375,0.026607999732480275,0.008347631856391459,54,0.03355001708539122,0.07371736762329217,0.0,0.020981179153830576,1.0,0.002600955497932489,1.0,0.0276947021484375,1.0,-0.07491905173571967,0.0
dense,10,4000,200,36,0.34094618144048716,0.5839996337890625,0.39882473069356417,0.6814570958511552,0.3508266493203813,0.5882362263603117,0.4321137360580395,0.5908203125,0.026716458350792217,0.008520601418350315,80,0.03651827172358716,0.09116755461755233,0.0,0.057878549253077005,0.0,0.009880467879894161,1.0,0.0068206787109375,1.0,0.09745746206209271,0.0
dense,10,4000,200,37,0.34094618144048716,0.5839996337890625,0.3022405529949046,0.6687522926991873,0.29690815245950797,0.5160300636790272,0.3716700811301762,0.57177734375,0.026208638985704816,0.008106129989953265,46,0.02868588204654815,0.030723899689689027,1.0,-0.03870562844558256,1.0,-0.044038028980979194,1.0,-0.0122222900390625,1.0,0.08475265891012485,0.0
dense,10,4000,200,38,0.34094618144048716,0.5839996337890625,0.3719645360374796,0.5733582147559271,0.354398152061543,0.530610309627812,0.42979818912881484,0.5704345703125,0.02504527550469129,0.008371876241895254,70,0.03676427453898751,0.08885200768832768,0.0,0.031018354596992426,1.0,0.013451970621055853,1.0,-0.0135650634765625,1.0,-0.010641419033135424,1.0
dense,10,4000,200,39,0.34094618144048716,0.5839996337890625,0.4205219440850861,0.6377616410773831,0.4181079186925898,0.6213289558658558,0.47897674585066763,0.604736328125,0.02639156322827956,0.009242709454051673,57,0.028960287437563424,0.13803056441018047,0.0,0.07957576264459892,0.0,0.07716173725210262,0.0,0.0207366943359375,1.0,0.05376200728832059,1.0
dense,10,4000,200,40,0.34094618144048716,0.5839996337890625,0.347944234094217,0.5612047046352482,0.34675024075765637,0.5777498377502064,0.4138804097417172,0.575439453125,0.025229842206718086,0.008968129922813666,70,0.03310924074209503,0.07293422830123003,0.0,0.006998052653729825,1.0,0.005804059317169208,1.0,-0.0085601806640625,1.0,-0.022794929153814314,1.0
dense,10,4000,200,41,0.34094618144048716,0.5839996337890625,0.387480618756356,0.6670372654486076,0.37076268945801,0.5842313846451722,0.4471577986045778,0.6241455078125,0.027764756225206712,0.008709776178158777,61,0.03301990722379681,0.10621161716409067,0.0,0.046534437315868815,1.0,0.029816508017522836,1.0,0.0401458740234375,1.0,0.08303763165954514,0.0
dense,10,4000,200,42,0.34094618144048716,0.5839996337890625,0.35473361983307344,0.6211823666327314,0.35440468398773906,0.5601371412350732,0.4288980182895541,0.5892333984375,0.025896091524355628,0.008831801372898363,55,0.030342562425824372,0.08795183684906693,0.0,0.013787438392586282,1.0,0.013458502547251894,1.0,0.0052337646484375,1.0,0.03718273284366891,1.0
dense,10,4000,200,43,0.34094618144048716,0.5839996337890625,0.3256507865696654,0.6768100756224725,0.30862546375851685,0.5031509818243587,0.3904207184964287,0.593017578125,0.02551172013591316,0.007515311078134377,63,0.03494752627612504,0.049474537055941514,1.0,-0.015295394870821766,1.0,-0.03232071768197031,1.0,0.0090179443359375,1.0,0.09281044183341003,0.0
dense,10,4000,200,44,0.34094618144048716,0.5839996337890625,0.3440340537105888,0.5165395528272199,0.3627078444332051,0.58307154202863,0.4352543013890798,0.59814453125,0.02627063969358023,0.00874737246138841,63,0.029768979821325127,0.09430811994859262,0.0,0.0030878722701016548,1.0,0.021761662992717923,1.0,0.0141448974609375,1.0,-0.06746008096184264,0.0
dense,10,4000,200,45,0.34094618144048716,0.5839996337890625,0.36389943188848595,0.6783622895556585,0.3198417518280953,0.4878264037864203,0.4055819624814918,0.603759765625,0.026945431415264613,0.00795416963060481,73,0.04127871701137325,0.06463578104100465,0.0,0.022953250447998785,1.0,-0.02110442961239184,1.0,0.0197601318359375,1.0,0.09436265576659597,0.0
dense,10,4000,200,46,0.34094618144048716,0.5839996337890625,0.36346889399777166,0.58869987722669,0.3734490760143786,0.5712658669654874,0.44342322005980306,0.623046875,0.026301473069250767,0.00834986295813905,59,0.032111759976709967,0.1024770386193159,0.0,0.022522712557284497,1.0,0.03250289457389144,1.0,0.0390472412109375,1.0,0.004700243437627538,1.0
dense,10,4000,200,47,0.34094618144048716,0.5839996337890625,0.2807397897180625,0.6269592948355904,0.27895757904987584,0.586689091861973,0.3593442758134968,0.5408935546875,0.02540387640115703,0.008282006601022619,73,0.0351707433470728,0.018398094373009655,1.0,-0.060206391722424646,0.0,-0.061988602390611325,0.0,-0.0431060791015625,1.0,0.04295966104652793,1.0
dense,10,4000,200,48,0.34094618144048716,0.5839996337890625,0.3355344876963451,0.7079768276039632,0.35503807260244136,0.5281846980216887,0.43029492792861035,0.61767578125,0.02777221783112358,0.008180871704554489,59,0.036475063366027675,0.08934874648812319,0.0,-0.0054116937441420765,1.0,0.014091891161954195,1.0,0.0336761474609375,1.0,0.12397719381490069,0.0
dense,10,4000,200,49,0.34094618144048716,0.5839996337890625,0.31978237814351934,0.4276083368371938,0.33290531500310866,0.5208928066357429,0.4058590487440073,0.5972900390625,0.025985176366298393,0.00810606342184856,62,0.03570624143996544,0.06491286730352014,0.0,-0.02116380329696782,1.0,-0.008040866437378502,1.0,0.0132904052734375,1.0,-0.1563912969518687,0.0
dense,10,4000,200,50,0.34094618144048716,0.5839996337890625,0.3107683138419316,0.6400818462132243,0.3001452924769541,0.5482568666303317,0.3783949557869206,0.567138671875,0.02471910168459334,0.007853708333190356,57,0.0320295305309482,0.037448774346433455,1.0,-0.030177867598555563,1.0,-0.040800888963533066,1.0,-0.0168609619140625,1.0,0.05608221242416178,1.0
dense,10,4000,200,51,0.34094618144048716,0.5839996337890625,0.35899263001825465,0.7794564094074491,0.33655512658663234,0.569221936882846,0.4070590378905062,0.613037109375,0.026304292660957393,0.008029070500054455,62,0.032538465623420894,0.06611285645001902,0.0,0.018046448577767493,1.0,-0.0043910548538548255,1.0,0.0290374755859375,1.0,0.1954567756183866,0.0
dense,10,4000,200,52,0.34094618144048716,0.5839996337890625,0.2898533665540059,0.5781277456981605,0.29464504231326927,0.5165073865958241,0.3720347379805326,0.5865478515625,0.026016009392551147,0.0078486302627078,63,0.036793823515242886,0.031088556540045442,1.0,-0.051092814886481264,0.0,-0.046301139127217894,1.0,0.0025482177734375,1.0,-0.005871888090902,1.0
dense,10,4000,200,53,0.34094618144048716,0.5839996337890625,0.33173850639468133,0.6528774587167971,0.3263788752660521,0.6051128342174256,0.40553366192050244,0.611572265625,0.026895664936785954,0.008185858242544336,66,0.0354932708631098,0.06458748048001528,0.0,-0.00920767504580583,1.0,-0.01456730617443508,1.0,0.0275726318359375,1.0,0.06887782492773464,1.0
dense,10,4000,200,54,0.34094618144048716,0.5839996337890625,0.38795779345208536,0.5263144083465862,0.35237217300589363,0.5901683517704184,0.4181619985637792,0.5665283203125,0.025057302634092768,0.00903309186745757,57,0.03018521110280869,0.07721581712329206,0.0,0.0470116120115982,1.0,0.011425991565406468,1.0,-0.0174713134765625,1.0,-0.05768522544247634,1.0
dense,10,4000,200,55,0.34094618144048716,0.5839996337890625,0.3392290380182841,0.6400567384084278,0.3120952509238071,0.617077547194189,0.3875535966441163,0.569091796875,0.0258498513187131,0.00860662960162018,63,0.03176736365902196,0.046607415203629154,1.0,-0.0017171434222030824,1.0,-0.028850930516680084,1.0,-0.0149078369140625,1.0,0.056057104619365306,1.0
dense,10,4000,200,56,0.34094618144048716,0.5839996337890625,0.36386242484031706,0.6608832107065447,0.35098135013127185,0.6235640915472139,0.42714447715062964,0.6004638671875,0.026473334643095134,0.008708640610015687,74,0.03457169166681588,0.08619829571014248,0.0,0.022916243399829894,1.0,0.01003516869078469,1.0,0.0164642333984375,1.0,0.07688357691748215,0.0
dense,10,4000,200,57,0.34094618144048716,0.5839996337890625,0.3659139712470514,0.49765140589882706,0.35892263032214194,0.6174191110685496,0.4337529776904091,0.5865478515625,0.026388516803715036,0.00901850199145162,67,0.029845546157931935,0.09280679624992194,0.0,0.024967789806564222,1.0,0.017976448881654783,1.0,0.0025482177734375,1.0,-0.08634822789023544,0.0
dense,10,4000,200,58,0.34094618144048716,0.5839996337890625,0.3553071406000883,0.5593148805701459,0.34664870475491855,0.6125827156627742,0.4197295118374625,0.5797119140625,0.02576869349564072,0.008956086537425072,64,0.03331234885019142,0.07878333039697533,0.0,0.014360959159601117,1.0,0.005702523314431385,1.0,-0.0042877197265625,1.0,-0.02468475321891661,1.0
dense,10,4000,200,59,0.34094618144048716,0.5839996337890625,0.3793670423165493,0.7013580586284252,0.3758295078182319,0.5980668541863506,0.4466944055086918,0.6148681640625,0.026595167588102594,0.008664929493503764,71,0.03318612520619089,0.10574822406820467,0.0,0.03842086087606211,1.0,0.03488332637774472,1.0,0.0308685302734375,1.0,0.11735842483936265,0.0
dense,10,4000,200,60,0.34094618144048716,0.5839996337890625,0.326552922098668,0.5811003937964649,0.33167016787588516,0.5668365464072026,0.40074577152567314,0.603515625,0.02630818108642188,0.008021991293556945,51,0.02925718179747281,0.05979959008518598,0.0,-0.014393259341819176,1.0,-0.009276013564602004,1.0,0.0195159912109375,1.0,-0.0028992399925975576,1.0
dense,10,4000,200,61,0.34094618144048716,0.5839996337890625,0.32734274585094864,0.6352450966523898,0.33138288364384216,0.63723977589516,0.4043557183877352,0.5799560546875,0.02511838456722483,0.008305388401042385,50,0.028286415786824094,0.06340953694724805,0.0,-0.013603435589538526,1.0,-0.009563297796644998,1.0,-0.0040435791015625,1.0,0.05124546286332732,1.0
dense,10,4000,200,62,0.34094618144048716,0.5839996337890625,0.3088788941464618,0.572043820685283,0.2874041875481499,0.5516212603160011,0.37636663409932763,0.5687255859375,0.025962166354029738,0.007953929081603093,67,0.03793571812907211,0.03542045265884047,1.0,-0.03206728729402536,1.0,-0.05354199389233727,0.0,-0.0152740478515625,1.0,-0.011955813103779467,1.0
dense,10,4000,200,63,0.34094618144048716,0.5839996337890625,0.3725266732495516,0.5059197582229773,0.3474646029162657,0.5316488747749191,0.4249448659072992,0.572265625,0.02466592808269865,0.008559092364891276,71,0.03184259370411291,0.08399868446681202,0.0,0.031580491809064415,1.0,0.006518421475778524,1.0,-0.0117340087890625,1.0,-0.0780798755660852,0.0
dense,10,4000,200,64,0.34094618144048716,0.5839996337890625,0.4398122250760775,0.6345273310521504,0.40531182096860235,0.5977989006404858,0.46815594745195993,0.6024169921875,0.02689090186517773,0.008768690927405927,52,0.02767389895831881,0.12720976601147277,0.0,0.09886604363559032,0.0,0.06436563952811519,0.0,0.0184173583984375,1.0,0.05052769726308792,1.0
dense,10,4000,200,65,0.34094618144048716,0.5839996337890625,0.4132317771518671,0.5064539707541293,0.3848943412672894,0.5780909142439988,0.4531477799837213,0.5970458984375,0.025638751877927583,0.008520783014203828,62,0.03158834921256103,0.11220159854323414,0.0,0.07228559571137994,0.0,0.043948159826802224,1.0,0.0130462646484375,1.0,-0.07754566303493315,0.0
dense,10,4000,200,66,0.34094618144048716,0.5839996337890625,0.3229513142578371,0.6238522724610864,0.3154459283129213,0.6013494471830402,0.3880128023707755,0.568115234375,0.02481153187759315,0.008629875781152622,70,0.037183669958974354,0.04706662093028835,1.0,-0.017994867182650087,1.0,-0.025500253127565875,1.0,-0.0158843994140625,1.0,0.03985263867202393,1.0
dense,10,4000,200,67,0.34094618144048716,0.5839996337890625,0.3381823149584533,0.4999800928240514,0.3148719768158957,0.5329832033923004,0.3928534338468188,0.5806884765625,0.02584683589054223,0.008342722927092506,64,0.03638631571590549,0.05190725240633165,0.0,-0.002763866482033861,1.0,-0.02607420462459148,1.0,-0.0033111572265625,1.0,-0.08401954096501107,0.0
dense,10,4000,200,68,0.34094618144048716,0.5839996337890625,0.350185699863002,0.6784998054052352,0.3466645199163351,0.583910153470765,0.4174570784370427,0.605712890625,0.02604780114226022,0.0085714824464614,61,0.030089347680030964,0.07651089699655556,0.0,0.009239518422514859,1.0,0.005718338475847962,1.0,0.0217132568359375,1.0,0.09450017161617275,0.0
dense,10,4000,200,69,0.34094618144048716,0.5839996337890625,0.33067564093926194,0.6360884199953453,0.3179402179652144,0.526337159824521,0.3930313193583048,0.5615234375,0.025459696907853484,0.008308009744285534,68,0.03450414414699464,0.05208513791781766,0.0,-0.010270540501225223,1.0,-0.023005963475272784,1.0,-0.0224761962890625,1.0,0.05208878620628277,1.0
dense,10,4000,200,70,0.34094618144048716,0.5839996337890625,0.2855997769064721,0.6200797941733297,0.27361631498612754,0.6092448875104561,0.35226050299647454,0.56982421875,0.026053239185070635,0.008083531024115511,61,0.03628242277867342,0.011314321555987383,1.0,-0.05534640453401507,0.0,-0.06732986645435962,0.0,-0.0141754150390625,1.0,0.0360801603842672,1.0
dense,10,4000,200,71,0.34094618144048716,0.5839996337890625,0.3539423149232888,0.6507672297205083,0.323021495646757,0.5750408200395359,0.40228812986629714,0.5869140625,0.025682930525338075,0.008204081550902053,67,0.03644346060578294,0.06134194842580998,0.0,0.012996133482801653,1.0,-0.01792468579373019,1.0,0.0029144287109375,1.0,0.06676759593144577,1.0
dense,10,4000,200,72,0.34094618144048716,0.5839996337890625,0.3691287146697108,0.5954833063029127,0.3697520956851576,0.5838906236470596,0.4351979500617341,0.59619140625,0.025963937771223012,0.008883898072035141,48,0.026371372549373884,0.09425176862124696,0.0,0.02818253322922365,1.0,0.02880591424467044,1.0,0.0121917724609375,1.0,0.011483672513850185,1.0
dense,10,4000,200,73,0.34094618144048716,0.5839996337890625,0.38511896229943965,0.6092064859290981,0.3576726665968457,0.5809242831966949,0.4360750138543831,0.600341796875,0.026704588703725888,0.008971427368714029,67,0.031647839031791115,0.09512883241389591,0.0,0.04417278085895249,1.0,0.01672648515635855,1.0,0.0163421630859375,1.0,0.025206852140035596,1.0
dense,10,4000,200,74,0.34094618144048716,0.5839996337890625,0.38551958342830817,0.5572420897265286,0.36397150660485766,0.5667302160400212,0.4344446961985759,0.5994873046875,0.027380500347579273,0.008697878860281503,65,0.033878060901685665,0.09349851475808874,0.0,0.044573401987821004,1.0,0.023025325164370503,1.0,0.0154876708984375,1.0,-0.026757544062533944,1.0
dense,10,4000,200,75,0.34094618144048716,0.5839996337890625,0.31368984920030596,0.6498570797714427,0.3283861577038708,0.5718325503080203,0.40440540764640764,0.5831298828125,0.026528538056479364,0.008737431269415221,74,0.03876461140202675,0.06345922620592048,0.0,-0.027256332240181202,1.0,-0.012560023736616355,1.0,-0.0008697509765625,1.0,0.06585744598238019,1.0
dense,10,4000,200,76,0.34094618144048716,0.5839996337890625,0.3739674462086396,0.664632429389962,0.39274991401711346,0.6453102741056578,0.46015008159157633,0.59521484375,0.026505090571609755,0.009351658612434997,61,0.033001358413747704,0.11920390015108917,0.0,0.033021264768152425,1.0,0.051803732576626293,1.0,0.0112152099609375,1.0,0.08063279560089953,0.0
dense,10,4000,200,77,0.34094618144048716,0.5839996337890625,0.2800637938562564,0.6555844477014369,0.2677587714151546,0.5618400440487572,0.3519963060627428,0.5732421875,0.02517435286498542,0.007932689685873996,60,0.036711401653800074,0.01105012462225563,1.0,-0.06088238758423076,0.0,-0.07318741002533258,0.0,-0.0107574462890625,1.0,0.07158481391237437,1.0
dense,10,4000,200,78,0.34094618144048716,0.5839996337890625,0.3723996271114657,0.6128540260145984,0.39408724266009,0.5632488671863377,0.4698867382009193,0.617919921875,0.02688390909686258,0.009034095109477763,69,0.034220276667875076,0.12894055676043215,0.0,0.03145344567097852,1.0,0.053141061219602825,0.0,0.0339202880859375,1.0,0.028854392225535874,1.0
dense,10,4000,200,79,0.34094618144048716,0.5839996337890625,0.44513701793729854,0.6080418820079541,0.4126331579406114,0.5552316698645111,0.478754942853337,0.6121826171875,0.027366493172927372,0.008817246357793688,52,0.028918437130750818,0.1378087614128498,0.0,0.10419083649681138,0.0,0.07168697650012423,0.0,0.0281829833984375,1.0,0.02404224821889156,1.0
dense,10,4000,200,80,0.34094618144048716,0.5839996337890625,0.26136288303846966,0.6045212698628984,0.2667973817292154,0.5499753708952364,0.35499136137661336,0.56787109375,0.025628461989430883,0.008198595393717503,71,0.03958952721143117,0.014045179936126195,1.0,-0.0795832984020175,0.0,-0.07414879971127175,0.0,-0.0161285400390625,1.0,0.020521636073835947,1.0
dense,10,4000,200,81,0.34094618144048716,0.5839996337890625,0.330778463021775,0.6431404602949629,0.31292951197523117,0.5850617935266756,0.3947012982885537,0.5753173828125,0.02707541087186919,0.008582354349165053,64,0.03675154635956136,0.05375511684806655,0.0,-0.010167718418712168,1.0,-0.028016669465255994,1.0,-0.0086822509765625,1.0,0.05914082650590036,1.0
dense,10,4000,200,82,0.34094618144048716,0.5839996337890625,0.3545074761727612,0.7590379205379102,0.36692442949617526,0.5387074433586095,0.4395743006475948,0.6121826171875,0.025918517091992936,0.00845100563325443,60,0.034194669923961786,0.09862811920710762,0.0,0.01356129473227402,1.0,0.025978248055688102,1.0,0.0281829833984375,1.0,0.1750382867488477,0.0
dense,10,4000,200,83,0.34094618144048716,0.5839996337890625,0.34290603099946304,0.6047922952961323,0.36836670486541645,0.5986856061160043,0.44201750918271165,0.5916748046875,0.02662939575219779,0.008824073369656332,62,0.032363708712435324,0.10107132774222449,0.0,0.001959849558975879,1.0,0.02742052342492929,1.0,0.0076751708984375,1.0,0.02079266150706982,1.0
dense,10,4000,200,84,0.34094618144048716,0.5839996337890625,0.3259221682653013,0.6777485844130445,0.30865152846298893,0.5633056166282471,0.39255021030469506,0.6173095703125,0.02636748817946637,0.007568385158628457,67,0.03970801159811605,0.051604028864207896,1.0,-0.015024013175185869,1.0,-0.03229465297749823,1.0,0.0333099365234375,1.0,0.09374895062398203,0.0
dense,10,4000,200,85,0.34094618144048716,0.5839996337890625,0.3108245620004126,0.6722575104773478,0.306999263675647,0.5487499931156851,0.3868308770521971,0.5699462890625,0.025154540566447482,0.008182541875324426,72,0.03716969278065493,0.045884695611709936,1.0,-0.030121619440074576,1.0,-0.03394691776484016,1.0,-0.0140533447265625,1.0,0.08825787668828533,0.0
dense,10,4000,200,86,0.34094618144048716,0.5839996337890625,0.3196138720064929,0.6346803271446764,0.3275236837029325,0.5694658681969103,0.40016149652212085,0.5965576171875,0.025572958501956546,0.008585871962982779,61,0.0319321155054031,0.05921531508163369,0.0,-0.02133230943399428,1.0,-0.013422497737554662,1.0,0.0125579833984375,1.0,0.05068069335561387,1.0
dense,10,4000,200,87,0.34094618144048716,0.5839996337890625,0.33445246333715395,0.7276538628890507,0.3151991894439403,0.5393067150247863,0.3938490291637791,0.5924072265625,0.026758430474034013,0.008200231072204717,60,0.035499286790206516,0.05290284772329196,0.0,-0.0064937181033332125,1.0,-0.025746991996546842,1.0,0.0084075927734375,1.0,0.14365422909998815,0.0
dense,10,4000,200,88,0.34094618144048716,0.5839996337890625,0.306794589417472,0.6508455968814558,0.3246285700964249,0.6143479763235903,0.39709782053536036,0.5762939453125,0.025145611281367598,0.008392986553767313,59,0.032390280920899135,0.056151639094873196,0.0,-0.034151592023015154,1.0,-0.01631761134406229,1.0,-0.0077056884765625,1.0,0.06684596309239332,0.0
dense,10,4000,200,89,0.34094618144048716,0.5839996337890625,0.3513345315527807,0.6570452320069081,0.35340393798629105,0.5526943537780391,0.4268558844687147,0.59228515625,0.02660215413650041,0.008810123256050177,76,0.03646202614049821,0.08590970302822754,0.0,0.010388350112293554,1.0,0.012457756545803889,1.0,0.0082855224609375,1.0,0.07304559821784562,0.0
dense,10,4000,200,90,0.34094618144048716,0.5839996337890625,0.3441094154269321,0.5970963585704949,0.3084283021363434,0.6174362414855143,0.39253327367766644,0.59423828125,0.02572914215289389,0.008304591666495078,77,0.03848751385353409,0.05158709223717928,0.0,0.0031632339864449133,1.0,-0.03251787930414374,1.0,0.0102386474609375,1.0,0.013096724781432423,1.0
dense,10,4000,200,91,0.34094618144048716,0.5839996337890625,0.37764497460402796,0.7235412042043221,0.3655348332304099,0.5677357981607425,0.4461002751188577,0.63037109375,0.027378067906210297,0.007948433526291907,65,0.03916077938550072,0.10515409367837053,0.0,0.0366987931635408,1.0,0.024588651789922755,1.0,0.0463714599609375,1.0,0.1395415704152596,0.0
dense,10,4000,200,92,0.34094618144048716,0.5839996337890625,0.381707711243603,0.6651568521116635,0.3429769808110553,0.599010867212165,0.416222161414944,0.5992431640625,0.026572577430360792,0.008531667981678924,67,0.03465759452614647,0.07527597997445684,0.0,0.040761529803115815,1.0,0.0020307993705681593,1.0,0.0152435302734375,1.0,0.08115721832260103,0.0
dense,10,4000,200,93,0.34094618144048716,0.5839996337890625,0.3319472294774468,0.5821718704790882,0.33921988859386254,0.599608674989803,0.4085867262333984,0.573486328125,0.02554537303032692,0.00841788855142958,44,0.023409102521060116,0.06764054479291126,0.0,-0.008998951963040347,1.0,-0.001726292846624622,1.0,-0.0105133056640625,1.0,-0.0018277633099742507,1.0
dense,10,4000,200,94,0.34094618144048716,0.5839996337890625,0.3927227547988249,0.61620253702168,0.3775906585629052,0.6335423723768491,0.4533493095571852,0.6058349609375,0.0263382487967651,0.009121065023871604,74,0.03402332437525755,0.11240312811669806,0.0,0.05177657335833774,0.0,0.03664447712241803,1.0,0.0218353271484375,1.0,0.03220290323261754,1.0
dense,10,4000,200,95,0.34094618144048716,0.5839996337890625,0.365250725568917,0.5157987833051649,0.3608687606598195,0.5423505832128651,0.4249634023389331,0.5908203125,0.025815548944490993,0.008501594780551557,69,0.036209220637015795,0.08401722089844593,0.0,0.02430454412842986,1.0,0.019922579219332326,1.0,0.0068206787109375,1.0,-0.06820085048389757,1.0
dense,10,4000,200,96,0.34094618144048716,0.5839996337890625,0.3536878651304267,0.5008743650806511,0.33260982635882425,0.5457080407118355,0.4113636101793622,0.5972900390625,0.024651939815115636,0.007938570099957085,74,0.03650375835699159,0.07041742873887502,0.0,0.012741683689939554,1.0,-0.008336355081662916,1.0,0.0132904052734375,1.0,-0.08312526870841142,0.0
dense,10,4000,200,97,0.34094618144048716,0.5839996337890625,0.3637921028690934,0.698020287643726,0.32250441978865124,0.5192101385910146,0.40191719145680016,0.5723876953125,0.02425453817484547,0.007945716305974999,80,0.037569974334838684,0.060971010016313,0.0,0.022845921428606253,1.0,-0.01844176165183592,1.0,-0.0116119384765625,1.0,0.11402065385466353,0.0
dense,10,4000,200,98,0.34094618144048716,0.5839996337890625,0.3768782284807734,0.6903256683923669,0.36837181367200017,0.6845967888213987,0.44283287903939716,0.607421875,0.026618686156283888,0.009163792673423298,54,0.029311857163782713,0.10188669759891,0.0,0.03593204704028624,1.0,0.02742563223151301,1.0,0.0234222412109375,1.0,0.10632603460330436,0.0
dense,10,4000,200,99,0.34094618144048716,0.5839996337890625,0.3639799906726049,0.6202188586710772,0.36121537161494477,0.5452389247263484,0.4358308489604018,0.604736328125,0.026533195839436863,0.008342342905071706,62,0.03365460993191176,0.09488466751991464,0.0,0.02303380923211773,1.0,0.020269190174457608,1.0,0.0207366943359375,1.0,0.03621922488201468,1.0
dense,10,4000,200,100,0.34094618144048716,0.5839996337890625,0.37202374823571016,0.6729722087247435,0.33588902756150096,0.5823083715195163,0.40974860012885017,0.5799560546875,0.024502568713745187,0.00869566281079646,81,0.038157803706005994,0.06880241868836301,0.0,0.031077566795223,1.0,-0.005057153878986198,1.0,-0.0040435791015625,1.0,0.088972574935681,0.0
dense,10,4000,200,101,0.34094618144048716,0.5839996337890625,0.40447505703596054,0.5753138074253914,0.36623721336009585,0.5768387228291136,0.4443008468894317,0.60791015625,0.02705247221092657,0.008544094849841482,69,0.03853295925719942,0.10335466544894456,0.0,0.06352887559547338,0.0,0.025291031919608686,1.0,0.0239105224609375,1.0,-0.0086858263636711,1.0
dense,10,4000,200,102,0.34094618144048716,0.5839996337890625,0.3501459174778375,0.5359616057571487,0.3340183401273037,0.5726311855743526,0.4057805316915775,0.5792236328125,0.02625577547854023,0.008324216386453654,61,0.03390454943949293,0.06483435025109036,0.0,0.009199736037350359,1.0,-0.006927841313183469,1.0,-0.0047760009765625,1.0,-0.048038028031913815,1.0
dense,10,4000,200,103,0.34094618144048716,0.5839996337890625,0.3589920594553566,0.6272645640460597,0.33532336768242665,0.5415350439969749,0.41227062509013,0.5894775390625,0.025192656631417603,0.008279555205861041,67,0.034347902384590276,0.07132444364964285,0.0,0.018045878014869454,1.0,-0.0056228137580605075,1.0,0.0054779052734375,1.0,0.04326493025699718,1.0
dense,10,4000,200,104,0.34094618144048716,0.5839996337890625,0.3507911617902694,0.6208623021446088,0.33228154080050043,0.5572187956443141,0.4083971055472355,0.5748291015625,0.026070564393430147,0.00860280551263302,58,0.029523882291789816,0.06745092410674836,0.0,0.009844980349782262,1.0,-0.008664640639986732,1.0,-0.0091705322265625,1.0,0.0368626683555463,1.0
dense,10,4000,200,105,0.34094618144048716,0.5839996337890625,0.36834680746137005,0.7419338278351251,0.36610906623316397,0.6011848658411877,0.4368422010977824,0.615966796875,0.02541738482388948,0.008640997455904527,62,0.030194404365241904,0.09589601965729522,0.0,0.02740062602088289,1.0,0.02516288479267681,1.0,0.0319671630859375,1.0,0.15793419404606257,0.0
dense,10,4000,200,106,0.34094618144048716,0.5839996337890625,0.32418743018509855,0.6155011978776751,0.31258979849443536,0.5614060520971501,0.3874721308683627,0.580322265625,0.024509424393297848,0.008532675423057034,81,0.03946646124590282,0.046525949427875524,1.0,-0.016758751255388615,1.0,-0.028356382946051806,1.0,-0.0036773681640625,1.0,0.0315015640886126,1.0
dense,10,4000,200,107,0.34094618144048716,0.5839996337890625,0.356258141289305,0.6747487274487926,0.3428511043529735,0.5812704241138437,0.41549444464388263,0.5738525390625,0.02533493077272548,0.008750234074101337,57,0.0318371831332596,0.07454826320339547,0.0,0.015311959848817835,1.0,0.0019049229124863398,1.0,-0.0101470947265625,1.0,0.09074909365973005,0.0
dense,10,4000,200,108,0.34094618144048716,0.5839996337890625,0.36839114011718743,0.5813556365179634,0.3521795421723389,0.6378441633397313,0.43254974993929296,0.624755859375,0.027647587048860733,0.008336466752923048,75,0.03813768383089172,0.0916035684988058,0.0,0.02744495867670027,1.0,0.011233360731851716,1.0,0.0407562255859375,1.0,-0.0026439972710990967,1.0
dense,10,4000,200,109,0.34094618144048716,0.5839996337890625,0.33296394118911626,0.6308876240584627,0.34542812728083294,0.5801738249181436,0.41292762513698766,0.560791015625,0.02549999811358438,0.008966613728355256,61,0.029461583962065635,0.0719814436965005,0.0,-0.007982240251370898,1.0,0.00448194584034578,1.0,-0.0232086181640625,1.0,0.04688799026940016,1.0
dense,10,4000,200,110,0.34094618144048716,0.5839996337890625,0.3582691368375917,0.6875280425811602,0.3294795018209028,0.5526283844220259,0.41025363777924684,0.6163330078125,0.026887094168998208,0.008181064965410852,76,0.038245327625005245,0.06930745633875968,0.0,0.017322955397104545,1.0,-0.011466679619584363,1.0,0.0323333740234375,1.0,0.10352840879209768,0.0
dense,10,4000,200,111,0.34094618144048716,0.5839996337890625,0.38948668761075805,0.5313449542365747,0.3542593956721294,0.5535073158160261,0.4247789801675863,0.5897216796875,0.025902514550001036,0.00893190087633461,61,0.029000880890073112,0.08383279872709914,0.0,0.04854050617027089,1.0,0.013313214231642223,1.0,0.0057220458984375,1.0,-0.052654679552487815,1.0
dense,10,4000,200,112,0.34094618144048716,0.5839996337890625,0.32476885565705926,0.6518256026531497,0.3106999659271116,0.6071224530788134,0.38091247116413574,0.572021484375,0.0248678690458098,0.008471661972584789,60,0.033511304633116926,0.039966289723648574,1.0,-0.0161773257834279,1.0,-0.030246215513375585,1.0,-0.0119781494140625,1.0,0.0678259688640872,0.0
dense,10,4000,200,113,0.34094618144048716,0.5839996337890625,0.3254380126822435,0.5968819801833716,0.3061815542763521,0.5546022118096875,0.38029220983051565,0.5660400390625,0.025152907540688198,0.00821488450320347,46,0.029772343882558037,0.03934602839002849,1.0,-0.015508168758243679,1.0,-0.03476462716413509,1.0,-0.0179595947265625,1.0,0.012882346394309074,1.0
dense,10,4000,200,114,0.34094618144048716,0.5839996337890625,0.3188711102050888,0.6113462053674078,0.3131414695286444,0.5235875902707707,0.37715232080295086,0.55078125,0.024374430025077214,0.008600336121271786,54,0.027775663223614785,0.036206139362463696,1.0,-0.02207507123539837,1.0,-0.02780471191184275,1.0,-0.0332183837890625,1.0,0.027346571578345302,1.0
dense,10,4000,200,115,0.34094618144048716,0.5839996337890625,0.3847423813934639,0.5870968169125254,0.3716577680538054,0.6144258600420872,0.44319472043678276,0.5904541015625,0.025872315421604345,0.009098473150003769,65,0.03090277379645184,0.1022485389962956,0.0,0.04379619995297673,1.0,0.030711586613318242,1.0,0.0064544677734375,1.0,0.0030971831234628544,1.0
dense,10,4000,200,116,0.34094618144048716,0.5839996337890625,0.34418905922218684,0.5810546875,0.3244302680885554,0.5373044240091018,0.3963221749919905,0.5850830078125,0.024495934593778242,0.008399950062840427,79,0.03697291313106202,0.055375993551503355,0.0,0.0032428777816996823,1.0,-0.016515913351931755,1.0,0.0010833740234375,1.0,-0.0029449462890625,1.0
dense,10,4000,200,117,0.34094618144048716,0.5839996337890625,0.3297953890779816,0.5470032629824959,0.33336834178213537,0.5513230759512318,0.40891100826947524,0.57373046875,0.02554466348543655,0.008806922687361175,79,0.03859600623467732,0.06796482682898808,0.0,-0.011150792362505546,1.0,-0.007577839658351793,1.0,-0.0102691650390625,1.0,-0.03699637080656659,1.0
dense,10,4000,200,118,0.34094618144048716,0.5839996337890625,0.33047654857515074,0.6047885760637528,0.3189978424161396,0.5147042115946047,0.3913096249371121,0.5653076171875,0.02479195211677797,0.008119495633377547,62,0.035834792602893815,0.050363443496624916,0.0,-0.01046963286533642,1.0,-0.021948339024347563,1.0,-0.0186920166015625,1.0,0.020788942274690303,1.0
dense,10,4000,200,119,0.34094618144048716,0.5839996337890625,0.36958385069559196,0.5682610036798525,0.3418398675048368,0.6049253789974744,0.4160541947392368,0.583740234375,0.027029390787190924,0.008426526592036658,59,0.035713335491396006,0.07510801329874967,0.0,0.028637669255104803,1.0,0.0008936860643496414,1.0,-0.0002593994140625,1.0,-0.01573863010920995,1.0
dense,10,4000,200,120,0.34094618144048716,0.5839996337890625,0.3825767369847445,0.6276653295456691,0.36436919792907324,0.5909155340507589,0.42855533725802436,0.588623046875,0.024585624145892028,0.008982460803384766,54,0.028249184804507704,0.0876091558175372,0.0,0.04163055554425732,1.0,0.02342301648858608,1.0,0.0046234130859375,1.0,0.043665695756606615,1.0
dense,10,4000,200,121,0.34094618144048716,0.5839996337890625,0.3350497677226754,0.7170606594847074,0.3395274251359042,0.563879915656955,0.4180190010969559,0.6046142578125,0.027230568269684768,0.008237144660983969,62,0.035376861563821936,0.07707281965646873,0.0,-0.005896413717811744,1.0,-0.0014187563045829354,1.0,0.0206146240234375,1.0,0.13306102569564493,0.0
dense,10,4000,200,122,0.34094618144048716,0.5839996337890625,0.33852319269123277,0.6201324142410285,0.3165319584400237,0.5626069081240912,0.39299948626789705,0.5650634765625,0.02536412952927566,0.008284632988490184,60,0.032060484209616824,0.052053304827409885,0.0,-0.0024229887492543956,1.0,-0.024414223000463475,1.0,-0.0189361572265625,1.0,0.036132780451965996,1.0
dense,10,4000,200,123,0.34094618144048716,0.5839996337890625,0.3442249819360067,0.5923128464633013,0.3362397319865184,0.5714479934999311,0.4080278044880417,0.572021484375,0.026113363861882847,0.008889753946946173,62,0.03136231085897166,0.06708162304755455,0.0,0.0032788004955195404,1.0,-0.004706449453968753,1.0,-0.0119781494140625,1.0,0.00831321267423879,1.0
dense,10,4000,200,124,0.34094618144048716,0.5839996337890625,0.3151009160024405,0.6203986825064824,0.31343659078067115,0.6250919619253359,0.3917563334323446,0.5694580078125,0.024160232898822322,0.008615565338397647,82,0.043349001512719726,0.050810151991857455,0.0,-0.02584526543804666,1.0,-0.027509590659816008,1.0,-0.0145416259765625,1.0,0.036399048717419946,1.0
dense,10,4000,200,125,0.34094618144048716,0.5839996337890625,0.37676075564820694,0.6756427360042299,0.36775338671790125,0.5446739204240926,0.4336059725757695,0.6036376953125,0.026420208624895507,0.008160403878247378,61,0.03465905053318893,0.09265979113528233,0.0,0.035814574207719774,1.0,0.026807205277414092,1.0,0.0196380615234375,1.0,0.09164310221516736,0.0
dense,10,4000,200,126,0.34094618144048716,0.5839996337890625,0.34377684274880393,0.6788413284874203,0.34674644850404945,0.504290001500554,0.41441623474077627,0.59912109375,0.025441047805455554,0.007890380533246331,60,0.03302571417265003,0.0734700533002891,0.0,0.002830661308316773,1.0,0.005800267063562292,1.0,0.0151214599609375,1.0,0.09484169469835779,0.0
dense,10,4000,200,127,0.34094618144048716,0.5839996337890625,0.41607622706648084,0.686600295375187,0.40365730014097456,0.6929912410624925,0.46846624690772837,0.59716796875,0.026385848784264098,0.009379438347778832,62,0.02819755925426601,0.1275200654672412,0.0,0.07513004562599368,0.0,0.0627111187004874,0.0,0.0131683349609375,1.0,0.10260066158612446,0.0
dense,10,4000,200,128,0.34094618144048716,0.5839996337890625,0.3202498651151315,0.5636921592330958,0.3136760568813999,0.5458430860190496,0.3928196176641399,0.5758056640625,0.026140376159220425,0.008531875378123983,65,0.03422716437115839,0.05187343622365276,0.0,-0.02069631632535568,1.0,-0.027270124559087283,1.0,-0.0081939697265625,1.0,-0.02030747455596671,1.0
dense,10,4000,200,129,0.34094618144048716,0.5839996337890625,0.35388810272186483,0.6021539793292262,0.33465016997508384,0.5796901329646064,0.4014473895548819,0.5789794921875,0.02446557290756055,0.008376944918074045,61,0.032001771979237294,0.060501208114394744,0.0,0.012941921281377666,1.0,-0.006296011465403317,1.0,-0.0050201416015625,1.0,0.018154345540163708,1.0
dense,10,4000,200,130,0.34094618144048716,0.5839996337890625,0.3570809764275848,0.6287476719122331,0.3388349629704217,0.5412950472585344,0.4111154404387376,0.5775146484375,0.02542965336577951,0.008295296047885339,60,0.032168829077916475,0.07016925899825044,0.0,0.016134794987097634,1.0,-0.002111218470065457,1.0,-0.0064849853515625,1.0,0.04474803812317063,1.0
dense,10,4000,200,131,0.34094618144048716,0.5839996337890625,0.3401293115319961,0.6459654218310178,0.34376647059429644,0.5540104562120304,0.4023878623785362,0.57763671875,0.02437886949305256,0.008536796052016066,49,0.026684684495981922,0.061441680938049026,0.0,-0.000816869908491058,1.0,0.0028202891538092745,1.0,-0.0063629150390625,1.0,0.061965788041955294,0.0
dense,10,4000,200,132,0.34094618144048716,0.5839996337890625,0.3209199887105007,0.5508405386998956,0.31798149167780276,0.5705427244685052,0.3854695159080026,0.5482177734375,0.024063132270611236,0.008616177984053876,69,0.03495796298624299,0.04452333446751544,1.0,-0.02002619272998646,1.0,-0.022964689762684398,1.0,-0.0357818603515625,1.0,-0.03315909508916692,1.0
dense,10,4000,200,133,0.34094618144048716,0.5839996337890625,0.4376221179392849,0.6130063875251135,0.43469895530064323,0.6568828305506694,0.4912122881405944,0.61376953125,0.02566454957375117,0.009628753000382401,40,0.020819486702327427,0.15026610670010726,0.0,0.09667593649879774,0.0,0.09375277386015607,0.0,0.0297698974609375,1.0,0.029006753736050994,1.0
dense,10,4000,200,134,0.34094618144048716,0.5839996337890625,0.38321642853138604,0.6743770562356606,0.36553976670980476,0.5957080037349244,0.4350992847153856,0.5733642578125,0.02528375512973038,0.008865254662083656,61,0.030257811708714274,0.09415310327489845,0.0,0.04227024709089888,1.0,0.024593585269317597,1.0,-0.0106353759765625,1.0,0.09037742244659808,0.0
dense,10,4000,200,135,0.34094618144048716,0.5839996337890625,0.3445488727162017,0.5884098772209997,0.33274407663605343,0.6212471266661843,0.40822126333050135,0.5877685546875,0.025974165665774675,0.009067687852665344,81,0.03599298745368161,0.06727508189001419,0.0,0.0036026912757145535,1.0,-0.00820210480443373,1.0,0.0037689208984375,1.0,0.004410243431937189,1.0
dense,10,4000,200,136,0.34094618144048716,0.5839996337890625,0.34921044378683064,0.6460658733794731,0.3405960571105571,0.5768197641038783,0.40974161464110076,0.5966796875,0.02631488959857829,0.008485219857632051,44,0.02693096136552276,0.0687954332006136,0.0,0.008264262346343476,1.0,-0.00035012432993003495,1.0,0.0126800537109375,1.0,0.06206623959041058,0.0
dense,10,4000,200,137,0.34094618144048716,0.5839996337890625,0.4184751081089094,0.6576154831276652,0.38853680762548876,0.5670739631548424,0.46752135214392043,0.6353759765625,0.026883307532317012,0.008410151505342888,51,0.029034696673555658,0.12657517070343327,0.0,0.07752892666842226,0.0,0.047590626185001594,1.0,0.0513763427734375,1.0,0.07361584933860266,0.0
dense,10,4000,200,138,0.34094618144048716,0.5839996337890625,0.4037373167399574,0.7764944330357008,0.38291630336908355,0.6423948080641168,0.4639652603039929,0.6339111328125,0.028685946635023718,0.008529992129668673,56,0.030861937101227522,0.12301907886350572,0.0,0.06279113529947022,0.0,0.04197012192859639,1.0,0.0499114990234375,1.0,0.19249479924663826,0.0
dense,10,4000,200,139,0.34094618144048716,0.5839996337890625,0.39345763316099375,0.6025519420385597,0.3865011847727903,0.6170909149596915,0.4576585523152638,0.6204833984375,0.026093824974594462,0.008889938467886977,74,0.033114046595369054,0.11671237087477665,0.0,0.052511451720506586,0.0,0.04555500333230311,1.0,0.0364837646484375,1.0,0.018552308249497163,1.0
dense,10,4000,200,140,0.34094618144048716,0.5839996337890625,0.3728237486816506,0.6850315718424438,0.3367126987318333,0.5113001332337024,0.4095167914830539,0.610595703125,0.02718766525101776,0.007890464079533619,50,0.032296716138173316,0.06857061004256676,0.0,0.03187756724116342,1.0,-0.0042334827086538684,1.0,0.0265960693359375,1.0,0.10103193805338129,0.0
dense,10,4000,200,141,0.34094618144048716,0.5839996337890625,0.36724956886043686,0.5863643706618884,0.38025909413046105,0.6259218267881005,0.44710495913547205,0.5867919921875,0.024379462291250466,0.00903161889083764,79,0.03339936810053332,0.10615877769498488,0.0,0.026303387419949698,1.0,0.03931291268997389,1.0,0.0027923583984375,1.0,0.002364736872825901,1.0
dense,10,4000,200,142,0.34094618144048716,0.5839996337890625,0.37368777991565716,0.6417196648276697,0.3385098325533429,0.5588079427651265,0.4181690466951098,0.61572265625,0.026810553398885224,0.00798256731682808,69,0.039274492070144905,0.07722286525462263,0.0,0.03274159847517,1.0,-0.0024363488871442796,1.0,0.0317230224609375,1.0,0.057720031038607233,1.0
dense,10,4000,200,143,0.34094618144048716,0.5839996337890625,0.3431847170883395,0.5370190018857344,0.3270211646261343,0.5458497447850624,0.39276045209973715,0.556640625,0.025300677580517926,0.008482474306105079,54,0.030827223185715926,0.051814270659249984,0.0,0.0022385356478523133,1.0,-0.013925016814352875,1.0,-0.0273590087890625,1.0,-0.04698063190332813,1.0
dense,10,4000,200,144,0.34094618144048716,0.5839996337890625,0.3326056932041355,0.5423583984375,0.3143047481261467,0.6114872079119341,0.3822055807472763,0.5699462890625,0.02496591199525499,0.008864334150043512,55,0.026357150210339637,0.041259399306789124,1.0,-0.00834048823635164,1.0,-0.026641433314340435,1.0,-0.0140533447265625,1.0,-0.0416412353515625,1.0
dense,10,4000,200,145,0.34094618144048716,0.5839996337890625,0.34850679104232696,0.6388520830905966,0.32766131672564075,0.5586852896792245,0.4000914181642197,0.59130859375,0.02545330200117555,0.00823371991122865,59,0.032841019213074495,0.059145236723732564,0.0,0.007560609601839796,1.0,-0.013284864714846412,1.0,0.0073089599609375,1.0,0.0548524493015341,1.0
dense,10,4000,200,146,0.34094618144048716,0.5839996337890625,0.3698881847266573,0.6183017440201456,0.3639801682993626,0.5795939786824167,0.43345060017708037,0.593505859375,0.026163670000918474,0.008675208499198044,55,0.028060588907815712,0.09250441873659321,0.0,0.028942003286170137,1.0,0.02303398685887542,1.0,0.0095062255859375,1.0,0.034302110231083094,1.0
dense,10,4000,200,147,0.34094618144048716,0.5839996337890625,0.36523463433597525,0.5941162109375,0.3595050207079381,0.5544254476872703,0.4219910642406944,0.58251953125,0.025086093590484842,0.008584307761357702,51,0.028497570923417696,0.08104488280020722,0.0,0.02428845289548809,1.0,0.018558839267450944,1.0,-0.0014801025390625,1.0,0.0101165771484375,1.0
dense,10,4000,200,148,0.34094618144048716,0.5839996337890625,0.31879696042946043,0.49154684643678814,0.3190669063474206,0.5623380542623092,0.40455495443245165,0.5892333984375,0.026061072723182623,0.008245543814016706,73,0.04032241100438701,0.06360877299196449,0.0,-0.022149221011026732,1.0,-0.021879275093066586,1.0,0.0052337646484375,1.0,-0.09245278735227436,0.0
dense,10,4000,200,149,0.34094618144048716,0.5839996337890625,0.28981767211099296,0.5950699111115142,0.29912025838268413,0.6161657177904614,0.3738981224302916,0.5728759765625,0.025534783079535356,0.008252545359693195,58,0.03093251003806705,0.03295194098980442,1.0,-0.0511285093294942,0.0,-0.04182592305780303,1.0,-0.0111236572265625,1.0,0.011070277322451694,1.0
dense,50,4000,200,0,0.33960013695911856,0.58599853515625,0.3280689262273465,0.5827007862087252,0.3148111269621231,0.6254344089210125,0.409193711250463,0.5704345703125,0.028223255124850313,0.00839331171157456,77,0.04369386805504224,0.06959357429134444,0.0,-0.011531210731772046,1.0,-0.02478900999699546,1.0,-0.01556396484375,1.0,-0.00329774894752477,1.0
dense,50,4000,200,1,0.33960013695911856,0.58599853515625,0.3811308934240034,0.5050087552301232,0.3664636424639858,0.6164892451971856,0.4540490642262111,0.578369140625,0.028240011833771513,0.008913624482222675,54,0.03121565902058563,0.11444892726709255,0.0,0.041530756464884855,1.0,0.026863505504867213,1.0,-0.00762939453125,1.0,-0.08098977992612677,0.0
dense,50,4000,200,2,0.33960013695911856,0.58599853515625,0.39488377296262955,0.6251110220399771,0.3834305966048932,0.6467228339523452,0.47861212900519745,0.616943359375,0.02919991909620962,0.008434295973832374,87,0.0455977782035754,0.1390119920460789,0.0,0.055283636003510994,1.0,0.043830459645774644,1.0,0.03094482421875,1.0,0.03911248688372715,1.0
dense,50,4000,200,3,0.33960013695911856,0.58599853515625,0.34359636493358214,0.5708028165211577,0.3335667365652543,0.6382518122263859,0.41477865081139376,0.573486328125,0.02770345960291411,0.008410557198402892,44,0.030570147480232023,0.0751785138522752,0.0,0.003996227974463584,1.0,-0.006033400393864241,1.0,-0.01251220703125,1.0,-0.015195718635092281,1.0
dense,50,4000,200,4,0.33960013695911856,0.58599853515625,0.3466653127968214,0.690186409314001,0.35786037327561093,0.6733845578404889,0.44444782255683146,0.58251953125,0.028996147220444368,0.008733926820008382,45,0.03006472452456002,0.1048476855977129,0.0,0.007065175837702831,1.0,0.018260236316492373,1.0,-0.00347900390625,1.0,0.10418787415775099,0.0
dense,50,4000,200,5,0.33960013695911856,0.58599853515625,0.3359750141844242,0.5343690047711422,0.3398624133305059,0.6163486605865256,0.4244911935291855,0.578369140625,0.029042750058297435,0.008632324218296473,49,0.031238522980595842,0.08489105657006696,0.0,-0.003625122774694345,1.0,0.0002622763713873155,1.0,-0.00762939453125,1.0,-0.05162953038510776,1.0
dense,50,4000,200,6,0.33960013695911856,0.58599853515625,0.3738495985107314,0.5635598793786816,0.3585580981258276,0.6370706281148022,0.45148458014952175,0.5943603515625,0.029275319988877824,0.008590142718128203,81,0.045023657276631046,0.1118844431904032,0.0,0.03424946155161285,1.0,0.01895796116670906,1.0,0.00836181640625,1.0,-0.022438655777568428,1.0
dense,50,4000,200,7,0.33960013695911856,0.58599853515625,0.36990494271410346,0.573052421012521,0.35232652159013256,0.6800350916626836,0.44483288376240493,0.581298828125,0.028048718787428262,0.00866089402570584,76,0.041721654477837655,0.10523274680328637,0.0,0.030304805754984898,1.0,0.012726384631013998,1.0,-0.00469970703125,1.0,-0.012946114143729037,1.0
dense,50,4000,200,8,0.33960013695911856,0.58599853515625,0.3618848045822171,0.5200800569027249,0.3329163680494176,0.5849461763525273,0.420618320770195,0.580810546875,0.029018512633141487,0.008245630176359714,47,0.030320362858315308,0.08101818381107645,0.0,0.022284667623098553,1.0,-0.00668376890970096,1.0,-0.00518798828125,1.0,-0.06591847825352515,0.0
dense,50,4000,200,9,0.33960013695911856,0.58599853515625,0.3950315802201225,0.7294004147599581,0.3721461288154366,0.6297858927413463,0.46058875151532297,0.606201171875,0.02925596324727533,0.008458751035968685,65,0.03655318573053044,0.12098861455620441,0.0,0.055431443261003965,1.0,0.03254599185631807,1.0,0.02020263671875,1.0,0.1434018796037081,0.0
dense,50,4000,200,10,0.33960013695911856,0.58599853515625,0.35645490527196366,0.47436692296909444,0.32168174336381555,0.6823549435115382,0.4134898686520644,0.5726318359375,0.027510930169025262,0.00849409409172764,71,0.04050156287508916,0.07388973169294583,0.0,0.016854768312845103,1.0,-0.017918393595303006,1.0,-0.01336669921875,1.0,-0.11163161218715556,0.0
dense,50,4000,200,11,0.33960013695911856,0.58599853515625,0.3129838792159926,0.5555935288704473,0.29754041305034784,0.6328928285704594,0.38510317644112846,0.566162109375,0.027035278433058887,0.007976847959637642,52,0.03365723281065937,0.0455030394820099,1.0,-0.02661625774312598,1.0,-0.04205972390877072,1.0,-0.01983642578125,1.0,-0.03040500628580267,1.0
dense,50,4000,200,12,0.33960013695911856,0.58599853515625,0.3574541199962214,0.5857133797289673,0.3373611334430232,0.6090461424495661,0.4341970262772601,0.6007080078125,0.030153759491314252,0.008128838451439614,58,0.0373076168355092,0.09459688931814153,0.0,0.01785398303710284,1.0,-0.0022390035160953503,1.0,0.01470947265625,1.0,-0.0002851554272826906,1.0
dense,50,4000,200,13,0.33960013695911856,0.58599853515625,0.40438121108250963,0.7313152275161467,0.4007892172859624,0.6166800114390784,0.48806583110087653,0.622802734375,0.02983316632378611,0.00875004435731381,72,0.03849313918061534,0.14846569414175798,0.0,0.06478107412339107,0.0,0.06118908032684384,0.0,0.03680419921875,1.0,0.14531669235989675,0.0
dense,50,4000,200,14,0.33960013695911856,0.58599853515625,0.33489794023957914,0.59438500570084,0.3298474930805806,0.6432647425977317,0.4225747160723202,0.555419921875,0.02788095751709046,0.008941128191862557,59,0.03353832120624816,0.08297457911320166,0.0,-0.00470219671953942,1.0,-0.00975264387853797,1.0,-0.03057861328125,1.0,0.008386470544589963,1.0
dense,50,4000,200,15,0.33960013695911856,0.58599853515625,0.37624040548407345,0.5838245705148674,0.3212777008694322,0.5684507090662789,0.42726070569335894,0.5885009765625,0.029379150118073266,0.008178312739160802,79,0.04756334231732256,0.08766056873424038,0.0,0.03664026852495489,1.0,-0.018322436089686367,1.0,0.00250244140625,1.0,-0.002173964641382642,1.0
dense,50,4000,200,16,0.33960013695911856,0.58599853515625,0.34326891151763905,0.5668244543333315,0.3355505072833003,0.59911522263016,0.41855011800632236,0.5732421875,0.02833940886458946,0.008430930470203166,58,0.03547554269593144,0.0789499810472038,0.0,0.0036687745585204934,1.0,-0.004049629675818234,1.0,-0.01275634765625,1.0,-0.019174080822918493,1.0
dense,50,4000,200,17,0.33960013695911856,0.58599853515625,0.4109674169176224,0.6563946036386917,0.3715276443736183,0.6515074345017322,0.4604475205950357,0.6087646484375,0.029277128046115274,0.008504490197245824,74,0.04017152680633293,0.12084738363591713,0.0,0.07136727995850384,0.0,0.031927507414499734,1.0,0.02276611328125,1.0,0.07039606848244173,1.0
dense,50,4000,200,18,0.33960013695911856,0.58599853515625,0.3197339597945046,0.4988684620062655,0.30385631255809575,0.6617326367709438,0.39198896363307634,0.5537109375,0.02745795271800866,0.008344209525745213,71,0.039542819337240666,0.05238882667395778,1.0,-0.019866177164613974,1.0,-0.035743824401022806,1.0,-0.03228759765625,1.0,-0.0871300731499845,0.0
dense,50,4000,200,19,0.33960013695911856,0.58599853515625,0.29775518628381614,0.45219825740713804,0.3081423786473189,0.543995116426406,0.41058880594496755,0.6031494140625,0.029308538952516238,0.007594404370950642,65,0.0425924173475404,0.07098866898584899,0.0,-0.04184495067530242,1.0,-0.031457758311799644,1.0,0.01715087890625,1.0,-0.13380027774911196,0.0
dense,50,4000,200,20,0.33960013695911856,0.58599853515625,0.38470432881336997,0.5613474922995446,0.3590256467521066,0.6942000867094775,0.44560229399558954,0.5675048828125,0.028733309971906547,0.009082446226569086,65,0.03403765195807648,0.10600215703647098,0.0,0.04510419185425141,1.0,0.019425509792988016,1.0,-0.01849365234375,1.0,-0.024651042856705385,1.0
dense,50,4000,200,21,0.33960013695911856,0.58599853515625,0.361049612210937,0.6942012286246433,0.35491351404509586,0.6254104880572012,0.44016004931117014,0.6009521484375,0.02837749499644236,0.00838031073184972,57,0.03436187290998024,0.10055991235205158,0.0,0.02144947525181845,1.0,0.015313377085977298,1.0,0.01495361328125,1.0,0.10820269346839329,0.0
dense,50,4000,200,22,0.33960013695911856,0.58599853515625,0.4058108520953811,0.6970817942988403,0.3911864970604623,0.6477279346664666,0.47951714368056575,0.63623046875,0.030044422603125214,0.008287288754328014,70,0.038153927508073116,0.1399170067214472,0.0,0.06621071513626253,0.0,0.051586360101343764,1.0,0.05023193359375,1.0,0.11108325914259032,0.0
dense,50,4000,200,23,0.33960013695911856,0.58599853515625,0.3462918322483531,0.8149683097527408,0.3531615655547229,0.6412526721162829,0.4468627585837828,0.5958251953125,0.02906228673185649,0.008382162823785292,70,0.043828985447601936,0.10726262162466427,0.0,0.006691695289234523,1.0,0.01356142859560433,1.0,0.00982666015625,1.0,0.22896977459649082,0.0
dense,50,4000,200,24,0.33960013695911856,0.58599853515625,0.40580136669802247,0.6907544149621914,0.38690036420203605,0.6412382349641773,0.46406223801812596,0.6044921875,0.029141654577094042,0.00867283308536481,54,0.033597593115381144,0.1244621010590074,0.0,0.06620122973890391,0.0,0.04730022724291749,1.0,0.01849365234375,1.0,0.10475587980594137,0.0
dense,50,4000,200,25,0.33960013695911856,0.58599853515625,0.43247851693706807,0.6572599004337375,0.4262061044765068,0.6730607394576206,0.502713899652828,0.6199951171875,0.029843077864661956,0.008890433917460468,54,0.029998687977671256,0.16311376269370942,0.0,0.09287837997794951,0.0,0.08660596751738825,0.0,0.03399658203125,1.0,0.0712613652774875,0.0
dense,50,4000,200,26,0.33960013695911856,0.58599853515625,0.35031062293177717,0.5978723171621986,0.32531791499536516,0.6273049709894343,0.42094017930405836,0.5911865234375,0.029387076140174224,0.00795829930238974,58,0.037638792598517545,0.0813400423449398,0.0,0.010710485972658612,1.0,-0.014282221963753394,1.0,0.00518798828125,1.0,0.011873782005948574,1.0
dense,50,4000,200,27,0.33960013695911856,0.58599853515625,0.34009488324156256,0.6256471170451474,0.3490428236762777,0.659282183916779,0.43744041370641423,0.5858154296875,0.028213948147120256,0.008441434292172475,59,0.035875010639836336,0.09784027674729567,0.0,0.000494746282444003,1.0,0.009442686717159143,1.0,-0.00018310546875,1.0,0.039648581888897416,1.0
dense,50,4000,200,28,0.33960013695911856,0.58599853515625,0.39388357783706096,0.6279972165696824,0.41607156674099227,0.6081422788745523,0.4950372843767296,0.6417236328125,0.030417787791834565,0.008269951282916611,47,0.03009187561609289,0.15543714741761105,0.0,0.0542834408779424,1.0,0.07647142978187371,0.0,0.05572509765625,1.0,0.04199868141343244,1.0
dense,50,4000,200,29,0.33960013695911856,0.58599853515625,0.34179656615056675,0.6955300971908069,0.3383864780204541,0.6327517765696012,0.42098190546523473,0.57763671875,0.02856531336613145,0.008305928491440427,57,0.033116862017168895,0.08138176850611617,0.0,0.0021964291914481904,1.0,-0.0012136589386644858,1.0,-0.00836181640625,1.0,0.10953156203455694,0.0
dense,50,4000,200,30,0.33960013695911856,0.58599853515625,0.3564611638521343,0.6229584027043263,0.3564610105552006,0.6302821714927155,0.4495141250258245,0.59619140625,0.03001694723485515,0.008657341586896098,62,0.03603312680847532,0.10991398806670594,0.0,0.016861026893015718,1.0,0.016860873596082016,1.0,0.01019287109375,1.0,0.03695986754807634,1.0
dense,50,4000,200,31,0.33960013695911856,0.58599853515625,0.3920488193398619,0.5566215002666768,0.3687208749084736,0.6795041676974297,0.4516759863353421,0.5758056640625,0.02820971976721698,0.008842092317165538,60,0.0347898842162464,0.11207584937622356,0.0,0.05244868238074335,1.0,0.029120737949355047,1.0,-0.01019287109375,1.0,-0.029377034889573217,1.0
dense,50,4000,200,32,0.33960013695911856,0.58599853515625,0.34328426596152084,0.7014069396465343,0.32278627736134086,0.5808276337955628,0.41089058850587257,0.5794677734375,0.0282237904950799,0.008121054685660314,60,0.03630801385462759,0.07129045154675401,0.0,0.003684129002402281,1.0,-0.016813859597777703,1.0,-0.00653076171875,1.0,0.11540840449028433,0.0
dense,50,4000,200,33,0.33960013695911856,0.58599853515625,0.3405273007021399,0.529205302380294,0.3344160056817659,0.6267850651422814,0.41966607104362486,0.560302734375,0.027570569707443825,0.008856592147897236,72,0.040551148612964764,0.0800659340845063,0.0,0.0009271637430213198,1.0,-0.005184131277352677,1.0,-0.02569580078125,1.0,-0.05679323277595605,1.0
dense,50,4000,200,34,0.33960013695911856,0.58599853515625,0.4094810263736339,0.6486101364746217,0.3667616370126463,0.6527142637686855,0.4684715677573282,0.625,0.02937871498481572,0.008184390058453126,77,0.045014880412114176,0.12887143079820962,0.0,0.06988088941451537,0.0,0.027161500053527743,1.0,0.03900146484375,1.0,0.06261160131837173,1.0
dense,50,4000,200,35,0.33960013695911856,0.58599853515625,0.37873212741981777,0.583740234375,0.3509694661870934,0.6455341528000027,0.4438018660765399,0.5791015625,0.029308578581728882,0.008636815157491057,72,0.040420397622694164,0.10420172911742132,0.0,0.039131990460699206,1.0,0.011369329227974845,1.0,-0.00689697265625,1.0,-0.00225830078125,1.0
dense,50,4000,200,36,0.33960013695911856,0.58599853515625,0.441696746073866,0.7238378873389109,0.4116947447426147,0.6061375715918383,0.4954994305583882,0.634033203125,0.02967145029717342,0.0083180289453821,54,0.03802984564290847,0.15589929359926963,0.0,0.10209660911474744,0.0,0.07209460778349613,0.0,0.04803466796875,1.0,0.13783935218266086,0.0
dense,50,4000,200,37,0.33960013695911856,0.58599853515625,0.35194590093933475,0.549652369904609,0.346175369708468,0.6176755531211702,0.4381569160314841,0.590576171875,0.028561163183663925,0.00836854721332801,70,0.038663578841965085,0.09855677907236554,0.0,0.012345763980216196,1.0,0.006575232749349458,1.0,0.00457763671875,1.0,-0.03634616525164103,1.0
dense,50,4000,200,38,0.33960013695911856,0.58599853515625,0.35305308557127424,0.6147472971630716,0.34778934389351146,0.6872583001343249,0.43721309420879606,0.592041015625,0.028608598001292562,0.008438502573790672,65,0.03963555154112634,0.0976129572496775,0.0,0.01345294861215568,1.0,0.0081892069343929,1.0,0.00604248046875,1.0,0.028748762006821638,1.0
dense,50,4000,200,39,0.33960013695911856,0.58599853515625,0.3757468451616405,0.6646687247240892,0.3551150705925091,0.6274306570661947,0.4373770103274244,0.58251953125,0.02786843889023719,0.008689376262311529,64,0.034227111052109384,0.09777687336830582,0.0,0.036146708202521916,1.0,0.015514933633390515,1.0,-0.00347900390625,1.0,0.07867018956783922,0.0
dense,50,4000,200,40,0.33960013695911856,0.58599853515625,0.3400094330804933,0.6302484422142811,0.3590880388999304,0.6389261691481491,0.43525262617153904,0.59521484375,0.02992168622049154,0.008300548712837608,49,0.03018891589963311,0.09565248921242048,0.0,0.000409296121374747,1.0,0.019487901940811847,1.0,0.00921630859375,1.0,0.04424990705803111,1.0
dense,50,4000,200,41,0.33960013695911856,0.58599853515625,0.3327339051308613,0.6284596407517352,0.32564524024124974,0.6370265633653472,0.4230903630018831,0.5894775390625,0.02880789953729172,0.008080370201678224,63,0.039898818664478114,0.08349022604276451,0.0,-0.006866231828257241,1.0,-0.013954896717868814,1.0,0.00347900390625,1.0,0.042461105595485216,1.0
dense,50,4000,200,42,0.33960013695911856,0.58599853515625,0.3749723874560545,0.5818457375666197,0.3682667068189785,0.6660106636716964,0.44669312173831455,0.58447265625,0.028310875174598016,0.008907253871731495,63,0.03683153448562432,0.10709298477919599,0.0,0.03537225049693593,1.0,0.028666569859859936,1.0,-0.00152587890625,1.0,-0.004152797589630275,1.0
dense,50,4000,200,43,0.33960013695911856,0.58599853515625,0.35389283533231547,0.4649735963923116,0.35238974600216844,0.6714254509029541,0.445924053770429,0.58349609375,0.0296129195611863,0.008979117322767327,58,0.03300299762731471,0.10632391681131043,0.0,0.01429269837319691,1.0,0.012789609043049877,1.0,-0.00250244140625,1.0,-0.12102493876393838,0.0
dense,50,4000,200,44,0.33960013695911856,0.58599853515625,0.41982403321949546,0.5331576439251773,0.4019585781513446,0.6886100323615626,0.4923101169076405,0.5987548828125,0.02999686580535771,0.009279333968579651,77,0.04071292285364804,0.15270997994852192,0.0,0.0802238962603769,0.0,0.062358441192226055,0.0,0.01275634765625,1.0,-0.05284089123107272,1.0
dense,50,4000,200,45,0.33960013695911856,0.58599853515625,0.40446563382541256,0.6217847032750462,0.39604104206723656,0.6607959175027165,0.480579836160289,0.5966796875,0.02920784633875895,0.009121743920694335,76,0.03901570191832023,0.14097969920117043,0.0,0.064865496866294,0.0,0.056440905108118,1.0,0.01068115234375,1.0,0.0357861681187962,1.0
dense,50,4000,200,46,0.33960013695911856,0.58599853515625,0.3874242131919465,0.47237826901935087,0.3547054093442638,0.615699142638042,0.44444515363856757,0.5789794921875,0.028283901550046498,0.008781612615561167,66,0.03642576878085507,0.10484501667944901,0.0,0.04782407623282792,1.0,0.015105272385145252,1.0,-0.00701904296875,1.0,-0.11362026613689913,0.0
dense,50,4000,200,47,0.33960013695911856,0.58599853515625,0.3582849897396485,0.6476374139252552,0.33811102620962136,0.589890031772364,0.4355394136544627,0.5921630859375,0.028453686718844882,0.008482193714702924,78,0.039313273808806885,0.09593927669534413,0.0,0.018684852780529948,1.0,-0.0014891107494972022,1.0,0.00616455078125,1.0,0.0616388787690052,1.0
dense,50,4000,200,48,0.33960013695911856,0.58599853515625,0.36296026340953125,0.5804351149030472,0.36000759581005426,0.6085235703900159,0.4461226697621903,0.5943603515625,0.02942660443645333,0.00851010072607281,68,0.03735202731663258,0.10652253280307172,0.0,0.023360126450412688,1.0,0.0204074588509357,1.0,0.00836181640625,1.0,-0.005563420253202778,1.0
dense,50,4000,200,49,0.33960013695911856,0.58599853515625,0.43373679807951027,0.7902043172314637,0.4144691099232909,0.6404226518033604,0.49626067882655517,0.62158203125,0.030203897455941972,0.00876584217066152,64,0.03766467905963169,0.1566605418674366,0.0,0.09413666112039171,0.0,0.07486897296417233,0.0,0.03558349609375,1.0,0.20420578207521367,0.0
dense,50,4000,200,50,0.33960013695911856,0.58599853515625,0.3292199482969473,0.5341420096482516,0.31478000528622757,0.5957120042025882,0.3975038386824714,0.5523681640625,0.027892915893302117,0.008588146880396387,62,0.033896382471071206,0.05790370172335285,0.0,-0.010380188662171275,1.0,-0.024820131672890988,1.0,-0.03363037109375,1.0,-0.05185652550799835,1.0
dense,50,4000,200,51,0.33960013695911856,0.58599853515625,0.35261246694043,0.5715063523515357,0.3362732000143879,0.6216164300848123,0.4229568349585457,0.5660400390625,0.02699130128039789,0.008667514510462514,64,0.03622881482632364,0.08335669799942713,0.0,0.013012329981311466,1.0,-0.003326936944730685,1.0,-0.01995849609375,1.0,-0.014492182804714315,1.0
dense,50,4000,200,52,0.33960013695911856,0.58599853515625,0.41712510906356987,0.47641471174045336,0.40910007835278406,0.6965047540224035,0.48564603241218723,0.5960693359375,0.02977514099126702,0.00907624198751258,52,0.02885951435421996,0.14604589545306867,0.0,0.0775249721044513,0.0,0.0694999413936655,0.0,0.01007080078125,1.0,-0.10958382341579664,0.0
dense,50,4000,200,53,0.33960013695911856,0.58599853515625,0.34337472988767354,0.6365041051714613,0.331697034057504,0.5979522752278827,0.42565481750142853,0.60546875,0.029654027384293295,0.008015786725755748,63,0.043884854249102004,0.08605468054230997,0.0,0.003774592928554976,1.0,-0.007903102901614556,1.0,0.01947021484375,1.0,0.050505570015211276,1.0
dense,50,4000,200,54,0.33960013695911856,0.58599853515625,0.3130121589454212,0.6996047715741626,0.2795172127987825,0.58529253628376,0.3847940739683524,0.568115234375,0.02880178148594199,0.007916104931761536,67,0.04206688496002844,0.04519393700923385,1.0,-0.026587978013697333,1.0,-0.06008292416033606,0.0,-0.01788330078125,1.0,0.11360623641791256,0.0
dense,50,4000,200,55,0.33960013695911856,0.58599853515625,0.3321833820278161,0.615069551649872,0.3473969815318175,0.6166383583271146,0.43296628794878783,0.5775146484375,0.027523174464262303,0.00859621428939074,66,0.0359043989276647,0.09336615098966927,0.0,-0.0074167549313024494,1.0,0.007796844572698913,1.0,-0.00848388671875,1.0,0.02907101649362198,1.0
dense,50,4000,200,56,0.33960013695911856,0.58599853515625,0.37352188013650534,0.568115234375,0.33446611333645127,0.6092668509181903,0.42157998851976597,0.5657958984375,0.027504868665453094,0.008590551706252681,59,0.03402433131260489,0.08197985156064741,0.0,0.033921743177386776,1.0,-0.005134023622667294,1.0,-0.02020263671875,1.0,-0.01788330078125,1.0
dense,50,4000,200,57,0.33960013695911856,0.58599853515625,0.37115906703650536,0.49637193247037775,0.33193347012107327,0.6361016044627361,0.42698167468483633,0.583740234375,0.03018229124002867,0.008451103096978175,57,0.038654865526646674,0.08738153772571777,0.0,0.031558930077386804,1.0,-0.0076666668380452885,1.0,-0.00225830078125,1.0,-0.08962660268587225,0.0
dense,50,4000,200,58,0.33960013695911856,0.58599853515625,0.36347096366384457,0.5704535544385755,0.3615919808433561,0.6503626022687693,0.4485300107100998,0.580322265625,0.030072376747136358,0.008931101745759049,65,0.034747926947013154,0.10892987375098123,0.0,0.02387082670472601,1.0,0.021991843884237527,1.0,-0.00567626953125,1.0,-0.015544980717674517,1.0
dense,50,4000,200,59,0.33960013695911856,0.58599853515625,0.34801327637739166,0.706555324806928,0.32918196597007215,0.6823213159146959,0.43168651457642665,0.5908203125,0.02986644687791976,0.008397995055741002,74,0.04356777308727049,0.09208637761730809,0.0,0.008413139418273097,1.0,-0.010418170989046405,1.0,0.00482177734375,1.0,0.12055678965067795,0.0
dense,50,4000,200,60,0.33960013695911856,0.58599853515625,0.3550521505415854,0.5911399152662041,0.3531544311301158,0.6310535615689342,0.44469029384341874,0.5816650390625,0.028142606649746035,0.008588887622416866,77,0.04153687827937644,0.10509015688430018,0.0,0.01545201358246684,1.0,0.013554294170997239,1.0,-0.00433349609375,1.0,0.00514138010995413,1.0
dense,50,4000,200,61,0.33960013695911856,0.58599853515625,0.35394946392838855,0.5836181640625,0.3409689165268192,0.7004735171650425,0.43818866305312487,0.590576171875,0.028440767272350325,0.00841065826748066,66,0.038199831724983424,0.09858852609400631,0.0,0.014349326969269993,1.0,0.001368779567700651,1.0,0.00457763671875,1.0,-0.00238037109375,1.0
dense,50,4000,200,62,0.33960013695911856,0.58599853515625,0.38476149324436215,0.6178357070867554,0.37469789305453,0.6212583962055968,0.4596798932941155,0.589599609375,0.02797693453451506,0.008849537390432139,70,0.039362663025504945,0.12007975633499696,0.0,0.04516135628524359,1.0,0.035097756095411436,1.0,0.00360107421875,1.0,0.03183717193050539,1.0
dense,50,4000,200,63,0.33960013695911856,0.58599853515625,0.39866504878856673,0.6831179390038559,0.3755591130731327,0.6487960505464911,0.4668862576054382,0.61279296875,0.029221909158190517,0.008341457650983396,64,0.041226863637422076,0.12728612064631967,0.0,0.059064911829448175,0.0,0.03595897611401416,1.0,0.02679443359375,1.0,0.09711940384760587,0.0
dense,50,4000,200,64,0.33960013695911856,0.58599853515625,0.3961352587119492,0.6796412890524693,0.3867475007762195,0.6963366028245473,0.4759694803631645,0.5931396484375,0.029124412082039253,0.009143477896976716,66,0.03493477904394067,0.13636934340404594,0.0,0.05653512175283065,1.0,0.04714736381710094,1.0,0.00714111328125,1.0,0.09364275389621934,0.0
dense,50,4000,200,65,0.33960013695911856,0.58599853515625,0.38648372080667204,0.6096038069508999,0.36154944745866446,0.6433667022998775,0.45734301141660877,0.607666015625,0.02991732360212722,0.008446195943504998,62,0.03603289550480253,0.11774287445749021,0.0,0.04688358384755348,1.0,0.021949310499545904,1.0,0.02166748046875,1.0,0.023605271794649885,1.0
dense,50,4000,200,66,0.33960013695911856,0.58599853515625,0.35952138777981846,0.6542522936089579,0.3505195673980811,0.6575357877979724,0.43874555665427123,0.5894775390625,0.02866869908273321,0.008565149992247863,61,0.03746067747595038,0.09914541969515267,0.0,0.0199212508206999,1.0,0.01091943043896254,1.0,0.00347900390625,1.0,0.06825375845270787,1.0
dense,50,4000,200,67,0.33960013695911856,0.58599853515625,0.36418898265559535,0.5709219458539576,0.34831115871382345,0.6312688204670331,0.4453213954445328,0.591064453125,0.030250014538537005,0.008536557596103875,76,0.04309513791690732,0.10572125848541425,0.0,0.02458884569647679,1.0,0.008711021754704895,1.0,0.00506591796875,1.0,-0.015076589302292387,1.0
dense,50,4000,200,68,0.33960013695911856,0.58599853515625,0.4338932713321396,0.6171302796852204,0.3930898240028186,0.7024386010035609,0.4785781184707177,0.5909423828125,0.02864752945772445,0.009242890817841966,76,0.03959394045659219,0.13897798151159912,0.0,0.09429313437302106,0.0,0.05348968704370005,1.0,0.00494384765625,1.0,0.031131744528970384,1.0
dense,50,4000,200,69,0.33960013695911856,0.58599853515625,0.3744880849845397,0.48831701077268425,0.3552818854983135,0.6371439349764306,0.44056524690461496,0.582275390625,0.029047337415595818,0.00871237300821046,60,0.03564571652780256,0.1009651099454964,0.0,0.03488794802542117,1.0,0.015681748539194962,1.0,-0.00372314453125,1.0,-0.09768152438356575,0.0
dense,50,4000,200,70,0.33960013695911856,0.58599853515625,0.3759970813444729,0.511704910929416,0.35158493775238886,0.6465669833927602,0.4288350114637718,0.5550537109375,0.028967522565254995,0.00921101180632528,41,0.02893240745786333,0.08923487450465323,0.0,0.036396944385354346,1.0,0.0119848007932703,1.0,-0.03094482421875,1.0,-0.07429362422683405,0.0
dense,50,4000,200,71,0.33960013695911856,0.58599853515625,0.3513221544830805,0.6013704274157973,0.32140673319205754,0.6557420271688844,0.41777287185191114,0.580078125,0.029100413020604933,0.008263239773438971,63,0.039956474495711984,0.07817273489279258,0.0,0.011722017523961958,1.0,-0.018193403767061023,1.0,-0.00592041015625,1.0,0.01537189225954727,1.0
dense,50,4000,200,72,0.33960013695911856,0.58599853515625,0.38955323425989097,0.6956642038508172,0.37893903912467786,0.6583198146537304,0.46471124760052984,0.5908203125,0.027933984318645445,0.009022707492157625,83,0.03956882727344028,0.12511111064141128,0.0,0.04995309730077241,1.0,0.0393389021655593,1.0,0.00482177734375,1.0,0.10966566869456718,0.0
dense,50,4000,200,73,0.33960013695911856,0.58599853515625,0.36868565157496175,0.5788484354696939,0.33740968973517255,0.6254060585713848,0.43576808542137396,0.58984375,0.02872119959910052,0.008398561185194334,70,0.03919666999595987,0.0961679484622554,0.0,0.02908551461584319,1.0,-0.0021904472239460127,1.0,0.00384521484375,1.0,-0.007150099686556111,1.0
dense,50,4000,200,74,0.33960013695911856,0.58599853515625,0.2765397768207009,0.5110533356282277,0.2934862712923255,0.5776995188544108,0.3975050359366415,0.5689697265625,0.027988334217576582,0.008107117460729322,74,0.042547230498975346,0.057904898977522934,0.0,-0.06306036013841765,0.0,-0.04611386566679304,1.0,-0.01702880859375,1.0,-0.07494519952802225,1.0
dense,50,4000,200,75,0.33960013695911856,0.58599853515625,0.38846769745833265,0.6414193506269079,0.3607339832254688,0.7316728932203382,0.4477704370732747,0.5869140625,0.029045339042799212,0.008824905003735959,75,0.03881798629415719,0.10817030011415613,0.0,0.04886756049921409,1.0,0.02113384626635023,1.0,0.00091552734375,1.0,0.055420815470657914,1.0
dense,50,4000,200,76,0.33960013695911856,0.58599853515625,0.40133866849262123,0.47960993680350195,0.35544879785522937,0.6912292405385803,0.4499730422031665,0.6075439453125,0.028985581645231132,0.008318418493943179,66,0.03878779066283213,0.11037290524404791,0.0,0.06173853153350267,0.0,0.01584866089611081,1.0,0.02154541015625,1.0,-0.10638859835274805,0.0
dense,50,4000,200,77,0.33960013695911856,0.58599853515625,0.3770246015019565,0.6568694462790541,0.3717680309892803,0.6702076714996239,0.4619394636855122,0.6041259765625,0.029304029560534937,0.008487990786586052,69,0.03891213967961767,0.12233932672639364,0.0,0.03742446454283793,1.0,0.03216789403016174,1.0,0.01812744140625,1.0,0.07087091112280408,1.0
dense,50,4000,200,78,0.33960013695911856,0.58599853515625,0.3705970584110581,0.7410878594346236,0.3560594903067005,0.6795525118698487,0.4479184471735316,0.5811767578125,0.02862875094091475,0.008806190548190193,77,0.0404809949475554,0.10831831021441302,0.0,0.030996921451939552,1.0,0.016459353347581918,1.0,-0.00482177734375,1.0,0.15508932427837363,0.0
dense,50,4000,200,79,0.33960013695911856,0.58599853515625,0.32542239806961887,0.548153002780303,0.3307710225545547,0.6365870642939692,0.42701340449738223,0.54345703125,0.02774673444813367,0.009243357496545866,71,0.03564553595505538,0.08741326753826367,0.0,-0.014177738889499691,1.0,-0.008829114404563854,1.0,-0.04254150390625,1.0,-0.03784553237594701,1.0
dense,50,4000,200,80,0.33960013695911856,0.58599853515625,0.38283444017509,0.7420932315014275,0.360947852533277,0.603662593456662,0.4527337173426892,0.6014404296875,0.029828997190276405,0.008405943644139265,66,0.04033145669931943,0.11313358038357063,0.0,0.04323430321597144,1.0,0.021347715574158432,1.0,0.01544189453125,1.0,0.15609469634517747,0.0
dense,50,4000,200,81,0.33960013695911856,0.58599853515625,0.312269906452458,0.601554274552959,0.2891199089952319,0.604954263436938,0.38353480320903854,0.5643310546875,0.02800235351386806,0.007946147545315451,57,0.0357867855379628,0.043934666249919985,1.0,-0.027330230506660558,1.0,-0.05048022796388668,1.0,-0.02166748046875,1.0,0.015555739396708956,1.0
dense,50,4000,200,82,0.33960013695911856,0.58599853515625,0.401024588388997,0.739246371844208,0.37336538051834395,0.6477209035731245,0.4667199447809711,0.61083984375,0.030038095854281847,0.008456037418578874,65,0.040352943643023186,0.12711980782185256,0.0,0.06142445142987846,0.0,0.03376524355922539,1.0,0.02484130859375,1.0,0.15324783668795805,0.0
dense,50,4000,200,83,0.33960013695911856,0.58599853515625,0.4052890777601318,0.7544815640959416,0.3881174965939158,0.6170839646341839,0.48463997215811466,0.62744140625,0.02902582863215284,0.008379939781576702,71,0.04099884734176598,0.1450398351989961,0.0,0.06568894080101323,0.0,0.04851735963479725,1.0,0.04144287109375,1.0,0.16848302893969158,0.0
dense,50,4000,200,84,0.33960013695911856,0.58599853515625,0.3252681960159498,0.639147557208907,0.29836539604215356,0.6757069642287115,0.388885608730943,0.556640625,0.02845211497626798,0.008153716168918575,66,0.039415733184204,0.04928547177182446,1.0,-0.014331940943168753,1.0,-0.041234740916964996,1.0,-0.02935791015625,1.0,0.053149022052657036,1.0
dense,50,4000,200,85,0.33960013695911856,0.58599853515625,0.3464865669410391,0.47926939777373595,0.3274960292472838,0.652652253317049,0.42330782631562436,0.5914306640625,0.028586052264877804,0.008133835558151984,65,0.035591539911590385,0.0837076893565058,0.0,0.006886429981920517,1.0,-0.012104107711834733,1.0,0.00543212890625,1.0,-0.10672913738251405,0.0
dense,50,4000,200,86,0.33960013695911856,0.58599853515625,0.30113840057550595,0.43140033147123247,0.31105005034783434,0.638661481632814,0.4031394293618835,0.55029296875,0.027603394606272025,0.008730213114603327,61,0.03692346114635869,0.06353929240276496,0.0,-0.03846173638361261,1.0,-0.02855008661128422,1.0,-0.03570556640625,1.0,-0.15459820368501753,0.0
dense,50,4000,200,87,0.33960013695911856,0.58599853515625,0.32178045417942225,0.593317894097738,0.29792563176144576,0.5909272114405119,0.38386366128160576,0.565185546875,0.02762877193039025,0.007918404313239823,57,0.03677558146891486,0.0442635243224872,1.0,-0.01781968277969631,1.0,-0.041674505197672795,1.0,-0.02081298828125,1.0,0.007319358941488052,1.0
dense,50,4000,200,88,0.33960013695911856,0.58599853515625,0.3823532419716456,0.6139716731661803,0.3560857732755327,0.6870200944690623,0.44427128284348116,0.5894775390625,0.026969906445850993,0.008583941544057302,64,0.03557409132995221,0.1046711458843626,0.0,0.04275310501252705,1.0,0.016485636316414143,1.0,0.00347900390625,1.0,0.027973138009930287,1.0
dense,50,4000,200,89,0.33960013695911856,0.58599853515625,0.3860199564775961,0.6251250691309023,0.36943602983032076,0.6630753451238328,0.45945656970329585,0.597412109375,0.028855534494344155,0.008742517434345672,63,0.03927344171469235,0.11985643274417729,0.0,0.04641981951847757,1.0,0.029835892871202196,1.0,0.01141357421875,1.0,0.03912653397465227,1.0
dense,50,4000,200,90,0.33960013695911856,0.58599853515625,0.30077281051592714,0.5785492227280413,0.3087649271494788,0.6560719079219739,0.3999812735804691,0.55419921875,0.02749741033959632,0.008519553056812724,77,0.0391991872583206,0.06038113662135053,0.0,-0.03882732644319142,1.0,-0.030835209809639774,1.0,-0.03179931640625,1.0,-0.0074493124282086765,1.0
dense,50,4000,200,91,0.33960013695911856,0.58599853515625,0.3440936195970581,0.49052593185410676,0.3209769772731117,0.6093421438415789,0.42515073678009413,0.6259765625,0.030311143038421494,0.007603971192711093,71,0.044327496005125665,0.08555059982097557,0.0,0.004493482637939528,1.0,-0.018623159686006863,1.0,0.03997802734375,1.0,-0.09547260330214324,0.0
dense,50,4000,200,92,0.33960013695911856,0.58599853515625,0.3422036045535747,0.7206721745863762,0.3398546187472203,0.6551796302985637,0.4291703194409574,0.5775146484375,0.02778708949664529,0.008642932379201843,64,0.03549766489522886,0.08957018248183884,0.0,0.0026034675944561214,1.0,0.0002544817881017236,1.0,-0.00848388671875,1.0,0.13467363943012622,0.0
dense,50,4000,200,93,0.33960013695911856,0.58599853515625,0.32064422791827196,0.553955078125,0.334680311387057,0.6950640550047544,0.42519539911529014,0.5640869140625,0.029337190420701667,0.0088176682102479,52,0.030579334090479658,0.08559526215617158,0.0,-0.018955909040846597,1.0,-0.004919825572061554,1.0,-0.02191162109375,1.0,-0.03204345703125,1.0
dense,50,4000,200,94,0.33960013695911856,0.58599853515625,0.34633092553351474,0.5181685303291208,0.34299516859041723,0.6660637284357925,0.42815893822084505,0.575439453125,0.028192270716108858,0.008631979911923937,64,0.03639002867553281,0.0885588012617265,0.0,0.006730788574396185,1.0,0.003395031631298673,1.0,-0.01055908203125,1.0,-0.0678300048271292,1.0
dense,50,4000,200,95,0.33960013695911856,0.58599853515625,0.3573533440187157,0.5576171875,0.3362910411630887,0.6393079672924432,0.4156640259989073,0.5657958984375,0.02849189390661936,0.008587808110781204,60,0.037313028290553926,0.07606388903978872,0.0,0.017753207059597154,1.0,-0.0033090957960298373,1.0,-0.02020263671875,1.0,-0.02838134765625,1.0
dense,50,4000,200,96,0.33960013695911856,0.58599853515625,0.36069237139102683,0.677941452772087,0.36925863539877746,0.6721688372760733,0.45105449805491604,0.5775146484375,0.028345349090770897,0.008937309436302368,67,0.03712601046040804,0.11145436109579748,0.0,0.021092234431908274,1.0,0.029658498439658898,1.0,-0.00848388671875,1.0,0.09194291761583695,0.0
dense,50,4000,200,97,0.33960013695911856,0.58599853515625,0.38309731183263,0.517456590905852,0.3824613774366886,0.6300472730927152,0.4787101595227849,0.6201171875,0.030478613148631328,0.008383659454529825,62,0.03873975667346142,0.13911002256366634,0.0,0.04349717487351146,1.0,0.04286124047757006,1.0,0.03411865234375,1.0,-0.06854194425039795,1.0
dense,50,4000,200,98,0.33960013695911856,0.58599853515625,0.2905300852012779,0.5849781046982476,0.28369835796431786,0.6468404205261153,0.3769224431654918,0.5404052734375,0.02739785188846239,0.008275303898637162,59,0.03779097181010447,0.037322306206373224,1.0,-0.04907005175784068,1.0,-0.0559017789948007,0.0,-0.04559326171875,1.0,-0.0010204304580023749,1.0
dense,50,4000,200,99,0.33960013695911856,0.58599853515625,0.40814507024866775,0.6083204581591344,0.39080651829568913,0.6624486041207605,0.4796974404749612,0.5966796875,0.028221473291049824,0.008895085337738149,74,0.039506489276925995,0.14009730351584265,0.0,0.06854493328954919,0.0,0.05120638133657057,1.0,0.01068115234375,1.0,0.02232192300288438,1.0
dense,50,4000,200,100,0.33960013695911856,0.58599853515625,0.3034752078826319,0.5364887628859586,0.3138871901935276,0.5589298380366595,0.40571676850029414,0.5755615234375,0.028152147568828223,0.008083305799044333,71,0.04210587909748062,0.06611663154117559,0.0,-0.03612492907648668,1.0,-0.02571294676559094,1.0,-0.01043701171875,1.0,-0.04950977227029141,1.0
dense,50,4000,200,101,0.33960013695911856,0.58599853515625,0.36035182343732075,0.6288701443616389,0.33577193022176494,0.6884876063890303,0.4299660816464717,0.5797119140625,0.028644178626930118,0.00868495971375939,71,0.03969036211475019,0.09036594468735315,0.0,0.02075168647820219,1.0,-0.0038282067373536233,1.0,-0.00628662109375,1.0,0.042871609205388905,1.0
dense,50,4000,200,102,0.33960013695911856,0.58599853515625,0.3071970325511665,0.677409187951408,0.3043326015652151,0.6157919149379036,0.3971269983879941,0.5706787109375,0.02817494171903869,0.007962851460023046,61,0.04030516125955601,0.05752686142887553,0.0,-0.03240310440795208,1.0,-0.03526753539390348,1.0,-0.01531982421875,1.0,0.09141065279515803,0.0
dense,50,4000,200,103,0.33960013695911856,0.58599853515625,0.42057048925382295,0.6465352521198112,0.3819891110728584,0.6542447903941873,0.47666639994773014,0.5986328125,0.03008303941080039,0.008821053743283349,62,0.033639786715033246,0.13706626298861158,0.0,0.0809703522947044,0.0,0.04238897411373982,1.0,0.01263427734375,1.0,0.06053671696356122,1.0
dense,50,4000,200,104,0.33960013695911856,0.58599853515625,0.387377219656138,0.5740466390850104,0.35499858670239093,0.6440725965642136,0.44530545976294766,0.5906982421875,0.028172395397671777,0.008403141459565484,72,0.03741702597186346,0.1057053228038291,0.0,0.04777708269701947,1.0,0.015398449743272369,1.0,0.00469970703125,1.0,-0.011951896071239587,1.0
dense,50,4000,200,105,0.33960013695911856,0.58599853515625,0.3936252914123461,0.7472252971183319,0.34806864549653804,0.6213280125903846,0.44132945942958235,0.607177734375,0.028346860557170887,0.008145959836012866,64,0.03804629534419598,0.10172932247046379,0.0,0.05402515445322753,1.0,0.008468508537419484,1.0,0.02117919921875,1.0,0.16122676196208185,0.0
dense,50,4000,200,106,0.33960013695911856,0.58599853515625,0.388198936530816,0.736652302380717,0.39047114268063504,0.6388624063534174,0.48546870284195776,0.6103515625,0.030052921363924477,0.008774293665373991,74,0.03976131333314136,0.1458685658828392,0.0,0.04859879957169744,1.0,0.05087100572151648,1.0,0.02435302734375,1.0,0.150653767224467,0.0
dense,50,4000,200,107,0.33960013695911856,0.58599853515625,0.37392241556463646,0.5976309515436466,0.34197161560196127,0.7092605482361841,0.44322810028546655,0.5875244140625,0.029282569491750326,0.008469869730622727,69,0.042057516802226906,0.103627963326348,0.0,0.0343222786055179,1.0,0.002371478642842706,1.0,0.00152587890625,1.0,0.011632416387396649,1.0
dense,50,4000,200,108,0.33960013695911856,0.58599853515625,0.28938246004907625,0.5747456963828083,0.2864010913249694,0.587107213223547,0.37747297677218006,0.54638671875,0.026400547284289075,0.008219464670433128,62,0.03863455001046746,0.0378728398130615,1.0,-0.05021767691004231,1.0,-0.05319904563414918,0.0,-0.03961181640625,1.0,-0.011252838773441742,1.0
dense,50,4000,200,109,0.33960013695911856,0.58599853515625,0.3918782223002344,0.6105380363960836,0.3697728692073251,0.6165746266904863,0.4671981551653115,0.6239013671875,0.029616631328294098,0.008048477489784895,67,0.03935459483804653,0.12759801820619293,0.0,0.05227808534111583,1.0,0.030172732248206546,1.0,0.03790283203125,1.0,0.024539501239833617,1.0
dense,50,4000,200,110,0.33960013695911856,0.58599853515625,0.3779339134549508,0.6553483190159503,0.3673613305860504,0.6295811028001994,0.45260800908484733,0.5986328125,0.028547114393730092,0.008561068716309518,67,0.03550375593366491,0.11300787212572877,0.0,0.03833377649583225,1.0,0.027761193626931857,1.0,0.01263427734375,1.0,0.06934978385970025,1.0
dense,50,4000,200,111,0.33960013695911856,0.58599853515625,0.37929723617998556,0.6889212221469017,0.38853166322304383,0.6938096980483431,0.46868145486871404,0.5811767578125,0.02848669333522783,0.009081817974494356,71,0.0354570445769981,0.12908131790959548,0.0,0.039697099220867005,1.0,0.048931526263925273,1.0,-0.00482177734375,1.0,0.10292268699065166,0.0
dense,50,4000,200,112,0.33960013695911856,0.58599853515625,0.3323251947835518,0.5820989322105251,0.3140311538559761,0.607806329232606,0.40993362669515476,0.592529296875,0.028497049716412284,0.0078308580135386,67,0.04082476673017795,0.0703334897360362,0.0,-0.007274942175566734,1.0,-0.025568983103142484,1.0,0.00653076171875,1.0,-0.0038996029457248893,1.0
dense,50,4000,200,113,0.33960013695911856,0.58599853515625,0.3499423051470466,0.5203272039669646,0.3505397051767404,0.6620413998193229,0.4464316325814585,0.5970458984375,0.029618755003641736,0.008471603760424645,58,0.03883032581688202,0.10683149562233996,0.0,0.010342168187928047,1.0,0.01093956821762182,1.0,0.01104736328125,1.0,-0.06567133118928536,1.0
dense,50,4000,200,114,0.33960013695911856,0.58599853515625,0.38226064514946423,0.3985291125813896,0.3513725435645762,0.599589921115314,0.4455255326244183,0.5921630859375,0.029002587217227104,0.008499268875801264,60,0.03425197421599466,0.10592539566529974,0.0,0.04266050819034567,1.0,0.011772406605457642,1.0,0.00616455078125,1.0,-0.18746942257486038,0.0
dense,50,4000,200,115,0.33960013695911856,0.58599853515625,0.3647738031202759,0.5125096951621476,0.3666846389743348,0.6596314467728738,0.4455383302539063,0.59375,0.028255850035295207,0.00858265457160041,50,0.03111693260669589,0.10593819329478776,0.0,0.02517366616115735,1.0,0.027084502015216227,1.0,0.00775146484375,1.0,-0.07348883999410238,0.0
dense,50,4000,200,116,0.33960013695911856,0.58599853515625,0.29342177305259015,0.555955710674345,0.29920564072858985,0.6131153511479056,0.3851751002506498,0.5506591796875,0.026998169073054797,0.008205085737751038,62,0.03827148157266971,0.04557496329153127,1.0,-0.04617836390652841,1.0,-0.04039449623052871,1.0,-0.03533935546875,1.0,-0.030042824481904984,1.0
dense,50,4000,200,117,0.33960013695911856,0.58599853515625,0.2929767245677047,0.6809709444610118,0.2862028450501447,0.606931616219661,0.38448380684298655,0.55517578125,0.028560670686169572,0.008229644595008877,74,0.04260196102368896,0.044883669883867994,1.0,-0.046623412391413876,1.0,-0.053397291908973854,1.0,-0.03082275390625,1.0,0.0949724093047618,0.0
dense,50,4000,200,118,0.33960013695911856,0.58599853515625,0.36730192400588774,0.713190455472399,0.39142933896579085,0.6543428619937276,0.47076446227412194,0.6092529296875,0.028936112394378405,0.008742100006195345,59,0.032729614015984315,0.13116432531500338,0.0,0.027701787046769177,1.0,0.05182920200667229,1.0,0.02325439453125,1.0,0.127191920316149,0.0
dense,50,4000,200,119,0.33960013695911856,0.58599853515625,0.3219995542176033,0.4836547962776243,0.31305504002254764,0.6292483215383009,0.4031775191031505,0.552490234375,0.02789172307713808,0.008632118483683868,65,0.03399798660465838,0.06357738214403191,0.0,-0.01760058274151527,1.0,-0.026545096936570922,1.0,-0.03350830078125,1.0,-0.10234373887862569,0.0
dense,50,4000,200,120,0.33960013695911856,0.58599853515625,0.3482436148435289,0.5557801150248427,0.36421925869940525,0.6373122388284448,0.44378392778852727,0.56201171875,0.028085840258595344,0.009270921703214495,56,0.029153725339246806,0.1041837908294087,0.0,0.008643477884410333,1.0,0.024619121740286687,1.0,-0.02398681640625,1.0,-0.030218420131407298,1.0
dense,50,4000,200,121,0.33960013695911856,0.58599853515625,0.3939624044681245,0.7387690581652737,0.35456085083427175,0.6628251158979027,0.4531572470118229,0.5999755859375,0.029079953547559326,0.00844770380407771,69,0.03934831504967983,0.11355711005270436,0.0,0.05436226750900597,1.0,0.014960713875153187,1.0,0.01397705078125,1.0,0.15277052300902372,0.0
dense,50,4000,200,122,0.33960013695911856,0.58599853515625,0.4280952886310437,0.5763307601405174,0.4047890694695735,0.6779880018301581,0.4926094291155249,0.623291015625,0.030286440057690815,0.008607278461367178,73,0.040858404227623324,0.15300929215640635,0.0,0.08849515167192512,0.0,0.06518893251045493,0.0,0.03729248046875,1.0,-0.009667775015732571,1.0
dense,50,4000,200,123,0.33960013695911856,0.58599853515625,0.35536495145934366,0.667027948392159,0.35453388144566783,0.6399503880535276,0.45037710341395615,0.6112060546875,0.03043944826272566,0.008187436012922806,67,0.04052026905424946,0.11077696645483759,0.0,0.0157648145002251,1.0,0.014933744486549272,1.0,0.02520751953125,1.0,0.08102941323590895,0.0
dense,50,4000,200,124,0.33960013695911856,0.58599853515625,0.34231473028055204,0.6077242339417966,0.34837151430560187,0.5972023133450055,0.4309837830143295,0.581298828125,0.02786740526745207,0.008502965780243805,60,0.0354753744568374,0.09138364605521093,0.0,0.0027145933214334783,1.0,0.008771377346483311,1.0,-0.00469970703125,1.0,0.021725698785546643,1.0
dense,50,4000,200,125,0.33960013695911856,0.58599853515625,0.34652287810383087,0.5083749368181756,0.30976519111903045,0.6132231976696295,0.4156385639999932,0.597412109375,0.03014888618691729,0.00787213107530529,63,0.03920371678899923,0.07603842704087466,0.0,0.006922741144712308,1.0,-0.029834945840088112,1.0,0.01141357421875,1.0,-0.07762359833807442,0.0
dense,50,4000,200,126,0.33960013695911856,0.58599853515625,0.3997849821217178,0.6408139528914579,0.4247080246291619,0.6630632732907064,0.5027939616035928,0.6314697265625,0.030300449132824772,0.00861246787578241,46,0.029837241536834213,0.16319382464447424,0.0,0.060184845162599254,0.0,0.08510788767004335,0.0,0.04547119140625,1.0,0.05481541773520793,1.0
dense,50,4000,200,127,0.33960013695911856,0.58599853515625,0.35955599008056427,0.5248379164126533,0.31730582080414466,0.6262480216983118,0.4132830525388189,0.5625,0.028490772519511685,0.008536822454040853,70,0.03763636678427581,0.07368291557970036,0.0,0.01995585312144571,1.0,-0.022294316154973903,1.0,-0.02349853515625,1.0,-0.061160618743596684,1.0
dense,50,4000,200,128,0.33960013695911856,0.58599853515625,0.35285439555050596,0.49929389343442526,0.3374661602129537,0.6679475012485064,0.41715577300907725,0.5723876953125,0.027843073837335395,0.008532326191912213,49,0.03128871120938936,0.07755563604995869,0.0,0.013254258591387402,1.0,-0.002133976746164834,1.0,-0.01361083984375,1.0,-0.08670464172182474,0.0
dense,50,4000,200,129,0.33960013695911856,0.58599853515625,0.358185896246877,0.7320458265447866,0.36004545449333286,0.6331789046625771,0.4445531310269908,0.5819091796875,0.028299192318688313,0.00904533628030856,63,0.03610042332594143,0.10495299406787223,0.0,0.018585759287758463,1.0,0.020445317534214302,1.0,-0.00408935546875,1.0,0.14604729138853656,0.0
dense,50,4000,200,130,0.33960013695911856,0.58599853515625,0.38385754394630667,0.43302037426399187,0.356749169900614,0.6177797860093882,0.45610306484206503,0.61865234375,0.02904385747209027,0.008059367838831204,72,0.040572038741046694,0.11650292788294647,0.0,0.04425740698718811,1.0,0.017149032941495446,1.0,0.03265380859375,1.0,-0.15297816089225813,0.0
dense,50,4000,200,131,0.33960013695911856,0.58599853515625,0.3391585477886611,0.6050736915645863,0.3425722768546683,0.6496241525027151,0.43776935970838204,0.5948486328125,0.02815180825839888,0.008385268026782364,66,0.03858957308683581,0.09816922274926349,0.0,-0.00044158917045744595,1.0,0.0029721398955497302,1.0,0.00885009765625,1.0,0.019075156408336347,1.0
dense,50,4000,200,132,0.33960013695911856,0.58599853515625,0.35922007389972144,0.617914569185413,0.3510331649213245,0.6036715544705084,0.43784512595584146,0.5869140625,0.029356222995056847,0.008596933401115852,80,0.040990710162484637,0.0982449889967229,0.0,0.019619936940602878,1.0,0.011433027962205966,1.0,0.00091552734375,1.0,0.03191603402916299,1.0
dense,50,4000,200,133,0.33960013695911856,0.58599853515625,0.3507504007133787,0.6423108613809836,0.338045317785141,0.6081778797397113,0.43464945442618813,0.5909423828125,0.029167815924699556,0.008200160480163964,76,0.04264926112710711,0.09504931746706957,0.0,0.011150263754260148,1.0,-0.0015548191739775397,1.0,0.00494384765625,1.0,0.05631232622473359,1.0
dense,50,4000,200,134,0.33960013695911856,0.58599853515625,0.35592798720559693,0.6797837795572568,0.3645042004219893,0.6761456361605599,0.45355529320000887,0.607666015625,0.029790083064084993,0.008192874834908225,56,0.035679864394512525,0.11395515624089031,0.0,0.01632785024647837,1.0,0.024904063462870718,1.0,0.02166748046875,1.0,0.09378524440100677,0.0
dense,50,4000,200,135,0.33960013695911856,0.58599853515625,0.309450577332661,0.4375820066583008,0.2992726325038363,0.6270613742251514,0.3866847912502456,0.553955078125,0.027724502950361843,0.008249509906441287,55,0.0368809908631884,0.047084654291127015,1.0,-0.030149559626457545,1.0,-0.04032750445528227,1.0,-0.03204345703125,1.0,-0.14841652849794917,0.0
dense,50,4000,200,136,0.33960013695911856,0.58599853515625,0.43789035247755526,0.6201429132144086,0.41846424740592586,0.691012358663245,0.49742712647835374,0.5960693359375,0.030076853558236683,0.009418293941293631,57,0.03291316012410608,0.15782698951923518,0.0,0.0982902155184367,0.0,0.0788641104468073,0.0,0.01007080078125,1.0,0.03414437805815862,1.0
dense,50,4000,200,137,0.33960013695911856,0.58599853515625,0.35034605338443836,0.5675048828125,0.3455608216994196,0.664753761421354,0.42884328906652436,0.5758056640625,0.02824024758772376,0.00879945422296847,66,0.034166685184802606,0.0892431521074058,0.0,0.010745916425319801,1.0,0.0059606847403010366,1.0,-0.01019287109375,1.0,-0.01849365234375,1.0
dense,50,4000,200,138,0.33960013695911856,0.58599853515625,0.35305533960175534,0.6290147770743331,0.3435056055910353,0.666365397535748,0.43981104882409155,0.58056640625,0.02890200379651028,0.008702091219541323,73,0.04110194879026537,0.100210911864973,0.0,0.013455202642636777,1.0,0.003905468631916764,1.0,-0.00543212890625,1.0,0.043016241918083065,1.0
dense,50,4000,200,139,0.33960013695911856,0.58599853515625,0.38976979732044614,0.6088350905268999,0.3653945664808642,0.6576556316257629,0.45314537889926404,0.585205078125,0.02935223710529197,0.008902864721340034,57,0.032763938939855006,0.11354524194014548,0.0,0.050169660361327584,1.0,0.025794429521745654,1.0,-0.00079345703125,1.0,0.02283655537064988,1.0
dense,50,4000,200,140,0.33960013695911856,0.58599853515625,0.36425346683790794,0.6306429148680154,0.35730651922638584,0.6709522986664704,0.4567202533891805,0.5924072265625,0.02932021012136325,0.008633539179869315,82,0.0441169568916911,0.11712011643006193,0.0,0.024653329878789376,1.0,0.017706382267267284,1.0,0.00640869140625,1.0,0.04464437971176538,1.0
dense,50,4000,200,141,0.33960013695911856,0.58599853515625,0.38017004331340554,0.6733483256976645,0.37627423940090804,0.64420979333886,0.4607946285667243,0.6094970703125,0.028797311539811545,0.008418751290083909,58,0.0350184672492006,0.12119449160760576,0.0,0.04056990635428698,1.0,0.03667410244178948,1.0,0.02349853515625,1.0,0.08734979054141445,0.0
dense,50,4000,200,142,0.33960013695911856,0.58599853515625,0.4546788515185598,0.6432104153693866,0.42162777733153634,0.6895167049556264,0.5112308308667239,0.61279296875,0.029214278486558474,0.009153969313610346,81,0.039072501175204104,0.17163069390760538,0.0,0.11507871455944124,0.0,0.08202764037241778,0.0,0.02679443359375,1.0,0.05721188021313661,1.0
dense,50,4000,200,143,0.33960013695911856,0.58599853515625,0.36803864508796647,0.672552970222605,0.36249880081284325,0.6179601629260083,0.44771865543751044,0.587158203125,0.029350990211292057,0.008651462185287723,50,0.031075959582719772,0.10811851847839188,0.0,0.028438508128847906,1.0,0.022898663853724688,1.0,0.00115966796875,1.0,0.08655443506635496,0.0
dense,50,4000,200,144,0.33960013695911856,0.58599853515625,0.3786338624961478,0.5137710453572368,0.35843137400734065,0.5957887444337927,0.4559723048484208,0.63134765625,0.028297632395764247,0.0078061699711891724,70,0.040111184922985293,0.11637216788930221,0.0,0.03903372553702922,1.0,0.018831237048222094,1.0,0.04534912109375,1.0,-0.07222748979901317,1.0
dense,50,4000,200,145,0.33960013695911856,0.58599853515625,0.39734565216302326,0.7168260283643773,0.37943265978986906,0.6747083820501613,0.47586089573903545,0.611572265625,0.03009346800493159,0.008669849355179558,74,0.04334340555514559,0.1362607587799169,0.0,0.057745515203904696,1.0,0.039832522830750505,1.0,0.02557373046875,1.0,0.13082749320812725,0.0
dense,50,4000,200,146,0.33960013695911856,0.58599853515625,0.27821552442799374,0.603745598992747,0.2539052839652478,0.6000356091816113,0.35457875803375394,0.537841796875,0.027220201592530142,0.007932452020307094,60,0.04065827007048904,0.014978621074635379,1.0,-0.061384612531124816,0.0,-0.08569485299387075,0.0,-0.04815673828125,1.0,0.017747063836497046,1.0
dense,50,4000,200,147,0.33960013695911856,0.58599853515625,0.3777858345282218,0.6808560895919413,0.32766302003499315,0.6112710589340034,0.42892201169419186,0.6072998046875,0.029782100487660147,0.007823298339105743,72,0.0455178848395492,0.0893218747350733,0.0,0.03818569756910323,1.0,-0.011937116924125413,1.0,0.02130126953125,1.0,0.09485755443569133,0.0
dense,50,4000,200,148,0.33960013695911856,0.58599853515625,0.3230536929789818,0.38440459194451315,0.3105786729835397,0.6037161002317084,0.402503586697041,0.5731201171875,0.028281150269923068,0.008021594960459759,63,0.04013794042497402,0.06290344973792245,0.0,-0.01654644398013677,1.0,-0.029021463975578865,1.0,-0.01287841796875,1.0,-0.20159394321173685,0.0
dense,50,4000,200,149,0.33960013695911856,0.58599853515625,0.3672987239856924,0.6656632642732739,0.3618007619442972,0.6920673527080524,0.4556772763402792,0.59130859375,0.030083840010383122,0.008945750617628121,63,0.035760796176667,0.11607713938116065,0.0,0.02769858702657385,1.0,0.022200624985178663,1.0,0.00531005859375,1.0,0.07966472911702394,0.0
dense,50,4000,400,0,0.33960013695911856,0.58599853515625,0.3597299300771424,0.5518401805474499,0.3107401439081955,0.8901474377081621,0.49283857689572896,0.560791015625,0.027302420812331526,0.01024175962854984,69,0.046128522103220375,0.1532384399366104,0.0,0.02012979311802382,1.0,-0.028859993050923072,1.0,-0.02520751953125,1.0,-0.03415835460880012,1.0
dense,50,4000,400,1,0.33960013695911856,0.58599853515625,0.4187039532488846,0.3313798708588091,0.30513335628136556,0.8970639961196006,0.5016373929795888,0.5655517578125,0.027869207959037905,0.010513405786163964,78,0.04465283450617949,0.1620372560204702,0.0,0.07910381628976604,0.0,-0.034466780677752995,1.0,-0.02044677734375,1.0,-0.2546186642974409,0.0
dense,50,4000,400,2,0.33960013695911856,0.58599853515625,0.37140828061440395,0.6489324254008195,0.3325373996045763,0.8814587301296279,0.5079967624221048,0.5867919921875,0.02804869997966485,0.010091046403959261,67,0.040839117904317636,0.16839662546298623,0.0,0.03180814365528539,1.0,-0.00706273735454227,1.0,0.00079345703125,1.0,0.06293389024456952,1.0
dense,50,4000,400,3,0.33960013695911856,0.58599853515625,0.39447123426669706,0.5408080338652552,0.34348975320050223,0.8624857445708911,0.5171766132792432,0.581298828125,0.02792957600487985,0.010433061130945038,63,0.038992492162677486,0.1775764763201247,0.0,0.0548710973075785,0.0,0.0038896162413836755,1.0,-0.00469970703125,1.0,-0.04519050129099478,1.0
dense,50,4000,400,4,0.33960013695911856,0.58599853515625,0.38300872019465815,0.6384112181908019,0.31166223274172844,0.8877620129227389,0.48653352058245336,0.557373046875,0.02626033181316964,0.010638349263968436,77,0.040515127395890325,0.1469333836233348,0.0,0.04340858323553959,1.0,-0.02793790421739012,1.0,-0.02862548828125,1.0,0.05241268303455193,1.0
dense,50,4000,400,5,0.33960013695911856,0.58599853515625,0.33776150699686713,0.5399236320662718,0.27553506080286455,0.8407182932550087,0.4664939822131891,0.5335693359375,0.025809146680892604,0.010597643285658978,70,0.04106638763820348,0.12689384525407055,0.0,-0.0018386299622514257,1.0,-0.06406507615625401,0.0,-0.05242919921875,1.0,-0.04607490308997819,1.0
dense,50,4000,400,6,0.33960013695911856,0.58599853515625,0.3800440327853012,0.33250521529022103,0.33390658073612867,0.9214143631649261,0.5034704560477468,0.5477294921875,0.027756924835358944,0.011237930179696393,56,0.03306169684208689,0.1638703190886282,0.0,0.04044389582618263,1.0,-0.005693556222989893,1.0,-0.03826904296875,1.0,-0.25349331986602897,0.0
dense,50,4000,400,7,0.33960013695911856,0.58599853515625,0.38408880541041684,0.5246338511335825,0.3456739109781056,0.8651548455306228,0.5217375887317209,0.573974609375,0.027218965328035395,0.010627750245297655,61,0.03837539936086659,0.18213745177260238,0.0,0.044488668451298286,1.0,0.006073774018987066,1.0,-0.01202392578125,1.0,-0.06136468402266748,1.0
dense,50,4000,400,8,0.33960013695911856,0.58599853515625,0.43950685819855834,0.47210157309359047,0.3508209754294639,0.9180817599872643,0.5174135154126831,0.5650634765625,0.027936750221999197,0.010616162147151576,67,0.03986840828391285,0.17781337845356454,0.0,0.09990672123943978,0.0,0.011220838470345329,1.0,-0.02093505859375,1.0,-0.11389696206265953,0.0
dense,50,4000,400,9,0.33960013695911856,0.58599853515625,0.42358086260259104,0.576416015625,0.37859763195330004,0.8961121632145312,0.5356389075833303,0.56787109375,0.027663282206679227,0.010958095058051103,57,0.033836994923580596,0.19603877062421177,0.0,0.08398072564347248,0.0,0.03899749499418148,1.0,-0.01812744140625,1.0,-0.00958251953125,1.0
dense,50,4000,400,10,0.33960013695911856,0.58599853515625,0.4084625405068455,0.46526628503542966,0.35196880210925663,0.8718480935050497,0.5008272429962872,0.565673828125,0.02646775535929826,0.01043887332951987,62,0.03647247114804633,0.16122710603716867,0.0,0.06886240354772694,0.0,0.01236866515013807,1.0,-0.02032470703125,1.0,-0.12073225012082034,0.0
dense,50,4000,400,11,0.33960013695911856,0.58599853515625,0.3526931355315055,0.5042363162293512,0.3085632649483714,0.9010921357249357,0.5002618608986928,0.553466796875,0.027975648481716298,0.010651385080325638,65,0.03770851459917583,0.16066172393957429,0.0,0.013092998572386938,1.0,-0.031036872010747174,1.0,-0.03253173828125,1.0,-0.08176221892689883,0.0
dense,50,4000,400,12,0.33960013695911856,0.58599853515625,0.43550707893434215,0.5698278595096612,0.35997527383280487,0.9192819603740647,0.5250034323099364,0.5594482421875,0.027609800748214126,0.011151476524637662,58,0.036264653248971455,0.18540329535081784,0.0,0.09590694197522359,0.0,0.020375136873686306,1.0,-0.02655029296875,1.0,-0.016170675646588806,1.0
dense,50,4000,400,13,0.33960013695911856,0.58599853515625,0.4418691279464045,0.5295207246996547,0.35347086670466765,0.9096708295599581,0.5225018646702011,0.5684814453125,0.02737689215527982,0.01073837864099638,63,0.035941464016412274,0.18290172771108254,0.0,0.10226899098728592,0.0,0.013870729745549093,1.0,-0.01751708984375,1.0,-0.05647781045659528,1.0
dense,50,4000,400,14,0.33960013695911856,0.58599853515625,0.4920980420047947,0.7352219387807231,0.4904406936197906,0.9961276200464674,0.6333278694090612,0.613525390625,0.030101000497763014,0.011408458559514547,41,0.028157624397040646,0.2937277324499426,0.0,0.15249790504567612,0.0,0.15084055666067203,0.0,0.02752685546875,1.0,0.14922340362447306,0.0
dense,50,4000,400,15,0.33960013695911856,0.58599853515625,0.36468846443701985,0.4649441167746189,0.2774268413462151,0.8418139856216424,0.46184077438446325,0.546630859375,0.028339234397999156,0.01025776325004811,61,0.037489166290387205,0.12224063742534469,0.0,0.025088327477901295,1.0,-0.06217329561290347,0.0,-0.03936767578125,1.0,-0.12105441838163111,0.0
dense,50,4000,400,16,0.33960013695911856,0.58599853515625,0.40716683271391263,0.5909146530952099,0.3443155294454982,0.8701906471140917,0.5056191137891131,0.5712890625,0.027193896012311678,0.010613434513834698,48,0.031752142538510886,0.1660189768299945,0.0,0.06756669575479407,0.0,0.004715392486379644,1.0,-0.01470947265625,1.0,0.004916117938959852,1.0
dense,50,4000,400,17,0.33960013695911856,0.58599853515625,0.3989251401550221,0.6819991512240446,0.3440296428284725,0.884866388049077,0.5133412707539895,0.57763671875,0.02790571597374092,0.01047686018663231,55,0.036786155897626314,0.17374113379487094,0.0,0.05932500319590356,0.0,0.004429505869353922,1.0,-0.00836181640625,1.0,0.09600061606779464,0.0
dense,50,4000,400,18,0.33960013695911856,0.58599853515625,0.41142840412401127,0.6475205395511798,0.41452474417118956,0.8858577412976459,0.5746692943114108,0.5926513671875,0.02876248190013957,0.011015033137940704,54,0.033173444485594,0.23506915735229222,0.0,0.07182826716489271,0.0,0.074924607212071,0.0,0.00665283203125,1.0,0.06152200439492983,1.0
dense,50,4000,400,19,0.33960013695911856,0.58599853515625,0.3281042941484749,0.6375077999283953,0.30214011226471915,0.9218361190875599,0.4764051550270961,0.557373046875,0.026810011046073185,0.010141541051423699,62,0.03626315171043318,0.13680501806797757,0.0,-0.011495842810643642,1.0,-0.03746002469439941,1.0,-0.02862548828125,1.0,0.05150926477214535,1.0
dense,50,4000,400,20,0.33960013695911856,0.58599853515625,0.4757664656609736,0.6394119050649731,0.4022091362356707,0.8987969337861768,0.5544996200881269,0.579345703125,0.028189909122145407,0.01098248795523483,51,0.03294035483399647,0.21489948312900836,0.0,0.13616632870185502,0.0,0.06260899927655211,0.0,-0.00665283203125,1.0,0.05341336990872314,1.0
dense,50,4000,400,21,0.33960013695911856,0.58599853515625,0.397656802412093,0.5515206440573446,0.36552418844489987,0.9694167438675907,0.5301896439013238,0.55517578125,0.027259496113918175,0.01143581571853186,60,0.033820242182966406,0.19058950694220528,0.0,0.05805666545297444,0.0,0.025924051485781308,1.0,-0.03082275390625,1.0,-0.03447789109890542,1.0
dense,50,4000,400,22,0.33960013695911856,0.58599853515625,0.3602019765126734,0.5017781976526382,0.30967439735280755,0.9206494061136876,0.4887971636121899,0.541015625,0.027991656732243752,0.010962319545823477,72,0.03724751860861774,0.14919702665307133,0.0,0.020601839553554824,1.0,-0.029925739606311008,1.0,-0.04498291015625,1.0,-0.0842203375036118,0.0
dense,50,4000,400,23,0.33960013695911856,0.58599853515625,0.3681932927916084,0.6698915228901227,0.3537122745068907,0.8702719979301444,0.5029781741978937,0.56005859375,0.0267223331644035,0.010746663410042543,60,0.039533825440460225,0.16337803723877514,0.0,0.028593155832489836,1.0,0.01411213754777213,1.0,-0.02593994140625,1.0,0.08389298773387266,0.0
dense,50,4000,400,24,0.33960013695911856,0.58599853515625,0.31941081057788,0.5794750341406619,0.29055720630415394,0.8570374986471007,0.480343310292626,0.5673828125,0.02867996796117131,0.009818202745371724,61,0.03955677310028667,0.14074317333350744,0.0,-0.020189326381238548,1.0,-0.04904293065496462,1.0,-0.01861572265625,1.0,-0.0065235010155880735,1.0
dense,50,4000,400,25,0.33960013695911856,0.58599853515625,0.4364441724390154,0.5187669367869473,0.37092584512644267,0.8711680962674972,0.5351354496865866,0.5802001953125,0.02721027344345635,0.010793567216721638,59,0.03621413866919951,0.195535312727468,0.0,0.09684403547989684,0.0,0.03132570816732411,1.0,-0.00579833984375,1.0,-0.0672315983693027,1.0
dense,50,4000,400,26,0.33960013695911856,0.58599853515625,0.3648275535508967,0.4899873377850941,0.31302917180442824,0.7910336310236945,0.5047199575563497,0.5845947265625,0.02914671691083741,0.009840249014208068,58,0.03964327287509909,0.16511982059723113,0.0,0.02522741659177813,1.0,-0.026570965154690318,1.0,-0.00140380859375,1.0,-0.09601119737115588,0.0
dense,50,4000,400,27,0.33960013695911856,0.58599853515625,0.30576866151663734,0.5492450291459074,0.31445724717443146,0.8726850636082158,0.4813016072535439,0.5621337890625,0.027564393114158706,0.010251360438347937,63,0.03988010835851353,0.1417014702944253,0.0,-0.03383147544248122,1.0,-0.025142889784687095,1.0,-0.02386474609375,1.0,-0.03675350601034255,1.0
dense,50,4000,400,28,0.33960013695911856,0.58599853515625,0.41491195215601034,0.7026335039569688,0.3655053577560542,0.8909068380225919,0.5433745912806429,0.5946044921875,0.028979951019051372,0.010459749695205257,58,0.0354443292857345,0.20377445432152436,0.0,0.07531181519689178,0.0,0.025905220796935635,1.0,0.00860595703125,1.0,0.11663496880071877,0.0
dense,50,4000,400,29,0.33960013695911856,0.58599853515625,0.3700127100313323,0.6073089631170722,0.32769841780841846,0.9205748818294249,0.5148686864158845,0.5697021484375,0.0289156478233357,0.010528361524395666,57,0.0385477020981317,0.1752685494567659,0.0,0.030412573072213733,1.0,-0.011901719150700096,1.0,-0.01629638671875,1.0,0.021310427960822165,1.0
dense,50,4000,400,30,0.33960013695911856,0.58599853515625,0.404386615306353,0.4395862485275117,0.3352597200789855,0.8597545464923382,0.5105264327533423,0.57568359375,0.0279306595340458,0.01029280509098612,64,0.03845858442565796,0.17092629579422375,0.0,0.06478647834723444,0.0,-0.004340416880133036,1.0,-0.01031494140625,1.0,-0.1464122866287383,0.0
dense,50,4000,400,31,0.33960013695911856,0.58599853515625,0.39518121399878386,0.6974371626823598,0.380653304504729,0.93062972473926,0.5524069652890417,0.5726318359375,0.028466538534295385,0.011207966772205273,69,0.040413921138680635,0.2128068283299231,0.0,0.055581077039665305,1.0,0.04105316754561045,1.0,-0.01336669921875,1.0,0.11143862752610978,0.0
dense,50,4000,400,32,0.33960013695911856,0.58599853515625,0.41733664290263306,0.580472400447825,0.35883344882249324,0.9033406692376279,0.500310186598337,0.529052734375,0.02799754911912272,0.011220697377404856,46,0.030047284110838558,0.16071004963921848,0.0,0.0777365059435145,0.0,0.01923331186337468,1.0,-0.05694580078125,1.0,-0.005526134708425001,1.0
dense,50,4000,400,33,0.33960013695911856,0.58599853515625,0.4414001782064937,0.6522651084397789,0.37708994840919774,0.9164585961816246,0.5330828579801938,0.5782470703125,0.028235955274598993,0.010741072218538206,53,0.03484491000972038,0.19348272102107528,0.0,0.10180004124737513,0.0,0.03748981145007918,1.0,-0.00775146484375,1.0,0.06626657328352892,1.0
dense,50,4000,400,34,0.33960013695911856,0.58599853515625,0.3530662358101657,0.5826767232472779,0.2861098969635219,0.9077107538192131,0.46211729792431927,0.5380859375,0.02696363627854306,0.010265743735308466,66,0.03827400189092654,0.12251716096520071,0.0,0.013466098851047159,1.0,-0.053490239995596656,0.0,-0.04791259765625,1.0,-0.003321811908972072,1.0
dense,50,4000,400,35,0.33960013695911856,0.58599853515625,0.3172856468986378,0.7072327263026761,0.29403929928728434,0.9096271547707775,0.4749988429662608,0.5296630859375,0.027396882294622647,0.010929938435161572,79,0.04294604668217494,0.13539870600714227,0.0,-0.02231449006048075,1.0,-0.04556083767183422,1.0,-0.05633544921875,1.0,0.12123419114642608,0.0
dense,50,4000,400,36,0.33960013695911856,0.58599853515625,0.4232330411483311,0.5858215535296878,0.3407433603177572,0.9539665070956536,0.5055319774572695,0.542236328125,0.026223220009728175,0.011429125553229072,55,0.033260514614014705,0.16593184049815096,0.0,0.08363290418921254,0.0,0.0011432233586386453,1.0,-0.04376220703125,1.0,-0.0001769816265622115,1.0
dense,50,4000,400,37,0.33960013695911856,0.58599853515625,0.4512501111744243,0.5826032686739278,0.3585603462152114,0.9473514224293274,0.5226367664340359,0.5596923828125,0.028992760679207596,0.011180575712349204,63,0.036587659750073956,0.18303662947491733,0.0,0.11164997421530576,0.0,0.01896020925609282,1.0,-0.02630615234375,1.0,-0.0033952664823222456,1.0
dense,50,4000,400,38,0.33960013695911856,0.58599853515625,0.3574662221420353,0.41475933355621,0.29191625333068055,0.8754648592185468,0.4655136176682893,0.556396484375,0.026017966841609293,0.010106195742272506,59,0.03875987649655314,0.12591348070917074,0.0,0.017866085182916713,1.0,-0.047683883628438006,1.0,-0.02960205078125,1.0,-0.17123920160004003,0.0
dense,50,4000,400,39,0.33960013695911856,0.58599853515625,0.35911531043941314,0.6350045715385622,0.31975915529731347,0.8838011288726672,0.4941490444455491,0.5589599609375,0.027060395976746733,0.010570027876320038,64,0.038291142327092145,0.15454890748643052,0.0,0.01951517348029458,1.0,-0.01984098166180509,1.0,-0.02703857421875,1.0,0.04900603638231216,1.0
dense,50,4000,400,40,0.33960013695911856,0.58599853515625,0.3514318839241033,0.6219362861410929,0.2892925710772247,0.8797193266049785,0.48228749985497876,0.55029296875,0.027780563156691866,0.010465223220188596,81,0.045021766710752635,0.1426873628958602,0.0,0.011831746964984735,1.0,-0.050307565881893834,1.0,-0.03570556640625,1.0,0.035937750984842864,1.0
dense,50,4000,400,41,0.33960013695911856,0.58599853515625,0.41395941823320487,0.6494163069596607,0.3291748627193253,0.8949492058356016,0.5089459051280238,0.552734375,0.027820524974429436,0.010802974160356842,73,0.0400346804822821,0.1693457681689053,0.0,0.07435928127408631,0.0,-0.01042527423979328,1.0,-0.03326416015625,1.0,0.06341777180341068,1.0
dense,50,4000,400,42,0.33960013695911856,0.58599853515625,0.35204971421761355,0.645062420842329,0.32298376807064777,0.8479939653897535,0.49650884733541867,0.560546875,0.027967419332676168,0.010462749546027099,66,0.03812685621938017,0.1569087103763001,0.0,0.012449577258494993,1.0,-0.01661636888847079,1.0,-0.02545166015625,1.0,0.05906388568607901,1.0
dense,50,4000,400,43,0.33960013695911856,0.58599853515625,0.4013763239534248,0.5606689453125,0.36095051943491774,0.899734957486867,0.5182683190150141,0.56005859375,0.02635730196111966,0.011015512143714037,64,0.034299187561978216,0.17866818205589557,0.0,0.06177618699430626,0.0,0.02135038247579918,1.0,-0.02593994140625,1.0,-0.02532958984375,1.0
dense,50,4000,400,44,0.33960013695911856,0.58599853515625,0.3888660261380421,0.5704312677078787,0.3263852762236371,0.8689912932195255,0.5056920970841211,0.5638427734375,0.026946856669314463,0.010766986496461883,72,0.03860425580645519,0.16609196012500255,0.0,0.04926588917892355,1.0,-0.013214860735481448,1.0,-0.02215576171875,1.0,-0.015567267448371336,1.0
dense,50,4000,400,45,0.33960013695911856,0.58599853515625,0.40559830567053834,0.7904468252095533,0.3350699878937906,0.8729018228277636,0.5084320621570723,0.5703125,0.02797631845161153,0.010460269953094235,63,0.0367189531864796,0.1688319251979537,0.0,0.06599816871141978,0.0,-0.004530149065327949,1.0,-0.01568603515625,1.0,0.20444829005330334,0.0
dense,50,4000,400,46,0.33960013695911856,0.58599853515625,0.34442875602562617,0.6799217285279817,0.29380410611931707,0.8374427439195669,0.47258498203896526,0.5498046875,0.027578148567516347,0.010241774126763204,66,0.041030371274213356,0.1329848450798467,0.0,0.004828619066507611,1.0,-0.045796030839801494,1.0,-0.03619384765625,1.0,0.09392319337173172,0.0
dense,50,4000,400,47,0.33960013695911856,0.58599853515625,0.4175161283603016,0.5826452770074795,0.3610249941226933,0.843827677765748,0.5249934585650278,0.5833740234375,0.028751151244270967,0.010432103459631688,62,0.03684525444146551,0.1853933216059092,0.0,0.07791599140118305,0.0,0.02142485716357473,1.0,-0.00262451171875,1.0,-0.0033532581487705215,1.0
dense,50,4000,400,48,0.33960013695911856,0.58599853515625,0.3498993838432335,0.4438392878393008,0.29136141583772246,0.8774256716735351,0.44971157208738427,0.5196533203125,0.02625903324882988,0.010972923128389553,51,0.03365272735012683,0.11011143512826571,0.0,0.010299246884114932,1.0,-0.0482387211213961,1.0,-0.06634521484375,0.0,-0.14215924731694918,0.0
dense,50,4000,400,49,0.33960013695911856,0.58599853515625,0.42644578023294466,0.6735021188005443,0.3121479490340089,0.9080733982558206,0.4790446800347854,0.539794921875,0.026443815480466953,0.010629904818896056,61,0.03530825666518308,0.13944454307566684,0.0,0.0868456432738261,0.0,-0.027452187925109672,1.0,-0.04620361328125,1.0,0.08750358364429434,0.0
dense,50,4000,400,50,0.33960013695911856,0.58599853515625,0.4336526061339939,0.6034961082144559,0.354875960894417,0.8968077340986306,0.528463560623234,0.5750732421875,0.027637000417910257,0.010738156731184336,73,0.04063047688746096,0.1888634236641154,0.0,0.09405246917487536,0.0,0.015275823935298416,1.0,-0.01092529296875,1.0,0.017497573058205873,1.0
dense,50,4000,400,51,0.33960013695911856,0.58599853515625,0.3538931110612399,0.6015741972604645,0.3178540849922651,0.8503594766093242,0.5006397635216868,0.558349609375,0.027182764277633935,0.010603115008305564,72,0.04080589907778196,0.16103962656256826,0.0,0.014292974102121325,1.0,-0.021746051966853475,1.0,-0.02764892578125,1.0,0.01557566210421446,1.0
dense,50,4000,400,52,0.33960013695911856,0.58599853515625,0.3322460574461667,0.5980028440993719,0.28935843689854573,0.8526284484841927,0.47098637704578794,0.5557861328125,0.02622545997197532,0.01018351286807847,75,0.041444363210818534,0.13138624008666938,0.0,-0.007354079512951861,1.0,-0.050241700060572825,1.0,-0.03021240234375,1.0,0.012004308943121877,1.0
dense,50,4000,400,53,0.33960013695911856,0.58599853515625,0.3793170612021681,0.5527920401760051,0.3299705817372188,0.8657094445638632,0.5132530971540854,0.5716552734375,0.028338250867419583,0.010453652604243878,69,0.038668842716444954,0.17365296019496684,0.0,0.03971692424304957,1.0,-0.009629555221899733,1.0,-0.01434326171875,1.0,-0.03320649498024486,1.0
dense,50,4000,400,54,0.33960013695911856,0.58599853515625,0.38094253612202333,0.4340087363038111,0.3094723033818582,0.931598495594942,0.4788726142222641,0.533935546875,0.026774073420701802,0.011136338451669866,66,0.03848020996890172,0.13927247726314557,0.0,0.041342399162904775,1.0,-0.030127833577260343,1.0,-0.05206298828125,1.0,-0.1519897988524389,0.0
dense,50,4000,400,55,0.33960013695911856,0.58599853515625,0.38249300934417474,0.49375712007256484,0.3686253977943027,0.8778502574602163,0.5311273426680925,0.576904296875,0.028353385465045275,0.010581191071362725,58,0.035208451654844965,0.1915272057089739,0.0,0.04289287238505618,1.0,0.02902526083518414,1.0,-0.00909423828125,1.0,-0.09224141508368516,0.0
dense,50,4000,400,56,0.33960013695911856,0.58599853515625,0.44462372416118445,0.7179239877711074,0.40565536404662417,0.9117341552731403,0.5657332109695468,0.584716796875,0.028440821909190075,0.011214542440514964,61,0.03214513953861941,0.2261330740104282,0.0,0.1050235872020659,0.0,0.06605522708750561,0.0,-0.00128173828125,1.0,0.13192545261485744,0.0
dense,50,4000,400,57,0.33960013695911856,0.58599853515625,0.41546723583993495,0.7336789559963732,0.33206131695308244,0.8990681743509689,0.5057119487073192,0.570556640625,0.02725964577191536,0.010498156088335056,59,0.037547785346061846,0.1661118117482006,0.0,0.07586709888081639,0.0,-0.007538820006036118,1.0,-0.01544189453125,1.0,0.14768042084012323,0.0
dense,50,4000,400,58,0.33960013695911856,0.58599853515625,0.4063213309299988,0.49249496609267074,0.3723832336945842,0.9156447233943575,0.530792624690652,0.560546875,0.026600647298469532,0.011160963412930157,54,0.03267048112690106,0.19119248773153347,0.0,0.06672119397088022,0.0,0.032783096735465644,1.0,-0.02545166015625,1.0,-0.09350356906357926,0.0
dense,50,4000,400,59,0.33960013695911856,0.58599853515625,0.3227816459904982,0.5775912350006336,0.29265299273534917,0.8909092377143519,0.4759805599644147,0.5386962890625,0.027322062517846843,0.010818639635509891,54,0.0335612011755378,0.13638042300529613,0.0,-0.01681849096862037,1.0,-0.04694714422376939,1.0,-0.04730224609375,1.0,-0.008407300155616415,1.0
dense,50,4000,400,60,0.33960013695911856,0.58599853515625,0.33306953812873363,0.6031474386149438,0.33949999406298,0.8943425423163607,0.5188486316512593,0.5633544921875,0.027931225814344634,0.010690326841675217,72,0.03970142426386681,0.17924849469214071,0.0,-0.006530598830384926,1.0,-0.00010014289613857752,1.0,-0.02264404296875,1.0,0.0171489034586938,1.0
dense,50,4000,400,61,0.33960013695911856,0.58599853515625,0.3720566807025977,0.5555667624684243,0.34442492052211493,0.8777375538306159,0.5143633518200453,0.5552978515625,0.027076385664533863,0.010972010629989466,61,0.03619842094142926,0.17476321486092677,0.0,0.032456543743479116,1.0,0.004824783562996371,1.0,-0.03070068359375,1.0,-0.03043177268782571,1.0
dense,50,4000,400,62,0.33960013695911856,0.58599853515625,0.3458799488375146,0.7588250026992402,0.33416653207075403,0.8548445051359254,0.5152243741579716,0.5899658203125,0.02794812694918479,0.01005742781265532,66,0.040620603160105476,0.17562423719885306,0.0,0.006279811878396047,1.0,-0.005433604888364529,1.0,0.00396728515625,1.0,0.17282646754299025,0.0
dense,50,4000,400,63,0.33960013695911856,0.58599853515625,0.357627694815318,0.6653634783924058,0.3277261222967188,0.8848993282025434,0.5143340683325304,0.5699462890625,0.02812887415260693,0.010860852881065234,65,0.038346901952368284,0.1747339313734118,0.0,0.018027557856199417,1.0,-0.011874014662399734,1.0,-0.01605224609375,1.0,0.07936494323615584,0.0
dense,50,4000,400,64,0.33960013695911856,0.58599853515625,0.48629334302013993,0.6167056425482433,0.41192919247813925,0.9020126748626449,0.5794451948371634,0.5865478515625,0.028931531899071817,0.011444239011510354,73,0.038480543911778374,0.23984505787804483,0.0,0.14669320606102138,0.0,0.07232905551902069,0.0,0.00054931640625,1.0,0.030707107391993338,1.0
dense,50,4000,400,65,0.33960013695911856,0.58599853515625,0.3898147535364805,0.6664826700592104,0.34613595602534364,0.8448688610439236,0.523223327602196,0.576416015625,0.027715930841761802,0.010480771090239151,77,0.04171183158845793,0.18362319064307747,0.0,0.050214616577361926,1.0,0.006535819066225079,1.0,-0.00958251953125,1.0,0.08048413490296036,1.0
dense,50,4000,400,66,0.33960013695911856,0.58599853515625,0.3402828128959058,0.7138254372750403,0.27263322770396226,0.8863102096534432,0.4561856290398469,0.53466796875,0.02735037940021416,0.010455882228667682,59,0.03751526698589855,0.11658549208072833,0.0,0.0006826759367872248,1.0,-0.0669669092551563,0.0,-0.05133056640625,1.0,0.12782690211879033,0.0
dense,50,4000,400,67,0.33960013695911856,0.58599853515625,0.3865932801354288,0.43807202832979514,0.3388610125781122,0.9177844131770574,0.5141375449811154,0.5556640625,0.027812695147783797,0.010891102884534902,75,0.03879523737702469,0.17453740802199685,0.0,0.04699314317631026,1.0,-0.000739124381006373,1.0,-0.03033447265625,1.0,-0.14792650682645486,0.0
dense,50,4000,400,68,0.33960013695911856,0.58599853515625,0.4137200179755925,0.7084295840349374,0.34013307799822234,0.9118531144047798,0.5173141240865504,0.5615234375,0.027437869620527387,0.010864125869557555,72,0.0403897504333675,0.17771398712743186,0.0,0.07411988101647393,0.0,0.0005329410391037848,1.0,-0.02447509765625,1.0,0.12243104887868739,0.0
dense,50,4000,400,69,0.33960013695911856,0.58599853515625,0.3892430400929241,0.7892720270848455,0.3467020256092923,0.8975008041221474,0.5248959911997013,0.570068359375,0.02789209856072822,0.011003286964385304,64,0.03780165702684675,0.18529585424058276,0.0,0.04964290313380554,1.0,0.007101888650173749,1.0,-0.01593017578125,1.0,0.20327349192859545,0.0
dense,50,4000,400,70,0.33960013695911856,0.58599853515625,0.3904365229648099,0.6252646465541691,0.3387160500350922,0.8810710560412995,0.5169760520879169,0.5709228515625,0.027329452924514466,0.010830401123407038,79,0.04268142103890445,0.1773759151287983,0.0,0.05083638600569135,1.0,-0.0008840869240263616,1.0,-0.01507568359375,1.0,0.039266111397919135,1.0
dense,50,4000,400,71,0.33960013695911856,0.58599853515625,0.3381255577394182,0.4929825024215075,0.2801610304226715,0.8107981980305541,0.4690079696018208,0.550048828125,0.027329652191452624,0.010374258115876531,74,0.04169727519503239,0.12940783264270223,0.0,-0.0014745792197003449,1.0,-0.05943910653644707,0.0,-0.03594970703125,1.0,-0.09301603273474252,0.0
dense,50,4000,400,72,0.33960013695911856,0.58599853515625,0.3711219136837277,0.6786147559521075,0.3014251849081483,0.8748770013426646,0.4904312808125054,0.557861328125,0.026757987223446068,0.010573648040566189,80,0.04132778608950712,0.15083114385338686,0.0,0.03152177672460915,1.0,-0.03817495205097027,1.0,-0.02813720703125,1.0,0.09261622079585752,0.0
dense,50,4000,400,73,0.33960013695911856,0.58599853515625,0.4344654368342066,0.5141062306090974,0.3858665420224182,0.9185058827706657,0.5422199779975415,0.5814208984375,0.027912351989799987,0.010638219975517605,56,0.035460703252613274,0.20261984103842295,0.0,0.09486529987508802,0.0,0.046266405063299654,1.0,-0.00457763671875,1.0,-0.07189230454715256,0.0
dense,50,4000,400,74,0.33960013695911856,0.58599853515625,0.350098623783359,0.5568056472527707,0.3227882311331599,0.902540855581707,0.5093657294777861,0.5633544921875,0.027801106354596348,0.010588734463238854,63,0.0396176861586661,0.16976559251866757,0.0,0.010498486824240427,1.0,-0.01681190582595865,1.0,-0.02264404296875,1.0,-0.029192887903479292,1.0
dense,50,4000,400,75,0.33960013695911856,0.58599853515625,0.3881468992020935,0.6086424708259416,0.3053572904170394,0.8459743598597255,0.49774180394381307,0.5621337890625,0.02872033395399325,0.010422825520342537,65,0.0380756708192829,0.1581416669846945,0.0,0.04854676224297494,1.0,-0.03424284654207915,1.0,-0.02386474609375,1.0,0.022643935669691584,1.0
dense,50,4000,400,76,0.33960013695911856,0.58599853515625,0.37785627627671037,0.6423785464716871,0.35202716385141264,0.8981911546347995,0.5134229397246663,0.5537109375,0.02634075688703736,0.011266750475523812,57,0.03587390607826337,0.1738228027655478,0.0,0.03825613931759181,1.0,0.01242702689229408,1.0,-0.03228759765625,1.0,0.05638001131543713,1.0
dense,50,4000,400,77,0.33960013695911856,0.58599853515625,0.40407860410245433,0.5874787524011892,0.3534798503448292,0.9245088189508606,0.524535990451251,0.559814453125,0.0286998294107644,0.010947055540239422,64,0.038760584736712796,0.18493585349213243,0.0,0.06447846714333577,0.0,0.013879713385710646,1.0,-0.02618408203125,1.0,0.001480217244939186,1.0
dense,50,4000,400,78,0.33960013695911856,0.58599853515625,0.35664241627715154,0.8309011029080455,0.28544433614374554,0.8141887314020037,0.4722844913555121,0.5599365234375,0.02761693882631973,0.010023226188747583,64,0.03899804498949379,0.13268435439639353,0.0,0.017042279318032982,1.0,-0.05415580081537302,0.0,-0.02606201171875,1.0,0.24490256775179553,0.0
dense,50,4000,400,79,0.33960013695911856,0.58599853515625,0.4071455636995684,0.6177325694418083,0.3114440053643904,0.8593948576071286,0.5006791908330575,0.5745849609375,0.028053330710815394,0.010138748581133237,79,0.04346321143719982,0.1610790538739389,0.0,0.06754542674044983,0.0,-0.028156131594728184,1.0,-0.01141357421875,1.0,0.03173403428555832,1.0
dense,50,4000,400,80,0.33960013695911856,0.58599853515625,0.4578297272609507,0.6738818537139243,0.41252379548656115,0.9327247732362319,0.5705289847889958,0.5838623046875,0.02852640863036284,0.011346666731411768,55,0.031074596026356826,0.23092884782987727,0.0,0.11822959030183217,0.0,0.07292365852744259,0.0,-0.00213623046875,1.0,0.08788331855767428,0.0
dense,50,4000,400,81,0.33960013695911856,0.58599853515625,0.40411375363149266,0.5913216060801897,0.3970067204849236,0.8899932357718736,0.5580662596673323,0.576904296875,0.02920255674865677,0.011202508777231977,62,0.03640877816009261,0.2184661227082137,0.0,0.0645136166723741,0.0,0.05740658352580502,0.0,-0.00909423828125,1.0,0.005323070923939688,1.0
dense,50,4000,400,82,0.33960013695911856,0.58599853515625,0.33862848827837955,0.49634449180597506,0.3264728895645502,0.8855694176301716,0.4894345573193127,0.546142578125,0.026178094153459005,0.01084057942467658,81,0.042911319078976086,0.14983442036019412,0.0,-0.0009716486807390123,1.0,-0.013127247394568387,1.0,-0.03985595703125,1.0,-0.08965404335027494,0.0
dense,50,4000,400,83,0.33960013695911856,0.58599853515625,0.40544966935538884,0.5595843192519102,0.37300173218342286,0.872711074837538,0.5497400438304714,0.573974609375,0.02863810804033772,0.010901086900535541,60,0.03834439927414226,0.2101399068713528,0.0,0.06584953239627028,0.0,0.033401595224304303,1.0,-0.01202392578125,1.0,-0.02641421590433979,1.0
dense,50,4000,400,84,0.33960013695911856,0.58599853515625,0.34847052099372333,0.5488651256543396,0.3348388452711364,0.946424857273148,0.5053204005705216,0.55078125,0.02818187126177419,0.01081089785035969,53,0.03534454404646736,0.16572026361140307,0.0,0.008870384034604772,1.0,-0.004761291687982172,1.0,-0.03521728515625,1.0,-0.03713340950191035,1.0
dense,50,4000,400,85,0.33960013695911856,0.58599853515625,0.4279769368329598,0.6260557404599529,0.38315563039083383,0.8892679694621526,0.540229089663981,0.575439453125,0.02785683178702456,0.01096292138221165,68,0.03685354568877654,0.20062895270486242,0.0,0.08837679987384123,0.0,0.043555493431715275,1.0,-0.01055908203125,1.0,0.040057205303702936,1.0
dense,50,4000,400,86,0.33960013695911856,0.58599853515625,0.4035879854592722,0.5694659574499558,0.3529472410783225,0.88628671096242,0.5191882828049549,0.546630859375,0.02664675554747867,0.011408266639856987,57,0.0337734877822392,0.17958814584583632,0.0,0.06398784850015365,0.0,0.013347104119203923,1.0,-0.03936767578125,1.0,-0.016532577706294238,1.0
dense,50,4000,400,87,0.33960013695911856,0.58599853515625,0.43876224953945564,0.7165630602797033,0.3686289747889485,0.88188350328549,0.5353217062556834,0.572998046875,0.026896351140905123,0.010673416433603597,72,0.036501233176882586,0.19572156929656487,0.0,0.09916211258033708,0.0,0.029028837829829957,1.0,-0.01300048828125,1.0,0.1305645251234533,0.0
dense,50,4000,400,88,0.33960013695911856,0.58599853515625,0.2570998850418584,0.5375318659188109,0.248087942710312,0.8486826415578759,0.45207924620032797,0.535400390625,0.02720126240127322,0.01022400888054574,74,0.04272685183071086,0.11247910924120941,0.0,-0.08250025191726018,0.0,-0.09151219424880655,0.0,-0.05059814453125,1.0,-0.04846666923743914,1.0
dense,50,4000,400,89,0.33960013695911856,0.58599853515625,0.4143835713718343,0.6891077355332333,0.36863111062073406,0.8791667862065736,0.5299964463993246,0.581787109375,0.028391254272833566,0.010415163771899666,50,0.03245807843934764,0.19039630944020608,0.0,0.07478343441271573,0.0,0.0290309736616155,1.0,-0.00421142578125,1.0,0.10310920037698335,0.0
dense,50,4000,400,90,0.33960013695911856,0.58599853515625,0.40423062765392215,0.5443455949340168,0.3846051358808231,0.873828175893704,0.5334519480540185,0.578369140625,0.02826801541716814,0.010617710301396409,53,0.03374312398046271,0.19385181109489996,0.0,0.06463049069480359,0.0,0.045004998921704564,1.0,-0.00762939453125,1.0,-0.041652940222233203,1.0
dense,50,4000,400,91,0.33960013695911856,0.58599853515625,0.43533187573264726,0.5454244875539143,0.3444781803659446,0.9056400861086858,0.5216167509159989,0.5789794921875,0.027424449652415167,0.010371165549459252,68,0.040976464346942416,0.18201661395688035,0.0,0.0957317387735287,0.0,0.004878043406826016,1.0,-0.00701904296875,1.0,-0.04057404760233574,1.0
dense,50,4000,400,92,0.33960013695911856,0.58599853515625,0.3386918177606729,0.5128705366414795,0.3077613525833749,0.8997689026965311,0.4815096440017033,0.556640625,0.027022530445839146,0.010304177838979283,64,0.036679735601655494,0.14190950704258476,0.0,-0.0009083191984456396,1.0,-0.03183878437574367,1.0,-0.02935791015625,1.0,-0.07312799851477048,0.0
dense,50,4000,400,93,0.33960013695911856,0.58599853515625,0.4346881052780072,0.5034770471225214,0.3790755298884521,0.9171894849996073,0.5551745245672679,0.5946044921875,0.02919757793062347,0.010828216263257933,65,0.038176926989519425,0.21557438760814934,0.0,0.09508796831888866,0.0,0.03947539292933355,1.0,0.00860595703125,1.0,-0.08252148803372861,0.0
dense,50,4000,400,94,0.33960013695911856,0.58599853515625,0.415122376880407,0.6771088945417035,0.3326655542765171,0.9341337353669622,0.5229011485610141,0.5662841796875,0.027635940683840874,0.01090771200689987,73,0.04206329170918264,0.18330101160189555,0.0,0.07552223992128843,0.0,-0.006934582682601442,1.0,-0.01971435546875,1.0,0.09111035938545353,0.0
dense,50,4000,400,95,0.33960013695911856,0.58599853515625,0.4799762388381892,0.6512159548906667,0.423891326733393,0.9342260235853468,0.5752587684822831,0.57177734375,0.02750131751081613,0.011693006837977912,66,0.03466616149683679,0.23565863152316452,0.0,0.14037610187907062,0.0,0.08429118977427447,0.0,-0.01422119140625,1.0,0.06521741973441675,1.0
dense,50,4000,400,96,0.33960013695911856,0.58599853515625,0.4012779564595522,0.5030216990483518,0.3403902774524671,0.9061800792461462,0.5385494495758134,0.570556640625,0.028943927619840003,0.010926424414370518,79,0.042085025686791365,0.19894931261669485,0.0,0.06167781950043366,0.0,0.0007901404933485234,1.0,-0.01544189453125,1.0,-0.08297683610789819,0.0
dense,50,4000,400,97,0.33960013695911856,0.58599853515625,0.36454736225259254,0.5639804895780791,0.370077361740601,0.9463798328664044,0.520342614224802,0.56494140625,0.027590376315702377,0.011066205991157305,48,0.030710949922013717,0.18074247726568343,0.0,0.024947225293473985,1.0,0.03047722478148246,1.0,-0.02105712890625,1.0,-0.022018045578170886,1.0
dense,50,4000,400,98,0.33960013695911856,0.58599853515625,0.37179930053772825,0.5505345806164992,0.3262940105201979,0.8411296117034627,0.49570005957170793,0.5711669921875,0.027433175049463816,0.010289670783378106,51,0.033898869404625664,0.15609992261258937,0.0,0.03219916357860969,1.0,-0.013306126438920651,1.0,-0.01483154296875,1.0,-0.03546395453975082,1.0
dense,50,4000,400,99,0.33960013695911856,0.58599853515625,0.39782987379629,0.5787905647139041,0.34462992785949254,0.8800576378366525,0.5222225626201403,0.5731201171875,0.028417697476975996,0.010713866762316651,60,0.039647255366460535,0.18262242566102177,0.0,0.05822973683717142,0.0,0.005029790900373976,1.0,-0.01287841796875,1.0,-0.00720797044234589,1.0
dense,50,4000,400,100,0.33960013695911856,0.58599853515625,0.3919221594706362,0.8582802035064792,0.29684222247572023,0.8456332467568476,0.4917345589306779,0.5537109375,0.028336147803429985,0.010403081675396575,84,0.046529712197060966,0.15213442197155935,0.0,0.05232202251151763,1.0,-0.04275791448339833,1.0,-0.03228759765625,1.0,0.27228166835022916,0.0
dense,50,4000,400,101,0.33960013695911856,0.58599853515625,0.4262324497716463,0.5002135220894942,0.3290192610429729,0.866206633145771,0.505200202784459,0.5577392578125,0.027540284759094227,0.010754917136877911,64,0.03716153214113477,0.16560006582534043,0.0,0.08663231281252776,0.0,-0.010580875916145649,1.0,-0.02825927734375,1.0,-0.08578501306675579,0.0
dense,50,4000,400,102,0.33960013695911856,0.58599853515625,0.3288161594369914,0.5546584069029278,0.32977931709500474,0.9085461420509273,0.4922339820236783,0.56298828125,0.026993114567776234,0.01076500675225498,65,0.03548102401013633,0.15263384506455974,0.0,-0.010783977522127175,1.0,-0.009820819864113817,1.0,-0.02301025390625,1.0,-0.03134012825332222,1.0
dense,50,4000,400,103,0.33960013695911856,0.58599853515625,0.39127735102110117,0.5237621356857416,0.33076122318065115,0.8458956975138402,0.4983848628539006,0.56787109375,0.02723826677126509,0.010284064084526999,76,0.04396462987341098,0.15878472589478204,0.0,0.05167721406198261,1.0,-0.008838913778467405,1.0,-0.01812744140625,1.0,-0.06223639947050841,1.0
dense,50,4000,400,104,0.33960013695911856,0.58599853515625,0.37333131416895965,0.6424636659705755,0.3392620221823405,0.8423460317353368,0.5162029976130269,0.56982421875,0.027114773024675333,0.010558406667940626,71,0.038739139304398804,0.17660286065390834,0.0,0.03373117720984109,1.0,-0.00033811477677808677,1.0,-0.01617431640625,1.0,0.05646513081432547,1.0
dense,50,4000,400,105,0.33960013695911856,0.58599853515625,0.4203887293434747,0.6518083791901498,0.41282816232161196,0.9080398774225139,0.5705873819809939,0.5753173828125,0.028750231330421906,0.011395514759020828,66,0.03774011421565354,0.23098724502187534,0.0,0.08078859238435615,0.0,0.0732280253624934,0.0,-0.01068115234375,1.0,0.06580984403389978,1.0
dense,50,4000,400,106,0.33960013695911856,0.58599853515625,0.4342906256062006,0.4657451259308325,0.3740947255526168,0.9142794066791953,0.5474965818830229,0.58984375,0.028051235137120406,0.01076305037552798,64,0.03945294948572,0.2078964449239043,0.0,0.09469048864708202,0.0,0.03449458859349824,1.0,0.00384521484375,1.0,-0.1202534092254175,0.0
dense,50,4000,400,107,0.33960013695911856,0.58599853515625,0.37386692140788735,0.6064776543649134,0.30906223134540467,0.8324344490702886,0.4884572850179212,0.566650390625,0.027844249529861934,0.01030968663469851,59,0.03446107390739574,0.14885714805880262,0.0,0.034266784448768794,1.0,-0.03053790561371389,1.0,-0.01934814453125,1.0,0.02047911920866341,1.0
dense,50,4000,400,108,0.33960013695911856,0.58599853515625,0.3568076657807622,0.3603904935431293,0.3507738491359016,0.9235057075160736,0.5175338124025085,0.56396484375,0.027821909097122288,0.010911784859197245,56,0.03269307369492797,0.17793367544338995,0.0,0.017207528821643614,1.0,0.011173712176783035,1.0,-0.02203369140625,1.0,-0.2256080416131207,0.0
dense,50,4000,400,109,0.33960013695911856,0.58599853515625,0.3913874373307439,0.6213787001512379,0.331043012951836,0.8418964014092578,0.5090100119170065,0.5809326171875,0.028403623151440283,0.009955826430956488,49,0.036157058939732284,0.1694098749578879,0.0,0.05178730037162532,1.0,-0.008557124007282535,1.0,-0.00506591796875,1.0,0.03538016499498786,1.0
dense,50,4000,400,110,0.33960013695911856,0.58599853515625,0.32917738578884004,0.544921875,0.29114893842539696,0.8962729670019708,0.48337669692467333,0.56396484375,0.02649311531170717,0.010381485566221217,74,0.040757404674120236,0.14377655996555477,0.0,-0.010422751170278521,1.0,-0.048451198533721596,1.0,-0.02203369140625,1.0,-0.04107666015625,1.0
dense,50,4000,400,111,0.33960013695911856,0.58599853515625,0.39140435995691747,0.5657850384477678,0.35412695862720756,0.8870374967573414,0.5256665483282057,0.569580078125,0.027396191033309075,0.010906327046386485,68,0.03860047986415017,0.18606641136908714,0.0,0.05180422299779891,1.0,0.014526821668088996,1.0,-0.01641845703125,1.0,-0.02021349670848216,1.0
dense,50,4000,400,112,0.33960013695911856,0.58599853515625,0.3623975977045134,0.5725763496244817,0.3211698125026662,0.8676950061439188,0.5038042191604709,0.5738525390625,0.028661786346864077,0.010539485532493767,74,0.04086183714269158,0.16420408220135235,0.0,0.02279746074539485,1.0,-0.018430324456452374,1.0,-0.01214599609375,1.0,-0.013422185531768327,1.0
dense,50,4000,400,113,0.33960013695911856,0.58599853515625,0.3666396887303711,0.5959962206527217,0.3284981368615806,0.9094325623251429,0.5007730129535513,0.5592041015625,0.027752990305307347,0.010603865982537866,54,0.03485284651107704,0.1611728759944327,0.0,0.027039551771252557,1.0,-0.011102000097537978,1.0,-0.02679443359375,1.0,0.009997685496471731,1.0
dense,50,4000,400,114,0.33960013695911856,0.58599853515625,0.4419037260161895,0.3984053508140436,0.4144601926650848,0.9117136619387272,0.5696327131774264,0.5875244140625,0.027869149403057358,0.011255522349674285,63,0.03664672390496517,0.2300325762183078,0.0,0.10230358905707093,0.0,0.07486005570596627,0.0,0.00152587890625,1.0,-0.1875931843422064,0.0
dense,50,4000,400,115,0.33960013695911856,0.58599853515625,0.37482087264729125,0.5084083502406038,0.30848720928558493,0.8989227042681837,0.48912537596350175,0.55419921875,0.02773761273642497,0.010726789040540039,66,0.040520874305581565,0.1495252390043832,0.0,0.03522073568817269,1.0,-0.03111292767353363,1.0,-0.03179931640625,1.0,-0.07759018491564618,1.0
dense,50,4000,400,116,0.33960013695911856,0.58599853515625,0.40763937760125696,0.8515450386168941,0.31737214319118734,0.866857882493862,0.5097055999362315,0.5733642578125,0.0279701284584034,0.010185748931232036,65,0.04105117223296039,0.170105462977113,0.0,0.0680392406421384,0.0,-0.02222799376793122,1.0,-0.01263427734375,1.0,0.2655465034606441,0.0
dense,50,4000,400,117,0.33960013695911856,0.58599853515625,0.3186883369918072,0.47197505571776543,0.257166122662347,0.8557181152050435,0.4652255918729259,0.53564453125,0.027447008011042075,0.010559787790776003,82,0.04423012996393117,0.12562545491380733,0.0,-0.02091179996731135,1.0,-0.08243401429677155,0.0,-0.05035400390625,1.0,-0.11402347943848457,0.0
dense,50,4000,400,118,0.33960013695911856,0.58599853515625,0.40158801563347346,0.49287730852439593,0.40298605168276924,0.9252713276569817,0.5731554391990343,0.569091796875,0.02767628761341358,0.011761864907652573,68,0.03374133680534657,0.23355530223991577,0.0,0.0619878786743549,0.0,0.06338591472365068,0.0,-0.01690673828125,1.0,-0.09312122663185407,0.0
dense,50,4000,400,119,0.33960013695911856,0.58599853515625,0.3597105594406713,0.6494891946521842,0.3216582212179324,0.8694972902327011,0.5014088849511438,0.5537109375,0.027043090609180937,0.011062062605622185,83,0.03994433290543262,0.16180874799202521,0.0,0.02011042248155276,1.0,-0.017941915741186143,1.0,-0.03228759765625,1.0,0.06349065949593424,1.0
dense,50,4000,400,120,0.33960013695911856,0.58599853515625,0.4317786618028514,0.7282540546918883,0.3760053189740944,0.88236674790075,0.555015082137936,0.5869140625,0.027694498273513182,0.011010267728948628,72,0.039634359018165526,0.21541494517881749,0.0,0.09217852484373285,0.0,0.036405182014975834,1.0,0.00091552734375,1.0,0.1422555195356383,0.0
dense,50,4000,400,121,0.33960013695911856,0.58599853515625,0.37170181756257414,0.5514701601230779,0.2924556919728446,0.8804811487881253,0.48056615742927794,0.537109375,0.027676112790708796,0.011037035027533304,69,0.0392820847856315,0.14096602047015938,0.0,0.032101680603455585,1.0,-0.04714444498627396,1.0,-0.04888916015625,1.0,-0.034528375033172076,1.0
dense,50,4000,400,122,0.33960013695911856,0.58599853515625,0.45430986791842476,0.6505754944507478,0.40708166404514634,0.9327292210207171,0.5804615871972447,0.6015625,0.02774290845781597,0.010786654108991853,64,0.03677276119537548,0.24086145023812616,0.0,0.1147097309593062,0.0,0.06748152708602778,0.0,0.01556396484375,1.0,0.0645769592944978,1.0
dense,50,4000,400,123,0.33960013695911856,0.58599853515625,0.37766150506647667,0.4553746397851715,0.352748416341897,0.8089648718020396,0.5265556041921229,0.5843505859375,0.029468869478068094,0.010349488396672508,69,0.03874209602939319,0.18695546723300432,0.0,0.03806136810735811,1.0,0.01314827938277846,1.0,-0.00164794921875,1.0,-0.1306238953710785,0.0
dense,50,4000,400,124,0.33960013695911856,0.58599853515625,0.3972277048584634,0.6034016386499131,0.3352098986141585,0.8920397127181846,0.5207470573172195,0.572265625,0.027421054605105046,0.010756910695901767,77,0.04228491453029516,0.18114692035810093,0.0,0.05762756789934487,0.0,-0.004390238344960051,1.0,-0.01373291015625,1.0,0.01740310349366314,1.0
dense,50,4000,400,125,0.33960013695911856,0.58599853515625,0.3783321232361071,0.5697911676873713,0.3033219643465833,0.8721519555517424,0.48546227962986543,0.541748046875,0.02611251736766577,0.010783517605953936,79,0.04325352390346407,0.14586214267074687,0.0,0.03873198627698854,1.0,-0.03627817261253524,1.0,-0.04425048828125,1.0,-0.01620736746887874,1.0
dense,50,4000,400,126,0.33960013695911856,0.58599853515625,0.3568278777495922,0.42411998414614194,0.30914353330257527,0.867574293228033,0.49238421656746695,0.552734375,0.026969142378809253,0.010698098536097348,68,0.038114385025683345,0.1527840796083484,0.0,0.017227740790473622,1.0,-0.03045660365654329,1.0,-0.03326416015625,1.0,-0.16187855101010806,0.0
dense,50,4000,400,127,0.33960013695911856,0.58599853515625,0.36720739746864717,0.6205700245674715,0.3402721274076423,0.8956671851374243,0.5101026260368293,0.5687255859375,0.027890796864903034,0.01043712956747277,59,0.037528833654934916,0.17050248907771076,0.0,0.02760726050952861,1.0,0.0006719904485237294,1.0,-0.01727294921875,1.0,0.03457148941122146,1.0
dense,50,4000,400,128,0.33960013695911856,0.58599853515625,0.380412069558946,0.5731357716883958,0.28409850965867156,0.9028931270382758,0.4715509143431233,0.546630859375,0.0267247704658932,0.010362147679715083,74,0.04198564969200497,0.13195077738400474,0.0,0.04081193259982746,1.0,-0.055501627300447,0.0,-0.03936767578125,1.0,-0.012862763467854199,1.0
dense,50,4000,400,129,0.33960013695911856,0.58599853515625,0.33204725735189716,0.5858382095812577,0.3079455354143664,0.915782291573447,0.4841808952692948,0.5380859375,0.026884111358233376,0.010677131547280646,66,0.03807345499971233,0.14458075831017625,0.0,-0.007552879607221397,1.0,-0.03165460154475214,1.0,-0.04791259765625,1.0,-0.00016032557499234823,1.0
dense,50,4000,400,130,0.33960013695911856,0.58599853515625,0.3154492370751514,0.3896969850966336,0.3076797780081688,0.8732041135333064,0.4912129437702723,0.5579833984375,0.028016940318003704,0.01045030859296205,68,0.04159844150420465,0.15161280681115374,0.0,-0.02415089988396718,1.0,-0.031920358950949745,1.0,-0.02801513671875,1.0,-0.19630155005961641,0.0
dense,50,4000,400,131,0.33960013695911856,0.58599853515625,0.41279926125286914,0.5733642578125,0.3525661593235605,0.8710938022530151,0.5201017718512653,0.56982421875,0.02836939694518769,0.010680831064036396,59,0.03693753195775177,0.1805016348921467,0.0,0.07319912429375058,0.0,0.012966022364441943,1.0,-0.01617431640625,1.0,-0.01263427734375,1.0
dense,50,4000,400,132,0.33960013695911856,0.58599853515625,0.41758398963316323,0.6134115782369386,0.3018332053005809,0.8479330646076298,0.49634370730496424,0.573486328125,0.028958002521336318,0.009961253979261784,72,0.04291591889744626,0.15674357034584568,0.0,0.07798385267404467,0.0,-0.03776693165853767,1.0,-0.01251220703125,1.0,0.027413043080688593,1.0
dense,50,4000,400,133,0.33960013695911856,0.58599853515625,0.42169220736701957,0.3902802414183064,0.3486048030696361,0.8682037774656262,0.5116628907610427,0.551513671875,0.028490986303549005,0.010802621643102712,51,0.03398164044201607,0.1720627538019241,0.0,0.08209207040790101,0.0,0.009004666110517534,1.0,-0.03448486328125,1.0,-0.19571829373794358,0.0
dense,50,4000,400,134,0.33960013695911856,0.58599853515625,0.3774116575040637,0.5592041015625,0.3070060565747591,0.8200020087161022,0.48974309859886156,0.563232421875,0.026915918200303222,0.010296752693278956,61,0.03901606445434056,0.150142961639743,0.0,0.03781152054494513,1.0,-0.03259408038435946,1.0,-0.02276611328125,1.0,-0.02679443359375,1.0
dense,50,4000,400,135,0.33960013695911856,0.58599853515625,0.3900963700270626,0.6938422723965848,0.3185786220313061,0.8791577141760789,0.5087097221593402,0.5875244140625,0.02790560479047199,0.009858928073549048,66,0.04250294753646324,0.16910958520022162,0.0,0.05049623306794404,1.0,-0.021021514927812457,1.0,0.00152587890625,1.0,0.1078437372403348,0.0
dense,50,4000,400,136,0.33960013695911856,0.58599853515625,0.4096429946929174,0.7418134562691308,0.354836927225909,0.920587354940169,0.5253830860854832,0.5621337890625,0.027513372703249495,0.011007534562957838,74,0.040023763333206064,0.18578294912636467,0.0,0.07004285773379881,0.0,0.015236790266790423,1.0,-0.02386474609375,1.0,0.15581492111288076,0.0
dense,50,4000,400,137,0.33960013695911856,0.58599853515625,0.3674383071565194,0.5333354352153347,0.3145433716852987,0.9102552249815066,0.48704436909578186,0.546630859375,0.02832492246846207,0.010817747634827932,63,0.038466419121108986,0.1474442321366633,0.0,0.027838170197400813,1.0,-0.025056765273819837,1.0,-0.03936767578125,1.0,-0.05266309994091534,1.0
dense,50,4000,400,138,0.33960013695911856,0.58599853515625,0.3656910816913062,0.6790840218702703,0.3417436730907401,0.8491139367808481,0.5108766441194225,0.5535888671875,0.026237846340096252,0.010976361495261086,73,0.037974259677408286,0.1712765071603039,0.0,0.02609094473218765,1.0,0.0021435361316215484,1.0,-0.03240966796875,1.0,0.09308548671402028,0.0
dense,50,4000,400,139,0.33960013695911856,0.58599853515625,0.36836305120691293,0.5774133623400892,0.3284136044959124,0.9006856730222714,0.5074097101344526,0.5731201171875,0.027650179922794522,0.010509381328245842,75,0.04178372344930116,0.16780957317533401,0.0,0.02876291424779437,1.0,-0.011186532463206167,1.0,-0.01287841796875,1.0,-0.00858517281616078,1.0
dense,50,4000,400,140,0.33960013695911856,0.58599853515625,0.4404588853504721,0.5758056640625,0.3805831854045801,0.9341277541429686,0.5652144202117815,0.5931396484375,0.029061577805241094,0.010940899491672188,65,0.03492089868183777,0.22561428325266292,0.0,0.10085874839135356,0.0,0.04098304844546152,1.0,0.00714111328125,1.0,-0.01019287109375,1.0
dense,50,4000,400,141,0.33960013695911856,0.58599853515625,0.3403052017129794,0.6506736546551017,0.28847874729280554,0.8593841522188674,0.4831418489439604,0.5723876953125,0.027843159245952955,0.010039331219681284,53,0.037380194599128204,0.14354171198484184,0.0,0.0007050647538608401,1.0,-0.05112138966631302,1.0,-0.01361083984375,1.0,0.06467511949885174,1.0
dense,50,4000,400,142,0.33960013695911856,0.58599853515625,0.35949875272159504,0.45308839104527304,0.31361302143529024,0.8895241145112047,0.4964934602182187,0.55029296875,0.028486580769939186,0.010815598864942178,66,0.03601134439262018,0.15689332325910016,0.0,0.01989861576247648,1.0,-0.02598711552382832,1.0,-0.03570556640625,1.0,-0.13291014411097696,0.0
dense,50,4000,400,143,0.33960013695911856,0.58599853515625,0.32957386869890093,0.6015092714949667,0.31203206757638,0.8325937896925147,0.4994651960967606,0.579345703125,0.028069446311430137,0.010105683114256301,67,0.04184695364772513,0.15986505913764204,0.0,-0.01002626826021763,1.0,-0.027568069382738536,1.0,-0.00665283203125,1.0,0.01551073633871669,1.0
dense,50,4000,400,144,0.33960013695911856,0.58599853515625,0.39612002089631215,0.6573345693209498,0.31851608919498575,0.8661852687053283,0.4978671773516695,0.5826416015625,0.028088631733782406,0.009963182090448894,53,0.034405035631907825,0.15826704039255096,0.0,0.056519883937193593,0.0,-0.021084047764132807,1.0,-0.00335693359375,1.0,0.0713360341646998,0.0
dense,50,4000,400,145,0.33960013695911856,0.58599853515625,0.42142254233685805,0.39697967047465377,0.35830120109108654,0.8408438559702034,0.5455204220523917,0.5899658203125,0.028857417491044073,0.010411696896707455,70,0.040279039892216956,0.20592028509327315,0.0,0.0818224053777395,0.0,0.01870106413196798,1.0,0.00396728515625,1.0,-0.18901886468159623,0.0
dense,50,4000,400,146,0.33960013695911856,0.58599853515625,0.34725142206088266,0.43573647666729415,0.2969179666442415,0.9150598704186175,0.4610242071786471,0.5364990234375,0.025685106490413608,0.010447483064954837,65,0.04001592526648904,0.12142407021952856,0.0,0.007651285101764105,1.0,-0.04268217031487703,1.0,-0.04949951171875,1.0,-0.15026205848895585,0.0
dense,50,4000,400,147,0.33960013695911856,0.58599853515625,0.33407011330146574,0.5907075788690069,0.2769395009965248,0.8094037143697475,0.4722486107313625,0.5599365234375,0.027763759746532977,0.01015760756486374,68,0.03901540552988558,0.13264847377224392,0.0,-0.005530023657652816,1.0,-0.06266063596259375,0.0,-0.02606201171875,1.0,0.004709043712756933,1.0
dense,50,4000,400,148,0.33960013695911856,0.58599853515625,0.41284693644002546,0.43397956677432203,0.3112267465941514,0.8886952272088239,0.49795893497057836,0.5648193359375,0.027869340010598573,0.010635563092132084,68,0.04215704465429712,0.1583587980114598,0.0,0.0732467994809069,0.0,-0.028373390364967166,1.0,-0.02117919921875,1.0,-0.15201896838192797,0.0
dense,50,4000,400,149,0.33960013695911856,0.58599853515625,0.45601878854724265,0.6370313527985969,0.3773804951827339,0.8758564575779856,0.5426739512506682,0.5849609375,0.028773232344173297,0.010698402122863096,60,0.03631555396204476,0.20307381429154964,0.0,0.11641865158812409,0.0,0.03778035822361536,1.0,-0.00103759765625,1.0,0.051032817642346906,1.0
