label,n,K,dim,W_hat,W_se,V_hat,V_se,h_rmse,eps_band,n_band,rep,W_true,V_true,dgp,feat_q,gamma,W_dev,V_dev,n_varV,W_cover,V_cover
A_dense_d10_n1000_K50,1000,50,10,0.41949499410425806,0.061070015147407716,0.614501953125,0.05913482946542986,0.5582734674264648,0.00793902611920971,61,0,0.34094618144048716,0.5839996337890625,dense,-1,3.0,0.0785488126637709,0.0305023193359375,3.496928055905472,1.0,1.0
A_dense_d10_n1000_K50,1000,50,10,0.475302260667792,0.05822249729491814,0.662841796875,0.055046864654454006,0.62891904383001,0.007560794193288161,65,1,0.34094618144048716,0.5839996337890625,dense,-1,3.0,0.13435607922730486,0.0788421630859375,3.030157308285778,0.0,1.0
A_dense_d10_n1000_K50,1000,50,10,0.5327820364420116,0.055507376859435936,0.642333984375,0.05160556568468672,0.6884220339232779,0.00942704323724837,74,2,0.34094618144048716,0.5839996337890625,dense,-1,3.0,0.19183585500152445,0.0583343505859375,2.6631344096365157,0.0,1.0
A_dense_d10_n1000_K50,1000,50,10,0.3884136568690981,0.05851767679814847,0.5784912109375,0.05381886879656802,0.6116273560546487,0.008148230698115513,68,3,0.34094618144048716,0.5839996337890625,dense,-1,3.0,0.04746747542861096,-0.0055084228515625,2.8964706385422025,1.0,1.0
A_dense_d10_n1000_K50,1000,50,10,0.3193664312553173,0.053074413647803145,0.5435791015625,0.05779729122682504,0.5841026415274256,0.007110772379795792,69,4,0.34094618144048716,0.5839996337890625,dense,-1,3.0,-0.021579750185169888,-0.0404205322265625,3.3405268731584266,1.0,1.0
A_dense_d10_n1000_K50,1000,50,10,0.32248893188679967,0.05300598128777096,0.582763671875,0.058129681568291014,0.507462018193143,0.006921326090043727,67,5,0.34094618144048716,0.5839996337890625,dense,-1,3.0,-0.018457249553687494,-0.0012359619140625,3.379059879230912,1.0,1.0
A_dense_d10_n1000_K50,1000,50,10,0.40098906972960036,0.05691298471399213,0.5704345703125,0.04394257485083963,0.6608843999575041,0.008902335725814224,61,6,0.34094618144048716,0.5839996337890625,dense,-1,3.0,0.060042888289113194,-0.0135650634765625,1.9309498845216437,1.0,1.0
A_dense_d10_n1000_K50,1000,50,10,0.5006530584089672,0.05579325189547418,0.55712890625,0.03722672979595956,0.7601359877444833,0.010911810651468927,59,7,0.34094618144048716,0.5839996337890625,dense,-1,3.0,0.15970687696848007,-0.0268707275390625,1.3858294113013834,0.0,1.0
A_dense_d10_n1000_K50,1000,50,10,0.4639370429293316,0.056491144208750885,0.6396484375,0.04526842673039393,0.5839614505428595,0.007853982139475859,55,8,0.34094618144048716,0.5839996337890625,dense,-1,3.0,0.12299086148884442,0.0556488037109375,2.049230458645044,0.0,1.0
A_dense_d10_n1000_K50,1000,50,10,0.44214234180413503,0.0557910769225272,0.5943603515625,0.04212291081451905,0.6332724920039411,0.008295646459915177,58,9,0.34094618144048716,0.5839996337890625,dense,-1,3.0,0.10119616036364787,0.0103607177734375,1.7743396154879258,1.0,1.0
A_dense_d10_n1000_K50,1000,50,10,0.44365410046626014,0.058212652135115325,0.61669921875,0.050256994408305715,0.5875514931087825,0.008235490395661012,58,10,0.34094618144048716,0.5839996337890625,dense,-1,3.0,0.10270791902577298,0.0326995849609375,2.525765486956472,1.0,1.0
A_dense_d10_n1000_K50,1000,50,10,0.36598135124756054,0.05197196346317668,0.5531005859375,0.048867105322076526,0.6371054887505819,0.008023860705011899,58,11,0.34094618144048716,0.5839996337890625,dense,-1,3.0,0.025035169807073376,-0.0308990478515625,2.38799398255892,1.0,1.0
A_dense_d10_n1000_K50,1000,50,10,0.3939135657517625,0.052739814303124584,0.601318359375,0.056969623479441636,0.6101687221773275,0.007628946422743465,67,12,0.34094618144048716,0.5839996337890625,dense,-1,3.0,0.052967384311275345,0.0173187255859375,3.245537999389348,1.0,1.0
A_dense_d10_n1000_K50,1000,50,10,0.38729225483595714,0.06141092638893375,0.64208984375,0.05805058991082923,0.5076700777829003,0.006824524647245319,58,13,0.34094618144048716,0.5839996337890625,dense,-1,3.0,0.04634607339546998,0.0580902099609375,3.3698709889952685,1.0,1.0
A_dense_d10_n1000_K50,1000,50,10,0.4265143003944575,0.05083905318121533,0.577392578125,0.054727137563100145,0.6547047693160806,0.008458668343879313,68,14,0.34094618144048716,0.5839996337890625,dense,-1,3.0,0.08556811895397032,-0.0066070556640625,2.995059585850487,1.0,1.0
A_dense_d10_n1000_K50,1000,50,10,0.4580604306676195,0.05993675595806997,0.600341796875,0.04859878255628599,0.5982992697822592,0.008953639563717223,64,15,0.34094618144048716,0.5839996337890625,dense,-1,3.0,0.11711424922713232,0.0163421630859375,2.3618416659531674,1.0,1.0
A_dense_d10_n1000_K50,1000,50,10,0.504296836383539,0.05858487556162026,0.61572265625,0.031214624289020085,0.7006498997757133,0.009638721347787307,46,16,0.34094618144048716,0.5839996337890625,dense,-1,3.0,0.1633506549430518,0.0317230224609375,0.9743527695046826,0.0,1.0
A_dense_d10_n1000_K50,1000,50,10,0.31545892251680696,0.04898346907358384,0.4814453125,0.056361030914925545,0.6975646642992186,0.008167591772937964,69,17,0.34094618144048716,0.5839996337890625,dense,-1,3.0,-0.0254872589236802,-0.1025543212890625,3.176565805793193,1.0,1.0
A_dense_d10_n1000_K50,1000,50,10,0.40211920513567057,0.052801793341626005,0.5526123046875,0.05427669970193427,0.5671956986307348,0.008490069285047135,68,18,0.34094618144048716,0.5839996337890625,dense,-1,3.0,0.061173023695183404,-0.0313873291015625,2.9459601305339516,1.0,1.0
A_dense_d10_n1000_K50,1000,50,10,0.42437018211804234,0.0520989828572916,0.5977783203125,0.04227858683391778,0.644499355054839,0.008934596225415288,62,19,0.34094618144048716,0.5839996337890625,dense,-1,3.0,0.08342400067755518,0.0137786865234375,1.787478904673126,1.0,1.0
A_dense_d10_n1000_K50,1000,50,10,0.438010648301357,0.05492487312460824,0.58056640625,0.047143163587320056,0.7040618215261196,0.00908323608010112,64,20,0.34094618144048716,0.5839996337890625,dense,-1,3.0,0.09706446686086984,-0.0034332275390625,2.2224778730208197,1.0,1.0
A_dense_d10_n1000_K50,1000,50,10,0.2920959510768557,0.04559642683931275,0.5263671875,0.05779466193858971,0.5155927969887475,0.006854159376287725,64,21,0.34094618144048716,0.5839996337890625,dense,-1,3.0,-0.04885023036363145,-0.0576324462890625,3.34022294859587,1.0,1.0
A_dense_d10_n1000_K50,1000,50,10,0.39852091529334066,0.05387054232809318,0.5753173828125,0.045712003034294915,0.6762691525529896,0.008338824874219256,58,22,0.34094618144048716,0.5839996337890625,dense,-1,3.0,0.0575747338528535,-0.0086822509765625,2.0895872214073874,1.0,1.0
A_dense_d10_n1000_K50,1000,50,10,0.34822063916221263,0.04831456790752755,0.534912109375,0.04385016802406607,0.6999645716452852,0.009063372620252447,59,23,0.34094618144048716,0.5839996337890625,dense,-1,3.0,0.007274457721725469,-0.0490875244140625,1.9228372357388264,1.0,1.0
A_dense_d10_n1000_K50,1000,50,10,0.36555904062889705,0.05010634825679284,0.5244140625,0.050121776562503176,0.510013472692374,0.00837262195608678,71,24,0.34094618144048716,0.5839996337890625,dense,-1,3.0,0.024612859188409886,-0.0595855712890625,2.5121924857814926,1.0,1.0
A_dense_d10_n1000_K50,1000,50,10,0.48024445372196745,0.05497060392523974,0.589599609375,0.0530224005204519,0.5868975922118949,0.008981261541983138,73,25,0.34094618144048716,0.5839996337890625,dense,-1,3.0,0.13929827228148028,0.0055999755859375,2.811374956951218,0.0,1.0
A_dense_d10_n1000_K50,1000,50,10,0.3051657939464103,0.04905016037341386,0.509521484375,0.05096266439049778,0.5840390082082816,0.00733823985465622,57,26,0.34094618144048716,0.5839996337890625,dense,-1,3.0,-0.03578038749407686,-0.0744781494140625,2.59719316177851,1.0,1.0
A_dense_d10_n1000_K50,1000,50,10,0.49129261986010175,0.053820465556023475,0.61376953125,0.04763046061308864,0.595222543478224,0.008552754577245707,60,27,0.34094618144048716,0.5839996337890625,dense,-1,3.0,0.1503464384196146,0.0297698974609375,2.2686607782149886,0.0,1.0
A_dense_d10_n1000_K50,1000,50,10,0.4696586904613669,0.05905331612217988,0.577392578125,0.04664610002878971,0.573844330130415,0.009081601929863674,63,28,0.34094618144048716,0.5839996337890625,dense,-1,3.0,0.12871250902087972,-0.0066070556640625,2.175858647895855,0.0,1.0
A_dense_d10_n1000_K50,1000,50,10,0.37048716654061564,0.049557198539119024,0.53173828125,0.04860077634306996,0.6076528777551378,0.009258472633830098,64,29,0.34094618144048716,0.5839996337890625,dense,-1,3.0,0.02954098510012848,-0.0522613525390625,2.362035461149109,1.0,1.0
A_dense_d10_n1000_K50,1000,50,10,0.5652543777402994,0.0610597304729272,0.6259765625,0.03472257797522199,0.7173937344400421,0.009932911407055071,55,30,0.34094618144048716,0.5839996337890625,dense,-1,3.0,0.22430819629981225,0.0419769287109375,1.2056574212453712,0.0,1.0
A_dense_d10_n1000_K50,1000,50,10,0.3840796554401827,0.05038446098743751,0.560546875,0.04447390654943924,0.6209050981279117,0.008557662631207977,63,31,0.34094618144048716,0.5839996337890625,dense,-1,3.0,0.043133473999695526,-0.0234527587890625,1.977928363768254,1.0,1.0
A_dense_d10_n1000_K50,1000,50,10,0.4816691251800682,0.057433280247099414,0.6026611328125,0.04473661777059561,0.7213398060659599,0.009079294958659447,65,32,0.34094618144048716,0.5839996337890625,dense,-1,3.0,0.14072294373958105,0.0186614990234375,2.0013649695523705,0.0,1.0
A_dense_d10_n1000_K50,1000,50,10,0.4397035509553586,0.06410747377509753,0.6031494140625,0.05401758992799811,0.6862879502262531,0.008164512432282457,65,33,0.34094618144048716,0.5839996337890625,dense,-1,3.0,0.09875736951487146,0.0191497802734375,2.9179000216293627,1.0,1.0
A_dense_d10_n1000_K50,1000,50,10,0.492375413081921,0.060754475813239575,0.6728515625,0.052544735208423995,0.6146022268677903,0.007983621407863864,63,34,0.34094618144048716,0.5839996337890625,dense,-1,3.0,0.15142923164143385,0.0888519287109375,2.760949198123392,0.0,1.0
A_dense_d10_n1000_K50,1000,50,10,0.4708115522875741,0.055221815499071694,0.5855712890625,0.043381009640523154,0.5872197565291803,0.009147862619758026,64,35,0.34094618144048716,0.5839996337890625,dense,-1,3.0,0.12986537084708694,0.0015716552734375,1.8819119974311629,0.0,1.0
A_dense_d10_n1000_K50,1000,50,10,0.4652835176277054,0.04784160303353277,0.5574951171875,0.04550184590779871,0.6784479895472589,0.009662139121770141,74,36,0.34094618144048716,0.5839996337890625,dense,-1,3.0,0.12433733618721826,-0.0265045166015625,2.070417981017058,0.0,1.0
A_dense_d10_n1000_K50,1000,50,10,0.46467081575065206,0.0589120034148099,0.6187744140625,0.062366629274816954,0.5012047555977144,0.008427265938357109,76,37,0.34094618144048716,0.5839996337890625,dense,-1,3.0,0.1237246343101649,0.0347747802734375,3.889596447102455,0.0,1.0
A_dense_d10_n1000_K50,1000,50,10,0.45745609478618005,0.05443589687639677,0.6468505859375,0.05491004450051022,0.5048569574578089,0.007389996886131831,66,38,0.34094618144048716,0.5839996337890625,dense,-1,3.0,0.11650991334569288,0.0628509521484375,3.015112987048013,0.0,1.0
A_dense_d10_n1000_K50,1000,50,10,0.39361564948930006,0.04806619211371403,0.5343017578125,0.04826399480643506,0.6291911440408797,0.009619410391289046,64,39,0.34094618144048716,0.5839996337890625,dense,-1,3.0,0.052669468048812895,-0.0496978759765625,2.3294131946755905,1.0,1.0
A_dense_d10_n1000_K50,1000,50,10,0.4250531590886948,0.05381549770548345,0.600830078125,0.046738147294377315,0.6317083629264681,0.0079339219386785,61,40,0.34094618144048716,0.5839996337890625,dense,-1,3.0,0.08410697764820763,0.0168304443359375,2.1844544125109095,1.0,1.0
A_dense_d10_n1000_K50,1000,50,10,0.34680088714992746,0.049937326516576216,0.5474853515625,0.04986321628172926,0.7448484996902391,0.008154101663917055,62,41,0.34094618144048716,0.5839996337890625,dense,-1,3.0,0.0058547057094403,-0.0365142822265625,2.48634033795851,1.0,1.0
A_dense_d10_n1000_K50,1000,50,10,0.3578189299212017,0.0518811459805645,0.5955810546875,0.06707107821614028,0.575775132439424,0.007375044560266433,80,42,0.34094618144048716,0.5839996337890625,dense,-1,3.0,0.016872748480714517,0.0115814208984375,4.498529533075607,1.0,1.0
A_dense_d10_n1000_K50,1000,50,10,0.5069664353437595,0.05954029459970874,0.6607666015625,0.04643231538815773,0.6864564991591487,0.008732120175567211,56,43,0.34094618144048716,0.5839996337890625,dense,-1,3.0,0.16602025390327235,0.0767669677734375,2.1559599123053492,0.0,1.0
A_dense_d10_n1000_K50,1000,50,10,0.5607918753677024,0.05807702702945491,0.63427734375,0.041500217838327504,0.6770794594953814,0.009278531695587431,62,44,0.34094618144048716,0.5839996337890625,dense,-1,3.0,0.2198456939272152,0.0502777099609375,1.7222680806286363,0.0,1.0
A_dense_d10_n1000_K50,1000,50,10,0.4972774768938746,0.054618237736374343,0.63720703125,0.0419807556528884,0.6379520408499353,0.00808543123947173,48,45,0.34094618144048716,0.5839996337890625,dense,-1,3.0,0.15633129545338742,0.0532073974609375,1.7623838451875211,0.0,1.0
A_dense_d10_n1000_K50,1000,50,10,0.4053490868913505,0.05364717087709872,0.5501708984375,0.03926625588080147,0.6185849591844768,0.009181746415492905,60,46,0.34094618144048716,0.5839996337890625,dense,-1,3.0,0.06440290545086336,-0.0338287353515625,1.5418388508965764,1.0,1.0
A_dense_d10_n1000_K50,1000,50,10,0.4939232647626435,0.05553442560383145,0.6104736328125,0.047340239565168384,0.6577857827629955,0.009051881562244693,69,47,0.34094618144048716,0.5839996337890625,dense,-1,3.0,0.15297708332215632,0.0264739990234375,2.241098282087534,0.0,1.0
A_dense_d10_n1000_K50,1000,50,10,0.41395329421109406,0.052426190417144296,0.5784912109375,0.0462380304822156,0.5761619668874534,0.008601227750499776,67,48,0.34094618144048716,0.5839996337890625,dense,-1,3.0,0.0730071127706069,-0.0055084228515625,2.137955462874299,1.0,1.0
A_dense_d10_n1000_K50,1000,50,10,0.44854597804358015,0.059083916864243996,0.6385498046875,0.047290863943595995,0.6219850936299866,0.008305775548300328,55,49,0.34094618144048716,0.5839996337890625,dense,-1,3.0,0.10759979660309299,0.0545501708984375,2.236425812531708,1.0,1.0
A_dense_d10_n1000_K50,1000,50,10,0.4340564980195869,0.0554418358484483,0.5791015625,0.05026596757224171,0.6777144360703307,0.009102855087240047,69,50,0.34094618144048716,0.5839996337890625,dense,-1,3.0,0.09311031657909974,-0.0048980712890625,2.526667495973655,1.0,1.0
A_dense_d10_n1000_K50,1000,50,10,0.34685646498504497,0.05280059944888285,0.5328369140625,0.0394521516569488,0.6454445750840487,0.007930168999672227,52,51,0.34094618144048716,0.5839996337890625,dense,-1,3.0,0.005910283544557804,-0.0511627197265625,1.556472270362888,1.0,1.0
A_dense_d10_n1000_K50,1000,50,10,0.49872985173213386,0.05775994236499283,0.6229248046875,0.053058320648029914,0.6599155993745017,0.008882494338148814,74,52,0.34094618144048716,0.5839996337890625,dense,-1,3.0,0.1577836702916467,0.0389251708984375,2.8151853899891575,0.0,1.0
A_dense_d10_n1000_K50,1000,50,10,0.35478711441799404,0.050792734371399216,0.5418701171875,0.0484127628522732,0.6332926463565692,0.008111511563796804,54,53,0.34094618144048716,0.5839996337890625,dense,-1,3.0,0.013840932977506881,-0.0421295166015625,2.343795606990444,1.0,1.0
A_dense_d10_n1000_K50,1000,50,10,0.4010428993905224,0.05700565893267406,0.603271484375,0.049899736623667826,0.6079896300710541,0.007730055554675254,61,54,0.34094618144048716,0.5839996337890625,dense,-1,3.0,0.06009671795003524,0.0192718505859375,2.489983715111416,1.0,1.0
A_dense_d10_n1000_K50,1000,50,10,0.46595830484457795,0.05619758090861599,0.5770263671875,0.04304314347374007,0.667025444382092,0.0092296899728233,62,55,0.34094618144048716,0.5839996337890625,dense,-1,3.0,0.1250121234040908,-0.0069732666015625,1.8527122001009722,0.0,1.0
A_dense_d10_n1000_K50,1000,50,10,0.5012305550146721,0.057188915116168845,0.62060546875,0.03766591037573028,0.6776210959262353,0.009685517331550587,58,56,0.34094618144048716,0.5839996337890625,dense,-1,3.0,0.1602843735741849,0.0366058349609375,1.418720804432546,0.0,1.0
A_dense_d10_n1000_K50,1000,50,10,0.34411331651891275,0.05341740815338708,0.5452880859375,0.05629900062696381,0.5794119193617979,0.007990466552870865,67,57,0.34094618144048716,0.5839996337890625,dense,-1,3.0,0.003167135078425587,-0.0387115478515625,3.1695774715948715,1.0,1.0
A_dense_d10_n1000_K50,1000,50,10,0.3578733926593025,0.05131429684863442,0.5135498046875,0.05007837237263768,0.6406105934859602,0.00926913890599039,64,58,0.34094618144048716,0.5839996337890625,dense,-1,3.0,0.016927211218815352,-0.0704498291015625,2.507843379492561,1.0,1.0
A_dense_d10_n1000_K50,1000,50,10,0.3616294411608261,0.05235215904363041,0.5545654296875,0.05810566278221222,0.5849930051411266,0.00846268119992972,73,59,0.34094618144048716,0.5839996337890625,dense,-1,3.0,0.020683259720338965,-0.0294342041015625,3.3762680473601625,1.0,1.0
A_dense_d10_n1000_K50,1000,50,10,0.4316786407610071,0.05777917026565994,0.6375732421875,0.05796907401231596,0.6986295747386955,0.007651498712425134,67,60,0.34094618144048716,0.5839996337890625,dense,-1,3.0,0.09073245932051993,0.0535736083984375,3.360413541845366,1.0,1.0
A_dense_d10_n1000_K50,1000,50,10,0.42771005322239747,0.05690405464251921,0.6199951171875,0.0467579569397121,0.6714630987497093,0.008630410940419771,58,61,0.34094618144048716,0.5839996337890625,dense,-1,3.0,0.0867638717819103,0.0359954833984375,2.186306537175971,1.0,1.0
A_dense_d10_n1000_K50,1000,50,10,0.4271291782754269,0.05601618931945166,0.6253662109375,0.053740140341100695,0.5428850167880687,0.007711501588419884,62,62,0.34094618144048716,0.5839996337890625,dense,-1,3.0,0.08618299683493974,0.0413665771484375,2.8880026838811985,1.0,1.0
A_dense_d10_n1000_K50,1000,50,10,0.4684913501565019,0.056400257412783546,0.5955810546875,0.04218577407387834,0.671803417161807,0.008900006551185833,54,63,0.34094618144048716,0.5839996337890625,dense,-1,3.0,0.12754516871601473,0.0115814208984375,1.7796395342123061,0.0,1.0
A_dense_d10_n1000_K50,1000,50,10,0.5601090310404002,0.05930224541592628,0.6495361328125,0.046003567427989604,0.7191915475245556,0.009375668804974131,65,64,0.34094618144048716,0.5839996337890625,dense,-1,3.0,0.21916284959991306,0.0655364990234375,2.116328216101586,0.0,1.0
A_dense_d10_n1000_K50,1000,50,10,0.3829545268655944,0.05521133950587201,0.5914306640625,0.06834073547482025,0.6046431942529977,0.007303183389640956,73,65,0.34094618144048716,0.5839996337890625,dense,-1,3.0,0.04200834542510723,0.0074310302734375,4.6704561252393555,1.0,1.0
A_dense_d10_n1000_K50,1000,50,10,0.4369833019733265,0.052087858919134034,0.584716796875,0.046110400887011245,0.6103282753643056,0.00883353059920961,68,66,0.34094618144048716,0.5839996337890625,dense,-1,3.0,0.09603712053283936,0.0007171630859375,2.1261690699608877,1.0,1.0
A_dense_d10_n1000_K50,1000,50,10,0.4987588201659611,0.05726814716263682,0.6422119140625,0.04616494556641589,0.6355472516905892,0.008012407444554495,61,67,0.34094618144048716,0.5839996337890625,dense,-1,3.0,0.15781263872547396,0.0582122802734375,2.131202199150142,0.0,1.0
A_dense_d10_n1000_K50,1000,50,10,0.4740891718611907,0.05831007371893526,0.6260986328125,0.03830935961144151,0.5767284594127776,0.008427805711683996,44,68,0.34094618144048716,0.5839996337890625,dense,-1,3.0,0.13314299042070354,0.0420989990234375,1.467607033838746,0.0,1.0
A_dense_d10_n1000_K50,1000,50,10,0.4687236808376221,0.05581297508885449,0.560302734375,0.03831742442315705,0.7426468210190428,0.011174874742992972,61,69,0.34094618144048716,0.5839996337890625,dense,-1,3.0,0.12777749939713495,-0.0236968994140625,1.4682250144243523,0.0,1.0
A_dense_d10_n1000_K50,1000,50,10,0.4633137410298704,0.05668839720941588,0.599853515625,0.0541110281128842,0.7311282615513329,0.00970301795062347,74,70,0.34094618144048716,0.5839996337890625,dense,-1,3.0,0.12236755958938322,0.0158538818359375,2.928003363433344,0.0,1.0
A_dense_d10_n1000_K50,1000,50,10,0.523919616843364,0.05797349681740792,0.6434326171875,0.05071711925865921,0.6808966181029075,0.008758107116109786,68,71,0.34094618144048716,0.5839996337890625,dense,-1,3.0,0.1829734354028768,0.0594329833984375,2.572226185897061,0.0,1.0
A_dense_d10_n1000_K50,1000,50,10,0.3851312986286234,0.05334603805889904,0.601318359375,0.05251572393356229,0.5348852922746627,0.00775178040495872,67,72,0.34094618144048716,0.5839996337890625,dense,-1,3.0,0.044185117188136225,0.0173187255859375,2.7579012602661273,1.0,1.0
A_dense_d10_n1000_K50,1000,50,10,0.42275859618479666,0.054802922699206794,0.561767578125,0.04230137154724567,0.6400424102944806,0.009119128680689264,59,73,0.34094618144048716,0.5839996337890625,dense,-1,3.0,0.0818124147443095,-0.0222320556640625,1.7894060347781255,1.0,1.0
A_dense_d10_n1000_K50,1000,50,10,0.5077473280898221,0.06115548583309905,0.67041015625,0.045444694927327514,0.6526615349779009,0.008052701355585109,55,74,0.34094618144048716,0.5839996337890625,dense,-1,3.0,0.16680114664933499,0.0864105224609375,2.065220297037867,0.0,1.0
A_dense_d10_n1000_K50,1000,50,10,0.44783845607733336,0.05545118114106937,0.5689697265625,0.04444473916290301,0.7864535165742572,0.009707501824067278,66,75,0.34094618144048716,0.5839996337890625,dense,-1,3.0,0.1068922746368462,-0.0150299072265625,1.9753348392584844,1.0,1.0
A_dense_d10_n1000_K50,1000,50,10,0.47131041368334764,0.05706122724755089,0.587158203125,0.04354703680439905,0.657949808387231,0.009115612694947052,63,76,0.34094618144048716,0.5839996337890625,dense,-1,3.0,0.13036423224286048,0.0031585693359375,1.8963444144436856,0.0,1.0
A_dense_d10_n1000_K50,1000,50,10,0.5041264952127343,0.05465629253745974,0.5828857421875,0.03497409436092829,0.651140445224356,0.0100038378981183,52,77,0.34094618144048716,0.5839996337890625,dense,-1,3.0,0.16318031377224718,-0.0011138916015625,1.223187276367116,0.0,1.0
A_dense_d10_n1000_K50,1000,50,10,0.4219674540399071,0.055635066981367616,0.5802001953125,0.04409987036599601,0.5471684114691725,0.00834497183231325,56,78,0.34094618144048716,0.5839996337890625,dense,-1,3.0,0.08102127259941994,-0.0037994384765625,1.944798566297653,1.0,1.0
A_dense_d10_n1000_K50,1000,50,10,0.49257464011039637,0.056125320409982936,0.626220703125,0.042731629399216445,0.5982272374891998,0.008840935199155834,58,79,0.34094618144048716,0.5839996337890625,dense,-1,3.0,0.1516284586699092,0.0422210693359375,1.825992151111979,0.0,1.0
A_dense_d10_n1000_K50,1000,50,10,0.49940805662737897,0.05993683942127229,0.59619140625,0.03500534968188526,0.7963260850255153,0.010278448291154055,54,80,0.34094618144048716,0.5839996337890625,dense,-1,3.0,0.1584618751868918,0.0121917724609375,1.2253745063510646,0.0,1.0
A_dense_d10_n1000_K50,1000,50,10,0.41708519462881066,0.05834293884491043,0.6119384765625,0.045215820094355,0.5583782439001373,0.007856293631403399,48,81,0.34094618144048716,0.5839996337890625,dense,-1,3.0,0.0761390131883235,0.0279388427734375,2.0444703868050773,1.0,1.0
A_dense_d10_n1000_K50,1000,50,10,0.4400121357810137,0.0560469512335755,0.6123046875,0.04709371400488473,0.6366368992613773,0.008598069421862005,59,82,0.34094618144048716,0.5839996337890625,dense,-1,3.0,0.09906595434052656,0.0283050537109375,2.2178178987738764,1.0,1.0
A_dense_d10_n1000_K50,1000,50,10,0.47932417009069556,0.05988219383420245,0.6646728515625,0.045380142554117944,0.6022924311752822,0.00820428068284836,49,83,0.34094618144048716,0.5839996337890625,dense,-1,3.0,0.1383779886502084,0.0806732177734375,2.0593573382320662,0.0,1.0
A_dense_d10_n1000_K50,1000,50,10,0.5669371885600805,0.05728721439171227,0.6435546875,0.04041553585625438,0.6751097161653995,0.00965408421714647,59,84,0.34094618144048716,0.5839996337890625,dense,-1,3.0,0.2259910071195933,0.0595550537109375,1.6334155385481837,0.0,1.0
A_dense_d10_n1000_K50,1000,50,10,0.430816537941934,0.059167670040535934,0.6124267578125,0.057438928371283414,0.6911048720112857,0.008378218407251847,70,85,0.34094618144048716,0.5839996337890625,dense,-1,3.0,0.08987035650144681,0.0284271240234375,3.299230492441427,1.0,1.0
A_dense_d10_n1000_K50,1000,50,10,0.4223320089383775,0.05407027706052163,0.5400390625,0.04025783642431627,0.6556196745069791,0.008820491679458283,55,86,0.34094618144048716,0.5839996337890625,dense,-1,3.0,0.08138582749789036,-0.0439605712890625,1.6206933935670056,1.0,1.0
A_dense_d10_n1000_K50,1000,50,10,0.4675961283192304,0.05949895100365724,0.624755859375,0.04816671798568127,0.5395095201998177,0.008254599682814463,63,87,0.34094618144048716,0.5839996337890625,dense,-1,3.0,0.12664994687874326,0.0407562255859375,2.3200327215121517,0.0,1.0
A_dense_d10_n1000_K50,1000,50,10,0.4576139204332078,0.05472838390016133,0.5845947265625,0.0372735225383757,0.667626369514746,0.009105194923857626,55,88,0.34094618144048716,0.5839996337890625,dense,-1,3.0,0.11666773899272065,0.0005950927734375,1.3893154824188014,0.0,1.0
A_dense_d10_n1000_K50,1000,50,10,0.46058295370228775,0.060092248434586056,0.64892578125,0.055474184863914325,0.6291193616776017,0.008370494641475192,67,89,0.34094618144048716,0.5839996337890625,dense,-1,3.0,0.11963677226180058,0.0649261474609375,3.077385186315741,0.0,1.0
A_dense_d10_n1000_K50,1000,50,10,0.4052011762301557,0.05496400231771054,0.598876953125,0.05340665546182782,0.6129871247288857,0.008112600366231048,69,90,0.34094618144048716,0.5839996337890625,dense,-1,3.0,0.06425499478966856,0.0148773193359375,2.8522708476183833,1.0,1.0
A_dense_d10_n1000_K50,1000,50,10,0.4237523653117503,0.05488279468092885,0.5963134765625,0.04268592391009826,0.7633068023930627,0.0078078503951640715,51,91,0.34094618144048716,0.5839996337890625,dense,-1,3.0,0.08280618387126315,0.0123138427734375,1.8220881000586984,1.0,1.0
A_dense_d10_n1000_K50,1000,50,10,0.44378470484921306,0.055350997310738614,0.5955810546875,0.057971266135472196,0.6227123284852439,0.00857225249980051,79,92,0.34094618144048716,0.5839996337890625,dense,-1,3.0,0.1028385234087259,0.0115814208984375,3.3606676973497454,1.0,1.0
A_dense_d10_n1000_K50,1000,50,10,0.4978273023724481,0.0558681047506766,0.613037109375,0.04649025005171734,0.6093667550876892,0.00933748152424028,60,93,0.34094618144048716,0.5839996337890625,dense,-1,3.0,0.15688112093196094,0.0290374755859375,2.1613433498712045,0.0,1.0
A_dense_d10_n1000_K50,1000,50,10,0.4211528389456625,0.05296904282358851,0.57568359375,0.04035217763498558,0.6112430939649685,0.008732490963399921,56,94,0.34094618144048716,0.5839996337890625,dense,-1,3.0,0.08020665750517536,-0.0083160400390625,1.6282982398854307,1.0,1.0
A_dense_d10_n1000_K50,1000,50,10,0.3260588056800884,0.049092858535651235,0.4957275390625,0.05653189714615172,0.6244588182607631,0.008319297291469342,68,95,0.34094618144048716,0.5839996337890625,dense,-1,3.0,-0.01488737576039878,-0.0882720947265625,3.195855394943077,1.0,1.0
A_dense_d10_n1000_K50,1000,50,10,0.40760474451256345,0.051071428341688235,0.52734375,0.03555996630108419,0.8478386873585725,0.010283551379760884,51,96,0.34094618144048716,0.5839996337890625,dense,-1,3.0,0.0666585630720763,-0.0566558837890625,1.2645112033342432,1.0,1.0
A_dense_d10_n1000_K50,1000,50,10,0.33934549100639694,0.049922057880738675,0.4974365234375,0.04605362339990317,0.5994129252466494,0.008580640516302118,55,97,0.34094618144048716,0.5839996337890625,dense,-1,3.0,-0.001600690434090224,-0.0865631103515625,2.1209362282601085,1.0,1.0
A_dense_d10_n1000_K50,1000,50,10,0.4703441117838165,0.05801813942592122,0.6246337890625,0.0432620223075063,0.5781216592943385,0.008646582055034857,54,98,0.34094618144048716,0.5839996337890625,dense,-1,3.0,0.12939793034332936,0.0406341552734375,1.871602574135173,0.0,1.0
A_dense_d10_n1000_K50,1000,50,10,0.4605627658227843,0.05898766444210957,0.5689697265625,0.04296382742337313,0.6287391024803674,0.009399977957944946,60,99,0.34094618144048716,0.5839996337890625,dense,-1,3.0,0.11961658438229716,-0.0150299072265625,1.8458904668653893,0.0,1.0
A_dense_d10_n1000_K50,1000,50,10,0.3891384492103618,0.052207727892093464,0.5601806640625,0.06383175958902827,0.6137441240065361,0.008273891552569477,78,100,0.34094618144048716,0.5839996337890625,dense,-1,3.0,0.04819226776987462,-0.0238189697265625,4.074493532231503,1.0,1.0
A_dense_d10_n1000_K50,1000,50,10,0.3551095857458908,0.04990509201625763,0.5582275390625,0.048089814974058155,0.71084220866242,0.0082393231151671,64,101,0.34094618144048716,0.5839996337890625,dense,-1,3.0,0.014163404305403637,-0.0257720947265625,2.3126303042391476,1.0,1.0
A_dense_d10_n1000_K50,1000,50,10,0.47602613887409945,0.05926542794602092,0.5924072265625,0.03491095645850261,0.679923984924961,0.009749364898251045,53,102,0.34094618144048716,0.5839996337890625,dense,-1,3.0,0.13507995743361229,0.0084075927734375,1.2187748808474652,0.0,1.0
A_dense_d10_n1000_K50,1000,50,10,0.45765552972380796,0.05983601893317219,0.6357421875,0.05224489904968973,0.6872004872611561,0.007703284768010349,67,103,0.34094618144048716,0.5839996337890625,dense,-1,3.0,0.1167093482833208,0.0517425537109375,2.729529476712271,1.0,1.0
A_dense_d10_n1000_K50,1000,50,10,0.38403722877026825,0.057598389408871124,0.622314453125,0.05238769936276142,0.5988989831514144,0.007998871804720307,57,104,0.34094618144048716,0.5839996337890625,dense,-1,3.0,0.043091047329781085,0.0383148193359375,2.744471044523073,1.0,1.0
A_dense_d10_n1000_K50,1000,50,10,0.4104754675292608,0.054773944278007025,0.55078125,0.04421292469642998,0.6295703881904076,0.008600594008026055,66,105,0.34094618144048716,0.5839996337890625,dense,-1,3.0,0.06952928608877362,-0.0332183837890625,1.9547827102121875,1.0,1.0
A_dense_d10_n1000_K50,1000,50,10,0.4448977746659127,0.0575325513874594,0.5965576171875,0.047163145662020525,0.5074254191824097,0.008434724309346072,52,106,0.34094618144048716,0.5839996337890625,dense,-1,3.0,0.10395159322542552,0.0125579833984375,2.2243623087369655,1.0,1.0
A_dense_d10_n1000_K50,1000,50,10,0.3978728918532544,0.05112807035791761,0.5653076171875,0.041103643299280616,0.6645482521083783,0.008530427342654528,60,107,0.34094618144048716,0.5839996337890625,dense,-1,3.0,0.056926710412767256,-0.0186920166015625,1.6895094924744964,1.0,1.0
A_dense_d10_n1000_K50,1000,50,10,0.4401667593815486,0.054749629905182576,0.578125,0.042515527856002204,0.6788902648838595,0.009055243005277823,66,108,0.34094618144048716,0.5839996337890625,dense,-1,3.0,0.09922057794106143,-0.0058746337890625,1.8075701088744993,1.0,1.0
A_dense_d10_n1000_K50,1000,50,10,0.4557531570275206,0.05828387034351562,0.58935546875,0.03918757399993184,0.6279588641751218,0.009347559948987472,50,109,0.34094618144048716,0.5839996337890625,dense,-1,3.0,0.11480697558703346,0.0053558349609375,1.5356659560001342,0.0,1.0
A_dense_d10_n1000_K50,1000,50,10,0.42870667514340316,0.05255844740342856,0.5623779296875,0.04027968914873776,0.6687394354905883,0.009381228732853457,64,110,0.34094618144048716,0.5839996337890625,dense,-1,3.0,0.087760493702916,-0.0216217041015625,1.6224533579189424,1.0,1.0
A_dense_d10_n1000_K50,1000,50,10,0.457122107613967,0.059111491318903635,0.643310546875,0.07059629040773387,0.6266679245525922,0.008311591772682494,81,111,0.34094618144048716,0.5839996337890625,dense,-1,3.0,0.11617592617347983,0.0593109130859375,4.983836219333097,0.0,1.0
A_dense_d10_n1000_K50,1000,50,10,0.48591889913397984,0.04991472820018302,0.5400390625,0.03828398617217008,0.7139707847006014,0.011304859478346061,67,112,0.34094618144048716,0.5839996337890625,dense,-1,3.0,0.14497271769349268,-0.0439605712890625,1.4656635972309102,0.0,1.0
A_dense_d10_n1000_K50,1000,50,10,0.43044948110234205,0.054692648477159544,0.58203125,0.046950609526358815,0.6320451548217139,0.00951174642163093,63,113,0.34094618144048716,0.5839996337890625,dense,-1,3.0,0.08950329966185488,-0.0019683837890625,2.2043597348966153,1.0,1.0
A_dense_d10_n1000_K50,1000,50,10,0.38796581022472093,0.05500620876054244,0.5985107421875,0.04905385947160376,0.5846540358518058,0.00793463920314017,63,114,0.34094618144048716,0.5839996337890625,dense,-1,3.0,0.04701962878423377,0.0145111083984375,2.4062811290598503,1.0,1.0
A_dense_d10_n1000_K50,1000,50,10,0.46872291027791396,0.0545247821483508,0.6334228515625,0.04140756465308295,0.538596903689539,0.008226168879807153,58,115,0.34094618144048716,0.5839996337890625,dense,-1,3.0,0.1277767288374268,0.0494232177734375,1.7145864104992445,0.0,1.0
A_dense_d10_n1000_K50,1000,50,10,0.42622695121013787,0.05497681332397815,0.5906982421875,0.0482990138004387,0.5737115213418709,0.008355293206322414,59,116,0.34094618144048716,0.5839996337890625,dense,-1,3.0,0.08528076976965071,0.0066986083984375,2.3327947340949686,1.0,1.0
A_dense_d10_n1000_K50,1000,50,10,0.48312875444353465,0.054001020744858956,0.587890625,0.041561213836205216,0.7484459088299319,0.010574219155049643,75,117,0.34094618144048716,0.5839996337890625,dense,-1,3.0,0.14218257300304749,0.0038909912109375,1.727334495538776,0.0,1.0
A_dense_d10_n1000_K50,1000,50,10,0.42340316055739025,0.061179884720846935,0.632080078125,0.05413532227318974,0.5058527733617224,0.007494195827353975,55,118,0.34094618144048716,0.5839996337890625,dense,-1,3.0,0.08245697911690308,0.0480804443359375,2.930633117622113,1.0,1.0
A_dense_d10_n1000_K50,1000,50,10,0.537438684216055,0.058709348155494,0.6259765625,0.04811197439298143,0.5267026760250865,0.009288278723701826,66,119,0.34094618144048716,0.5839996337890625,dense,-1,3.0,0.19649250277556785,0.0419769287109375,2.3147620799909006,0.0,1.0
A_dense_d10_n1000_K50,1000,50,10,0.3935783995469041,0.05216801427001866,0.585693359375,0.06016631919075832,0.6215212947815522,0.00788290197604497,76,120,0.34094618144048716,0.5839996337890625,dense,-1,3.0,0.05263221810641694,0.0016937255859375,3.619985964964213,1.0,1.0
A_dense_d10_n1000_K50,1000,50,10,0.38691299083652997,0.053720117202708584,0.53564453125,0.047946784116089124,0.6666780976011812,0.009548252629120173,63,121,0.34094618144048716,0.5839996337890625,dense,-1,3.0,0.04596680939604281,-0.0483551025390625,2.2988941070748563,1.0,1.0
A_dense_d10_n1000_K50,1000,50,10,0.38997641359825747,0.05205931548847481,0.54150390625,0.04941329914251937,0.6339980821209487,0.008842554213325932,66,122,0.34094618144048716,0.5839996337890625,dense,-1,3.0,0.049030232157770304,-0.0424957275390625,2.4416741321481057,1.0,1.0
A_dense_d10_n1000_K50,1000,50,10,0.4580963154811093,0.05320769977308144,0.553955078125,0.040675829828832874,0.6868318314952687,0.009945604070453069,63,123,0.34094618144048716,0.5839996337890625,dense,-1,3.0,0.11715013404062213,-0.0300445556640625,1.6545231322641702,0.0,1.0
A_dense_d10_n1000_K50,1000,50,10,0.3217865621326356,0.05837440442073082,0.5782470703125,0.069978241020626,0.5004256020521294,0.006851625809548074,72,124,0.34094618144048716,0.5839996337890625,dense,-1,3.0,-0.01915961930785154,-0.0057525634765625,4.8969542163408235,1.0,1.0
A_dense_d10_n1000_K50,1000,50,10,0.4443250360573344,0.05735568779616713,0.5872802734375,0.04509163930635725,0.612665739778459,0.008517114353317872,63,125,0.34094618144048716,0.5839996337890625,dense,-1,3.0,0.10337885461684726,0.0032806396484375,2.0332559353346222,1.0,1.0
A_dense_d10_n1000_K50,1000,50,10,0.45288594914373825,0.05520687998839268,0.58251953125,0.04892272208124743,0.5664352389818489,0.008859253941475244,72,126,0.34094618144048716,0.5839996337890625,dense,-1,3.0,0.11193976770325109,-0.0014801025390625,2.3934327358389744,0.0,1.0
A_dense_d10_n1000_K50,1000,50,10,0.4188853390712449,0.0561238855103136,0.606201171875,0.045541754776298016,0.7344722009222289,0.00841718623009098,61,127,0.34094618144048716,0.5839996337890625,dense,-1,3.0,0.07793915763075776,0.0222015380859375,2.0740514281044633,1.0,1.0
A_dense_d10_n1000_K50,1000,50,10,0.39750085519195705,0.05163174209514465,0.5767822265625,0.05015210122302458,0.6378267957272206,0.008742801609203073,65,128,0.34094618144048716,0.5839996337890625,dense,-1,3.0,0.056554673751469886,-0.0072174072265625,2.5152332570845037,1.0,1.0
A_dense_d10_n1000_K50,1000,50,10,0.3382243199680465,0.055508975099752084,0.562744140625,0.05982219101815272,0.5292394309860216,0.006939999751700624,67,129,0.34094618144048716,0.5839996337890625,dense,-1,3.0,-0.0027218614724406343,-0.0212554931640625,3.5786945382123516,1.0,1.0
A_dense_d10_n1000_K50,1000,50,10,0.41094277679961055,0.0508996414016215,0.564453125,0.04410503947514414,0.7420694226733275,0.009274087853983553,57,130,0.34094618144048716,0.5839996337890625,dense,-1,3.0,0.06999659535912339,-0.0195465087890625,1.9452545071040226,1.0,1.0
A_dense_d10_n1000_K50,1000,50,10,0.4934587516882549,0.0582010205247918,0.629150390625,0.06401699312534137,0.6109060801207317,0.008296307107209976,81,131,0.34094618144048716,0.5839996337890625,dense,-1,3.0,0.15251257024776776,0.0451507568359375,4.098175408810004,0.0,1.0
A_dense_d10_n1000_K50,1000,50,10,0.5796159049181944,0.06344948875646017,0.6673583984375,0.05281247210854642,0.6969845613710797,0.008797600271182553,70,132,0.34094618144048716,0.5839996337890625,dense,-1,3.0,0.2386697234777072,0.0833587646484375,2.7891572102159934,0.0,1.0
A_dense_d10_n1000_K50,1000,50,10,0.34785409861852656,0.054223054502457256,0.5478515625,0.03769272860870787,0.6483052011311289,0.008554810530162757,48,133,0.34094618144048716,0.5839996337890625,dense,-1,3.0,0.006907917178039402,-0.0361480712890625,1.4207417899697048,1.0,1.0
A_dense_d10_n1000_K50,1000,50,10,0.37891563564081004,0.05421398728643652,0.5391845703125,0.05002739781426255,0.5259136204831405,0.008242314442502582,65,134,0.34094618144048716,0.5839996337890625,dense,-1,3.0,0.03796945420032288,-0.0448150634765625,2.502740532066481,1.0,1.0
A_dense_d10_n1000_K50,1000,50,10,0.375993498517908,0.05059897127175347,0.560791015625,0.04629828810378599,0.5543006063848523,0.008030486823462498,55,135,0.34094618144048716,0.5839996337890625,dense,-1,3.0,0.035047317077420814,-0.0232086181640625,2.143531481341171,1.0,1.0
A_dense_d10_n1000_K50,1000,50,10,0.3803297205377747,0.05343786137151477,0.55908203125,0.049518854088686136,0.7030887808341073,0.008872446373372492,65,136,0.34094618144048716,0.5839996337890625,dense,-1,3.0,0.039383539097287534,-0.0249176025390625,2.4521169102565876,1.0,1.0
A_dense_d10_n1000_K50,1000,50,10,0.5533464014806322,0.0588138725097313,0.6107177734375,0.0266865994535663,0.8166054511084773,0.010937676690949564,43,137,0.34094618144048716,0.5839996337890625,dense,-1,3.0,0.21240022004014503,0.0267181396484375,0.7121745903950852,0.0,1.0
A_dense_d10_n1000_K50,1000,50,10,0.5626932092465513,0.06355384584208676,0.6280517578125,0.04844416772804722,0.6262105557607013,0.00952212855698261,69,138,0.34094618144048716,0.5839996337890625,dense,-1,3.0,0.22174702780606415,0.0440521240234375,2.346837386863172,0.0,1.0
A_dense_d10_n1000_K50,1000,50,10,0.45557411026304645,0.059024953254083454,0.6190185546875,0.04352042856927532,0.5947244407520724,0.00861453350962353,53,139,0.34094618144048716,0.5839996337890625,dense,-1,3.0,0.11462792882255929,0.0350189208984375,1.8940277028533956,1.0,1.0
A_dense_d10_n1000_K50,1000,50,10,0.45698459737067504,0.05605328222890318,0.5804443359375,0.04217578249013555,0.6459513794332037,0.00917611495640976,62,140,0.34094618144048716,0.5839996337890625,dense,-1,3.0,0.11603841593018788,-0.0035552978515625,1.7787966286552246,0.0,1.0
A_dense_d10_n1000_K50,1000,50,10,0.5125099213845747,0.059240868768539436,0.6400146484375,0.04404781866808847,0.6960795125827592,0.008856941155680037,58,141,0.34094618144048716,0.5839996337890625,dense,-1,3.0,0.17156373994408758,0.0560150146484375,1.940210329416803,0.0,1.0
A_dense_d10_n1000_K50,1000,50,10,0.3483565994452764,0.05636222703171393,0.552490234375,0.05274114277281243,0.6128518095513196,0.00769107719249917,63,142,0.34094618144048716,0.5839996337890625,dense,-1,3.0,0.007410418004789254,-0.0315093994140625,2.7816281409821846,1.0,1.0
A_dense_d10_n1000_K50,1000,50,10,0.45134038644650076,0.05729926619082993,0.61865234375,0.04821990916217874,0.6156806186634909,0.008793374079035453,73,143,0.34094618144048716,0.5839996337890625,dense,-1,3.0,0.1103942050060136,0.0346527099609375,2.3251596396087693,1.0,1.0
A_dense_d10_n1000_K50,1000,50,10,0.40908659350900256,0.050242633602567116,0.52099609375,0.03997600405976291,0.6304092564619782,0.00936956761213165,60,144,0.34094618144048716,0.5839996337890625,dense,-1,3.0,0.0681404120685154,-0.0630035400390625,1.598080900586181,1.0,1.0
A_dense_d10_n1000_K50,1000,50,10,0.4665693854187172,0.052890633549559786,0.5533447265625,0.03626600490350884,0.5591500568354538,0.01011374288627636,58,145,0.34094618144048716,0.5839996337890625,dense,-1,3.0,0.12562320397823,-0.0306549072265625,1.3152231116613275,0.0,1.0
A_dense_d10_n1000_K50,1000,50,10,0.4192325886938751,0.0599550596984655,0.5732421875,0.052796182997450564,0.6220281633143541,0.00912905272518192,73,146,0.34094618144048716,0.5839996337890625,dense,-1,3.0,0.07828640725338792,-0.0107574462890625,2.787436939100288,1.0,1.0
A_dense_d10_n1000_K50,1000,50,10,0.3963716063684435,0.05223354220794471,0.57470703125,0.05303127901420662,0.6176264628373734,0.008342256119083529,78,147,0.34094618144048716,0.5839996337890625,dense,-1,3.0,0.055425424927956324,-0.0092926025390625,2.812316553882632,1.0,1.0
A_dense_d10_n1000_K50,1000,50,10,0.41260880319724136,0.05189273596058816,0.5826416015625,0.051764011790119115,0.5290134922310782,0.008179772460648112,62,148,0.34094618144048716,0.5839996337890625,dense,-1,3.0,0.0716626217567542,-0.0013580322265625,2.6795129166075906,1.0,1.0
A_dense_d10_n1000_K50,1000,50,10,0.5195630189990658,0.054128602559428945,0.5992431640625,0.03901752809370101,0.6856014392177772,0.009776367030415435,57,149,0.34094618144048716,0.5839996337890625,dense,-1,3.0,0.1786168375585786,0.0152435302734375,1.5223674985427473,0.0,1.0
A_dense_d10_n1000_K50,1000,50,10,0.4642353543866496,0.054819563867897846,0.573974609375,0.04443897782129537,0.654614317546992,0.008671485126165938,58,150,0.34094618144048716,0.5839996337890625,dense,-1,3.0,0.12328917294616243,-0.0100250244140625,1.9748227498015818,0.0,1.0
A_dense_d10_n1000_K50,1000,50,10,0.4958988604561363,0.05799366199402593,0.645263671875,0.05123703735405617,0.644856184105563,0.008603181739842581,65,151,0.34094618144048716,0.5839996337890625,dense,-1,3.0,0.15495267901564913,0.0612640380859375,2.6252339968209477,0.0,1.0
A_dense_d10_n1000_K50,1000,50,10,0.45771222935023204,0.056113950117048686,0.5987548828125,0.03886417663684919,0.7435151861878322,0.008373316360865914,51,152,0.34094618144048716,0.5839996337890625,dense,-1,3.0,0.11676604790974487,0.0147552490234375,1.5104242256602145,0.0,1.0
A_dense_d10_n1000_K50,1000,50,10,0.5021506499992868,0.058261826130735,0.650390625,0.03737688928661651,0.6345826314553874,0.008579142062849068,48,153,0.34094618144048716,0.5839996337890625,dense,-1,3.0,0.16120446855879966,0.0663909912109375,1.3970318527439882,0.0,1.0
A_dense_d10_n1000_K50,1000,50,10,0.4242552475088362,0.05329159913238526,0.5718994140625,0.04465363623715,0.6059105167843509,0.00882826658807315,61,154,0.34094618144048716,0.5839996337890625,dense,-1,3.0,0.08330906606834904,-0.0121002197265625,1.9939472291997153,1.0,1.0
A_dense_d10_n1000_K50,1000,50,10,0.4923484789957401,0.05985271426623544,0.6500244140625,0.04867583290212281,0.5599981187741342,0.008332140908841813,61,155,0.34094618144048716,0.5839996337890625,dense,-1,3.0,0.15140229755525292,0.0660247802734375,2.3693367087153816,0.0,1.0
A_dense_d10_n1000_K50,1000,50,10,0.44016884632572795,0.05338504954198462,0.6053466796875,0.044829020345757045,0.5841055014011689,0.008242759793329871,51,156,0.34094618144048716,0.5839996337890625,dense,-1,3.0,0.09922266488524079,0.0213470458984375,2.009641065160299,1.0,1.0
A_dense_d10_n1000_K50,1000,50,10,0.34277750659445705,0.05191566927910321,0.5771484375,0.046827552684555074,0.6519930151155213,0.007469038807675513,60,157,0.34094618144048716,0.5839996337890625,dense,-1,3.0,0.0018313251539698872,-0.0068511962890625,2.192819690424781,1.0,1.0
A_dense_d10_n1000_K50,1000,50,10,0.5283746622898051,0.056976867557560255,0.635498046875,0.043491404426465013,0.7588605157285018,0.009257314776630507,58,158,0.34094618144048716,0.5839996337890625,dense,-1,3.0,0.18742848084931796,0.0514984130859375,1.8915022589863406,0.0,1.0
A_dense_d10_n1000_K50,1000,50,10,0.46412809491881074,0.05638494394372561,0.581787109375,0.049436905709963036,0.6161534222183264,0.008911190349716734,64,159,0.34094618144048716,0.5839996337890625,dense,-1,3.0,0.12318191347832358,-0.0022125244140625,2.444007646175776,0.0,1.0
A_dense_d10_n1000_K50,1000,50,10,0.5029086916608214,0.05753999758039777,0.610595703125,0.04129079592159044,0.7192807819986117,0.009855755744681066,60,160,0.34094618144048716,0.5839996337890625,dense,-1,3.0,0.16196251022033425,0.0265960693359375,1.7049298278384297,0.0,1.0
A_dense_d10_n1000_K50,1000,50,10,0.3718030720959502,0.05299206931490693,0.571044921875,0.050600107592793105,0.6249433286116851,0.008442870832305398,73,161,0.34094618144048716,0.5839996337890625,dense,-1,3.0,0.030856890655463043,-0.0129547119140625,2.5603708884022383,1.0,1.0
A_dense_d10_n1000_K50,1000,50,10,0.40505621973034356,0.051884667166573646,0.536376953125,0.04898688418804369,0.5955390820614629,0.009261896821941217,75,162,0.34094618144048716,0.5839996337890625,dense,-1,3.0,0.0641100382898564,-0.0476226806640625,2.3997148224528053,1.0,1.0
A_dense_d10_n1000_K50,1000,50,10,0.37025491109461517,0.05602193010063772,0.5445556640625,0.04084930789694749,0.654732243059358,0.009117135074318812,59,163,0.34094618144048716,0.5839996337890625,dense,-1,3.0,0.029308729654128007,-0.0394439697265625,1.6686659556596164,1.0,1.0
A_dense_d10_n1000_K50,1000,50,10,0.35498510000904293,0.0516213279596569,0.5523681640625,0.05203331313129338,0.6796475841315802,0.008068970803127079,63,164,0.34094618144048716,0.5839996337890625,dense,-1,3.0,0.01403891856855577,-0.0316314697265625,2.7074656754192277,1.0,1.0
A_dense_d10_n1000_K50,1000,50,10,0.5648297030370387,0.05767313238012418,0.61376953125,0.034216053847161865,0.7530802081838159,0.011003456560805858,59,165,0.34094618144048716,0.5839996337890625,dense,-1,3.0,0.22388352159655156,0.0297698974609375,1.1707383408718801,0.0,1.0
A_dense_d10_n1000_K50,1000,50,10,0.32606742578717485,0.05504860062572965,0.535888671875,0.05352976527970149,0.6386599584859011,0.0074302153007621665,58,166,0.34094618144048716,0.5839996337890625,dense,-1,3.0,-0.014878755653312314,-0.0481109619140625,2.8654357708999356,1.0,1.0
A_dense_d10_n1000_K50,1000,50,10,0.39859208744171787,0.05436371306300192,0.5787353515625,0.0461468858116494,0.5638084523033042,0.008241635868907487,67,167,0.34094618144048716,0.5839996337890625,dense,-1,3.0,0.05764590600123071,-0.0052642822265625,2.1295350701134086,1.0,1.0
A_dense_d10_n1000_K50,1000,50,10,0.4054433207824493,0.05387571389868748,0.56396484375,0.047966212445731474,0.6645936204290973,0.0087031869803504,71,168,0.34094618144048716,0.5839996337890625,dense,-1,3.0,0.06449713934196216,-0.0200347900390625,2.3007575363890447,1.0,1.0
A_dense_d10_n1000_K50,1000,50,10,0.43758689015217467,0.055370235492346466,0.577392578125,0.05262602200901774,0.45964677113417796,0.008148073570905811,71,169,0.34094618144048716,0.5839996337890625,dense,-1,3.0,0.0966407087116875,-0.0066070556640625,2.7694981924936197,1.0,1.0
A_dense_d10_n1000_K50,1000,50,10,0.4622394781601167,0.05715166902196442,0.610595703125,0.04268800453065493,0.56792142419958,0.008414809239083186,51,170,0.34094618144048716,0.5839996337890625,dense,-1,3.0,0.12129329671962952,0.0265960693359375,1.8222657308092158,0.0,1.0
A_dense_d10_n1000_K50,1000,50,10,0.40842544418840787,0.06500002331486648,0.621337890625,0.056386519917673274,0.5486677616546572,0.007713491428607579,66,171,0.34094618144048716,0.5839996337890625,dense,-1,3.0,0.06747926274792071,0.0373382568359375,3.179439628426165,1.0,1.0
A_dense_d10_n1000_K50,1000,50,10,0.40382853285930576,0.05977304757344684,0.62451171875,0.058536099920764514,0.6443935997320962,0.007336872226899712,60,172,0.34094618144048716,0.5839996337890625,dense,-1,3.0,0.0628823514188186,0.0405120849609375,3.4264749939337276,1.0,1.0
A_dense_d10_n1000_K50,1000,50,10,0.35231793847096116,0.0518297052833761,0.5994873046875,0.05335531243282536,0.590174184220496,0.007514895436849094,67,173,0.34094618144048716,0.5839996337890625,dense,-1,3.0,0.011371757030473995,0.0154876708984375,2.8467893648044087,1.0,1.0
A_dense_d10_n1000_K50,1000,50,10,0.3796261388164193,0.05216752373881007,0.58056640625,0.06050716452689348,0.6000435390117327,0.008028428488383445,67,174,0.34094618144048716,0.5839996337890625,dense,-1,3.0,0.03867995737593216,-0.0034332275390625,3.661116959084557,1.0,1.0
A_dense_d10_n1000_K50,1000,50,10,0.44027406274313896,0.05928836749511452,0.6363525390625,0.04487742476492499,0.5597413304341777,0.007832624657530193,56,175,0.34094618144048716,0.5839996337890625,dense,-1,3.0,0.0993278813026518,0.0523529052734375,2.0139832535315025,1.0,1.0
A_dense_d10_n1000_K50,1000,50,10,0.4371137669247833,0.05725956382208338,0.5848388671875,0.05379498641467306,0.59827580512447,0.008924181975749446,66,176,0.34094618144048716,0.5839996337890625,dense,-1,3.0,0.09616758548429616,0.0008392333984375,2.893900563354859,1.0,1.0
A_dense_d10_n1000_K50,1000,50,10,0.48104363870512895,0.05842173711595407,0.63916015625,0.04910411359530473,0.6030045748486065,0.008331682431878203,53,177,0.34094618144048716,0.5839996337890625,dense,-1,3.0,0.1400974572646418,0.0551605224609375,2.4112139719805903,0.0,1.0
A_dense_d10_n1000_K50,1000,50,10,0.4111562784515469,0.05412291736549283,0.5877685546875,0.04629397192631838,0.6420027778994899,0.008544133508030701,69,178,0.34094618144048716,0.5839996337890625,dense,-1,3.0,0.07021009701105974,0.0037689208984375,2.1431318367147543,1.0,1.0
A_dense_d10_n1000_K50,1000,50,10,0.3576909648411858,0.05150268979408721,0.510986328125,0.04038225000845765,0.6055077788033358,0.009003735752086791,51,179,0.34094618144048716,0.5839996337890625,dense,-1,3.0,0.016744783400698626,-0.0730133056640625,1.6307261157455781,1.0,1.0
A_dense_d10_n1000_K50,1000,50,10,0.40744312920549064,0.05377649393496737,0.5867919921875,0.055741188081204186,0.6011740674981841,0.008463103730634261,71,180,0.34094618144048716,0.5839996337890625,dense,-1,3.0,0.06649694776500348,0.0027923583984375,3.1070800487041796,1.0,1.0
A_dense_d10_n1000_K50,1000,50,10,0.47551743489226583,0.05752935302887025,0.6104736328125,0.05163665175431644,0.6028053792341223,0.008787669870562512,68,181,0.34094618144048716,0.5839996337890625,dense,-1,3.0,0.13457125345177867,0.0264739990234375,2.6663438043965515,0.0,1.0
A_dense_d10_n1000_K50,1000,50,10,0.463978329928054,0.055952481695890635,0.564453125,0.046434411647730225,0.7113016637066929,0.009619166232904578,68,182,0.34094618144048716,0.5839996337890625,dense,-1,3.0,0.12303214848756683,-0.0195465087890625,2.1561545850708645,0.0,1.0
A_dense_d10_n1000_K50,1000,50,10,0.44136115751051874,0.05356760278746692,0.6041259765625,0.05477180638504189,0.7681911964364393,0.008782948218273698,70,183,0.34094618144048716,0.5839996337890625,dense,-1,3.0,0.10041497607003158,0.0201263427734375,2.999950774680515,1.0,1.0
A_dense_d10_n1000_K50,1000,50,10,0.40310529489205005,0.05694189507128522,0.6143798828125,0.046168458729563926,0.6697726064381381,0.007513114751851178,54,184,0.34094618144048716,0.5839996337890625,dense,-1,3.0,0.062159113451562886,0.0303802490234375,2.1315265814634476,1.0,1.0
A_dense_d10_n1000_K50,1000,50,10,0.4864342247522184,0.056177369524694085,0.5943603515625,0.045853207531811525,0.5931474890123646,0.009076376519436921,74,185,0.34094618144048716,0.5839996337890625,dense,-1,3.0,0.14548804331173126,0.0103607177734375,2.1025166409553773,0.0,1.0
A_dense_d10_n1000_K50,1000,50,10,0.4696729502766719,0.05549249684846725,0.6131591796875,0.04832661801798511,0.6889430751310769,0.008843371794097596,71,186,0.34094618144048716,0.5839996337890625,dense,-1,3.0,0.12872676883618472,0.0291595458984375,2.335462009056243,0.0,1.0
A_dense_d10_n1000_K50,1000,50,10,0.4715682597146036,0.06204318020350067,0.6322021484375,0.06021147530078187,0.6191748049797786,0.008288537964017366,71,187,0.34094618144048716,0.5839996337890625,dense,-1,3.0,0.13062207827411643,0.0482025146484375,3.625421757896665,0.0,1.0
A_dense_d10_n1000_K50,1000,50,10,0.4578286571371383,0.05887980939978648,0.668212890625,0.0597934050075131,0.6030888622885412,0.007744620364617554,66,188,0.34094618144048716,0.5839996337890625,dense,-1,3.0,0.11688247569665111,0.0842132568359375,3.5752512823924927,0.0,1.0
A_dense_d10_n1000_K50,1000,50,10,0.4651161836301909,0.05746466726290417,0.574462890625,0.029722368801766205,0.6576011796685689,0.009612647452309426,49,189,0.34094618144048716,0.5839996337890625,dense,-1,3.0,0.12417000218970375,-0.0095367431640625,0.8834192071882051,0.0,1.0
A_dense_d10_n1000_K50,1000,50,10,0.4872343769421047,0.05970500128220456,0.6246337890625,0.04048813679364018,0.6712899400337092,0.009138432238073358,56,190,0.34094618144048716,0.5839996337890625,dense,-1,3.0,0.14628819550161754,0.0406341552734375,1.6392892210205199,0.0,1.0
A_dense_d10_n1000_K50,1000,50,10,0.36322837985050854,0.04629233103068343,0.5274658203125,0.051477504647622276,0.5289370528563013,0.008421325544530492,70,191,0.34094618144048716,0.5839996337890625,dense,-1,3.0,0.02228219841002138,-0.0565338134765625,2.649933484745973,1.0,1.0
A_dense_d10_n1000_K50,1000,50,10,0.37976913679386,0.053477332045591616,0.5418701171875,0.04258514071390514,0.6097384185780816,0.009081416451484817,66,192,0.34094618144048716,0.5839996337890625,dense,-1,3.0,0.03882295535337282,-0.0421295166015625,1.8134942096231008,1.0,1.0
A_dense_d10_n1000_K50,1000,50,10,0.32497911106642285,0.05141625198440213,0.513916015625,0.048904817614228484,0.6196283326942981,0.008220889587720272,62,193,0.34094618144048716,0.5839996337890625,dense,-1,3.0,-0.015967070374064307,-0.0700836181640625,2.3916811858809526,1.0,1.0
A_dense_d10_n1000_K50,1000,50,10,0.4049734134989708,0.05840361419237236,0.58349609375,0.03646368379865227,0.6035413554056939,0.009365584494536951,52,194,0.34094618144048716,0.5839996337890625,dense,-1,3.0,0.06402723205848365,-0.0005035400390625,1.329600236168096,1.0,1.0
A_dense_d10_n1000_K50,1000,50,10,0.39685221719005115,0.05684948677888264,0.5740966796875,0.049754070575176966,0.6199816832687653,0.009438569618439575,74,195,0.34094618144048716,0.5839996337890625,dense,-1,3.0,0.05590603574956399,-0.0099029541015625,2.4754675387996903,1.0,1.0
A_dense_d10_n1000_K50,1000,50,10,0.4121399461394716,0.056940993529439606,0.6002197265625,0.04878253197631504,0.5572182306823862,0.007906269064480857,65,196,0.34094618144048716,0.5839996337890625,dense,-1,3.0,0.07119376469898442,0.0162200927734375,2.3797354260201993,1.0,1.0
A_dense_d10_n1000_K50,1000,50,10,0.42166701629032854,0.05456602103163319,0.61083984375,0.04648690091191353,0.5575052570310476,0.0078514578104243,53,197,0.34094618144048716,0.5839996337890625,dense,-1,3.0,0.08072083484984138,0.0268402099609375,2.1610319563940665,1.0,1.0
A_dense_d10_n1000_K50,1000,50,10,0.4418006271140884,0.05933180331345797,0.624267578125,0.046456132240846805,0.7399155998982709,0.008023983542342376,55,198,0.34094618144048716,0.5839996337890625,dense,-1,3.0,0.10085444567360125,0.0402679443359375,2.158172222779046,1.0,1.0
A_dense_d10_n1000_K50,1000,50,10,0.47944001331859387,0.056730297090491905,0.6248779296875,0.052225783077720994,0.658904855911665,0.008887585226627607,68,199,0.34094618144048716,0.5839996337890625,dense,-1,3.0,0.1384938318781067,0.0408782958984375,2.7275324180811684,0.0,1.0
A_dense_d10_n1000_K200,1000,200,10,0.589541568701629,0.04595527132795744,0.5147705078125,0.035441699148769046,1.4729370804743847,0.01501960055662786,67,0,0.34094618144048716,0.5839996337890625,dense,-1,3.0,0.24859538726114183,-0.0692291259765625,1.2561140385518565,0.0,1.0
A_dense_d10_n1000_K200,1000,200,10,0.593750194179665,0.050671394017111876,0.539306640625,0.04292676088222509,1.3752333400654826,0.014662155925305002,71,1,0.34094618144048716,0.5839996337890625,dense,-1,3.0,0.25280401273917785,-0.0446929931640625,1.8427067998397304,0.0,1.0
A_dense_d10_n1000_K200,1000,200,10,0.6402528619807373,0.05353341862683355,0.5452880859375,0.04160970078786779,1.367791041894815,0.014890829607628093,71,2,0.34094618144048716,0.5839996337890625,dense,-1,3.0,0.2993066805402501,-0.0387115478515625,1.7313671996558855,0.0,1.0
A_dense_d10_n1000_K200,1000,200,10,0.6299956501989358,0.051659166831998775,0.5347900390625,0.038042164217496,1.3720052760758792,0.015113746540553164,62,3,0.34094618144048716,0.5839996337890625,dense,-1,3.0,0.2890494687584486,-0.0492095947265625,1.4472062583509329,0.0,1.0
A_dense_d10_n1000_K200,1000,200,10,0.701070388445608,0.049394389178780834,0.5364990234375,0.03321017575407771,1.4285399292564238,0.01611155422333796,62,4,0.34094618144048716,0.5839996337890625,dense,-1,3.0,0.3601242070051208,-0.0475006103515625,1.1029157736167312,0.0,1.0
A_dense_d10_n1000_K200,1000,200,10,0.7227079578956082,0.05916433710401919,0.5687255859375,0.045601779177055414,1.4630902059195101,0.015427688986124384,77,5,0.34094618144048716,0.5839996337890625,dense,-1,3.0,0.381761776455121,-0.0152740478515625,2.0795222641129247,0.0,1.0
A_dense_d10_n1000_K200,1000,200,10,0.7286140735420195,0.05611657035602233,0.5684814453125,0.0385296086845849,1.5259667629112248,0.01594091054344181,72,6,0.34094618144048716,0.5839996337890625,dense,-1,3.0,0.3876678921015323,-0.0155181884765625,1.4845307453872405,0.0,1.0
A_dense_d10_n1000_K200,1000,200,10,0.62065474211543,0.05179130531603588,0.5462646484375,0.040794662255892164,1.3812927358721099,0.014781216312540207,77,7,0.34094618144048716,0.5839996337890625,dense,-1,3.0,0.2797085606749429,-0.0377349853515625,1.6642044685723127,0.0,1.0
A_dense_d10_n1000_K200,1000,200,10,0.6107562704076904,0.05241918307149775,0.506103515625,0.04736442158026071,1.4369023715215212,0.01536695761176317,85,8,0.34094618144048716,0.5839996337890625,dense,-1,3.0,0.26981008896720327,-0.0778961181640625,2.2433884316326664,0.0,1.0
A_dense_d10_n1000_K200,1000,200,10,0.7269694591905994,0.05100254551632333,0.5379638671875,0.029983099154579064,1.4642761950324301,0.01641849797011117,68,9,0.34094618144048716,0.5839996337890625,dense,-1,3.0,0.38602327775011225,-0.0460357666015625,0.8989862349133197,0.0,1.0
A_dense_d10_n1000_K200,1000,200,10,0.6115812833489112,0.04903835646384792,0.5311279296875,0.03362018597727964,1.334217821409703,0.015236471996533503,55,10,0.34094618144048716,0.5839996337890625,dense,-1,3.0,0.270635101908424,-0.0528717041015625,1.1303169051468709,0.0,1.0
A_dense_d10_n1000_K200,1000,200,10,0.7936299072698544,0.05911778426809398,0.5762939453125,0.03180758944289986,1.4951233665855976,0.016290722115783748,59,11,0.34094618144048716,0.5839996337890625,dense,-1,3.0,0.4526837258293672,-0.0077056884765625,1.0117227461680747,0.0,1.0
A_dense_d10_n1000_K200,1000,200,10,0.6437281117704401,0.05253908699385283,0.5447998046875,0.04004449513127745,1.3495915381710535,0.014933812195316318,67,12,0.34094618144048716,0.5839996337890625,dense,-1,3.0,0.30278193032995293,-0.0391998291015625,1.6035615903189033,0.0,1.0
A_dense_d10_n1000_K200,1000,200,10,0.5387666709772321,0.04671114777688721,0.46728515625,0.041396527199795106,1.5269522649890195,0.015774473729322277,80,13,0.34094618144048716,0.5839996337890625,dense,-1,3.0,0.19782048953674491,-0.1167144775390625,1.713672464203376,0.0,0.0
A_dense_d10_n1000_K200,1000,200,10,0.5920773236412195,0.0519292588929458,0.50244140625,0.045710327685521614,1.4556202006128869,0.015777769770713247,84,14,0.34094618144048716,0.5839996337890625,dense,-1,3.0,0.2511311422007323,-0.0815582275390625,2.089434057117764,0.0,1.0
A_dense_d10_n1000_K200,1000,200,10,0.6403627826955037,0.04667063071605936,0.5279541015625,0.03860040341149847,1.4701153015828234,0.015888661775628306,64,15,0.34094618144048716,0.5839996337890625,dense,-1,3.0,0.29941660125501657,-0.0560455322265625,1.489991143530423,0.0,1.0
A_dense_d10_n1000_K200,1000,200,10,0.6024152667154736,0.05349514198630839,0.5098876953125,0.04156875327901822,1.488653497557382,0.014853254388677715,75,16,0.34094618144048716,0.5839996337890625,dense,-1,3.0,0.26146908527498647,-0.0741119384765625,1.7279612491718879,0.0,1.0
A_dense_d10_n1000_K200,1000,200,10,0.6279813898543862,0.05017808511097654,0.53125,0.03479623871358047,1.4320317597817545,0.015193142008721199,56,17,0.34094618144048716,0.5839996337890625,dense,-1,3.0,0.28703520841389907,-0.0527496337890625,1.2107782286124764,0.0,1.0
A_dense_d10_n1000_K200,1000,200,10,0.7170533081164745,0.05527970493087216,0.5372314453125,0.032768013605441945,1.6071399412637792,0.017624787159111848,70,18,0.34094618144048716,0.5839996337890625,dense,-1,3.0,0.37610712667598734,-0.0467681884765625,1.0737427156464283,0.0,1.0
A_dense_d10_n1000_K200,1000,200,10,0.5931250625533803,0.04948609746412206,0.5194091796875,0.04509989920217112,1.405573694043105,0.015009105933673897,70,19,0.34094618144048716,0.5839996337890625,dense,-1,3.0,0.2521788811128931,-0.0645904541015625,2.034000908045995,0.0,1.0
A_dense_d10_n1000_K200,1000,200,10,0.7593947114168127,0.057033835965962246,0.554931640625,0.039731350462154,1.6124914447456178,0.01678452299045525,76,20,0.34094618144048716,0.5839996337890625,dense,-1,3.0,0.41844852997632553,-0.0290679931640625,1.578580209546505,0.0,1.0
A_dense_d10_n1000_K200,1000,200,10,0.6238607586786085,0.047003409107602354,0.52880859375,0.038361829141424955,1.4898281625254266,0.015553415343552446,72,21,0.34094618144048716,0.5839996337890625,dense,-1,3.0,0.2829145772381213,-0.0551910400390625,1.471629935075881,0.0,1.0
A_dense_d10_n1000_K200,1000,200,10,0.5984258009191635,0.05097941764121559,0.508056640625,0.037665979960099065,1.4509216565390768,0.015776260850940128,67,22,0.34094618144048716,0.5839996337890625,dense,-1,3.0,0.25747961947867637,-0.0759429931640625,1.4187260463545843,0.0,0.0
A_dense_d10_n1000_K200,1000,200,10,0.522006723780848,0.048252774621908544,0.5181884765625,0.044593628542134,1.29644366406087,0.01338614144123197,79,23,0.34094618144048716,0.5839996337890625,dense,-1,3.0,0.18106054234036084,-0.0658111572265625,1.988591706553828,0.0,1.0
A_dense_d10_n1000_K200,1000,200,10,0.7177617563886713,0.054662292560695186,0.5911865234375,0.04065893425738643,1.449056056645227,0.015798190128641358,71,24,0.34094618144048716,0.5839996337890625,dense,-1,3.0,0.3768155749481842,0.0071868896484375,1.6531489349464719,0.0,1.0
A_dense_d10_n1000_K200,1000,200,10,0.6770780998260522,0.04977250499507095,0.5247802734375,0.0367813368369102,1.4336465131778613,0.016200789768147674,71,25,0.34094618144048716,0.5839996337890625,dense,-1,3.0,0.336131918385565,-0.0592193603515625,1.3528667395102472,0.0,1.0
A_dense_d10_n1000_K200,1000,200,10,0.668025459335178,0.05194004574747945,0.52734375,0.038170539291322525,1.348617021090853,0.01543755010433377,68,26,0.34094618144048716,0.5839996337890625,dense,-1,3.0,0.3270792778946908,-0.0566558837890625,1.4569900697903968,0.0,1.0
A_dense_d10_n1000_K200,1000,200,10,0.5925225760199642,0.05739770934506084,0.53515625,0.05620111896895899,1.3690409605898355,0.014045912228000841,79,27,0.34094618144048716,0.5839996337890625,dense,-1,3.0,0.251576394579477,-0.0488433837890625,3.1585657733630823,0.0,1.0
A_dense_d10_n1000_K200,1000,200,10,0.6253705202184741,0.048399792244033284,0.536865234375,0.03948087053305841,1.431761185499462,0.015439000526244527,76,28,0.34094618144048716,0.5839996337890625,dense,-1,3.0,0.2844243387779869,-0.0471343994140625,1.55873913804812,0.0,1.0
A_dense_d10_n1000_K200,1000,200,10,0.6748414083120823,0.0528458787710069,0.5672607421875,0.043615869668197256,1.4606848482117483,0.015267483361984854,76,29,0.34094618144048716,0.5839996337890625,dense,-1,3.0,0.3338952268715951,-0.0167388916015625,1.9023440869131694,0.0,1.0
A_dense_d10_n1000_K200,1000,200,10,0.5930485722560283,0.05016643000528668,0.5247802734375,0.04234596791383625,1.4184229062816083,0.015132906672408263,66,30,0.34094618144048716,0.5839996337890625,dense,-1,3.0,0.2521023908155411,-0.0592193603515625,1.793180998559649,0.0,1.0
A_dense_d10_n1000_K200,1000,200,10,0.5873389987134578,0.054263459993397996,0.4974365234375,0.03214537955088586,1.4311461520798838,0.015742032948834358,61,31,0.34094618144048716,0.5839996337890625,dense,-1,3.0,0.2463928172729707,-0.0865631103515625,1.0333254264705107,0.0,0.0
A_dense_d10_n1000_K200,1000,200,10,0.5930882862957778,0.049441225543324745,0.5252685546875,0.03975059352891009,1.3434280149851634,0.01466170163127386,74,32,0.34094618144048716,0.5839996337890625,dense,-1,3.0,0.25214210485529065,-0.0587310791015625,1.5801096859006287,0.0,1.0
A_dense_d10_n1000_K200,1000,200,10,0.6459118902723222,0.045743378333115654,0.5418701171875,0.04270234804754762,1.3378200877834199,0.01470731035488275,69,33,0.34094618144048716,0.5839996337890625,dense,-1,3.0,0.30496570883183505,-0.0421295166015625,1.8234905287738938,0.0,1.0
A_dense_d10_n1000_K200,1000,200,10,0.688236647281117,0.057272373946009016,0.5369873046875,0.04289393844662258,1.4274185943267235,0.015900913692037947,87,34,0.34094618144048716,0.5839996337890625,dense,-1,3.0,0.34729046584062984,-0.0470123291015625,1.8398899554626467,0.0,1.0
A_dense_d10_n1000_K200,1000,200,10,0.6185311492391521,0.053954404703534346,0.5472412109375,0.03614651038115475,1.31695822068373,0.01405134908270066,61,35,0.34094618144048716,0.5839996337890625,dense,-1,3.0,0.27758496779866493,-0.0367584228515625,1.3065702127349283,0.0,1.0
A_dense_d10_n1000_K200,1000,200,10,0.6425010607408864,0.05539932580061028,0.5692138671875,0.04296939223172417,1.310051729514582,0.014323496509231898,71,36,0.34094618144048716,0.5839996337890625,dense,-1,3.0,0.30155487930039926,-0.0147857666015625,1.8463686687637575,0.0,1.0
A_dense_d10_n1000_K200,1000,200,10,0.4701911647415783,0.050308412497477174,0.494873046875,0.043789799123615324,1.2412351722492736,0.013088996710974014,68,37,0.34094618144048716,0.5839996337890625,dense,-1,3.0,0.12924498330109113,-0.0891265869140625,1.9175465072865814,0.0,0.0
A_dense_d10_n1000_K200,1000,200,10,0.648050723091849,0.04695239656273122,0.5,0.03172801077412809,1.6947791895332305,0.018252204171761176,74,38,0.34094618144048716,0.5839996337890625,dense,-1,3.0,0.3071045416513618,-0.0839996337890625,1.0066666676831881,0.0,0.0
A_dense_d10_n1000_K200,1000,200,10,0.6783151495151136,0.05320058736495654,0.5496826171875,0.03645872470414925,1.5163535579234881,0.01617807419334794,66,39,0.34094618144048716,0.5839996337890625,dense,-1,3.0,0.33736896807462646,-0.0343170166015625,1.3292386070529427,0.0,1.0
A_dense_d10_n1000_K200,1000,200,10,0.6994083895156391,0.052008289730299716,0.5296630859375,0.03592557248561136,1.555933402067074,0.017220969835765997,76,40,0.34094618144048716,0.5839996337890625,dense,-1,3.0,0.35846220807515194,-0.0543365478515625,1.2906467584189159,0.0,1.0
A_dense_d10_n1000_K200,1000,200,10,0.6365935740402346,0.05435399488032523,0.5531005859375,0.035432388749367646,1.3852251526810497,0.01487532531338349,58,41,0.34094618144048716,0.5839996337890625,dense,-1,3.0,0.2956473925997475,-0.0308990478515625,1.255454172486315,0.0,1.0
A_dense_d10_n1000_K200,1000,200,10,0.7181966201659276,0.05135891386037931,0.53857421875,0.03019012545457819,1.68281322352684,0.0180154498969094,69,42,0.34094618144048716,0.5839996337890625,dense,-1,3.0,0.3772504387254404,-0.0454254150390625,0.9114436749631699,0.0,1.0
A_dense_d10_n1000_K200,1000,200,10,0.6733328201681807,0.05829535837834502,0.5699462890625,0.043320599204654475,1.3226162305805287,0.014674151669826635,63,43,0.34094618144048716,0.5839996337890625,dense,-1,3.0,0.3323866387276936,-0.0140533447265625,1.87667431545031,0.0,1.0
A_dense_d10_n1000_K200,1000,200,10,0.6607694297583324,0.05118726887983856,0.5457763671875,0.031735091645837786,1.3532421065985742,0.015378466714218185,68,44,0.34094618144048716,0.5839996337890625,dense,-1,3.0,0.31982324831784525,-0.0382232666015625,1.0071160417697234,0.0,1.0
A_dense_d10_n1000_K200,1000,200,10,0.738942568203325,0.054254200491912576,0.567626953125,0.03685473778950745,1.4081134210930706,0.015708288739404056,77,45,0.34094618144048716,0.5839996337890625,dense,-1,3.0,0.3979963867628379,-0.0163726806640625,1.3582716975333486,0.0,1.0
A_dense_d10_n1000_K200,1000,200,10,0.618591389312313,0.05039746343012246,0.5167236328125,0.03604358547966667,1.4447153187631392,0.015130758961171942,68,46,0.34094618144048716,0.5839996337890625,dense,-1,3.0,0.2776452078718258,-0.0672760009765625,1.299140054230038,0.0,1.0
A_dense_d10_n1000_K200,1000,200,10,0.8319071517043783,0.05850635631376098,0.58447265625,0.033915905584435795,1.591623155296472,0.017130867178510905,60,47,0.34094618144048716,0.5839996337890625,dense,-1,3.0,0.4909609702638912,0.0004730224609375,1.1502886516123632,0.0,1.0
A_dense_d10_n1000_K200,1000,200,10,0.6981559392337346,0.05197516222625631,0.5533447265625,0.04047603471806744,1.384244253297233,0.01578504462916552,71,48,0.34094618144048716,0.5839996337890625,dense,-1,3.0,0.3572097577932475,-0.0306549072265625,1.6383093864982008,0.0,1.0
A_dense_d10_n1000_K200,1000,200,10,0.7558384558836737,0.05021312078343782,0.5484619140625,0.03377627746436702,1.5799123254343614,0.016846680133152325,70,49,0.34094618144048716,0.5839996337890625,dense,-1,3.0,0.41489227444318655,-0.0355377197265625,1.1408369193499073,0.0,1.0
A_dense_d10_n1000_K200,1000,200,10,0.6318959880508987,0.054112899072967194,0.5340576171875,0.03781075619840111,1.3835519127629565,0.015391672613976287,69,50,0.34094618144048716,0.5839996337890625,dense,-1,3.0,0.2909498066104116,-0.0499420166015625,1.4296532842949279,0.0,1.0
A_dense_d10_n1000_K200,1000,200,10,0.5867550728238926,0.05304634550698219,0.50439453125,0.0495025826200492,1.3946937648311386,0.015258539640610856,93,51,0.34094618144048716,0.5839996337890625,dense,-1,3.0,0.24580889138340545,-0.0796051025390625,2.4505056860547976,0.0,1.0
A_dense_d10_n1000_K200,1000,200,10,0.6346666061781084,0.04729680001162276,0.54150390625,0.03463066024278548,1.3953939972970664,0.015028988004261262,73,52,0.34094618144048716,0.5839996337890625,dense,-1,3.0,0.2937204247376213,-0.0424957275390625,1.1992826288512428,0.0,1.0
A_dense_d10_n1000_K200,1000,200,10,0.6739103558679929,0.05118057807872432,0.5235595703125,0.04418482345423073,1.429117164283109,0.0162965974249189,74,53,0.34094618144048716,0.5839996337890625,dense,-1,3.0,0.3329641744275057,-0.0604400634765625,1.9522986236815376,0.0,1.0
A_dense_d10_n1000_K200,1000,200,10,0.6940023595382001,0.05226451410561532,0.578369140625,0.04442127089254054,1.3689676809245825,0.015209785874685364,72,54,0.34094618144048716,0.5839996337890625,dense,-1,3.0,0.35305617809771295,-0.0056304931640625,1.9732493077084696,0.0,1.0
A_dense_d10_n1000_K200,1000,200,10,0.6886752804488058,0.053560202342187335,0.553955078125,0.037773488351458225,1.4364379598710437,0.015448289844780555,75,55,0.34094618144048716,0.5839996337890625,dense,-1,3.0,0.3477290990083186,-0.0300445556640625,1.42683642223775,0.0,1.0
A_dense_d10_n1000_K200,1000,200,10,0.7056837072025889,0.05104814855173125,0.57470703125,0.03821745174653087,1.4547806675811343,0.015482354606344796,66,56,0.34094618144048716,0.5839996337890625,dense,-1,3.0,0.3647375257621017,-0.0092926025390625,1.4605736179984157,0.0,1.0
A_dense_d10_n1000_K200,1000,200,10,0.7584639755005398,0.05907750030759486,0.5455322265625,0.03159501956455332,1.520903971035186,0.017560172488618797,62,57,0.34094618144048716,0.5839996337890625,dense,-1,3.0,0.4175177940600526,-0.0384674072265625,0.9982452612845073,0.0,1.0
A_dense_d10_n1000_K200,1000,200,10,0.6453924898314395,0.04734582426564529,0.532958984375,0.03971006303920949,1.5154921980438465,0.01606134069123793,73,58,0.34094618144048716,0.5839996337890625,dense,-1,3.0,0.3044463083909523,-0.0510406494140625,1.5768891065779913,0.0,1.0
A_dense_d10_n1000_K200,1000,200,10,0.7683577070118569,0.05635466470531246,0.5341796875,0.03041303729473787,1.6865979872069496,0.0184838604233149,64,59,0.34094618144048716,0.5839996337890625,dense,-1,3.0,0.42741152557136974,-0.0498199462890625,0.9249528374911166,0.0,1.0
A_dense_d10_n1000_K200,1000,200,10,0.519938087750244,0.03854360221738668,0.43505859375,0.03145719954628531,1.4592298438918427,0.01580576838420152,49,60,0.34094618144048716,0.5839996337890625,dense,-1,3.0,0.1789919063097568,-0.1489410400390625,0.9895554032948125,0.0,0.0
A_dense_d10_n1000_K200,1000,200,10,0.6712354944925367,0.0516679674419978,0.549072265625,0.04564604975840498,1.4387146811114362,0.01625021886357184,80,61,0.34094618144048716,0.5839996337890625,dense,-1,3.0,0.33028931305204956,-0.0349273681640625,2.0835618585467834,0.0,1.0
A_dense_d10_n1000_K200,1000,200,10,0.6621734079941917,0.0544473679618033,0.545654296875,0.03611226639531077,1.4533841327855805,0.015761060147194517,63,62,0.34094618144048716,0.5839996337890625,dense,-1,3.0,0.3212272265537045,-0.0383453369140625,1.3040957842058913,0.0,1.0
A_dense_d10_n1000_K200,1000,200,10,0.6812233341225491,0.055018196822781626,0.5526123046875,0.0449502103424193,1.3700482566027639,0.015226384009307972,73,63,0.34094618144048716,0.5839996337890625,dense,-1,3.0,0.34027715268206193,-0.0313873291015625,2.020521409827739,0.0,1.0
A_dense_d10_n1000_K200,1000,200,10,0.704742514661989,0.05253782819739548,0.582763671875,0.040217882474689944,1.4034719597330496,0.015042823400426897,70,64,0.34094618144048716,0.5839996337890625,dense,-1,3.0,0.36379633322150184,-0.0012359619140625,1.6174780707479726,0.0,1.0
A_dense_d10_n1000_K200,1000,200,10,0.707458993679579,0.0461389000198018,0.541748046875,0.03767949638101877,1.4411424802748332,0.016341105990218575,73,65,0.34094618144048716,0.5839996337890625,dense,-1,3.0,0.3665128122390918,-0.0422515869140625,1.4197444475272067,0.0,1.0
A_dense_d10_n1000_K200,1000,200,10,0.6250978337034436,0.050809954871958794,0.5382080078125,0.03573412092278937,1.4309345678047463,0.015865186832469652,67,66,0.34094618144048716,0.5839996337890625,dense,-1,3.0,0.28415165226295647,-0.0457916259765625,1.2769273981245328,0.0,1.0
A_dense_d10_n1000_K200,1000,200,10,0.6180426672567277,0.051211796569055286,0.5294189453125,0.04649067669832747,1.3825950593224572,0.014480001065381836,75,67,0.34094618144048716,0.5839996337890625,dense,-1,3.0,0.2770964858162406,-0.0545806884765625,2.1613830198684085,0.0,1.0
A_dense_d10_n1000_K200,1000,200,10,0.6577082269273871,0.04939821515992002,0.5438232421875,0.03657453991964193,1.4445258695098333,0.015618850977932273,77,68,0.34094618144048716,0.5839996337890625,dense,-1,3.0,0.3167620454868999,-0.0401763916015625,1.3376969703334811,0.0,1.0
A_dense_d10_n1000_K200,1000,200,10,0.6830733755540871,0.05489557807286092,0.5491943359375,0.03221338464540271,1.5203598320692122,0.0163575273495374,53,69,0.34094618144048716,0.5839996337890625,dense,-1,3.0,0.34212719411359993,-0.0348052978515625,1.0377021503126669,0.0,1.0
A_dense_d10_n1000_K200,1000,200,10,0.826922175174577,0.05434678574907025,0.580810546875,0.03157424611697713,1.5715464214728343,0.01714349407718846,62,70,0.34094618144048716,0.5839996337890625,dense,-1,3.0,0.48597599373408984,-0.0031890869140625,0.9969330178554454,0.0,1.0
A_dense_d10_n1000_K200,1000,200,10,0.6221227410754591,0.04569779244789881,0.5260009765625,0.035629353445555983,1.419664425085269,0.015358361050745797,72,71,0.34094618144048716,0.5839996337890625,dense,-1,3.0,0.2811765596349719,-0.0579986572265625,1.2694508269483522,0.0,1.0
A_dense_d10_n1000_K200,1000,200,10,0.6288908880583822,0.05448085934457218,0.5203857421875,0.03476929785841873,1.5478951985729268,0.016183021925508443,61,72,0.34094618144048716,0.5839996337890625,dense,-1,3.0,0.28794470661789506,-0.0636138916015625,1.2089040735674412,0.0,1.0
A_dense_d10_n1000_K200,1000,200,10,0.7692923686393868,0.05337275954369146,0.54443359375,0.036687925672033495,1.6158381721991841,0.0176345813910682,84,73,0.34094618144048716,0.5839996337890625,dense,-1,3.0,0.4283461871988996,-0.0395660400390625,1.3460038901166544,0.0,1.0
A_dense_d10_n1000_K200,1000,200,10,0.6672277882061433,0.04965444332187661,0.51416015625,0.03547002755513776,1.5283408448011893,0.016448538933602656,74,74,0.34094618144048716,0.5839996337890625,dense,-1,3.0,0.3262816067656561,-0.0698394775390625,1.2581228547622323,0.0,0.0
A_dense_d10_n1000_K200,1000,200,10,0.7038517356712728,0.05230462758713311,0.560791015625,0.0434735904061514,1.5200107948094876,0.01589961433199172,85,75,0.34094618144048716,0.5839996337890625,dense,-1,3.0,0.36290555423078563,-0.0232086181640625,1.8899530628018189,0.0,1.0
A_dense_d10_n1000_K200,1000,200,10,0.7190989193965033,0.05788048645497806,0.5689697265625,0.035422521639575114,1.5278766727558275,0.016341766282117608,76,76,0.34094618144048716,0.5839996337890625,dense,-1,3.0,0.3781527379560161,-0.0150299072265625,1.2547550393061673,0.0,1.0
A_dense_d10_n1000_K200,1000,200,10,0.7353584052151612,0.05207878169056125,0.576171875,0.032965881242092716,1.449816369946457,0.016219119074439795,59,77,0.34094618144048716,0.5839996337890625,dense,-1,3.0,0.394412223774674,-0.0078277587890625,1.0867493260677603,0.0,1.0
A_dense_d10_n1000_K200,1000,200,10,0.7366384198309667,0.053743966419610815,0.599365234375,0.04716886138268873,1.3324560802272385,0.014256617368023802,80,78,0.34094618144048716,0.5839996337890625,dense,-1,3.0,0.3956922383904795,0.0153656005859375,2.2249014841393038,0.0,1.0
A_dense_d10_n1000_K200,1000,200,10,0.6403613112432134,0.053264156663383994,0.5091552734375,0.041211446154871,1.5384462993707781,0.016747824271073988,76,79,0.34094618144048716,0.5839996337890625,dense,-1,3.0,0.2994151298027262,-0.0748443603515625,1.6983832941758314,0.0,1.0
A_dense_d10_n1000_K200,1000,200,10,0.6583908717470597,0.05375167556923172,0.5179443359375,0.03566361977623891,1.5551873633526843,0.016065838871786704,74,80,0.34094618144048716,0.5839996337890625,dense,-1,3.0,0.3174446903065725,-0.0660552978515625,1.271893775544139,0.0,1.0
A_dense_d10_n1000_K200,1000,200,10,0.6347095211075447,0.05539964334177777,0.522216796875,0.042507972985673007,1.5646804278970419,0.015921793104209655,86,81,0.34094618144048716,0.5839996337890625,dense,-1,3.0,0.2937633396670576,-0.0617828369140625,1.806927767350706,0.0,1.0
A_dense_d10_n1000_K200,1000,200,10,0.619217368300454,0.047410185568724256,0.525146484375,0.03744549507980461,1.4425744287945348,0.01553383735144447,74,82,0.34094618144048716,0.5839996337890625,dense,-1,3.0,0.2782711868599669,-0.0588531494140625,1.4021651017716712,0.0,1.0
A_dense_d10_n1000_K200,1000,200,10,0.741432544254006,0.05494037084117895,0.5609130859375,0.04321513080138087,1.5459819589034982,0.01643429920344998,95,83,0.34094618144048716,0.5839996337890625,dense,-1,3.0,0.4004863628135188,-0.0230865478515625,1.8675475301804574,0.0,1.0
A_dense_d10_n1000_K200,1000,200,10,0.5630396145510828,0.048408452057765936,0.479736328125,0.04117552878860823,1.4419116141136297,0.015379795365299044,66,84,0.34094618144048716,0.5839996337890625,dense,-1,3.0,0.2220934331105956,-0.1042633056640625,1.6954241710215052,0.0,0.0
A_dense_d10_n1000_K200,1000,200,10,0.663840576481683,0.04517657327395629,0.5362548828125,0.04012830505816293,1.4414744341942372,0.015662223848058803,78,85,0.34094618144048716,0.5839996337890625,dense,-1,3.0,0.3228943950411959,-0.0477447509765625,1.6102808668409845,0.0,1.0
A_dense_d10_n1000_K200,1000,200,10,0.5852362427079831,0.05047307263506593,0.514892578125,0.034894376988092154,1.3536400279128828,0.014817837830551477,66,86,0.34094618144048716,0.5839996337890625,dense,-1,3.0,0.24429006126749597,-0.0691070556640625,1.2176175453870954,0.0,0.0
A_dense_d10_n1000_K200,1000,200,10,0.7240540455748714,0.049637915036582964,0.5772705078125,0.038009478178304044,1.4103534128506043,0.015344123361577752,67,87,0.34094618144048716,0.5839996337890625,dense,-1,3.0,0.38310786413438425,-0.0067291259765625,1.4447204313869713,0.0,1.0
A_dense_d10_n1000_K200,1000,200,10,0.6558261626854038,0.0540883103565606,0.5126953125,0.04195473371418895,1.6059047058238058,0.01741586102445334,84,88,0.34094618144048716,0.5839996337890625,dense,-1,3.0,0.3148799812449167,-0.0713043212890625,1.7601996810285032,0.0,1.0
A_dense_d10_n1000_K200,1000,200,10,0.6721100835408472,0.0524997137147916,0.531982421875,0.037478839036240615,1.5111813040078923,0.016450001521253022,71,89,0.34094618144048716,0.5839996337890625,dense,-1,3.0,0.33116390210036006,-0.0520172119140625,1.4046633755044333,0.0,1.0
A_dense_d10_n1000_K200,1000,200,10,0.6820939600204552,0.0498526954127825,0.537353515625,0.03992395511966359,1.4802180852778357,0.01617458746306752,82,90,0.34094618144048716,0.5839996337890625,dense,-1,3.0,0.34114777857996803,-0.0466461181640625,1.5939221923969125,0.0,1.0
A_dense_d10_n1000_K200,1000,200,10,0.7490111166820066,0.055105455768618986,0.556884765625,0.03454062090022441,1.6636930011957403,0.017898872128817977,74,91,0.34094618144048716,0.5839996337890625,dense,-1,3.0,0.40806493524151943,-0.0271148681640625,1.1930544921730193,0.0,1.0
A_dense_d10_n1000_K200,1000,200,10,0.6965937952332943,0.05433065912921138,0.571533203125,0.04231848936568696,1.3995888263944165,0.01512492143969979,82,92,0.34094618144048716,0.5839996337890625,dense,-1,3.0,0.3556476137928072,-0.0124664306640625,1.7908545421937603,0.0,1.0
A_dense_d10_n1000_K200,1000,200,10,0.6984049319542398,0.05151508700426711,0.5416259765625,0.031020225593557372,1.4174721913677142,0.015587651491030254,58,93,0.34094618144048716,0.5839996337890625,dense,-1,3.0,0.35745875051375264,-0.0423736572265625,0.9622543958751918,0.0,1.0
A_dense_d10_n1000_K200,1000,200,10,0.6738926671415552,0.047950739759563654,0.534423828125,0.04438758272271135,1.4419003143182232,0.015329187719758303,87,94,0.34094618144048716,0.5839996337890625,dense,-1,3.0,0.332946485701068,-0.0495758056640625,1.9702574999655433,0.0,1.0
A_dense_d10_n1000_K200,1000,200,10,0.5899083934299384,0.050608404711203196,0.52099609375,0.03595401672074858,1.4111056854838526,0.01519864185570209,65,95,0.34094618144048716,0.5839996337890625,dense,-1,3.0,0.24896221198945123,-0.0630035400390625,1.2926913183558681,0.0,1.0
A_dense_d10_n1000_K200,1000,200,10,0.5381747269911263,0.044443252442805496,0.490966796875,0.0336201349665391,1.47188076162783,0.015298476069272407,66,96,0.34094618144048716,0.5839996337890625,dense,-1,3.0,0.19722854555063918,-0.0930328369140625,1.130313475168305,0.0,0.0
A_dense_d10_n1000_K200,1000,200,10,0.6041654181340229,0.04707568577672914,0.523681640625,0.03844178974120132,1.3510028954861988,0.014542256251063477,63,97,0.34094618144048716,0.5839996337890625,dense,-1,3.0,0.26321923669353575,-0.0603179931640625,1.477771198506731,0.0,1.0
A_dense_d10_n1000_K200,1000,200,10,0.7089950122191894,0.048616467255655556,0.5673828125,0.03442499372667988,1.3599289035745166,0.015432474359830351,59,98,0.34094618144048716,0.5839996337890625,dense,-1,3.0,0.3680488307787022,-0.0166168212890625,1.185080193081949,0.0,1.0
A_dense_d10_n1000_K200,1000,200,10,0.694101770254842,0.05652330717932956,0.5374755859375,0.040849461366304574,1.512736014882569,0.016406299686625842,75,99,0.34094618144048716,0.5839996337890625,dense,-1,3.0,0.3531555888143548,-0.0465240478515625,1.66867849391721,0.0,1.0
A_dense_d10_n1000_K200,1000,200,10,0.5770624021988746,0.052930872085143334,0.5343017578125,0.03880040977566144,1.3655586742228638,0.014483842256313658,67,100,0.34094618144048716,0.5839996337890625,dense,-1,3.0,0.23611622075838745,-0.0496978759765625,1.5054717987592439,0.0,1.0
A_dense_d10_n1000_K200,1000,200,10,0.6681233986901542,0.0472080112316729,0.52587890625,0.036612006608758796,1.6272131066489461,0.017643123787462637,77,101,0.34094618144048716,0.5839996337890625,dense,-1,3.0,0.3271772172496671,-0.0581207275390625,1.3404390279197977,0.0,1.0
A_dense_d10_n1000_K200,1000,200,10,0.6657549724910224,0.05673554188895098,0.5596923828125,0.04001589181971045,1.3379723414141287,0.015041628868077764,71,102,0.34094618144048716,0.5839996337890625,dense,-1,3.0,0.3248087910505353,-0.0243072509765625,1.6012715981267698,0.0,1.0
A_dense_d10_n1000_K200,1000,200,10,0.5989382575509349,0.05039219371828244,0.514892578125,0.03971527516728013,1.4248802024084517,0.014735061512180741,68,103,0.34094618144048716,0.5839996337890625,dense,-1,3.0,0.2579920761104477,-0.0691070556640625,1.5773030816127778,0.0,1.0
A_dense_d10_n1000_K200,1000,200,10,0.5697593371228373,0.05012806867879687,0.5174560546875,0.04037295634451608,1.3732634815631768,0.014838593216847154,75,104,0.34094618144048716,0.5839996337890625,dense,-1,3.0,0.22881315568235017,-0.0665435791015625,1.629975603996201,0.0,1.0
A_dense_d10_n1000_K200,1000,200,10,0.668476652083491,0.05085668959389287,0.5313720703125,0.03860001414351333,1.4517051509606087,0.015853684758460634,78,105,0.34094618144048716,0.5839996337890625,dense,-1,3.0,0.3275304706430039,-0.0526275634765625,1.4899610918794288,0.0,1.0
A_dense_d10_n1000_K200,1000,200,10,0.6958237527219173,0.05311950080528094,0.53662109375,0.03937765057590564,1.459382931175003,0.015834068822488796,79,106,0.34094618144048716,0.5839996337890625,dense,-1,3.0,0.35487757128143016,-0.0473785400390625,1.550599364878122,0.0,1.0
A_dense_d10_n1000_K200,1000,200,10,0.6282938514035941,0.04770955283414992,0.554443359375,0.040163771474818755,1.4020747066305672,0.014421789242421254,62,107,0.34094618144048716,0.5839996337890625,dense,-1,3.0,0.2873476699631069,-0.0295562744140625,1.6131285390814647,0.0,1.0
A_dense_d10_n1000_K200,1000,200,10,0.6370304612357711,0.051749625275394895,0.53369140625,0.03937204557845477,1.4142999095067348,0.015113197961868066,63,108,0.34094618144048716,0.5839996337890625,dense,-1,3.0,0.29608427979528396,-0.0503082275390625,1.55015797303192,0.0,1.0
A_dense_d10_n1000_K200,1000,200,10,0.6866404169798195,0.05066045358777015,0.5435791015625,0.04142593982176043,1.4523630071187252,0.01656278376199699,81,109,0.34094618144048716,0.5839996337890625,dense,-1,3.0,0.3456942355393323,-0.0404205322265625,1.7161084901161168,0.0,1.0
A_dense_d10_n1000_K200,1000,200,10,0.6073599914335605,0.05227349855155292,0.5467529296875,0.04356785772176828,1.3847009748340522,0.014934123099158132,73,110,0.34094618144048716,0.5839996337890625,dense,-1,3.0,0.2664138099930733,-0.0372467041015625,1.8981582264642438,0.0,1.0
A_dense_d10_n1000_K200,1000,200,10,0.7465597747197834,0.061961090910239235,0.5777587890625,0.04415323829967811,1.530822229173172,0.01594710094137858,75,111,0.34094618144048716,0.5839996337890625,dense,-1,3.0,0.40561359327929625,-0.0062408447265625,1.949508452348162,0.0,1.0
A_dense_d10_n1000_K200,1000,200,10,0.7374178750323923,0.05002300020067161,0.5595703125,0.036513993790912254,1.4815371615325283,0.016425413302754332,76,112,0.34094618144048716,0.5839996337890625,dense,-1,3.0,0.39647169359190515,-0.0244293212890625,1.3332717425627787,0.0,1.0
A_dense_d10_n1000_K200,1000,200,10,0.7558292767388981,0.055157883654649464,0.549560546875,0.029078004088623474,1.5404596208540695,0.017215565241401477,56,113,0.34094618144048716,0.5839996337890625,dense,-1,3.0,0.41488309529841094,-0.0344390869140625,0.8455303217780035,0.0,1.0
A_dense_d10_n1000_K200,1000,200,10,0.7193562223752474,0.04895983747148247,0.56396484375,0.03895827441145264,1.3056212398397724,0.0150659991722466,73,114,0.34094618144048716,0.5839996337890625,dense,-1,3.0,0.3784100409347603,-0.0200347900390625,1.5177471451180453,0.0,1.0
A_dense_d10_n1000_K200,1000,200,10,0.6268043089655149,0.052435311356893326,0.5401611328125,0.04662345239091048,1.3940087761717666,0.01495463086306791,79,115,0.34094618144048716,0.5839996337890625,dense,-1,3.0,0.2858581275250277,-0.0438385009765625,2.173746312847496,0.0,1.0
A_dense_d10_n1000_K200,1000,200,10,0.6694489521706465,0.05210287666898471,0.53955078125,0.040266879872921796,1.4369016447217806,0.015868469186725253,78,116,0.34094618144048716,0.5839996337890625,dense,-1,3.0,0.3285027707301593,-0.0444488525390625,1.6214216147003144,0.0,1.0
A_dense_d10_n1000_K200,1000,200,10,0.5687310540296611,0.047458821847797726,0.50537109375,0.05439960057959664,1.418598565921646,0.015377052225426102,92,117,0.34094618144048716,0.5839996337890625,dense,-1,3.0,0.2277848725891739,-0.0786285400390625,2.9593165432196513,0.0,1.0
A_dense_d10_n1000_K200,1000,200,10,0.699736566809958,0.05281032411806241,0.5460205078125,0.03400678247932223,1.4599775005893085,0.016308005885839024,70,118,0.34094618144048716,0.5839996337890625,dense,-1,3.0,0.35879038536947083,-0.0379791259765625,1.1564612545959372,0.0,1.0
A_dense_d10_n1000_K200,1000,200,10,0.6773379890876927,0.05245480875780511,0.5458984375,0.03323250086935482,1.357929401364855,0.015123477509681698,56,119,0.34094618144048716,0.5839996337890625,dense,-1,3.0,0.33639180764720555,-0.0381011962890625,1.104399114031669,0.0,1.0
A_dense_d10_n1000_K200,1000,200,10,0.653839847495107,0.052151718352675486,0.52685546875,0.03421514934030547,1.4538473073774434,0.015943790551974934,67,120,0.34094618144048716,0.5839996337890625,dense,-1,3.0,0.3128936660546199,-0.0571441650390625,1.170676444379406,0.0,1.0
A_dense_d10_n1000_K200,1000,200,10,0.6267563663580178,0.04885012162083773,0.5308837890625,0.036000220943456625,1.4401861173963193,0.015071365289824577,83,121,0.34094618144048716,0.5839996337890625,dense,-1,3.0,0.28581018491753063,-0.0531158447265625,1.296015907977693,0.0,1.0
A_dense_d10_n1000_K200,1000,200,10,0.6607774366580854,0.054143819529069256,0.5533447265625,0.039614610304663,1.428127861073537,0.015096353001965839,75,122,0.34094618144048716,0.5839996337890625,dense,-1,3.0,0.31983125521759825,-0.0306549072265625,1.5693173495903117,0.0,1.0
A_dense_d10_n1000_K200,1000,200,10,0.6006640247147622,0.04879564190307843,0.5233154296875,0.04104807079492986,1.4960256757327497,0.015535211796505024,73,123,0.34094618144048716,0.5839996337890625,dense,-1,3.0,0.25971784327427505,-0.0606842041015625,1.6849441159855734,0.0,1.0
A_dense_d10_n1000_K200,1000,200,10,0.6455252765872994,0.053145804022012695,0.52685546875,0.03702907528080403,1.4601728703658625,0.01559581413308006,79,124,0.34094618144048716,0.5839996337890625,dense,-1,3.0,0.30457909514681225,-0.0571441650390625,1.371152416151452,0.0,1.0
A_dense_d10_n1000_K200,1000,200,10,0.6786693704812191,0.05089118844795362,0.5115966796875,0.034915911623374055,1.4908298655218162,0.016376494239974084,65,125,0.34094618144048716,0.5839996337890625,dense,-1,3.0,0.33772318904073195,-0.0724029541015625,1.2191208844912673,0.0,0.0
A_dense_d10_n1000_K200,1000,200,10,0.6286003789507297,0.053429872326538105,0.5404052734375,0.03567380816674696,1.3363679920486682,0.014651360801148679,61,126,0.34094618144048716,0.5839996337890625,dense,-1,3.0,0.28765419751024257,-0.0435943603515625,1.2726205891178621,0.0,1.0
A_dense_d10_n1000_K200,1000,200,10,0.6945104437314454,0.056081170864649206,0.5859375,0.04923855466603803,1.263555944470586,0.013816760097767918,82,127,0.34094618144048716,0.5839996337890625,dense,-1,3.0,0.3535642622909583,0.0019378662109375,2.4244352656004153,0.0,1.0
A_dense_d10_n1000_K200,1000,200,10,0.5845244786845096,0.04912478503144956,0.5006103515625,0.03448362116622566,1.3976006304145427,0.01515866100980534,59,128,0.34094618144048716,0.5839996337890625,dense,-1,3.0,0.24357829724402247,-0.0833892822265625,1.189120128735766,0.0,0.0
A_dense_d10_n1000_K200,1000,200,10,0.6866209370347742,0.05477505261457882,0.536865234375,0.036682314092709147,1.3702597817273452,0.015446897410615232,59,129,0.34094618144048716,0.5839996337890625,dense,-1,3.0,0.34567475559428706,-0.0471343994140625,1.345592167196168,0.0,1.0
A_dense_d10_n1000_K200,1000,200,10,0.5707178799667901,0.04275652159218619,0.4796142578125,0.03498263334108742,1.5821887746504018,0.016606705320238425,65,130,0.34094618144048716,0.5839996337890625,dense,-1,3.0,0.22977169852630297,-0.1043853759765625,1.2237846354769613,0.0,0.0
A_dense_d10_n1000_K200,1000,200,10,0.6684331089948194,0.05362286650516216,0.562744140625,0.042722559655905414,1.3139810415308948,0.014584084268845929,69,131,0.34094618144048716,0.5839996337890625,dense,-1,3.0,0.3274869275543323,-0.0212554931640625,1.825217103552397,0.0,1.0
A_dense_d10_n1000_K200,1000,200,10,0.6193367483467787,0.05311410027162552,0.5430908203125,0.0341646727047542,1.4829759991233233,0.01640561064743357,64,132,0.34094618144048716,0.5839996337890625,dense,-1,3.0,0.2783905669062915,-0.0409088134765625,1.1672248610229765,0.0,1.0
A_dense_d10_n1000_K200,1000,200,10,0.6735800931467838,0.054353282520596714,0.5093994140625,0.0346504472318382,1.643839336970628,0.01731781633104661,78,133,0.34094618144048716,0.5839996337890625,dense,-1,3.0,0.33263391170629664,-0.0746002197265625,1.200653493366404,0.0,0.0
A_dense_d10_n1000_K200,1000,200,10,0.7418404676324151,0.055717560351340886,0.57177734375,0.04068858789985822,1.431091645264196,0.015747813350153142,74,134,0.34094618144048716,0.5839996337890625,dense,-1,3.0,0.4008942861919279,-0.0122222900390625,1.6555611852844887,0.0,1.0
A_dense_d10_n1000_K200,1000,200,10,0.6698974142203559,0.052798237025586406,0.5684814453125,0.028350284768915577,1.4213742431448397,0.014782893758604001,49,135,0.34094618144048716,0.5839996337890625,dense,-1,3.0,0.3289512327798687,-0.0155181884765625,0.8037386464786066,0.0,1.0
A_dense_d10_n1000_K200,1000,200,10,0.622336641284268,0.05399139223334591,0.5465087890625,0.045292766082877994,1.3660663690968575,0.014239529803875843,69,136,0.34094618144048716,0.5839996337890625,dense,-1,3.0,0.28139045984378086,-0.0374908447265625,2.0514346594383035,0.0,1.0
A_dense_d10_n1000_K200,1000,200,10,0.6357800113481412,0.05157211772828404,0.512939453125,0.04078603457922607,1.52310935353394,0.01646783784871446,81,137,0.34094618144048716,0.5839996337890625,dense,-1,3.0,0.29483382990765405,-0.0710601806640625,1.6635006166978246,0.0,1.0
A_dense_d10_n1000_K200,1000,200,10,0.6386719520903184,0.045855520220053084,0.4925537109375,0.03545514325567335,1.4835349846106984,0.01635625217902462,73,138,0.34094618144048716,0.5839996337890625,dense,-1,3.0,0.2977257706498312,-0.0914459228515625,1.2570671832803195,0.0,0.0
A_dense_d10_n1000_K200,1000,200,10,0.7838026035820584,0.05051369789862189,0.5811767578125,0.033265421242313485,1.4778655059999142,0.015919205786161485,59,139,0.34094618144048716,0.5839996337890625,dense,-1,3.0,0.4428564221415713,-0.0028228759765625,1.1065882504285613,0.0,1.0
A_dense_d10_n1000_K200,1000,200,10,0.6722551777339414,0.053763895738524484,0.568359375,0.039609127443987396,1.3820927522587616,0.014821816771076612,74,140,0.34094618144048716,0.5839996337890625,dense,-1,3.0,0.3313089962934542,-0.0156402587890625,1.5688829768740356,0.0,1.0
A_dense_d10_n1000_K200,1000,200,10,0.6031845006155264,0.05162959853990119,0.554443359375,0.04800579146828568,1.2064373661836705,0.013268173175544112,68,141,0.34094618144048716,0.5839996337890625,dense,-1,3.0,0.26223831917503926,-0.0295562744140625,2.30455601449653,0.0,1.0
A_dense_d10_n1000_K200,1000,200,10,0.6798366761743411,0.048699692803916166,0.5625,0.032468829858490075,1.3630700827795328,0.015581237638586114,48,142,0.34094618144048716,0.5839996337890625,dense,-1,3.0,0.3388904947338539,-0.0214996337890625,1.0542249123795766,0.0,1.0
A_dense_d10_n1000_K200,1000,200,10,0.6433591607588702,0.05503157276882763,0.53759765625,0.0402459418764311,1.431736921717412,0.01594978341359833,73,143,0.34094618144048716,0.5839996337890625,dense,-1,3.0,0.30241297931838307,-0.0464019775390625,1.6197358375210704,0.0,1.0
A_dense_d10_n1000_K200,1000,200,10,0.6562282646053699,0.05815056131609825,0.535888671875,0.03731602684620765,1.42329426677634,0.01559628850714373,65,144,0.34094618144048716,0.5839996337890625,dense,-1,3.0,0.3152820831648827,-0.0481109619140625,1.3924858595868899,0.0,1.0
A_dense_d10_n1000_K200,1000,200,10,0.5953991030958583,0.052980675300178075,0.5108642578125,0.03494396460560383,1.508680643881554,0.016053384654653013,73,145,0.34094618144048716,0.5839996337890625,dense,-1,3.0,0.25445292165537114,-0.0731353759765625,1.2210806623576935,0.0,0.0
A_dense_d10_n1000_K200,1000,200,10,0.75297790894143,0.05925184090583658,0.5677490234375,0.03492203896540133,1.6210710362286087,0.0171431291160491,69,146,0.34094618144048716,0.5839996337890625,dense,-1,3.0,0.41203172750094286,-0.0162506103515625,1.2195488055010089,0.0,1.0
A_dense_d10_n1000_K200,1000,200,10,0.6060314348880721,0.048744244637256885,0.5096435546875,0.03681714343807483,1.410498155260961,0.015204343668234007,82,147,0.34094618144048716,0.5839996337890625,dense,-1,3.0,0.26508525344758493,-0.0743560791015625,1.3555020509397764,0.0,0.0
A_dense_d10_n1000_K200,1000,200,10,0.6452541146526394,0.056657531938681664,0.5498046875,0.030794465045259477,1.460752588044619,0.01583062623862725,48,148,0.34094618144048716,0.5839996337890625,dense,-1,3.0,0.3043079332121522,-0.0341949462890625,0.9482990774237078,0.0,1.0
A_dense_d10_n1000_K200,1000,200,10,0.7112238434395359,0.057636735653117575,0.539794921875,0.03431783984514941,1.49206263517027,0.016451942320775844,71,149,0.34094618144048716,0.5839996337890625,dense,-1,3.0,0.37027766199904877,-0.0442047119140625,1.1777141316373245,0.0,1.0
A_dense_d10_n1000_K200,1000,200,10,0.7534117881960533,0.05509042271444773,0.583984375,0.03472154608722932,1.5560549912116641,0.016535439837234097,66,150,0.34094618144048716,0.5839996337890625,dense,-1,3.0,0.4124656067555661,-1.52587890625e-05,1.2055857626875897,0.0,1.0
A_dense_d10_n1000_K200,1000,200,10,0.622634656869752,0.053896338249215,0.5128173828125,0.04134573111960022,1.3521948565445026,0.015006228615254915,63,151,0.34094618144048716,0.5839996337890625,dense,-1,3.0,0.2816884754292648,-0.0711822509765625,1.7094694818142784,0.0,1.0
A_dense_d10_n1000_K200,1000,200,10,0.681982242583965,0.05419012103031925,0.544921875,0.0344867883634109,1.3371406897220108,0.015473029035006443,57,152,0.34094618144048716,0.5839996337890625,dense,-1,3.0,0.34103606114347784,-0.0390777587890625,1.1893385716226936,0.0,1.0
A_dense_d10_n1000_K200,1000,200,10,0.5919243325696921,0.050724443837115954,0.521728515625,0.03407081516033811,1.3100162979661893,0.014447094373224906,61,153,0.34094618144048716,0.5839996337890625,dense,-1,3.0,0.25097815112920496,-0.0622711181640625,1.160820445689925,0.0,1.0
A_dense_d10_n1000_K200,1000,200,10,0.6947684968653515,0.04974939621321465,0.561279296875,0.04030354783717947,1.4501105052481689,0.0156693316936055,72,154,0.34094618144048716,0.5839996337890625,dense,-1,3.0,0.3538223154248643,-0.0227203369140625,1.6243759682638137,0.0,1.0
A_dense_d10_n1000_K200,1000,200,10,0.787245132928845,0.061901338909953633,0.5799560546875,0.03825182760765342,1.520407390583376,0.016769022807931813,68,155,0.34094618144048716,0.5839996337890625,dense,-1,3.0,0.44629895148835785,-0.0040435791015625,1.4632023153256366,0.0,1.0
A_dense_d10_n1000_K200,1000,200,10,0.6559933916821524,0.052098138752249064,0.5343017578125,0.03661736435781392,1.4182028474158357,0.015332266507973164,60,156,0.34094618144048716,0.5839996337890625,dense,-1,3.0,0.31504721024166527,-0.0496978759765625,1.3408313725129009,0.0,1.0
A_dense_d10_n1000_K200,1000,200,10,0.7256573323956076,0.05991038760192506,0.5540771484375,0.036413918511854625,1.483971180136318,0.015509814394104378,67,157,0.34094618144048716,0.5839996337890625,dense,-1,3.0,0.38471115095512043,-0.0299224853515625,1.3259734613879888,0.0,1.0
A_dense_d10_n1000_K200,1000,200,10,0.6802014021009559,0.055403498376458894,0.5726318359375,0.03243303229614247,1.353468161917859,0.014696857952370173,61,158,0.34094618144048716,0.5839996337890625,dense,-1,3.0,0.33925522066046876,-0.0113677978515625,1.0519015839226207,0.0,1.0
A_dense_d10_n1000_K200,1000,200,10,0.7365821174347457,0.05228911741191995,0.5806884765625,0.038348986520109866,1.4052526944590793,0.01546933221792925,69,159,0.34094618144048716,0.5839996337890625,dense,-1,3.0,0.3956359359942585,-0.0033111572265625,1.4706447671195684,0.0,1.0
A_dense_d10_n1000_K200,1000,200,10,0.6145516352008475,0.0494924542041983,0.546630859375,0.03249788314569661,1.41758325517986,0.014933023628166658,64,160,0.34094618144048716,0.5839996337890625,dense,-1,3.0,0.2736054537603604,-0.0373687744140625,1.056112408951352,0.0,1.0
A_dense_d10_n1000_K200,1000,200,10,0.7556519097874242,0.051407760153091495,0.5850830078125,0.03193901036775526,1.4708862601158224,0.0163812510627277,65,161,0.34094618144048716,0.5839996337890625,dense,-1,3.0,0.4147057283469371,0.0010833740234375,1.020100383271578,0.0,1.0
A_dense_d10_n1000_K200,1000,200,10,0.6851167521691625,0.05597010609474389,0.56787109375,0.04239928667363117,1.3643795499831883,0.0153330248981306,69,162,0.34094618144048716,0.5839996337890625,dense,-1,3.0,0.3441705707286753,-0.0161285400390625,1.797699510432758,0.0,1.0
A_dense_d10_n1000_K200,1000,200,10,0.5906677437340243,0.05247953301020925,0.5341796875,0.03462326805666344,1.3524779900921395,0.014447307569880255,62,163,0.34094618144048716,0.5839996337890625,dense,-1,3.0,0.24972156229353715,-0.0498199462890625,1.1987706909235707,0.0,1.0
A_dense_d10_n1000_K200,1000,200,10,0.6356618008950512,0.04909622125890508,0.5384521484375,0.0491096168529021,1.4074624246671192,0.015355312411219653,84,164,0.34094618144048716,0.5839996337890625,dense,-1,3.0,0.29471561945456404,-0.0455474853515625,2.4117544674388456,0.0,1.0
A_dense_d10_n1000_K200,1000,200,10,0.6366280683719173,0.05273434944942208,0.5472412109375,0.04017830863550018,1.3447865323993748,0.014722242996421844,73,165,0.34094618144048716,0.5839996337890625,dense,-1,3.0,0.29568188693143016,-0.0367584228515625,1.6142964848095085,0.0,1.0
A_dense_d10_n1000_K200,1000,200,10,0.7092622659687379,0.054063179977632214,0.595458984375,0.045989171599576044,1.3235649559678129,0.014357005208975804,82,166,0.34094618144048716,0.5839996337890625,dense,-1,3.0,0.3683160845282507,0.0114593505859375,2.1150039044152518,0.0,1.0
A_dense_d10_n1000_K200,1000,200,10,0.6037295395360632,0.04780019510272554,0.5399169921875,0.037450114039032215,1.3764645897393581,0.014841623859543216,63,167,0.34094618144048716,0.5839996337890625,dense,-1,3.0,0.26278335809557607,-0.0440826416015625,1.4025110415365178,0.0,1.0
A_dense_d10_n1000_K200,1000,200,10,0.7410785106949761,0.051730552282162064,0.5516357421875,0.0316105005687234,1.5108855562558536,0.017069170232358474,57,168,0.34094618144048716,0.5839996337890625,dense,-1,3.0,0.40013232925448894,-0.0323638916015625,0.9992237462052626,0.0,1.0
A_dense_d10_n1000_K200,1000,200,10,0.7462866430389098,0.048417264527939034,0.5343017578125,0.03706073380239136,1.669261788373166,0.017856649436459843,88,169,0.34094618144048716,0.5839996337890625,dense,-1,3.0,0.40534046159842263,-0.0496978759765625,1.3734979899717135,0.0,1.0
A_dense_d10_n1000_K200,1000,200,10,0.6832960415375533,0.05471008658435119,0.527099609375,0.040869945924263885,1.5336175085502812,0.016327411779517124,76,170,0.34094618144048716,0.5839996337890625,dense,-1,3.0,0.34234986009706614,-0.0569000244140625,1.6703524798522542,0.0,1.0
A_dense_d10_n1000_K200,1000,200,10,0.6960182682576157,0.04927529457148376,0.5421142578125,0.03865627147730312,1.5533484349198963,0.016698721352056068,68,171,0.34094618144048716,0.5839996337890625,dense,-1,3.0,0.35507208681712854,-0.0418853759765625,1.4943073245269587,0.0,1.0
A_dense_d10_n1000_K200,1000,200,10,0.6844185513764953,0.0537502336766447,0.5771484375,0.0379864615232226,1.3458006732977763,0.01414679629428241,66,172,0.34094618144048716,0.5839996337890625,dense,-1,3.0,0.34347236993600816,-0.0068511962890625,1.4429712590552712,0.0,1.0
A_dense_d10_n1000_K200,1000,200,10,0.7435083310593784,0.04984026598339388,0.5535888671875,0.033310425548658776,1.5540082141138842,0.016722157911302084,73,173,0.34094618144048716,0.5839996337890625,dense,-1,3.0,0.40256214961889125,-0.0304107666015625,1.1095844502327394,0.0,1.0
A_dense_d10_n1000_K200,1000,200,10,0.6418374425987194,0.05262850868992554,0.52783203125,0.03593907667303948,1.4135973333471306,0.01567017042335375,65,174,0.34094618144048716,0.5839996337890625,dense,-1,3.0,0.3008912611582323,-0.0561676025390625,1.2916172321106103,0.0,1.0
A_dense_d10_n1000_K200,1000,200,10,0.6555492747224891,0.05072756757096256,0.5540771484375,0.0393664188321978,1.370541280404726,0.014739212983696435,61,175,0.34094618144048716,0.5839996337890625,dense,-1,3.0,0.314603093282002,-0.0299224853515625,1.5497149316720173,0.0,1.0
A_dense_d10_n1000_K200,1000,200,10,0.7020680898977568,0.05271466746386662,0.5732421875,0.03609640477425984,1.3146151032762756,0.014609579795521237,63,176,0.34094618144048716,0.5839996337890625,dense,-1,3.0,0.36112190845726966,-0.0107574462890625,1.3029504376272087,0.0,1.0
A_dense_d10_n1000_K200,1000,200,10,0.5664541830818618,0.05044239165223687,0.518310546875,0.04146093066503325,1.3228226800211573,0.014875880299889191,72,177,0.34094618144048716,0.5839996337890625,dense,-1,3.0,0.22550800164137463,-0.0656890869140625,1.7190087716106945,0.0,1.0
A_dense_d10_n1000_K200,1000,200,10,0.7868236341872306,0.05391859199004941,0.5872802734375,0.03514225552423694,1.479109071968436,0.015413917987774712,61,178,0.34094618144048716,0.5839996337890625,dense,-1,3.0,0.4458774527467434,0.0032806396484375,1.234978123330762,0.0,1.0
A_dense_d10_n1000_K200,1000,200,10,0.6679177974947473,0.053153485160591464,0.538818359375,0.03949031183176462,1.4105133125068197,0.015253269287620799,70,179,0.34094618144048716,0.5839996337890625,dense,-1,3.0,0.3269716160542602,-0.0451812744140625,1.5594847285700089,0.0,1.0
A_dense_d10_n1000_K200,1000,200,10,0.6415222482518407,0.05131699271999141,0.5321044921875,0.03943459277403179,1.3036351893351457,0.014885280738699453,73,180,0.34094618144048716,0.5839996337890625,dense,-1,3.0,0.3005760668113535,-0.0518951416015625,1.5550871072537202,0.0,1.0
A_dense_d10_n1000_K200,1000,200,10,0.5914730682827951,0.04744012651462917,0.5107421875,0.035730003526527436,1.450755135571433,0.015655625874973336,69,181,0.34094618144048716,0.5839996337890625,dense,-1,3.0,0.25052688684230795,-0.0732574462890625,1.2766331520056629,0.0,0.0
A_dense_d10_n1000_K200,1000,200,10,0.6885546000402466,0.04762506795903825,0.5166015625,0.037778897230318,1.5630255695591726,0.017795234447102567,82,182,0.34094618144048716,0.5839996337890625,dense,-1,3.0,0.34760841859975944,-0.0673980712890625,1.427245075938929,0.0,1.0
A_dense_d10_n1000_K200,1000,200,10,0.6457530342739316,0.049460801384376675,0.5172119140625,0.04437779321007674,1.5563076775644389,0.016995793533719498,95,183,0.34094618144048716,0.5839996337890625,dense,-1,3.0,0.30480685283344444,-0.0667877197265625,1.9693885301963334,0.0,1.0
A_dense_d10_n1000_K200,1000,200,10,0.8227354033329177,0.05571755506228791,0.5853271484375,0.032454391058417284,1.580864404717923,0.017047348556040905,61,184,0.34094618144048716,0.5839996337890625,dense,-1,3.0,0.48178922189243056,0.0013275146484375,1.0532874989726757,0.0,1.0
A_dense_d10_n1000_K200,1000,200,10,0.6306480731430326,0.05105544738732846,0.529296875,0.03985121688989889,1.4026095681784683,0.015319476309953943,72,185,0.34094618144048716,0.5839996337890625,dense,-1,3.0,0.28970189170254546,-0.0547027587890625,1.5881194876057627,0.0,1.0
A_dense_d10_n1000_K200,1000,200,10,0.6942324995027185,0.05337581714074676,0.5216064453125,0.03923715953682578,1.4787553171826942,0.016775224251094265,74,186,0.34094618144048716,0.5839996337890625,dense,-1,3.0,0.3532863180622313,-0.0623931884765625,1.5395546885183182,0.0,1.0
A_dense_d10_n1000_K200,1000,200,10,0.6885370238975659,0.0494499618477548,0.558837890625,0.04054178393927552,1.4391908415459143,0.015666582580531697,65,187,0.34094618144048716,0.5839996337890625,dense,-1,3.0,0.3475908424570787,-0.0251617431640625,1.6436362449788986,0.0,1.0
A_dense_d10_n1000_K200,1000,200,10,0.6146650917181242,0.04703571458097971,0.5113525390625,0.04713753890901501,1.3230414397702526,0.014754624235003911,85,188,0.34094618144048716,0.5839996337890625,dense,-1,3.0,0.27371891027763706,-0.0726470947265625,2.221947574398904,0.0,1.0
A_dense_d10_n1000_K200,1000,200,10,0.6765402996287866,0.05668061999364844,0.5328369140625,0.035454602026076164,1.5317628248431991,0.015558026915502423,74,189,0.34094618144048716,0.5839996337890625,dense,-1,3.0,0.33559411818829943,-0.0511627197265625,1.2570288048274438,0.0,1.0
A_dense_d10_n1000_K200,1000,200,10,0.6019199939546667,0.04644571311053057,0.5413818359375,0.039591132343163415,1.391826997778056,0.014953130332198727,68,190,0.34094618144048716,0.5839996337890625,dense,-1,3.0,0.2609738125141795,-0.0426177978515625,1.5674577602138804,0.0,1.0
A_dense_d10_n1000_K200,1000,200,10,0.6919775534923693,0.05630022686099794,0.5831298828125,0.04091320054684842,1.3325385283258258,0.014436354127641863,71,191,0.34094618144048716,0.5839996337890625,dense,-1,3.0,0.3510313720518822,-0.0008697509765625,1.6738899789866377,0.0,1.0
A_dense_d10_n1000_K200,1000,200,10,0.7837227819822494,0.056498148677405616,0.6002197265625,0.040262428444397216,1.4919817070398353,0.015418057742089389,68,192,0.34094618144048716,0.5839996337890625,dense,-1,3.0,0.44277660054176227,0.0162200927734375,1.621063144240206,0.0,1.0
A_dense_d10_n1000_K200,1000,200,10,0.5862716682516382,0.04922568347320118,0.4979248046875,0.0435360109170697,1.4397213112766167,0.015417788906331845,69,193,0.34094618144048716,0.5839996337890625,dense,-1,3.0,0.24532548681115107,-0.0860748291015625,1.895384246571212,0.0,0.0
A_dense_d10_n1000_K200,1000,200,10,0.7952756771767473,0.05263734988195945,0.5712890625,0.036280876009408845,1.591189623013539,0.01725402941412751,75,194,0.34094618144048716,0.5839996337890625,dense,-1,3.0,0.45432949573626014,-0.0127105712890625,1.3163019640100984,0.0,1.0
A_dense_d10_n1000_K200,1000,200,10,0.7767081059475877,0.05750037048436023,0.565185546875,0.03602481400335257,1.5354064321561667,0.01666077021128539,64,195,0.34094618144048716,0.5839996337890625,dense,-1,3.0,0.4357619245071005,-0.0188140869140625,1.2977872239761474,0.0,1.0
A_dense_d10_n1000_K200,1000,200,10,0.6544893899065807,0.053901438074278274,0.5545654296875,0.04294604674875693,1.3611253838001396,0.015293216810576287,67,196,0.34094618144048716,0.5839996337890625,dense,-1,3.0,0.3135432084660935,-0.0294342041015625,1.844362931346416,0.0,1.0
A_dense_d10_n1000_K200,1000,200,10,0.7862092510601897,0.04919363379229424,0.56494140625,0.03666326012806963,1.490494481716887,0.016842471613264454,70,197,0.34094618144048716,0.5839996337890625,dense,-1,3.0,0.4452630696197025,-0.0190582275390625,1.3441946432185001,0.0,1.0
A_dense_d10_n1000_K200,1000,200,10,0.576543139389041,0.05120582225235058,0.5177001953125,0.045869306479082626,1.482673642289865,0.01566281147229433,86,198,0.34094618144048716,0.5839996337890625,dense,-1,3.0,0.23559695794855384,-0.0662994384765625,2.1039932768720115,0.0,1.0
A_dense_d10_n1000_K200,1000,200,10,0.7134611863358163,0.04963654066505297,0.5438232421875,0.040223302128348404,1.4798015199608905,0.016196385419879465,70,199,0.34094618144048716,0.5839996337890625,dense,-1,3.0,0.3725150048953292,-0.0401763916015625,1.617914034108397,0.0,1.0
A_dense_d10_n4000_K200,4000,200,10,0.406034762602568,0.026271182404351095,0.600830078125,0.032678339292821,0.5220175738040076,0.008036218376154335,64,0,0.34094618144048716,0.5839996337890625,dense,-1,3.0,0.06508858116208083,0.0168304443359375,4.271495435746916,0.0,1.0
A_dense_d10_n4000_K200,4000,200,10,0.4046641118134671,0.027735481646251697,0.6173095703125,0.03517191142102007,0.5726542299852286,0.007771185521183352,54,1,0.34094618144048716,0.5839996337890625,dense,-1,3.0,0.06371793037297996,0.0333099365234375,4.948253412032329,0.0,1.0
A_dense_d10_n4000_K200,4000,200,10,0.4078980862250735,0.02761789999866684,0.6129150390625,0.04817893858292301,0.5420665160983839,0.007873559990522994,87,2,0.34094618144048716,0.5839996337890625,dense,-1,3.0,0.06695190478458635,0.0289154052734375,9.28484049190827,0.0,1.0
A_dense_d10_n4000_K200,4000,200,10,0.4383732714575158,0.02592759061531145,0.5889892578125,0.030601513933137373,0.6476835607090734,0.008962527935570725,64,3,0.34094618144048716,0.5839996337890625,dense,-1,3.0,0.09742709001702865,0.0049896240234375,3.745810620000003,0.0,1.0
A_dense_d10_n4000_K200,4000,200,10,0.37651378734226293,0.02463647923800829,0.54345703125,0.03336598234214587,0.5791731694014354,0.00873736453339671,70,4,0.34094618144048716,0.5839996337890625,dense,-1,3.0,0.03556760590177577,-0.0405426025390625,4.45315511062556,1.0,1.0
A_dense_d10_n4000_K200,4000,200,10,0.4116561399986518,0.024628946712004676,0.57275390625,0.03347176082384263,0.5585422366651037,0.008368444858329153,63,5,0.34094618144048716,0.5839996337890625,dense,-1,3.0,0.07070995855816464,-0.0112457275390625,4.481435090594105,0.0,1.0
A_dense_d10_n4000_K200,4000,200,10,0.42062859185018586,0.027468402129853513,0.598388671875,0.035363062985009464,0.5485420446519612,0.008464957409288118,62,6,0.34094618144048716,0.5839996337890625,dense,-1,3.0,0.0796824104096987,0.0143890380859375,5.002184894726986,0.0,1.0
A_dense_d10_n4000_K200,4000,200,10,0.42988651384146476,0.025388888099661833,0.6055908203125,0.03351101462830056,0.5039073526341069,0.008138786000966241,61,7,0.34094618144048716,0.5839996337890625,dense,-1,3.0,0.0889403324009776,0.0215911865234375,4.491952405672698,0.0,1.0
A_dense_d10_n4000_K200,4000,200,10,0.41467336187768367,0.025240382971110097,0.5775146484375,0.03446685074484138,0.589539414079459,0.008405260910065016,67,8,0.34094618144048716,0.5839996337890625,dense,-1,3.0,0.0737271804371965,-0.0064849853515625,4.751855201068692,0.0,1.0
A_dense_d10_n4000_K200,4000,200,10,0.40922663749428356,0.025968914342958435,0.58935546875,0.03366035442243578,0.5578682992361733,0.008289774312016615,60,9,0.34094618144048716,0.5839996337890625,dense,-1,3.0,0.0682804560537964,0.0053558349609375,4.532077839375967,0.0,1.0
A_dense_d10_n4000_K200,4000,200,10,0.4339338326151524,0.026621379731738757,0.597412109375,0.03478822329244444,0.5865023651447238,0.008793975491310455,68,10,0.34094618144048716,0.5839996337890625,dense,-1,3.0,0.09298765117466523,0.0134124755859375,4.840881919379894,0.0,1.0
A_dense_d10_n4000_K200,4000,200,10,0.4387281361326837,0.02702029712454537,0.6033935546875,0.02907926056417788,0.5877267740885412,0.008620628236106802,55,11,0.34094618144048716,0.5839996337890625,dense,-1,3.0,0.09778195469219653,0.0193939208984375,3.3824135798374035,0.0,1.0
A_dense_d10_n4000_K200,4000,200,10,0.4419352432584039,0.024712627562439356,0.5867919921875,0.028400933475700763,0.642777162092581,0.009470816385444714,60,12,0.34094618144048716,0.5839996337890625,dense,-1,3.0,0.10098906181791673,0.0027923583984375,3.226452089164721,0.0,1.0
A_dense_d10_n4000_K200,4000,200,10,0.36778523952171616,0.024204225210368732,0.5499267578125,0.03230586946420571,0.5677188060924678,0.008173934108247797,65,13,0.34094618144048716,0.5839996337890625,dense,-1,3.0,0.026839058081228995,-0.0340728759765625,4.174676807353196,1.0,1.0
A_dense_d10_n4000_K200,4000,200,10,0.4847797124614435,0.028282215931830217,0.63720703125,0.03463266471788018,0.6139667413002828,0.008777584051345272,66,14,0.34094618144048716,0.5839996337890625,dense,-1,3.0,0.14383353102095636,0.0532073974609375,4.7976858618444105,0.0,1.0
A_dense_d10_n4000_K200,4000,200,10,0.3808888261277003,0.025869516623529442,0.5869140625,0.03346500975036155,0.560961526196412,0.008150978560143353,65,15,0.34094618144048716,0.5839996337890625,dense,-1,3.0,0.03994264468721315,0.0029144287109375,4.479627510367174,1.0,1.0
A_dense_d10_n4000_K200,4000,200,10,0.45933418605913545,0.026627123115467048,0.6044921875,0.036153736919657335,0.5664701751932621,0.009011055448998325,71,16,0.34094618144048716,0.5839996337890625,dense,-1,3.0,0.11838800461864829,0.0204925537109375,5.228370773023175,0.0,1.0
A_dense_d10_n4000_K200,4000,200,10,0.3797967394673975,0.02458672455285443,0.553955078125,0.03494487510826363,0.5718458893762045,0.008518496232179169,62,17,0.34094618144048716,0.5839996337890625,dense,-1,3.0,0.03885055802691034,-0.0300445556640625,4.884577185328571,1.0,1.0
A_dense_d10_n4000_K200,4000,200,10,0.4264997680048651,0.024479780599549777,0.5838623046875,0.030162481549993028,0.5683755700306127,0.008597336518564027,57,18,0.34094618144048716,0.5839996337890625,dense,-1,3.0,0.08555358656437795,-0.0001373291015625,3.6391011730146796,0.0,1.0
A_dense_d10_n4000_K200,4000,200,10,0.3901278719606306,0.02442456860635413,0.5836181640625,0.035134012344757014,0.507087416482226,0.007933110222906324,66,19,0.34094618144048716,0.5839996337890625,dense,-1,3.0,0.04918169052014343,-0.0003814697265625,4.937595293766154,0.0,1.0
A_dense_d10_n4000_K200,4000,200,10,0.39260678303323093,0.025166519523929027,0.5467529296875,0.030045029042207176,0.6282524459931543,0.00881652961778575,56,20,0.34094618144048716,0.5839996337890625,dense,-1,3.0,0.05166060159274377,-0.0372467041015625,3.610815080588291,0.0,1.0
A_dense_d10_n4000_K200,4000,200,10,0.4083330774654631,0.026385441034917346,0.5743408203125,0.04114358054082345,0.5315472114161256,0.008276555870521366,80,21,0.34094618144048716,0.5839996337890625,dense,-1,3.0,0.06738689602497594,-0.0096588134765625,6.771176878876904,0.0,1.0
A_dense_d10_n4000_K200,4000,200,10,0.39805143276185917,0.02585931586823007,0.5972900390625,0.035510020236742774,0.5816379468200477,0.008034801251666349,65,22,0.34094618144048716,0.5839996337890625,dense,-1,3.0,0.05710525132137201,0.0132904052734375,5.0438461488555255,0.0,1.0
A_dense_d10_n4000_K200,4000,200,10,0.3374240754069079,0.023688321933579403,0.542724609375,0.03233333106407067,0.5724957207449723,0.008229910373464282,69,23,0.34094618144048716,0.5839996337890625,dense,-1,3.0,-0.0035221060335792753,-0.0412750244140625,4.18177719079519,1.0,1.0
A_dense_d10_n4000_K200,4000,200,10,0.42841994329926536,0.025396535387461595,0.5831298828125,0.03884615420706946,0.5595468785307466,0.00879493809535736,59,24,0.34094618144048716,0.5839996337890625,dense,-1,3.0,0.0874737618587782,-0.0008697509765625,6.0360947867176815,0.0,1.0
A_dense_d10_n4000_K200,4000,200,10,0.36149003856291506,0.02571607715245497,0.559326171875,0.03327366367786896,0.5364512671572832,0.00781763259589571,58,25,0.34094618144048716,0.5839996337890625,dense,-1,3.0,0.0205438571224279,-0.0246734619140625,4.428546778191744,1.0,1.0
A_dense_d10_n4000_K200,4000,200,10,0.42306755692835235,0.024969803621474593,0.5965576171875,0.043159047633065384,0.5572573313721405,0.008326969137525769,82,26,0.34094618144048716,0.5839996337890625,dense,-1,3.0,0.08212137548786519,0.0125579833984375,7.450813570372826,0.0,1.0
A_dense_d10_n4000_K200,4000,200,10,0.37721036678998865,0.025309399784197783,0.583251953125,0.032133619336484176,0.5425154838080296,0.00814804474368462,62,27,0.34094618144048716,0.5839996337890625,dense,-1,3.0,0.03626418534950149,-0.0007476806640625,4.130277966648278,1.0,1.0
A_dense_d10_n4000_K200,4000,200,10,0.39471212880174467,0.025175748954026973,0.57177734375,0.029847331428662797,0.6175255911965117,0.008831777377778856,60,28,0.34094618144048716,0.5839996337890625,dense,-1,3.0,0.053765947361257505,-0.0122222900390625,3.563452773649768,0.0,1.0
A_dense_d10_n4000_K200,4000,200,10,0.463045692768404,0.027284648550376392,0.632568359375,0.04310054548855033,0.5408644776942165,0.008259271636873032,72,29,0.34094618144048716,0.5839996337890625,dense,-1,3.0,0.12209951132791685,0.0485687255859375,7.430628085642384,0.0,1.0
A_dense_d10_n4000_K200,4000,200,10,0.4442899572467915,0.026808313853140378,0.6207275390625,0.038266463506384706,0.5441715088689006,0.008263712720819858,77,30,0.34094618144048716,0.5839996337890625,dense,-1,3.0,0.10334377580630433,0.0367279052734375,5.85728891714189,0.0,1.0
A_dense_d10_n4000_K200,4000,200,10,0.39792239675925273,0.02648779188974634,0.59765625,0.04188986687851303,0.5615503250109632,0.007797102541106852,77,31,0.34094618144048716,0.5839996337890625,dense,-1,3.0,0.056976215318765566,0.0136566162109375,7.0190437883981724,0.0,1.0
A_dense_d10_n4000_K200,4000,200,10,0.44489902817249105,0.026755957378696665,0.6103515625,0.03614646873969433,0.5733565270955778,0.00835086077290846,64,32,0.34094618144048716,0.5839996337890625,dense,-1,3.0,0.10395284673200389,0.0263519287109375,5.226268809398797,0.0,1.0
A_dense_d10_n4000_K200,4000,200,10,0.3548734635548487,0.02532311133189718,0.5633544921875,0.0373402504595085,0.5610231513745463,0.007821736636438134,63,33,0.34094618144048716,0.5839996337890625,dense,-1,3.0,0.013927282114361561,-0.0206451416015625,5.577177217515298,1.0,1.0
A_dense_d10_n4000_K200,4000,200,10,0.39219321945838137,0.026689576518647354,0.5950927734375,0.03824053279580119,0.5869850911276454,0.008500548653061955,69,34,0.34094618144048716,0.5839996337890625,dense,-1,3.0,0.05124703801789421,0.0110931396484375,5.849353394026985,1.0,1.0
A_dense_d10_n4000_K200,4000,200,10,0.3958380759966964,0.024808462355206434,0.5455322265625,0.033453199099288046,0.592308385286567,0.008914049051214767,65,35,0.34094618144048716,0.5839996337890625,dense,-1,3.0,0.05489189455620924,-0.0384674072265625,4.476466119906426,0.0,1.0
A_dense_d10_n4000_K200,4000,200,10,0.34917916643717517,0.024546020436713247,0.5531005859375,0.03572728244885067,0.5262231379901151,0.007864723981953481,70,36,0.34094618144048716,0.5839996337890625,dense,-1,3.0,0.008232984996688009,-0.0308990478515625,5.1057548447198124,1.0,1.0
A_dense_d10_n4000_K200,4000,200,10,0.41147688064067084,0.02680619381380999,0.5892333984375,0.03832796579419534,0.5683398916884382,0.008574787912054549,70,37,0.34094618144048716,0.5839996337890625,dense,-1,3.0,0.07053069920018368,0.0052337646484375,5.876131847684032,0.0,1.0
A_dense_d10_n4000_K200,4000,200,10,0.44147047115225074,0.025900441404104437,0.593505859375,0.030207448393957424,0.6158727916450742,0.008950206194954376,60,38,0.34094618144048716,0.5839996337890625,dense,-1,3.0,0.10052428971176358,0.0095062255859375,3.6499597538944037,0.0,1.0
A_dense_d10_n4000_K200,4000,200,10,0.4247098286668053,0.02612059272246387,0.61474609375,0.03934428031682029,0.5631331131897921,0.008432046608613533,74,39,0.34094618144048716,0.5839996337890625,dense,-1,3.0,0.08376364722631813,0.0307464599609375,6.191889574594129,0.0,1.0
A_dense_d10_n4000_K200,4000,200,10,0.40158676682300976,0.026713454686111658,0.574951171875,0.029604064653792176,0.604696787558209,0.009133271395467085,61,40,0.34094618144048716,0.5839996337890625,dense,-1,3.0,0.060640585382522594,-0.0090484619140625,3.5056025761036294,0.0,1.0
A_dense_d10_n4000_K200,4000,200,10,0.4331562990860401,0.025380208326813206,0.5748291015625,0.03331892015093662,0.6592574135011465,0.00899351402737276,74,41,0.34094618144048716,0.5839996337890625,dense,-1,3.0,0.09221011764555292,-0.0091705322265625,4.440601760097961,0.0,1.0
A_dense_d10_n4000_K200,4000,200,10,0.38562695365906,0.026042552410629045,0.5906982421875,0.026544096603735187,0.5830013875327088,0.00865100205840404,50,42,0.34094618144048716,0.5839996337890625,dense,-1,3.0,0.04468077221857286,0.0066986083984375,2.8183562580337034,1.0,1.0
A_dense_d10_n4000_K200,4000,200,10,0.4118734532338313,0.025038443303178986,0.5716552734375,0.036959260994321036,0.584952556449481,0.008548459153385979,68,43,0.34094618144048716,0.5839996337890625,dense,-1,3.0,0.07092727179334413,-0.0123443603515625,5.463947892985361,0.0,1.0
A_dense_d10_n4000_K200,4000,200,10,0.38177886114426574,0.025646759374513398,0.5712890625,0.0377270547537936,0.5596230966190616,0.008036277211805075,66,44,0.34094618144048716,0.5839996337890625,dense,-1,3.0,0.040832679703778574,-0.0127105712890625,5.693322641582961,1.0,1.0
A_dense_d10_n4000_K200,4000,200,10,0.42703196004875976,0.02602079937560634,0.5921630859375,0.0339267672719142,0.5607252741359674,0.008749974189085706,64,45,0.34094618144048716,0.5839996337890625,dense,-1,3.0,0.0860857786082726,0.0081634521484375,4.604102150090514,0.0,1.0
A_dense_d10_n4000_K200,4000,200,10,0.4412306346820702,0.02768991293688126,0.6077880859375,0.03344965222865093,0.6319620529692573,0.009301640449383152,69,46,0.34094618144048716,0.5839996337890625,dense,-1,3.0,0.10028445324158303,0.0237884521484375,4.475516936870768,0.0,1.0
A_dense_d10_n4000_K200,4000,200,10,0.3955010895708164,0.02540488739210573,0.604248046875,0.03850748287785713,0.507415099160827,0.007632562314439938,65,47,0.34094618144048716,0.5839996337890625,dense,-1,3.0,0.05455490813032926,0.0202484130859375,5.93130495035384,0.0,1.0
A_dense_d10_n4000_K200,4000,200,10,0.4186494663370034,0.025846782225004698,0.5819091796875,0.02808439485102067,0.5658970802562174,0.008452889649335106,56,48,0.34094618144048716,0.5839996337890625,dense,-1,3.0,0.07770328489651623,-0.0020904541015625,3.1549329365921452,0.0,1.0
A_dense_d10_n4000_K200,4000,200,10,0.37567882166652244,0.025276461409325404,0.556640625,0.03018432297139721,0.5778521476856436,0.008424848024199908,59,49,0.34094618144048716,0.5839996337890625,dense,-1,3.0,0.03473264022603528,-0.0273590087890625,3.644373412966469,1.0,1.0
A_dense_d10_n4000_K200,4000,200,10,0.42519958176820866,0.02613677117399022,0.620361328125,0.03389822356254676,0.6035460915058144,0.008470513630350254,69,50,0.34094618144048716,0.5839996337890625,dense,-1,3.0,0.0842534003277215,0.0363616943359375,4.596358242785601,0.0,1.0
A_dense_d10_n4000_K200,4000,200,10,0.37534544173862106,0.024766345492439647,0.5565185546875,0.036525210727887406,0.5379237812315658,0.008447744865341708,72,51,0.34094618144048716,0.5839996337890625,dense,-1,3.0,0.034399260298133894,-0.0274810791015625,5.336364074866324,1.0,1.0
A_dense_d10_n4000_K200,4000,200,10,0.4559554925014533,0.025880330508690933,0.5848388671875,0.027901320048767372,0.6021555186136535,0.009389498745622712,54,52,0.34094618144048716,0.5839996337890625,dense,-1,3.0,0.11500931106096612,0.0008392333984375,3.1139346418549922,0.0,1.0
A_dense_d10_n4000_K200,4000,200,10,0.40767025215329866,0.026784897316464797,0.59326171875,0.035547980530528545,0.5820454316052103,0.008476250041386786,65,53,0.34094618144048716,0.5839996337890625,dense,-1,3.0,0.0667240707128115,0.0092620849609375,5.0546356791953455,0.0,1.0
A_dense_d10_n4000_K200,4000,200,10,0.39905887238840054,0.02529510652342908,0.560302734375,0.03352496431395506,0.5702538490659951,0.008530958652794553,65,54,0.34094618144048716,0.5839996337890625,dense,-1,3.0,0.05811269094791338,-0.0236968994140625,4.495692929007841,0.0,1.0
A_dense_d10_n4000_K200,4000,200,10,0.4080597496710512,0.02696304517879602,0.5953369140625,0.03919317606492464,0.5840985063732504,0.00830552136946086,63,55,0.34094618144048716,0.5839996337890625,dense,-1,3.0,0.06711356823056402,0.0113372802734375,6.144420200224726,0.0,1.0
A_dense_d10_n4000_K200,4000,200,10,0.4264777350966681,0.026762185342495904,0.5806884765625,0.03300156419552745,0.6538577949313406,0.009128005050325799,69,56,0.34094618144048716,0.5839996337890625,dense,-1,3.0,0.08553155365618093,-0.0033111572265625,4.356412957406078,0.0,1.0
A_dense_d10_n4000_K200,4000,200,10,0.4260923064034079,0.027283415233143198,0.5836181640625,0.030363909308675337,0.5787221806298076,0.009106983417748078,61,57,0.34094618144048716,0.5839996337890625,dense,-1,3.0,0.08514612496292073,-0.0003814697265625,3.687867954021843,0.0,1.0
A_dense_d10_n4000_K200,4000,200,10,0.40345073513854285,0.025449149136864233,0.5860595703125,0.02836783599002572,0.554482890178033,0.008207410525215623,52,58,0.34094618144048716,0.5839996337890625,dense,-1,3.0,0.06250455369805569,0.0020599365234375,3.218936475027994,0.0,1.0
A_dense_d10_n4000_K200,4000,200,10,0.37753450848204884,0.026770005700256304,0.564697265625,0.03738991145258465,0.5843445968435326,0.008527931878911184,77,59,0.34094618144048716,0.5839996337890625,dense,-1,3.0,0.036588327041561675,-0.0193023681640625,5.592021913728483,1.0,1.0
A_dense_d10_n4000_K200,4000,200,10,0.4471009882323502,0.026196081748394624,0.6190185546875,0.03688308070490642,0.5339270685928068,0.007871961617720252,69,60,0.34094618144048716,0.5839996337890625,dense,-1,3.0,0.10615480679186307,0.0350189208984375,5.44144656913856,0.0,1.0
A_dense_d10_n4000_K200,4000,200,10,0.3921521124836794,0.024846253060905942,0.5694580078125,0.03144844128607474,0.5584075468492606,0.008086003433796502,54,61,0.34094618144048716,0.5839996337890625,dense,-1,3.0,0.051205931043192265,-0.0145416259765625,3.956017837294761,0.0,1.0
A_dense_d10_n4000_K200,4000,200,10,0.4287593001622373,0.02528913621997887,0.5521240234375,0.03252819862865072,0.6168928226111736,0.009157449078700725,73,62,0.34094618144048716,0.5839996337890625,dense,-1,3.0,0.08781311872175013,-0.0318756103515625,4.232334824099818,0.0,1.0
A_dense_d10_n4000_K200,4000,200,10,0.4332182730137378,0.025444969383434574,0.608642578125,0.036405454300315825,0.5601507644622833,0.008267885558230732,75,63,0.34094618144048716,0.5839996337890625,dense,-1,3.0,0.09227209157325061,0.0246429443359375,5.301428411249535,0.0,1.0
A_dense_d10_n4000_K200,4000,200,10,0.38834058357063667,0.02525403186699754,0.5455322265625,0.03541461458334058,0.6047527247486532,0.008840247455526506,76,64,0.34094618144048716,0.5839996337890625,dense,-1,3.0,0.047394402130149504,-0.0384674072265625,5.016779704346238,1.0,1.0
A_dense_d10_n4000_K200,4000,200,10,0.4669742358428598,0.02826310472452538,0.617919921875,0.03347750196447165,0.6446260154690122,0.009072711172722445,66,65,0.34094618144048716,0.5839996337890625,dense,-1,3.0,0.12602805440237264,0.0339202880859375,4.482972551124813,0.0,1.0
A_dense_d10_n4000_K200,4000,200,10,0.43025207066082793,0.0264850723222408,0.603271484375,0.03453447829130147,0.5750967570650002,0.008405808657207975,63,66,0.34094618144048716,0.5839996337890625,dense,-1,3.0,0.08930588922034077,0.0192718505859375,4.77052076340949,0.0,1.0
A_dense_d10_n4000_K200,4000,200,10,0.37127000933080123,0.025446067756363416,0.5692138671875,0.03276470532020186,0.6156196157707804,0.008258992161038642,65,67,0.34094618144048716,0.5839996337890625,dense,-1,3.0,0.03032382789031407,-0.0147857666015625,4.294103658878657,1.0,1.0
A_dense_d10_n4000_K200,4000,200,10,0.41543029814645416,0.026502638582026117,0.5968017578125,0.03470108709055431,0.5930290552589866,0.008581735273692938,64,68,0.34094618144048716,0.5839996337890625,dense,-1,3.0,0.074484116705967,0.0128021240234375,4.816661781064941,0.0,1.0
A_dense_d10_n4000_K200,4000,200,10,0.44336919686366993,0.02648115481196691,0.5870361328125,0.033091171779270026,0.5803315356095582,0.008827289813391452,65,69,0.34094618144048716,0.5839996337890625,dense,-1,3.0,0.10242301542318277,0.0030364990234375,4.380102598900629,0.0,1.0
A_dense_d10_n4000_K200,4000,200,10,0.4349527911278185,0.02600694040623588,0.5855712890625,0.030940201253797917,0.5651139615483148,0.008727864844406288,66,70,0.34094618144048716,0.5839996337890625,dense,-1,3.0,0.09400660968733132,0.0015716552734375,3.829184214502073,0.0,1.0
A_dense_d10_n4000_K200,4000,200,10,0.38795873554585114,0.025326442390506878,0.572021484375,0.0325897132417345,0.604876070545531,0.00850911294299602,61,71,0.34094618144048716,0.5839996337890625,dense,-1,3.0,0.04701255410536398,-0.0119781494140625,4.24835763671394,1.0,1.0
A_dense_d10_n4000_K200,4000,200,10,0.4011075593490882,0.02471412055723231,0.568359375,0.0346707375733399,0.5486943094234353,0.00837845687450374,64,72,0.34094618144048716,0.5839996337890625,dense,-1,3.0,0.060161377908601044,-0.0156402587890625,4.808240175517613,0.0,1.0
A_dense_d10_n4000_K200,4000,200,10,0.39821023531647537,0.025958033221024367,0.578369140625,0.04330067036790588,0.6053055197841108,0.008327505611244212,81,73,0.34094618144048716,0.5839996337890625,dense,-1,3.0,0.05726405387598821,-0.0056304931640625,7.499792217240169,0.0,1.0
A_dense_d10_n4000_K200,4000,200,10,0.38906123088665334,0.025024885729196332,0.569580078125,0.035973927281579506,0.5607302102924688,0.008237130291222689,68,74,0.34094618144048716,0.5839996337890625,dense,-1,3.0,0.04811504944616618,-0.0144195556640625,5.176493776241481,1.0,1.0
A_dense_d10_n4000_K200,4000,200,10,0.4391082856141417,0.026313701930785482,0.607421875,0.035057065472566415,0.5450268722671705,0.008147512723545278,66,75,0.34094618144048716,0.5839996337890625,dense,-1,3.0,0.09816210417365456,0.0234222412109375,4.915991358191233,0.0,1.0
A_dense_d10_n4000_K200,4000,200,10,0.4427916716258824,0.02641045757713395,0.625732421875,0.029601806817944686,0.5470100681874308,0.00854139363815443,50,76,0.34094618144048716,0.5839996337890625,dense,-1,3.0,0.10184549018539524,0.0417327880859375,3.5050678675476656,0.0,1.0
A_dense_d10_n4000_K200,4000,200,10,0.39706564156109136,0.02555852473938483,0.590087890625,0.030651908443952214,0.6347248787605737,0.008622270753122042,55,77,0.34094618144048716,0.5839996337890625,dense,-1,3.0,0.0561194601206042,0.0060882568359375,3.7581579650257164,0.0,1.0
A_dense_d10_n4000_K200,4000,200,10,0.4208955577164094,0.026849639010235998,0.5931396484375,0.03006591950302704,0.5519231043406764,0.00835817099981236,54,78,0.34094618144048716,0.5839996337890625,dense,-1,3.0,0.07994937627592225,0.0091400146484375,3.615838062250007,0.0,1.0
A_dense_d10_n4000_K200,4000,200,10,0.4123853171732712,0.0257237337128705,0.5924072265625,0.03477292305223985,0.5394263744962556,0.008298428183722758,70,79,0.34094618144048716,0.5839996337890625,dense,-1,3.0,0.07143913573278404,0.0084075927734375,4.836624710387974,0.0,1.0
A_dense_d10_n4000_K200,4000,200,10,0.3611067598500125,0.02407371375442139,0.5626220703125,0.03697250815495017,0.586757877336605,0.008318050920539406,78,80,0.34094618144048716,0.5839996337890625,dense,-1,3.0,0.020160578409525343,-0.0213775634765625,5.467865437071429,1.0,1.0
A_dense_d10_n4000_K200,4000,200,10,0.4293019887120567,0.02567302722289018,0.5833740234375,0.0300467553790649,0.6315155100617316,0.008908405223764225,61,81,0.34094618144048716,0.5839996337890625,dense,-1,3.0,0.08835580727156955,-0.0006256103515625,3.6112300352374618,0.0,1.0
A_dense_d10_n4000_K200,4000,200,10,0.41762158411058636,0.02626692197159377,0.5843505859375,0.030956142909339603,0.6166305006154641,0.008859327109177065,59,82,0.34094618144048716,0.5839996337890625,dense,-1,3.0,0.0766754026700992,0.0003509521484375,3.833131135293826,0.0,1.0
A_dense_d10_n4000_K200,4000,200,10,0.3947983553740103,0.02473209903473142,0.5384521484375,0.031889786475314263,0.595897987875445,0.008950972089503321,64,83,0.34094618144048716,0.5839996337890625,dense,-1,3.0,0.05385217393352315,-0.0455474853515625,4.067833925764546,0.0,1.0
A_dense_d10_n4000_K200,4000,200,10,0.3768020997740362,0.02473669780468291,0.55615234375,0.04190214404697702,0.5321564524756268,0.008306585003154277,68,84,0.34094618144048716,0.5839996337890625,dense,-1,3.0,0.035855918333549064,-0.0278472900390625,7.023158702934447,1.0,1.0
A_dense_d10_n4000_K200,4000,200,10,0.4463643525905371,0.02544036808195766,0.606201171875,0.03653119718382436,0.6456070560522855,0.008913924341188054,78,85,0.34094618144048716,0.5839996337890625,dense,-1,3.0,0.10541817115004992,0.0222015380859375,5.338113470733827,0.0,1.0
A_dense_d10_n4000_K200,4000,200,10,0.37698736279980094,0.024002151651929825,0.5609130859375,0.031083588214641914,0.5859249336703697,0.008382134443554914,64,86,0.34094618144048716,0.5839996337890625,dense,-1,3.0,0.03604118135931378,-0.0230865478515625,3.864757825189703,1.0,1.0
A_dense_d10_n4000_K200,4000,200,10,0.4198760844333076,0.026482097176185205,0.61767578125,0.034638111347746615,0.6205296015672356,0.008059607022247298,58,87,0.34094618144048716,0.5839996337890625,dense,-1,3.0,0.07892990299282043,0.0336761474609375,4.7991950309555715,0.0,1.0
A_dense_d10_n4000_K200,4000,200,10,0.4055585853975724,0.025278469339205974,0.5888671875,0.04240233939426209,0.5981961558375531,0.008374483890219402,78,88,0.34094618144048716,0.5839996337890625,dense,-1,3.0,0.06461240395708523,0.0048675537109375,7.191833544424764,0.0,1.0
A_dense_d10_n4000_K200,4000,200,10,0.40511000394667546,0.025986862578194225,0.5706787109375,0.03697797248371842,0.538669876689982,0.008473464009432316,75,89,0.34094618144048716,0.5839996337890625,dense,-1,3.0,0.0641638225061883,-0.0133209228515625,5.469481796026546,0.0,1.0
A_dense_d10_n4000_K200,4000,200,10,0.3905994485067672,0.02549369740051815,0.5869140625,0.03463859765590087,0.5850962640441573,0.008024343589706594,66,90,0.34094618144048716,0.5839996337890625,dense,-1,3.0,0.04965326706628004,0.0029144287109375,4.799329790269525,1.0,1.0
A_dense_d10_n4000_K200,4000,200,10,0.4125438762354108,0.025873083011818863,0.6026611328125,0.03573409108951148,0.5703239002739863,0.008433861449398597,75,91,0.34094618144048716,0.5839996337890625,dense,-1,3.0,0.07159769479492362,0.0186614990234375,5.107701063974014,0.0,1.0
A_dense_d10_n4000_K200,4000,200,10,0.4014615185213002,0.026216693810659417,0.584228515625,0.03777073030264401,0.6222082625304062,0.008634905073027437,76,92,0.34094618144048716,0.5839996337890625,dense,-1,3.0,0.060515337080813025,0.0002288818359375,5.706512270380282,0.0,1.0
A_dense_d10_n4000_K200,4000,200,10,0.39093573978416213,0.02482332425880053,0.58154296875,0.04104920454583074,0.5846380910315614,0.00823048671513762,76,93,0.34094618144048716,0.5839996337890625,dense,-1,3.0,0.04998955834367497,-0.0024566650390625,6.740148775381805,0.0,1.0
A_dense_d10_n4000_K200,4000,200,10,0.39980362051873924,0.025719393440117828,0.586669921875,0.03840080979753999,0.6123371521196213,0.00856747360908053,77,94,0.34094618144048716,0.5839996337890625,dense,-1,3.0,0.05885743907825208,0.0026702880859375,5.898488772427374,0.0,1.0
A_dense_d10_n4000_K200,4000,200,10,0.4378422391956317,0.025729379132752694,0.6241455078125,0.03185663694274526,0.59938121733171,0.008278152088639374,54,95,0.34094618144048716,0.5839996337890625,dense,-1,3.0,0.09689605775514454,0.0401458740234375,4.0593812692075275,0.0,1.0
A_dense_d10_n4000_K200,4000,200,10,0.3851387203433655,0.0253034632862411,0.575927734375,0.030365482932293946,0.5874849588273695,0.008013557242389032,54,96,0.34094618144048716,0.5839996337890625,dense,-1,3.0,0.04419253890287833,-0.0080718994140625,3.68825021484574,1.0,1.0
A_dense_d10_n4000_K200,4000,200,10,0.4081351193397851,0.024112095274058342,0.5745849609375,0.0309544493996101,0.5723121841907496,0.008482923302602825,66,97,0.34094618144048716,0.5839996337890625,dense,-1,3.0,0.06718893789929792,-0.0094146728515625,3.8327117505320882,0.0,1.0
A_dense_d10_n4000_K200,4000,200,10,0.43450463422152186,0.025918663930879056,0.5755615234375,0.028668227478715964,0.5917358767733959,0.008945312624419553,56,98,0.34094618144048716,0.5839996337890625,dense,-1,3.0,0.0935584527810347,-0.0084381103515625,3.2874690670856204,0.0,1.0
A_dense_d10_n4000_K200,4000,200,10,0.4141850632764039,0.024472264616850047,0.5703125,0.029425251583025145,0.5636050356907983,0.008684467926548606,58,99,0.34094618144048716,0.5839996337890625,dense,-1,3.0,0.07323888183591676,-0.0136871337890625,3.463381722897295,0.0,1.0
A_dense_d10_n4000_K200,4000,200,10,0.47979216996073015,0.02676962020192223,0.602783203125,0.029201179103644503,0.6005725909989519,0.00925212473479329,60,100,0.34094618144048716,0.5839996337890625,dense,-1,3.0,0.138845988520243,0.0187835693359375,3.4108354441724975,0.0,1.0
A_dense_d10_n4000_K200,4000,200,10,0.3459943997499749,0.022911750881123946,0.5467529296875,0.026363107572217864,0.5089592663381838,0.007583132684182925,43,101,0.34094618144048716,0.5839996337890625,dense,-1,3.0,0.005048218309487762,-0.0372467041015625,2.7800537634573237,1.0,1.0
A_dense_d10_n4000_K200,4000,200,10,0.4413793770712585,0.02736786219627371,0.60302734375,0.0373489032632469,0.6204662233997456,0.008880512830438439,73,102,0.34094618144048716,0.5839996337890625,dense,-1,3.0,0.10043319563077135,0.0190277099609375,5.5797622998695,0.0,1.0
A_dense_d10_n4000_K200,4000,200,10,0.3875680975026542,0.024613472810780638,0.5595703125,0.03555196510750437,0.5994405201037974,0.00845117138988343,72,103,0.34094618144048716,0.5839996337890625,dense,-1,3.0,0.046621916062167035,-0.0244293212890625,5.055768892020834,1.0,1.0
A_dense_d10_n4000_K200,4000,200,10,0.44678743057105763,0.026549296185463846,0.6153564453125,0.03307653136533982,0.5473001213317612,0.008349719544209612,61,104,0.34094618144048716,0.5839996337890625,dense,-1,3.0,0.10584124913057047,0.0313568115234375,4.376227708649235,0.0,1.0
A_dense_d10_n4000_K200,4000,200,10,0.43013362525467763,0.025670207552540052,0.5989990234375,0.02942008558403344,0.5805516218787654,0.008536924609795752,53,105,0.34094618144048716,0.5839996337890625,dense,-1,3.0,0.08918744381419047,0.0149993896484375,3.4621657430874095,0.0,1.0
A_dense_d10_n4000_K200,4000,200,10,0.3972455047836748,0.025944266756769228,0.5931396484375,0.035026473099193337,0.5622886603469159,0.008276459238495596,65,106,0.34094618144048716,0.5839996337890625,dense,-1,3.0,0.05629932334318766,0.0091400146484375,4.907415271074059,0.0,1.0
A_dense_d10_n4000_K200,4000,200,10,0.3825363320666689,0.02639725985839306,0.6077880859375,0.03724933914346194,0.581668579270564,0.007479390804134959,68,107,0.34094618144048716,0.5839996337890625,dense,-1,3.0,0.041590150626181766,0.0237884521484375,5.5500530664985845,1.0,1.0
A_dense_d10_n4000_K200,4000,200,10,0.383171744064249,0.024925314055820713,0.5885009765625,0.03227485318138056,0.576202272989266,0.008327156433341235,62,108,0.34094618144048716,0.5839996337890625,dense,-1,3.0,0.042225562623761814,0.0045013427734375,4.166664591518685,1.0,1.0
A_dense_d10_n4000_K200,4000,200,10,0.4492413728273718,0.025091474861221735,0.6044921875,0.032901921943677165,0.5415156504762819,0.00869106090949401,61,109,0.34094618144048716,0.5839996337890625,dense,-1,3.0,0.10829519138688465,0.0204925537109375,4.330145870351299,0.0,1.0
A_dense_d10_n4000_K200,4000,200,10,0.4075899803227671,0.02461203129001704,0.56494140625,0.03291710263711928,0.5858928528172954,0.008486656803120557,75,110,0.34094618144048716,0.5839996337890625,dense,-1,3.0,0.06664379888227995,-0.0190582275390625,4.334142584090579,0.0,1.0
A_dense_d10_n4000_K200,4000,200,10,0.46242397477590735,0.02716392255178767,0.6318359375,0.03619034507025462,0.6018648383619681,0.008458049440929975,59,111,0.34094618144048716,0.5839996337890625,dense,-1,3.0,0.12147779333542019,0.0478363037109375,5.238964305216411,0.0,1.0
A_dense_d10_n4000_K200,4000,200,10,0.40127477972575665,0.024857554129250007,0.57421875,0.03561997611705592,0.5320962590205459,0.008390739553813342,66,112,0.34094618144048716,0.5839996337890625,dense,-1,3.0,0.060328598285269486,-0.0097808837890625,5.075130794318536,0.0,1.0
A_dense_d10_n4000_K200,4000,200,10,0.39336234635836603,0.025046864026930557,0.56689453125,0.037884297086841344,0.5397360559188333,0.008229536660185803,74,113,0.34094618144048716,0.5839996337890625,dense,-1,3.0,0.05241616491787887,-0.0171051025390625,5.740879863056222,0.0,1.0
A_dense_d10_n4000_K200,4000,200,10,0.43260147017339307,0.026907395496004936,0.6024169921875,0.03149312726301549,0.5979951125042084,0.008482720297084655,56,114,0.34094618144048716,0.5839996337890625,dense,-1,3.0,0.0916552887329059,0.0184173583984375,3.9672682592179576,0.0,1.0
A_dense_d10_n4000_K200,4000,200,10,0.417593049835537,0.026593988202856026,0.5701904296875,0.034440781548373246,0.5959678464578103,0.008993316437544328,57,115,0.34094618144048716,0.5839996337890625,dense,-1,3.0,0.07664686839504986,-0.0138092041015625,4.744669734651068,0.0,1.0
A_dense_d10_n4000_K200,4000,200,10,0.4458636506686512,0.026506051255122166,0.6163330078125,0.039399365965331945,0.5441059139947446,0.00826422828000771,77,116,0.34094618144048716,0.5839996337890625,dense,-1,3.0,0.10491746922816403,0.0323333740234375,6.209240153880629,0.0,1.0
A_dense_d10_n4000_K200,4000,200,10,0.43235527573254917,0.02596353232730841,0.5880126953125,0.028414013773269194,0.6026116752741292,0.008825690487209433,57,117,0.34094618144048716,0.5839996337890625,dense,-1,3.0,0.09140909429206201,0.0040130615234375,3.229424714830126,0.0,1.0
A_dense_d10_n4000_K200,4000,200,10,0.45240972563629966,0.02671731636352773,0.6141357421875,0.02992228962784429,0.6142230866802321,0.008850127425527841,60,118,0.34094618144048716,0.5839996337890625,dense,-1,3.0,0.1114635441958125,0.0301361083984375,3.5813736662903923,0.0,1.0
A_dense_d10_n4000_K200,4000,200,10,0.4421013554816575,0.026441603057384667,0.605224609375,0.03322676277753121,0.5592701440720309,0.008444420256397338,57,119,0.34094618144048716,0.5839996337890625,dense,-1,3.0,0.10115517404117036,0.0212249755859375,4.416071058697335,0.0,1.0
A_dense_d10_n4000_K200,4000,200,10,0.3915442619254198,0.025193525022891322,0.5673828125,0.03504172981063551,0.5749896852670464,0.008363492651698197,66,120,0.34094618144048716,0.5839996337890625,dense,-1,3.0,0.05059808048493264,-0.0166168212890625,4.911691312486326,0.0,1.0
A_dense_d10_n4000_K200,4000,200,10,0.4257759955356861,0.026651919601052374,0.61279296875,0.03343260984901544,0.536938676706719,0.008149294841951394,53,121,0.34094618144048716,0.5839996337890625,dense,-1,3.0,0.08482981409519896,0.0287933349609375,4.470957605265937,0.0,1.0
A_dense_d10_n4000_K200,4000,200,10,0.4506365218325491,0.026149437563259773,0.595458984375,0.0332661284700951,0.5653279134130446,0.008292207262329362,63,122,0.34094618144048716,0.5839996337890625,dense,-1,3.0,0.10969034039206194,0.0114593505859375,4.426541213555487,0.0,1.0
A_dense_d10_n4000_K200,4000,200,10,0.3740822935097128,0.024422840876111705,0.5462646484375,0.031970938080338504,0.5427286827775044,0.008349918327769231,63,123,0.34094618144048716,0.5839996337890625,dense,-1,3.0,0.03313611206922562,-0.0377349853515625,4.088563526947355,1.0,1.0
A_dense_d10_n4000_K200,4000,200,10,0.42088078010522784,0.02503460424392167,0.5875244140625,0.0339943811421548,0.5823179717633606,0.00847028458812989,65,124,0.34094618144048716,0.5839996337890625,dense,-1,3.0,0.07993459866474067,0.0035247802734375,4.622471796952359,0.0,1.0
A_dense_d10_n4000_K200,4000,200,10,0.41442215766871604,0.026471009391682683,0.6043701171875,0.03853933612914459,0.5486077513421598,0.008336930617033453,66,125,0.34094618144048716,0.5839996337890625,dense,-1,3.0,0.07347597622822888,0.0203704833984375,5.941121717100759,0.0,1.0
A_dense_d10_n4000_K200,4000,200,10,0.41736506211288177,0.02522334124242824,0.578369140625,0.03267182622979058,0.5658393934496896,0.008824726209600673,62,126,0.34094618144048716,0.5839996337890625,dense,-1,3.0,0.0764188806723946,-0.0056304931640625,4.2697929167585285,0.0,1.0
A_dense_d10_n4000_K200,4000,200,10,0.44206534726859403,0.025771454707869988,0.587890625,0.0358331610069022,0.6215391426564395,0.0088861137228345,77,127,0.34094618144048716,0.5839996337890625,dense,-1,3.0,0.10111916582810687,0.0038909912109375,5.136061710986306,0.0,1.0
A_dense_d10_n4000_K200,4000,200,10,0.41753530862004506,0.025760409791071498,0.606689453125,0.031051314904961196,0.5554538084697473,0.008308789739708104,53,128,0.34094618144048716,0.5839996337890625,dense,-1,3.0,0.0765891271795579,0.0226898193359375,3.856736629308261,0.0,1.0
A_dense_d10_n4000_K200,4000,200,10,0.4746961016346186,0.02721148290734113,0.63037109375,0.04151966065910616,0.5882407157969377,0.008542734686000496,75,129,0.34094618144048716,0.5839996337890625,dense,-1,3.0,0.13374992019413146,0.0463714599609375,6.895528884989311,0.0,1.0
A_dense_d10_n4000_K200,4000,200,10,0.3824408531871147,0.025290395981753814,0.574951171875,0.033235913147696756,0.59432254180557,0.008356206333095903,68,130,0.34094618144048716,0.5839996337890625,dense,-1,3.0,0.04149467174662752,-0.0090484619140625,4.418503691044968,1.0,1.0
A_dense_d10_n4000_K200,4000,200,10,0.39867931573818266,0.024472703560448904,0.570556640625,0.0316327931612762,0.5732848861061727,0.008475261087797455,67,131,0.34094618144048716,0.5839996337890625,dense,-1,3.0,0.0577331342976955,-0.0134429931640625,4.0025344127363285,0.0,1.0
A_dense_d10_n4000_K200,4000,200,10,0.43061997338096036,0.026585785331520277,0.59375,0.03288213400535604,0.5800163037765871,0.008773917160053395,64,132,0.34094618144048716,0.5839996337890625,dense,-1,3.0,0.0896737919404732,0.0097503662109375,4.324938946984769,0.0,1.0
A_dense_d10_n4000_K200,4000,200,10,0.3955750609385565,0.0252346486136203,0.59423828125,0.03708187415038497,0.5436393313139837,0.007963697952610076,61,133,0.34094618144048716,0.5839996337890625,dense,-1,3.0,0.05462887949806933,0.0102386474609375,5.500261562019956,0.0,1.0
A_dense_d10_n4000_K200,4000,200,10,0.44024449140596045,0.02464511927167043,0.59619140625,0.0351357210323559,0.5683818722819194,0.008381788693517397,59,134,0.34094618144048716,0.5839996337890625,dense,-1,3.0,0.09929830996547329,0.0121917724609375,4.9380755698541465,0.0,1.0
A_dense_d10_n4000_K200,4000,200,10,0.4734211722625786,0.02587033822765331,0.6123046875,0.032569454879811624,0.5671149389798364,0.008437332282995794,62,135,0.34094618144048716,0.5839996337890625,dense,-1,3.0,0.13247499082209147,0.0283050537109375,4.24307756467234,0.0,1.0
A_dense_d10_n4000_K200,4000,200,10,0.3832140291815937,0.026239923925668197,0.5855712890625,0.03674148668802881,0.5929915654098529,0.00830831633210895,63,136,0.34094618144048716,0.5839996337890625,dense,-1,3.0,0.042267847741106535,0.0015716552734375,5.399747376186394,1.0,1.0
A_dense_d10_n4000_K200,4000,200,10,0.4354622312346246,0.0282770417080611,0.6456298828125,0.035232158822305494,0.5702015832208716,0.008171286998998377,61,137,0.34094618144048716,0.5839996337890625,dense,-1,3.0,0.09451604979413741,0.0616302490234375,4.965220061120636,0.0,1.0
A_dense_d10_n4000_K200,4000,200,10,0.4186936036000547,0.026365401139696983,0.59130859375,0.03776863352900575,0.527824515274832,0.008556263560942901,73,138,0.34094618144048716,0.5839996337890625,dense,-1,3.0,0.07774742215956754,0.0073089599609375,5.70587871459335,0.0,1.0
A_dense_d10_n4000_K200,4000,200,10,0.4111721478227869,0.02634776162512477,0.5760498046875,0.03675336957206812,0.5764603286027133,0.008268168910097483,73,139,0.34094618144048716,0.5839996337890625,dense,-1,3.0,0.07022596638229972,-0.0079498291015625,5.403240699604091,0.0,1.0
A_dense_d10_n4000_K200,4000,200,10,0.38811464335596474,0.02504222976705644,0.552490234375,0.03051823566123618,0.5141163730418619,0.00847405684576773,59,140,0.34094618144048716,0.5839996337890625,dense,-1,3.0,0.04716846191547758,-0.0315093994140625,3.725450831498991,1.0,1.0
A_dense_d10_n4000_K200,4000,200,10,0.3598744705719974,0.02572267466905162,0.5667724609375,0.0314667228258453,0.5653238472406253,0.008004863643112963,51,141,0.34094618144048716,0.5839996337890625,dense,-1,3.0,0.018928289131510234,-0.0172271728515625,3.9606185815942934,1.0,1.0
A_dense_d10_n4000_K200,4000,200,10,0.38129189515416206,0.02539061406345996,0.57568359375,0.03550900841413582,0.5691376321089683,0.00788290634168503,66,142,0.34094618144048716,0.5839996337890625,dense,-1,3.0,0.0403457137136749,-0.0083160400390625,5.043558714220673,1.0,1.0
A_dense_d10_n4000_K200,4000,200,10,0.3697532508051676,0.02552947300353947,0.5914306640625,0.039220792386396384,0.5318224532558419,0.007625196534493502,65,143,0.34094618144048716,0.5839996337890625,dense,-1,3.0,0.028807069364680415,0.0074310302734375,6.153082221667235,1.0,1.0
A_dense_d10_n4000_K200,4000,200,10,0.4623774497161586,0.0259007939217663,0.585693359375,0.0311970887313828,0.6503966024704223,0.009752818296564303,70,144,0.34094618144048716,0.5839996337890625,dense,-1,3.0,0.12143126827567141,0.0016937255859375,3.8930333812550866,0.0,1.0
A_dense_d10_n4000_K200,4000,200,10,0.4913123347867684,0.02664384166378421,0.6343994140625,0.03412789744618504,0.5484750746212316,0.008618230939767157,56,145,0.34094618144048716,0.5839996337890625,dense,-1,3.0,0.15036615334628123,0.0503997802734375,4.658853536389293,0.0,1.0
A_dense_d10_n4000_K200,4000,200,10,0.42898787865527305,0.02433665670830308,0.572265625,0.037387459767633434,0.573397465038801,0.008371670598770727,71,146,0.34094618144048716,0.5839996337890625,dense,-1,3.0,0.08804169721478589,-0.0117340087890625,5.591288591505634,0.0,1.0
A_dense_d10_n4000_K200,4000,200,10,0.4086189441018465,0.02627898760376636,0.5936279296875,0.03285360395341074,0.5389595026838591,0.008055022772639095,55,147,0.34094618144048716,0.5839996337890625,dense,-1,3.0,0.06767276266135935,0.0096282958984375,4.317437170910264,0.0,1.0
A_dense_d10_n4000_K200,4000,200,10,0.4264346143746085,0.02768223226240389,0.6224365234375,0.040267995432500876,0.5375010067462015,0.007890556300547965,62,148,0.34094618144048716,0.5839996337890625,dense,-1,3.0,0.08548843293412134,0.0384368896484375,6.486045824607645,0.0,1.0
A_dense_d10_n4000_K200,4000,200,10,0.4221414210081246,0.025782962644826452,0.6005859375,0.029511375026212754,0.5684200232772649,0.00864745404039612,56,149,0.34094618144048716,0.5839996337890625,dense,-1,3.0,0.08119523956763741,0.0165863037109375,3.4836850237510952,0.0,1.0
A_dense_d10_n4000_K200,4000,200,10,0.39080007422344587,0.025093393844953904,0.5625,0.037747984987494404,0.5731695979997227,0.008661908036336225,68,150,0.34094618144048716,0.5839996337890625,dense,-1,3.0,0.04985389278295871,-0.0214996337890625,5.699641482464411,0.0,1.0
A_dense_d10_n4000_K200,4000,200,10,0.4466038137828815,0.024917538046521498,0.6019287109375,0.03563114361202052,0.6016272341759925,0.008762272510302156,68,151,0.34094618144048716,0.5839996337890625,dense,-1,3.0,0.10565763234239434,0.0179290771484375,5.078313580401724,0.0,1.0
A_dense_d10_n4000_K200,4000,200,10,0.4138101422688514,0.026782799175144544,0.5926513671875,0.03809385597299182,0.6417851688066692,0.008900405985029508,73,152,0.34094618144048716,0.5839996337890625,dense,-1,3.0,0.07286396082836422,0.0086517333984375,5.8045674515641785,0.0,1.0
A_dense_d10_n4000_K200,4000,200,10,0.45693180227636476,0.027481706665590366,0.626708984375,0.03328477761883948,0.6001901895228695,0.008823060810340958,60,153,0.34094618144048716,0.5839996337890625,dense,-1,3.0,0.1159856208358776,0.0427093505859375,4.43150568454239,0.0,1.0
A_dense_d10_n4000_K200,4000,200,10,0.4873512249802041,0.02705745206770983,0.6348876953125,0.029719022200335926,0.6067867952965494,0.008841919919303463,59,154,0.34094618144048716,0.5839996337890625,dense,-1,3.0,0.14640504353971695,0.0508880615234375,3.5328811221762386,0.0,1.0
A_dense_d10_n4000_K200,4000,200,10,0.41526129127085876,0.02637627676657317,0.58935546875,0.03436719488577327,0.5662861213391551,0.008528188370429466,65,155,0.34094618144048716,0.5839996337890625,dense,-1,3.0,0.0743151098303716,0.0053558349609375,4.724416337266882,0.0,1.0
A_dense_d10_n4000_K200,4000,200,10,0.4405882109886459,0.02614201208505529,0.5814208984375,0.033663608857329205,0.6024110582633282,0.009202363286919367,64,156,0.34094618144048716,0.5839996337890625,dense,-1,3.0,0.09964202954815876,-0.0025787353515625,4.532954245197013,0.0,1.0
A_dense_d10_n4000_K200,4000,200,10,0.4001322296138133,0.026998453377453997,0.6004638671875,0.03545363666252318,0.5134381974767834,0.00816649382639268,65,157,0.34094618144048716,0.5839996337890625,dense,-1,3.0,0.05918604817332612,0.0164642333984375,5.02784141039283,0.0,1.0
A_dense_d10_n4000_K200,4000,200,10,0.4133450186897157,0.02717388354152463,0.5958251953125,0.036538287068252365,0.5596735471113602,0.008555739755580445,63,158,0.34094618144048716,0.5839996337890625,dense,-1,3.0,0.07239883724922852,0.0118255615234375,5.340185687528072,0.0,1.0
A_dense_d10_n4000_K200,4000,200,10,0.40583986199407546,0.025204338841025124,0.57421875,0.032857324370092894,0.5309575925326284,0.008080101311323223,67,159,0.34094618144048716,0.5839996337890625,dense,-1,3.0,0.0648936805535883,-0.0097808837890625,4.318415059046002,0.0,1.0
A_dense_d10_n4000_K200,4000,200,10,0.42361872648042087,0.024275250381463703,0.556884765625,0.03328096524756671,0.572776160876643,0.00890920035528311,69,160,0.34094618144048716,0.5839996337890625,dense,-1,3.0,0.08267254503993371,-0.0271148681640625,4.430490591238973,0.0,1.0
A_dense_d10_n4000_K200,4000,200,10,0.4211706445719546,0.025589336962946116,0.6009521484375,0.02930020905376325,0.6251601024664992,0.008646596520163821,59,161,0.34094618144048716,0.5839996337890625,dense,-1,3.0,0.08022446313146742,0.0169525146484375,3.4340090023769196,0.0,1.0
A_dense_d10_n4000_K200,4000,200,10,0.41908876373517956,0.026141349301233074,0.5928955078125,0.027680438621012427,0.5922735445758373,0.008555035085958044,50,162,0.34094618144048716,0.5839996337890625,dense,-1,3.0,0.0781425822946924,0.0088958740234375,3.0648267290065454,0.0,1.0
A_dense_d10_n4000_K200,4000,200,10,0.39718248147706525,0.026375279928019215,0.5789794921875,0.034267150903460615,0.6187737343151123,0.008457707510807343,73,163,0.34094618144048716,0.5839996337890625,dense,-1,3.0,0.05623630003657809,-0.0050201416015625,4.696950524162167,0.0,1.0
A_dense_d10_n4000_K200,4000,200,10,0.3917850696333508,0.026318491629035073,0.568359375,0.03332929298435854,0.6313753123727589,0.008813534419715252,62,164,0.34094618144048716,0.5839996337890625,dense,-1,3.0,0.05083888819286364,-0.0156402587890625,4.443367083348846,1.0,1.0
A_dense_d10_n4000_K200,4000,200,10,0.41334309094551924,0.027435509328262487,0.56884765625,0.031900895209478225,0.6053162730641507,0.008761716818302755,59,165,0.34094618144048716,0.5839996337890625,dense,-1,3.0,0.07239690950503208,-0.0151519775390625,4.070668460664443,0.0,1.0
A_dense_d10_n4000_K200,4000,200,10,0.41052196422035847,0.025533011104923734,0.563232421875,0.034974434789533104,0.6407933067347945,0.009068125994897898,64,166,0.34094618144048716,0.5839996337890625,dense,-1,3.0,0.06957578277987131,-0.0207672119140625,4.892844355389214,0.0,1.0
A_dense_d10_n4000_K200,4000,200,10,0.39679965913908566,0.02631091034891793,0.6173095703125,0.03413151498372351,0.5385917511903994,0.007759519461087961,58,167,0.34094618144048716,0.5839996337890625,dense,-1,3.0,0.0558534776985985,0.0333099365234375,4.659841260336568,0.0,1.0
A_dense_d10_n4000_K200,4000,200,10,0.4284370238642191,0.025843021879794526,0.594482421875,0.027065178842061745,0.6475844219392283,0.00885806222489446,49,168,0.34094618144048716,0.5839996337890625,dense,-1,3.0,0.08749084242373195,0.0104827880859375,2.9300956230111472,0.0,1.0
A_dense_d10_n4000_K200,4000,200,10,0.41448489179757814,0.02557645377351901,0.5989990234375,0.029585230398649638,0.5633090075144986,0.00834867584822117,53,169,0.34094618144048716,0.5839996337890625,dense,-1,3.0,0.07353871035709098,0.0149993896484375,3.5011434309647305,0.0,1.0
A_dense_d10_n4000_K200,4000,200,10,0.4230559027137806,0.025732847206457857,0.59375,0.037321658201174515,0.5402770036072256,0.008771789030758844,71,170,0.34094618144048716,0.5839996337890625,dense,-1,3.0,0.08210972127329341,0.0097503662109375,5.571624683541188,0.0,1.0
A_dense_d10_n4000_K200,4000,200,10,0.43287650326418614,0.025722083130743804,0.585205078125,0.033389672384063734,0.5780745987897361,0.008954929842588322,68,171,0.34094618144048716,0.5839996337890625,dense,-1,3.0,0.09193032182369898,0.0012054443359375,4.459480887660434,0.0,1.0
A_dense_d10_n4000_K200,4000,200,10,0.4130807929252931,0.028122627006374173,0.599609375,0.038732809378149276,0.5490131280701129,0.008107167195012449,71,172,0.34094618144048716,0.5839996337890625,dense,-1,3.0,0.07213461148480593,0.0156097412109375,6.0009220892961945,0.0,1.0
A_dense_d10_n4000_K200,4000,200,10,0.36496515397789275,0.02467760402718889,0.5484619140625,0.034307732354011904,0.6644004621601255,0.008950990222928812,68,173,0.34094618144048716,0.5839996337890625,dense,-1,3.0,0.024018972537405592,-0.0355377197265625,4.708081997098061,1.0,1.0
A_dense_d10_n4000_K200,4000,200,10,0.405265553778656,0.02617605127448808,0.5816650390625,0.029231621931990415,0.5401183363490091,0.00840169188071442,59,174,0.34094618144048716,0.5839996337890625,dense,-1,3.0,0.06431937233816881,-0.0023345947265625,3.4179508830992917,0.0,1.0
A_dense_d10_n4000_K200,4000,200,10,0.41816553960344527,0.025645750150559966,0.57958984375,0.037630940969631446,0.6335003166543549,0.008702546931647294,75,175,0.34094618144048716,0.5839996337890625,dense,-1,3.0,0.07721935816295811,-0.0044097900390625,5.664350873039546,0.0,1.0
A_dense_d10_n4000_K200,4000,200,10,0.39274971478652176,0.0257061568253001,0.5740966796875,0.035334191596109905,0.5737232195815243,0.008171669397102994,62,176,0.34094618144048716,0.5839996337890625,dense,-1,3.0,0.0518035333460346,-0.0099029541015625,4.9940203830024155,0.0,1.0
A_dense_d10_n4000_K200,4000,200,10,0.4390119864608616,0.026697576128347136,0.612548828125,0.02952289235666544,0.6021433244629677,0.008460560552004412,53,177,0.34094618144048716,0.5839996337890625,dense,-1,3.0,0.09806580502037443,0.0285491943359375,3.4864046924130183,0.0,1.0
A_dense_d10_n4000_K200,4000,200,10,0.4060136944777394,0.025976278966577056,0.6025390625,0.0412665564751977,0.5762023244763781,0.008134759086431197,74,178,0.34094618144048716,0.5839996337890625,dense,-1,3.0,0.06506751303725222,0.0185394287109375,6.811714733282724,0.0,1.0
A_dense_d10_n4000_K200,4000,200,10,0.4031447918627794,0.026189078833414803,0.601318359375,0.03158201380742332,0.623028983723416,0.008652096377449922,60,179,0.34094618144048716,0.5839996337890625,dense,-1,3.0,0.062198610422292244,0.0173187255859375,3.9896943845291095,0.0,1.0
A_dense_d10_n4000_K200,4000,200,10,0.4224837884080387,0.02565116676742562,0.5980224609375,0.034461770180428695,0.6010024291845222,0.008328868331039619,66,180,0.34094618144048716,0.5839996337890625,dense,-1,3.0,0.08153760696755152,0.0140228271484375,4.750454415874738,0.0,1.0
A_dense_d10_n4000_K200,4000,200,10,0.4799897188381665,0.026766271143927586,0.6263427734375,0.03249532036135254,0.669479202639183,0.009212681123592302,64,181,0.34094618144048716,0.5839996337890625,dense,-1,3.0,0.13904353739767933,0.0423431396484375,4.223783381547732,0.0,1.0
A_dense_d10_n4000_K200,4000,200,10,0.45040165171741087,0.026405109979399138,0.5986328125,0.031389062097713964,0.6562768315297959,0.009145006129050299,63,182,0.34094618144048716,0.5839996337890625,dense,-1,3.0,0.1094554702769237,0.0146331787109375,3.941092877496574,0.0,1.0
A_dense_d10_n4000_K200,4000,200,10,0.3954755858047083,0.025660836835976145,0.597900390625,0.035655857094104015,0.5574442802053733,0.008193471413109778,66,183,0.34094618144048716,0.5839996337890625,dense,-1,3.0,0.05452940436422116,0.0139007568359375,5.08536058046067,0.0,1.0
A_dense_d10_n4000_K200,4000,200,10,0.40285140205445863,0.026651181599314563,0.5955810546875,0.03913458099191273,0.6009054494779252,0.00856124702884875,76,184,0.34094618144048716,0.5839996337890625,dense,-1,3.0,0.06190522061397147,0.0115814208984375,6.126061717650307,0.0,1.0
A_dense_d10_n4000_K200,4000,200,10,0.4112473066466127,0.02489292041171133,0.582275390625,0.03534038627235473,0.5918405419706178,0.00875537921080537,64,185,0.34094618144048716,0.5839996337890625,dense,-1,3.0,0.07030112520612553,-0.0017242431640625,4.9957716075169545,0.0,1.0
A_dense_d10_n4000_K200,4000,200,10,0.44741747177682695,0.026976027283651078,0.616455078125,0.036827985712968664,0.5628584703455922,0.0080560348154369,66,186,0.34094618144048716,0.5839996337890625,dense,-1,3.0,0.10647129033633979,0.0324554443359375,5.425202126698496,0.0,1.0
A_dense_d10_n4000_K200,4000,200,10,0.4066688611594517,0.02499106733622711,0.5753173828125,0.02846378080470651,0.5402548647295363,0.008396033768404516,58,187,0.34094618144048716,0.5839996337890625,dense,-1,3.0,0.06572267971896456,-0.0086822509765625,3.240747270793515,0.0,1.0
A_dense_d10_n4000_K200,4000,200,10,0.43244113540359996,0.02573196120562094,0.6016845703125,0.030379307868444626,0.6007879556778346,0.008564508939318812,63,188,0.34094618144048716,0.5839996337890625,dense,-1,3.0,0.0914949539631128,0.0176849365234375,3.691609386262966,0.0,1.0
A_dense_d10_n4000_K200,4000,200,10,0.4412279456861888,0.02723612085793304,0.6060791015625,0.031860861789822115,0.5751704507402763,0.008543008224427932,61,189,0.34094618144048716,0.5839996337890625,dense,-1,3.0,0.10028176424570162,0.0220794677734375,4.060458055960587,0.0,1.0
A_dense_d10_n4000_K200,4000,200,10,0.4205492331448847,0.027841392405174397,0.61328125,0.03577230003339551,0.5775575330674599,0.008322948816579372,59,190,0.34094618144048716,0.5839996337890625,dense,-1,3.0,0.07960305170439752,0.0292816162109375,5.118629798717073,0.0,1.0
A_dense_d10_n4000_K200,4000,200,10,0.3971711173861141,0.025767633987915897,0.6015625,0.036223440380287596,0.5783467572908295,0.008377270398392292,69,191,0.34094618144048716,0.5839996337890625,dense,-1,3.0,0.05622493594562694,0.0175628662109375,5.248550531937,0.0,1.0
A_dense_d10_n4000_K200,4000,200,10,0.3963630666562815,0.024838269036584974,0.56640625,0.03304828491153644,0.663025352051227,0.00885554238740057,66,192,0.34094618144048716,0.5839996337890625,dense,-1,3.0,0.055416885215794354,-0.0175933837890625,4.368756542376349,0.0,1.0
A_dense_d10_n4000_K200,4000,200,10,0.4215592393780475,0.026758724337025676,0.603271484375,0.035250046331175074,0.569304928528947,0.00815320017740797,58,193,0.34094618144048716,0.5839996337890625,dense,-1,3.0,0.08061305793756035,0.0192718505859375,4.970263065399957,0.0,1.0
A_dense_d10_n4000_K200,4000,200,10,0.48962355026775667,0.02634784414274307,0.6146240234375,0.02823707933653497,0.6462938688373014,0.00901465849743482,50,194,0.34094618144048716,0.5839996337890625,dense,-1,3.0,0.1486773688272695,0.0306243896484375,3.1893305978310806,0.0,1.0
A_dense_d10_n4000_K200,4000,200,10,0.3942747539320609,0.025330881036919887,0.572998046875,0.03422205947596467,0.5628070634094597,0.008054830402382007,60,195,0.34094618144048716,0.5839996337890625,dense,-1,3.0,0.053328572491573745,-0.0110015869140625,4.684597419105853,0.0,1.0
A_dense_d10_n4000_K200,4000,200,10,0.40802686525364107,0.026647771243194136,0.5941162109375,0.03673249551593315,0.5626357184620498,0.008371797582166692,63,196,0.34094618144048716,0.5839996337890625,dense,-1,3.0,0.06708068381315391,0.0101165771484375,5.397104907312195,0.0,1.0
A_dense_d10_n4000_K200,4000,200,10,0.40208287556682987,0.02479406675765592,0.56787109375,0.0326069271600679,0.5392189585872824,0.008328025105173971,65,197,0.34094618144048716,0.5839996337890625,dense,-1,3.0,0.061136694126342706,-0.0161285400390625,4.252846795287894,0.0,1.0
A_dense_d10_n4000_K200,4000,200,10,0.4001973397462086,0.025062893184275396,0.5838623046875,0.03781185094698115,0.5565106782299611,0.008107256019133851,67,198,0.34094618144048716,0.5839996337890625,dense,-1,3.0,0.05925115830572142,-0.0001373291015625,5.718944288146877,0.0,1.0
A_dense_d10_n4000_K200,4000,200,10,0.43353990059141856,0.0259950995899482,0.626953125,0.03169847157714638,0.6098861341154257,0.008509369586813392,57,199,0.34094618144048716,0.5839996337890625,dense,-1,3.0,0.0925937191509314,0.0429534912109375,4.019172401308627,0.0,1.0
A_dense_d50_n1000_K50,1000,50,50,0.4079923842439756,0.06555796590914374,0.6007080078125,0.0784018051705746,0.8095908051130412,0.00756821400996578,73,0,0.33960013695911856,0.58599853515625,dense,-1,3.0,0.06839224728485704,0.01470947265625,6.146843054004738,1.0,1.0
A_dense_d50_n1000_K50,1000,50,50,0.43764336205628057,0.06497005253805674,0.5643310546875,0.0572064656335481,0.9264912924610272,0.008959128367373797,70,1,0.33960013695911856,0.58599853515625,dense,-1,3.0,0.09804322509716201,-0.02166748046875,3.27257971028232,1.0,1.0
A_dense_d50_n1000_K50,1000,50,50,0.4191386518510509,0.07322578468044874,0.639892578125,0.0830378754028307,0.8518113524787991,0.006868712483770515,72,2,0.33960013695911856,0.58599853515625,dense,-1,3.0,0.07953851489193237,0.05389404296875,6.895288751416036,1.0,1.0
A_dense_d50_n1000_K50,1000,50,50,0.5810245629539059,0.07659842602132227,0.732421875,0.06672242200764526,0.8518104573055802,0.007403284083437364,57,3,0.33960013695911856,0.58599853515625,dense,-1,3.0,0.24142442599478736,0.14642333984375,4.451881598566304,0.0,0.0
A_dense_d50_n1000_K50,1000,50,50,0.4842824292180239,0.07168184143947928,0.6610107421875,0.06442013288980857,0.7151871489878924,0.0077311823898936986,54,4,0.33960013695911856,0.58599853515625,dense,-1,3.0,0.14468229225890533,0.07501220703125,4.149953521540595,0.0,1.0
A_dense_d50_n1000_K50,1000,50,50,0.46162166754297573,0.06601755203541523,0.59912109375,0.05879970232554945,0.8439978881099608,0.008701474189935809,70,5,0.33960013695911856,0.58599853515625,dense,-1,3.0,0.12202153058385717,0.01312255859375,3.4574049935732254,1.0,1.0
A_dense_d50_n1000_K50,1000,50,50,0.4706175789694803,0.07318118972608761,0.6639404296875,0.08106934427115621,0.8483599223448337,0.007190830060560398,60,6,0.33960013695911856,0.58599853515625,dense,-1,3.0,0.13101744201036175,0.07794189453125,6.572238580555248,1.0,1.0
A_dense_d50_n1000_K50,1000,50,50,0.5043476876863381,0.07543978101820177,0.6627197265625,0.05245802573390405,0.8756062381615286,0.007902309421711669,53,7,0.33960013695911856,0.58599853515625,dense,-1,3.0,0.16474755072721953,0.07672119140625,2.751844463898939,0.0,1.0
A_dense_d50_n1000_K50,1000,50,50,0.41763371206447836,0.06616782219779486,0.5831298828125,0.06120489858124763,0.8330223283797475,0.00820188665236637,59,8,0.33960013695911856,0.58599853515625,dense,-1,3.0,0.0780335751053598,-0.00286865234375,3.746039610340808,1.0,1.0
A_dense_d50_n1000_K50,1000,50,50,0.40024522859663536,0.062423008491184186,0.583740234375,0.07700886906027617,0.7923814594778092,0.008095954675092314,86,9,0.33960013695911856,0.58599853515625,dense,-1,3.0,0.0606450916375168,-0.00225830078125,5.93036591394276,1.0,1.0
A_dense_d50_n1000_K50,1000,50,50,0.5435538774262401,0.06635337861301464,0.700927734375,0.05145861453492414,0.8363354738759259,0.007625252810577681,54,10,0.33960013695911856,0.58599853515625,dense,-1,3.0,0.2039537404671215,0.11492919921875,2.6479890098539056,0.0,0.0
A_dense_d50_n1000_K50,1000,50,50,0.4661571169539658,0.0700741717964464,0.7110595703125,0.07038699032245724,0.7088280633765245,0.0064249344325835595,55,11,0.33960013695911856,0.58599853515625,dense,-1,3.0,0.12655697999484722,0.12506103515625,4.954328406653689,1.0,1.0
A_dense_d50_n1000_K50,1000,50,50,0.5075663630733498,0.06754006578949553,0.6678466796875,0.059856698786413906,0.8581630988369093,0.0077662637556104065,56,12,0.33960013695911856,0.58599853515625,dense,-1,3.0,0.16796622611423123,0.08184814453125,3.582824389607484,0.0,1.0
A_dense_d50_n1000_K50,1000,50,50,0.587361394040633,0.07340847085925546,0.65869140625,0.06374037690994057,0.8817418458051002,0.009139837194073916,67,13,0.33960013695911856,0.58599853515625,dense,-1,3.0,0.24776125708151447,0.07269287109375,4.062835648621285,0.0,1.0
A_dense_d50_n1000_K50,1000,50,50,0.6415180893221418,0.07831316197050679,0.7080078125,0.0632455599406403,0.935268137802232,0.008846971704363887,58,14,0.33960013695911856,0.58599853515625,dense,-1,3.0,0.30191795236302327,0.12200927734375,4.000000852205124,0.0,1.0
A_dense_d50_n1000_K50,1000,50,50,0.5111097872627073,0.06667781539188736,0.6492919921875,0.07151825061216721,0.8724281785038742,0.008296644315182363,76,15,0.33960013695911856,0.58599853515625,dense,-1,3.0,0.17150965030358872,0.06329345703125,5.114860170624755,0.0,1.0
A_dense_d50_n1000_K50,1000,50,50,0.5438371424691851,0.06953143988030136,0.62158203125,0.05683797768155406,0.9288572150196313,0.009299857553754495,64,16,0.33960013695911856,0.58599853515625,dense,-1,3.0,0.20423700551006657,0.03558349609375,3.2305557069288375,0.0,1.0
A_dense_d50_n1000_K50,1000,50,50,0.5820764380935578,0.07125415551048633,0.6884765625,0.054626221303076365,0.9690163189345296,0.008491056265457991,57,17,0.33960013695911856,0.58599853515625,dense,-1,3.0,0.24247630113443924,0.10247802734375,2.984024053852674,0.0,1.0
A_dense_d50_n1000_K50,1000,50,50,0.5097058889724011,0.07340447381412796,0.644775390625,0.05701615073243256,0.9237305806860838,0.008327215979181677,57,18,0.33960013695911856,0.58599853515625,dense,-1,3.0,0.17010575201328254,0.05877685546875,3.25084144434347,0.0,1.0
A_dense_d50_n1000_K50,1000,50,50,0.43502687185332783,0.07127270301955194,0.59423828125,0.06283691070114379,0.8262696584387351,0.008307460599025884,61,19,0.33960013695911856,0.58599853515625,dense,-1,3.0,0.09542673489420928,0.00823974609375,3.948477346463519,1.0,1.0
A_dense_d50_n1000_K50,1000,50,50,0.5627388051555213,0.07294733067619846,0.68310546875,0.054437641286512246,0.9020751127504804,0.00825872183204931,56,20,0.33960013695911856,0.58599853515625,dense,-1,3.0,0.22313866819640277,0.09710693359375,2.9634567888389824,0.0,1.0
A_dense_d50_n1000_K50,1000,50,50,0.37223617069458753,0.06561812524305687,0.6051025390625,0.06738951735891464,0.7005229262315705,0.006912323380777411,68,21,0.33960013695911856,0.58599853515625,dense,-1,3.0,0.03263603373546897,0.01910400390625,4.541347049867459,1.0,1.0
A_dense_d50_n1000_K50,1000,50,50,0.5410974215977638,0.0783618017033694,0.7275390625,0.06293667235182349,0.824048752367843,0.007043281428768874,45,22,0.33960013695911856,0.58599853515625,dense,-1,3.0,0.2014972846386452,0.14154052734375,3.961024726720783,0.0,0.0
A_dense_d50_n1000_K50,1000,50,50,0.6743287697386269,0.07351740557974637,0.7218017578125,0.06180938682734529,0.9659237992684736,0.008920481180614092,64,23,0.33960013695911856,0.58599853515625,dense,-1,3.0,0.3347286327795083,0.13580322265625,3.820400299972406,0.0,0.0
A_dense_d50_n1000_K50,1000,50,50,0.44298341866894053,0.07563139782114427,0.66357421875,0.06555191131099464,0.8552285359515249,0.006958027726619891,54,24,0.33960013695911856,0.58599853515625,dense,-1,3.0,0.10338328170982197,0.07757568359375,4.297053076524507,1.0,1.0
A_dense_d50_n1000_K50,1000,50,50,0.4773311429622227,0.07082466085135895,0.6639404296875,0.06969597776335322,0.9113874667076795,0.007292610392543304,54,25,0.33960013695911856,0.58599853515625,dense,-1,3.0,0.13773100600310412,0.07794189453125,4.857529316389827,1.0,1.0
A_dense_d50_n1000_K50,1000,50,50,0.4432334644986259,0.06551318799051278,0.574462890625,0.05054308687373641,0.8247852479081443,0.008900589958839605,63,26,0.33960013695911856,0.58599853515625,dense,-1,3.0,0.10363332753950733,-0.01153564453125,2.5546036307260658,1.0,1.0
A_dense_d50_n1000_K50,1000,50,50,0.5133945204928319,0.07205776000060982,0.630859375,0.053036069153333656,0.841090298750925,0.00887247133929292,53,27,0.33960013695911856,0.58599853515625,dense,-1,3.0,0.1737943835337133,0.04486083984375,2.81282463123719,0.0,1.0
A_dense_d50_n1000_K50,1000,50,50,0.45531793905869555,0.07192926574268124,0.6734619140625,0.06910511877959641,0.8191251203463473,0.0069658894013012035,56,28,0.33960013695911856,0.58599853515625,dense,-1,3.0,0.115717802099577,0.08746337890625,4.775517441542128,1.0,1.0
A_dense_d50_n1000_K50,1000,50,50,0.4469117521599354,0.06590122326858766,0.6585693359375,0.06528455836274202,0.7899139040300691,0.007141752785400647,57,29,0.33960013695911856,0.58599853515625,dense,-1,3.0,0.10731161520081683,0.07257080078125,4.26207356061827,1.0,1.0
A_dense_d50_n1000_K50,1000,50,50,0.3512316946326415,0.05816509184752301,0.5443115234375,0.06910763382760551,0.760080156656281,0.007763867242570543,67,30,0.33960013695911856,0.58599853515625,dense,-1,3.0,0.011631557673522919,-0.04168701171875,4.7758650532504054,1.0,1.0
A_dense_d50_n1000_K50,1000,50,50,0.564799127473819,0.07140808408747178,0.6875,0.05003266750807999,0.8382201716765729,0.008199053086111671,56,31,0.33960013695911856,0.58599853515625,dense,-1,3.0,0.22519899051470044,0.10150146484375,2.5032678179740833,0.0,0.0
A_dense_d50_n1000_K50,1000,50,50,0.6055656194974771,0.07732096816257991,0.689697265625,0.056951673286122745,0.9567327232107858,0.008651728430278229,64,32,0.33960013695911856,0.58599853515625,dense,-1,3.0,0.26596548253835856,0.10369873046875,3.243493090089267,0.0,1.0
A_dense_d50_n1000_K50,1000,50,50,0.5887972962988453,0.07254102507833149,0.7244873046875,0.05166145253410378,0.8379426643629828,0.007837444345916383,42,33,0.33960013695911856,0.58599853515625,dense,-1,3.0,0.2491971593397267,0.13848876953125,2.668905677933458,0.0,0.0
A_dense_d50_n1000_K50,1000,50,50,0.5890250388447498,0.0799092084122641,0.6976318359375,0.06033633880931842,0.9279093527490796,0.008173552574937692,56,34,0.33960013695911856,0.58599853515625,dense,-1,3.0,0.2494249018856312,0.11163330078125,3.640473780912864,0.0,1.0
A_dense_d50_n1000_K50,1000,50,50,0.4644726395771708,0.07089377385213515,0.647705078125,0.0803769522908893,0.7472689535267087,0.007489264597964735,70,35,0.33960013695911856,0.58599853515625,dense,-1,3.0,0.12487250261805222,0.06170654296875,6.460454459571895,1.0,1.0
A_dense_d50_n1000_K50,1000,50,50,0.4472631640517648,0.0656821228342538,0.619873046875,0.06227057050179233,0.7415128143455973,0.007811600277188639,69,36,0.33960013695911856,0.58599853515625,dense,-1,3.0,0.10766302709264625,0.03387451171875,3.8776239506186885,1.0,1.0
A_dense_d50_n1000_K50,1000,50,50,0.529769247692814,0.06947740105642086,0.6934814453125,0.06009540794889631,0.7694894479360785,0.007505484548569453,53,37,0.33960013695911856,0.58599853515625,dense,-1,3.0,0.1901691107336954,0.10748291015625,3.6114580565442704,0.0,1.0
A_dense_d50_n1000_K50,1000,50,50,0.5874589175041387,0.07548077917321505,0.6943359375,0.052079476870262806,0.9185005834641452,0.008181960241912532,51,38,0.33960013695911856,0.58599853515625,dense,-1,3.0,0.24785878054502014,0.10833740234375,2.7122719110802387,0.0,0.0
A_dense_d50_n1000_K50,1000,50,50,0.5007381837942155,0.07393152948195274,0.6927490234375,0.06645182814065669,0.8023284941347592,0.007205673367239526,54,39,0.33960013695911856,0.58599853515625,dense,-1,3.0,0.16113804683509697,0.10675048828125,4.415845463235372,0.0,1.0
A_dense_d50_n1000_K50,1000,50,50,0.5714936007364748,0.07101644212358858,0.6817626953125,0.05861945603810609,0.943643231608919,0.008180852635728202,62,40,0.33960013695911856,0.58599853515625,dense,-1,3.0,0.23189346377735626,0.09576416015625,3.4362406262034524,0.0,1.0
A_dense_d50_n1000_K50,1000,50,50,0.5246847520945555,0.07267963272376274,0.6976318359375,0.06316046912786268,0.8237954963473669,0.007328689650520497,61,41,0.33960013695911856,0.58599853515625,dense,-1,3.0,0.1850846151354369,0.11163330078125,3.9892448604516946,0.0,1.0
A_dense_d50_n1000_K50,1000,50,50,0.54352024961609,0.0710355648684532,0.6932373046875,0.05674280532325958,0.8519094879077503,0.007814373881516016,53,42,0.33960013695911856,0.58599853515625,dense,-1,3.0,0.20392011265697146,0.10723876953125,3.2197459559533357,0.0,1.0
A_dense_d50_n1000_K50,1000,50,50,0.5715842013956175,0.08273783504390268,0.7047119140625,0.06696654222754476,0.9408034119422829,0.007985203117753735,54,43,0.33960013695911856,0.58599853515625,dense,-1,3.0,0.23198406443649894,0.11871337890625,4.484517777913536,0.0,1.0
A_dense_d50_n1000_K50,1000,50,50,0.6741121228906028,0.07543557462718094,0.717529296875,0.06252066180586216,1.029999188039637,0.00885115251069624,68,44,0.33960013695911856,0.58599853515625,dense,-1,3.0,0.3345119859314843,0.13153076171875,3.9088331526429916,0.0,0.0
A_dense_d50_n1000_K50,1000,50,50,0.41987676018794895,0.06523623439154971,0.6248779296875,0.07297248566681472,0.7537414097635295,0.007225473196918425,63,45,0.33960013695911856,0.58599853515625,dense,-1,3.0,0.08027662322883039,0.03887939453125,5.324983664393479,1.0,1.0
A_dense_d50_n1000_K50,1000,50,50,0.5495312305259349,0.06860924183900176,0.626220703125,0.0595015215258605,0.8709936440152078,0.009353772527975056,70,46,0.33960013695911856,0.58599853515625,dense,-1,3.0,0.20993109356681633,0.04022216796875,3.540431063892441,0.0,1.0
A_dense_d50_n1000_K50,1000,50,50,0.5105897089571463,0.06766467630141879,0.628662109375,0.06881959860048359,0.8932880439585894,0.008571130116957329,75,47,0.33960013695911856,0.58599853515625,dense,-1,3.0,0.17098957199802772,0.04266357421875,4.736137151531683,0.0,1.0
A_dense_d50_n1000_K50,1000,50,50,0.47113557851571186,0.0715844318294343,0.693603515625,0.06528045208017509,0.7918693681128833,0.006729422609592847,52,48,0.33960013695911856,0.58599853515625,dense,-1,3.0,0.1315354415565933,0.10760498046875,4.261537423792037,1.0,1.0
A_dense_d50_n1000_K50,1000,50,50,0.4931920425871985,0.07298265757258728,0.672607421875,0.06312657259391499,0.8773682621590169,0.007599311713263366,57,49,0.33960013695911856,0.58599853515625,dense,-1,3.0,0.15359190562807995,0.08660888671875,3.9849641674548195,0.0,1.0
A_dense_d50_n1000_K50,1000,50,50,0.4843914114553779,0.06864562103364091,0.5938720703125,0.06514226205200285,0.8636092646964717,0.009145008394168812,73,50,0.33960013695911856,0.58599853515625,dense,-1,3.0,0.14479127449625934,0.00787353515625,4.243514305251811,0.0,1.0
A_dense_d50_n1000_K50,1000,50,50,0.5137557559724155,0.07181231603120851,0.6971435546875,0.0742379502516722,0.8637019270712557,0.0073024033466704205,61,51,0.33960013695911856,0.58599853515625,dense,-1,3.0,0.17415561901329696,0.11114501953125,5.511273257569755,0.0,1.0
A_dense_d50_n1000_K50,1000,50,50,0.5304566314024558,0.06881693274348412,0.65380859375,0.06397481494248758,0.886044218504367,0.008384535700981924,67,52,0.33960013695911856,0.58599853515625,dense,-1,3.0,0.19085649444333724,0.06781005859375,4.092776946925532,0.0,1.0
A_dense_d50_n1000_K50,1000,50,50,0.527449526372012,0.07598382113381799,0.7135009765625,0.0657006223114081,0.8391495716631865,0.0071027903867570295,52,53,0.33960013695911856,0.58599853515625,dense,-1,3.0,0.18784938941289347,0.12750244140625,4.316571772106295,0.0,1.0
A_dense_d50_n1000_K50,1000,50,50,0.5676558397463858,0.0807576294768498,0.6839599609375,0.07124404608053729,0.8819491828605036,0.008248878102189576,73,54,0.33960013695911856,0.58599853515625,dense,-1,3.0,0.22805570278726722,0.09796142578125,5.075714101925721,0.0,1.0
A_dense_d50_n1000_K50,1000,50,50,0.48818330228291235,0.06596536884399704,0.608642578125,0.03971339551828311,0.8701289665191304,0.00899319889916099,43,55,0.33960013695911856,0.58599853515625,dense,-1,3.0,0.1485831653237938,0.02264404296875,1.577153783591589,0.0,1.0
A_dense_d50_n1000_K50,1000,50,50,0.6322813359589126,0.07387610032130529,0.68896484375,0.05308962178753558,1.0318371852192834,0.008940334519257877,56,56,0.33960013695911856,0.58599853515625,dense,-1,3.0,0.292681198999794,0.10296630859375,2.8185079415435728,0.0,1.0
A_dense_d50_n1000_K50,1000,50,50,0.5426611382725104,0.07471978740248408,0.672119140625,0.0744407675006137,0.8940150401650087,0.008079508202577251,69,57,0.33960013695911856,0.58599853515625,dense,-1,3.0,0.20306100131339183,0.08612060546875,5.541427866080424,0.0,1.0
A_dense_d50_n1000_K50,1000,50,50,0.5967853719927423,0.07218788511283568,0.67333984375,0.04984450595856248,0.9762384333028339,0.009132985744286814,54,58,0.33960013695911856,0.58599853515625,dense,-1,3.0,0.2571852350336237,0.08734130859375,2.48447477425317,0.0,1.0
A_dense_d50_n1000_K50,1000,50,50,0.6199035201186781,0.07190734174968358,0.7064208984375,0.06086625561951054,0.8756982690238697,0.008471881412798967,59,59,0.33960013695911856,0.58599853515625,dense,-1,3.0,0.28030338315955955,0.12042236328125,3.7047010731395984,0.0,0.0
A_dense_d50_n1000_K50,1000,50,50,0.4596999858749017,0.06950077289215971,0.603759765625,0.060231852605416636,0.9363142843208194,0.008482072146670514,60,60,0.33960013695911856,0.58599853515625,dense,-1,3.0,0.12009984891578313,0.01776123046875,3.627876068280635,1.0,1.0
A_dense_d50_n1000_K50,1000,50,50,0.5258508295806913,0.07087704953346483,0.6781005859375,0.05985707092480942,0.7970236627112592,0.007822707993986981,56,61,0.33960013695911856,0.58599853515625,dense,-1,3.0,0.18625069262157273,0.09210205078125,3.5828689396976654,0.0,1.0
A_dense_d50_n1000_K50,1000,50,50,0.4376509566066055,0.06516638205306266,0.57080078125,0.050437873983262445,0.8113673915752404,0.008822071456388242,57,62,0.33960013695911856,0.58599853515625,dense,-1,3.0,0.09805081964748696,-0.01519775390625,2.543979131951463,1.0,1.0
A_dense_d50_n1000_K50,1000,50,50,0.5920219601534105,0.0716836866457243,0.6488037109375,0.049685936351455906,0.9856935629700038,0.00941990337575965,54,63,0.33960013695911856,0.58599853515625,dense,-1,3.0,0.2524218231942919,0.06280517578125,2.4686922711209274,0.0,1.0
A_dense_d50_n1000_K50,1000,50,50,0.45968218969393143,0.0627028380181319,0.619873046875,0.05759957021967514,0.8013962946762203,0.008130270156031044,66,64,0.33960013695911856,0.58599853515625,dense,-1,3.0,0.12008205273481287,0.03387451171875,3.3177104894912874,1.0,1.0
A_dense_d50_n1000_K50,1000,50,50,0.3966068201362642,0.06567598953021159,0.572998046875,0.057121189055281345,0.7873911441270799,0.008278841794204237,68,65,0.33960013695911856,0.58599853515625,dense,-1,3.0,0.057006683177145634,-0.01300048828125,3.2628302390891935,1.0,1.0
A_dense_d50_n1000_K50,1000,50,50,0.5642064828669504,0.07286996383349953,0.6529541015625,0.0434535794617526,0.8578730989878286,0.008866368147365446,44,66,0.33960013695911856,0.58599853515625,dense,-1,3.0,0.22460634590783185,0.06695556640625,1.8882135680388474,0.0,1.0
A_dense_d50_n1000_K50,1000,50,50,0.393828172071103,0.05887483470102109,0.5355224609375,0.06246805170913131,0.7641532487074807,0.00891455687425696,75,67,0.33960013695911856,0.58599853515625,dense,-1,3.0,0.05422803511198443,-0.05047607421875,3.9022574843347035,1.0,1.0
A_dense_d50_n1000_K50,1000,50,50,0.6118814667482283,0.072533580737439,0.7003173828125,0.07215535617038916,0.9015459683354136,0.008417672438300175,70,68,0.33960013695911856,0.58599853515625,dense,-1,3.0,0.27228132978910974,0.11431884765625,5.206395424075718,0.0,1.0
A_dense_d50_n1000_K50,1000,50,50,0.46092065026637635,0.06548050395746789,0.607177734375,0.048725219606448995,0.8635872652770565,0.00821280367967188,58,69,0.33960013695911856,0.58599853515625,dense,-1,3.0,0.1213205133072578,0.02117919921875,2.3741470256966815,1.0,1.0
A_dense_d50_n1000_K50,1000,50,50,0.4818688819213668,0.07172733217628426,0.62451171875,0.06545576904017124,0.9060129422051014,0.008207914989843886,59,70,0.33960013695911856,0.58599853515625,dense,-1,3.0,0.14226874496224823,0.03851318359375,4.28445770064024,0.0,1.0
A_dense_d50_n1000_K50,1000,50,50,0.5403106147378304,0.0679987929156399,0.6231689453125,0.0502448684096791,0.9496144555060592,0.009284656863288717,60,71,0.33960013695911856,0.58599853515625,dense,-1,3.0,0.20071047777871182,0.03717041015625,2.5245468015059687,0.0,1.0
A_dense_d50_n1000_K50,1000,50,50,0.41721581631700283,0.06962811307445257,0.62890625,0.06288708805850624,0.773606785301073,0.007230352081932797,56,72,0.33960013695911856,0.58599853515625,dense,-1,3.0,0.07761567935788427,0.04290771484375,3.9547858444783177,1.0,1.0
A_dense_d50_n1000_K50,1000,50,50,0.5848106945518808,0.06969383647371831,0.6358642578125,0.04506438917595765,0.9571627433234544,0.009792010288852007,52,73,0.33960013695911856,0.58599853515625,dense,-1,3.0,0.24521055759276228,0.04986572265625,2.0307991718021685,0.0,1.0
A_dense_d50_n1000_K50,1000,50,50,0.5105338809328943,0.06613986331635303,0.6134033203125,0.061524622398185846,0.8146374554061043,0.009147081172098533,75,74,0.33960013695911856,0.58599853515625,dense,-1,3.0,0.17093374397377575,0.02740478515625,3.7852791612393517,0.0,1.0
A_dense_d50_n1000_K50,1000,50,50,0.5140149245332233,0.07344597019851544,0.6583251953125,0.05003430165016696,0.8919229717785343,0.007996790193454107,45,75,0.33960013695911856,0.58599853515625,dense,-1,3.0,0.17441478757410472,0.07232666015625,2.5034313416199,0.0,1.0
A_dense_d50_n1000_K50,1000,50,50,0.4632212920843328,0.07033999826503612,0.5992431640625,0.06098773945880783,0.8944292922720173,0.008623247435117823,71,76,0.33960013695911856,0.58599853515625,dense,-1,3.0,0.12362115512521427,0.01324462890625,3.7195043642954255,1.0,1.0
A_dense_d50_n1000_K50,1000,50,50,0.4947120338725595,0.06649370386879472,0.620361328125,0.04983561209306324,0.9390170109306057,0.008745144211220421,54,77,0.33960013695911856,0.58599853515625,dense,-1,3.0,0.15511189691344096,0.03436279296875,2.4835882326902707,0.0,1.0
A_dense_d50_n1000_K50,1000,50,50,0.6524992320874023,0.07967445787538446,0.76806640625,0.05889707844606256,0.9513257806948584,0.007578309475190345,43,78,0.33960013695911856,0.58599853515625,dense,-1,3.0,0.3128990951282838,0.18206787109375,3.4688658494816473,0.0,0.0
A_dense_d50_n1000_K50,1000,50,50,0.6847390990965735,0.0846168251821176,0.795654296875,0.07792941492369726,0.9299838086157008,0.007339446162158053,58,79,0.33960013695911856,0.58599853515625,dense,-1,3.0,0.34513896213745493,0.20965576171875,6.072993710349769,0.0,0.0
A_dense_d50_n1000_K50,1000,50,50,0.5520834719931937,0.07193857318616166,0.715576171875,0.0742432247356905,0.8931295666235788,0.007562629518671252,68,80,0.33960013695911856,0.58599853515625,dense,-1,3.0,0.21248333503407518,0.12957763671875,5.512056419154247,0.0,1.0
A_dense_d50_n1000_K50,1000,50,50,0.5901413178420916,0.0766201031634357,0.6923828125,0.06235568250967163,1.0076613982134777,0.008598802149514249,64,81,0.33960013695911856,0.58599853515625,dense,-1,3.0,0.250541180882973,0.10638427734375,3.888231141246968,0.0,1.0
A_dense_d50_n1000_K50,1000,50,50,0.630389588482767,0.07942513682269088,0.7569580078125,0.07093277517009479,0.9474295707693349,0.0075569644609749,62,82,0.33960013695911856,0.58599853515625,dense,-1,3.0,0.2907894515236485,0.17095947265625,5.031458593331216,0.0,0.0
A_dense_d50_n1000_K50,1000,50,50,0.46827554453321657,0.06897374664462634,0.6187744140625,0.06515247904433956,0.8074923705675968,0.008257620153822065,70,83,0.33960013695911856,0.58599853515625,dense,-1,3.0,0.128675407574098,0.03277587890625,4.244845525623106,1.0,1.0
A_dense_d50_n1000_K50,1000,50,50,0.5485375825259496,0.07131277230265194,0.63525390625,0.05990843601221538,0.9378620821231098,0.00925931744698301,64,84,0.33960013695911856,0.58599853515625,dense,-1,3.0,0.20893744556683108,0.04925537109375,3.589020705429704,0.0,1.0
A_dense_d50_n1000_K50,1000,50,50,0.43403118104016564,0.06839406429796957,0.5770263671875,0.05348070253477741,0.9614075642210934,0.008887263953642267,61,85,0.33960013695911856,0.58599853515625,dense,-1,3.0,0.09443104408104708,-0.00897216796875,2.8601855436133463,1.0,1.0
A_dense_d50_n1000_K50,1000,50,50,0.420558731803072,0.06492193940451044,0.570068359375,0.054498128634954394,0.8190573588150425,0.008484027275168272,61,86,0.33960013695911856,0.58599853515625,dense,-1,3.0,0.08095859484395346,-0.01593017578125,2.9700460247120364,1.0,1.0
A_dense_d50_n1000_K50,1000,50,50,0.5078878120569026,0.07276337216511015,0.634033203125,0.058760653633327095,0.8892990581732,0.00850606734493824,61,87,0.33960013695911856,0.58599853515625,dense,-1,3.0,0.16828767509778403,0.04803466796875,3.452814415415837,0.0,1.0
A_dense_d50_n1000_K50,1000,50,50,0.4823990531570508,0.06595986670748086,0.616455078125,0.05990996783064465,0.86110254373809,0.00851104244108938,75,88,0.33960013695911856,0.58599853515625,dense,-1,3.0,0.14279891619793222,0.03045654296875,3.589204245468877,0.0,1.0
A_dense_d50_n1000_K50,1000,50,50,0.562485281967099,0.07476881819481855,0.6522216796875,0.0510776724482129,0.9476681413374608,0.009087837118107608,55,89,0.33960013695911856,0.58599853515625,dense,-1,3.0,0.22288514500798046,0.06622314453125,2.608928622726927,0.0,1.0
A_dense_d50_n1000_K50,1000,50,50,0.5566691722873641,0.06846135982363755,0.679443359375,0.05359199653960937,0.9187304503932804,0.008352779494372176,51,90,0.33960013695911856,0.58599853515625,dense,-1,3.0,0.21706903532824556,0.09344482421875,2.8721020931015024,0.0,1.0
A_dense_d50_n1000_K50,1000,50,50,0.3847842777697549,0.06767649673133536,0.586669921875,0.06372613587493552,0.8076712480716722,0.00748301091514839,58,91,0.33960013695911856,0.58599853515625,dense,-1,3.0,0.04518414081063632,0.00067138671875,4.061020393550743,1.0,1.0
A_dense_d50_n1000_K50,1000,50,50,0.6136298210652629,0.0757196183200705,0.650634765625,0.05494282060348479,0.9926905573845575,0.009905130101792973,64,92,0.33960013695911856,0.58599853515625,dense,-1,3.0,0.2740296841061443,0.06463623046875,3.018713535866713,0.0,1.0
A_dense_d50_n1000_K50,1000,50,50,0.5289272558017502,0.0709349125567634,0.657958984375,0.05505634543763404,0.8612464269612684,0.008272468819504759,60,93,0.33960013695911856,0.58599853515625,dense,-1,3.0,0.1893271188426316,0.07196044921875,3.0312011729480868,0.0,1.0
A_dense_d50_n1000_K50,1000,50,50,0.5512955624540707,0.07161807176435109,0.6241455078125,0.05681615707236903,0.8787227991901702,0.009592465653644505,62,94,0.33960013695911856,0.58599853515625,dense,-1,3.0,0.21169542549495218,0.03814697265625,3.22807570447211,0.0,1.0
A_dense_d50_n1000_K50,1000,50,50,0.5746032533323933,0.07103860551686839,0.6837158203125,0.05317846536640169,0.8976034662355691,0.008406076575565856,63,95,0.33960013695911856,0.58599853515625,dense,-1,3.0,0.2350031163732747,0.09771728515625,2.827949178725584,0.0,1.0
A_dense_d50_n1000_K50,1000,50,50,0.5380893900617172,0.07147289707617263,0.6121826171875,0.06770841100525252,1.037999330814069,0.009709465055743634,80,96,0.33960013695911856,0.58599853515625,dense,-1,3.0,0.19848925310259863,0.02618408203125,4.5844289208562,0.0,1.0
A_dense_d50_n1000_K50,1000,50,50,0.5409317436449252,0.06989973435968756,0.6685791015625,0.07034854571067324,0.8898838745886585,0.008213936087222465,67,97,0.33960013695911856,0.58599853515625,dense,-1,3.0,0.20133160668580669,0.08258056640625,4.948917883606683,0.0,1.0
A_dense_d50_n1000_K50,1000,50,50,0.6543859380032747,0.07718284100712489,0.6630859375,0.042938574420432925,0.9942952522780596,0.010190646382646914,53,98,0.33960013695911856,0.58599853515625,dense,-1,3.0,0.31478580104415615,0.07708740234375,1.8437211732590566,0.0,1.0
A_dense_d50_n1000_K50,1000,50,50,0.4445776431572418,0.06775701438351506,0.627197265625,0.05808362008402253,0.7759816714657807,0.007747910910017768,63,99,0.33960013695911856,0.58599853515625,dense,-1,3.0,0.10497750619812324,0.04119873046875,3.373706922065065,1.0,1.0
A_dense_d50_n1000_K50,1000,50,50,0.5592269909838941,0.07560121563538251,0.71630859375,0.05583018900256651,0.8736186505320964,0.007571438965921554,46,100,0.33960013695911856,0.58599853515625,dense,-1,3.0,0.2196268540247755,0.13031005859375,3.1170100040622986,0.0,0.0
A_dense_d50_n1000_K50,1000,50,50,0.5710067693271161,0.06637499104070305,0.6197509765625,0.06014022718592018,1.0024568916425387,0.00971385953405582,74,101,0.33960013695911856,0.58599853515625,dense,-1,3.0,0.23140663236799758,0.03375244140625,3.6168469259740923,0.0,1.0
A_dense_d50_n1000_K50,1000,50,50,0.5771483745331418,0.07012865874849089,0.6741943359375,0.05414192568743392,0.9577627094788628,0.008741697089418566,57,102,0.33960013695911856,0.58599853515625,dense,-1,3.0,0.23754823757402327,0.08819580078125,2.9313481171436173,0.0,1.0
A_dense_d50_n1000_K50,1000,50,50,0.4896081309633962,0.07271297309401588,0.621826171875,0.05711954654963964,0.9629970653210149,0.008695148866744837,65,103,0.33960013695911856,0.58599853515625,dense,-1,3.0,0.15000799400427767,0.03582763671875,3.2626425980364497,0.0,1.0
A_dense_d50_n1000_K50,1000,50,50,0.46455735084525906,0.0676849520244842,0.6077880859375,0.0673104719962543,0.8632577450068439,0.00829609021520454,68,104,0.33960013695911856,0.58599853515625,dense,-1,3.0,0.1249572138861405,0.02178955078125,4.5306996403585345,1.0,1.0
A_dense_d50_n1000_K50,1000,50,50,0.6582399067284302,0.0817809636857446,0.748046875,0.06901774184213949,1.0387302514407066,0.008068678271555068,64,105,0.33960013695911856,0.58599853515625,dense,-1,3.0,0.3186397697693117,0.16204833984375,4.763448688988212,0.0,0.0
A_dense_d50_n1000_K50,1000,50,50,0.5793831070790745,0.07547304380763922,0.6944580078125,0.05053517634190346,0.8754011057208072,0.008269171260465374,47,106,0.33960013695911856,0.58599853515625,dense,-1,3.0,0.23978297011995592,0.10845947265625,2.553804047907279,0.0,0.0
A_dense_d50_n1000_K50,1000,50,50,0.5610274582524664,0.07708332974116218,0.7054443359375,0.059046345285774626,0.8714897209304128,0.007767446600237383,50,107,0.33960013695911856,0.58599853515625,dense,-1,3.0,0.2214273212933478,0.11944580078125,3.4864708916069196,0.0,0.0
A_dense_d50_n1000_K50,1000,50,50,0.5059070929065481,0.0671476308893323,0.5994873046875,0.055712948898792185,0.8886447830404557,0.00946740967595602,72,108,0.33960013695911856,0.58599853515625,dense,-1,3.0,0.16630695594742956,0.01348876953125,3.1039326749994296,0.0,1.0
A_dense_d50_n1000_K50,1000,50,50,0.5156520952131217,0.0710272742046417,0.7010498046875,0.05650942407583237,0.831046264864303,0.007303198794615976,45,109,0.33960013695911856,0.58599853515625,dense,-1,3.0,0.17605195825400316,0.11505126953125,3.193315009382263,0.0,0.0
A_dense_d50_n1000_K50,1000,50,50,0.4893754643471558,0.07582340453367248,0.63916015625,0.06634586408679918,0.7924049486956806,0.008247489387401243,67,110,0.33960013695911856,0.58599853515625,dense,-1,3.0,0.14977532738803723,0.05316162109375,4.40177368142403,0.0,1.0
A_dense_d50_n1000_K50,1000,50,50,0.6365063330323946,0.07548630980394991,0.68603515625,0.047190935641661595,1.0152713011904368,0.009246085137784766,52,111,0.33960013695911856,0.58599853515625,dense,-1,3.0,0.296906196073276,0.10003662109375,2.2269844067354465,0.0,0.0
A_dense_d50_n1000_K50,1000,50,50,0.5630696124080155,0.07765769133558124,0.689697265625,0.0609985483053634,0.9414237210965094,0.008417523408652828,62,112,0.33960013695911856,0.58599853515625,dense,-1,3.0,0.2234694754488969,0.10369873046875,3.720822895361752,0.0,1.0
A_dense_d50_n1000_K50,1000,50,50,0.47435042831800783,0.069798339466676,0.611328125,0.05692691067319685,0.8567723899032572,0.008520446400102997,61,113,0.33960013695911856,0.58599853515625,dense,-1,3.0,0.13475029135888927,0.02532958984375,3.2406731587941335,1.0,1.0
A_dense_d50_n1000_K50,1000,50,50,0.5230080598530364,0.07199224287382541,0.6221923828125,0.050462171763473236,0.9158285157854084,0.009494147062182899,58,114,0.33960013695911856,0.58599853515625,dense,-1,3.0,0.18340792289391789,0.03619384765625,2.5464307790862755,0.0,1.0
A_dense_d50_n1000_K50,1000,50,50,0.436060528255534,0.06770556775214598,0.5933837890625,0.06839830160456518,0.8349048661461907,0.008114068272092862,71,115,0.33960013695911856,0.58599853515625,dense,-1,3.0,0.09646039129641543,0.00738525390625,4.678327662389064,1.0,1.0
A_dense_d50_n1000_K50,1000,50,50,0.5162102000226179,0.06565947581947208,0.6322021484375,0.05666753922177003,0.8420519974349873,0.008785089796877718,56,116,0.33960013695911856,0.58599853515625,dense,-1,3.0,0.1766100630634993,0.04620361328125,3.2112100014508447,0.0,1.0
A_dense_d50_n1000_K50,1000,50,50,0.5869344249029171,0.06681614208840274,0.63720703125,0.04478581520868962,0.8271083086118736,0.009679030651139548,54,117,0.33960013695911856,0.58599853515625,dense,-1,3.0,0.24733428794379858,0.05120849609375,2.0057692439068946,0.0,1.0
A_dense_d50_n1000_K50,1000,50,50,0.4252335175166534,0.07070887323799424,0.635009765625,0.07092777628360104,0.7984681174482576,0.0071406204276465435,69,118,0.33960013695911856,0.58599853515625,dense,-1,3.0,0.08563338055753483,0.04901123046875,5.030749448536559,1.0,1.0
A_dense_d50_n1000_K50,1000,50,50,0.3944007105372082,0.0647007453936372,0.593017578125,0.07025448850048946,0.7479013907917764,0.007505104102536586,77,119,0.33960013695911856,0.58599853515625,dense,-1,3.0,0.05480057357808965,0.00701904296875,4.9356931544654055,1.0,1.0
A_dense_d50_n1000_K50,1000,50,50,0.47462857714193596,0.06690360153165513,0.6048583984375,0.052083413555113776,0.8042771900342873,0.008812428589236592,57,120,0.33960013695911856,0.58599853515625,dense,-1,3.0,0.1350284401828174,0.01885986328125,2.712681967553009,0.0,1.0
A_dense_d50_n1000_K50,1000,50,50,0.6121811230995039,0.07431579500253674,0.699462890625,0.04920850420157969,0.9014050433998351,0.00863111486269138,47,121,0.33960013695911856,0.58599853515625,dense,-1,3.0,0.27258098614038534,0.11346435546875,2.421476885756886,0.0,0.0
A_dense_d50_n1000_K50,1000,50,50,0.5870953682709237,0.07673701168609312,0.755859375,0.07258281186098887,0.8554537417527641,0.0070166919748337764,60,122,0.33960013695911856,0.58599853515625,dense,-1,3.0,0.24749523131180512,0.16986083984375,5.268264577647708,0.0,0.0
A_dense_d50_n1000_K50,1000,50,50,0.5236146270358113,0.07905228344074788,0.7091064453125,0.06121176679611007,0.8521095430793557,0.0071894000014754164,54,123,0.33960013695911856,0.58599853515625,dense,-1,3.0,0.18401449007669274,0.12310791015625,3.746880394301363,0.0,0.0
A_dense_d50_n1000_K50,1000,50,50,0.4640010092986818,0.06700663994665432,0.6046142578125,0.056713165252236894,0.857330370483724,0.008426165646818449,62,124,0.33960013695911856,0.58599853515625,dense,-1,3.0,0.12440087233956326,0.01861572265625,3.2163831129275304,1.0,1.0
A_dense_d50_n1000_K50,1000,50,50,0.38535499518675786,0.06576507294097653,0.5848388671875,0.05766765904542523,0.6754856919644789,0.007403380227235836,60,125,0.33960013695911856,0.58599853515625,dense,-1,3.0,0.045754858227639306,-0.00115966796875,3.3255588997794145,1.0,1.0
A_dense_d50_n1000_K50,1000,50,50,0.5529679699329528,0.07044994870153747,0.6778564453125,0.04688993979854933,0.9292948009727677,0.008331281326085873,56,126,0.33960013695911856,0.58599853515625,dense,-1,3.0,0.21336783297383427,0.09185791015625,2.19866645431158,0.0,1.0
A_dense_d50_n1000_K50,1000,50,50,0.6029177333125171,0.08039147959012295,0.7252197265625,0.05827821310695036,0.9172127210252928,0.00797070233378151,57,127,0.33960013695911856,0.58599853515625,dense,-1,3.0,0.2633175963533985,0.13922119140625,3.396350122939121,0.0,0.0
A_dense_d50_n1000_K50,1000,50,50,0.5884232775100138,0.0737281434624844,0.6551513671875,0.060267572883479587,0.9557383763054651,0.009342776693600764,71,128,0.33960013695911856,0.58599853515625,dense,-1,3.0,0.24882314055089522,0.06915283203125,3.6321803412655242,0.0,1.0
A_dense_d50_n1000_K50,1000,50,50,0.5051748987721533,0.06681907938404517,0.631591796875,0.05451322741612689,0.8147891282931101,0.008689223361761535,60,129,0.33960013695911856,0.58599853515625,dense,-1,3.0,0.1655747618130347,0.04559326171875,2.9716919633223684,0.0,1.0
A_dense_d50_n1000_K50,1000,50,50,0.4158668828637111,0.060598486469493486,0.557861328125,0.05041237960566464,0.8814667145195625,0.008801687005710778,54,130,0.33960013695911856,0.58599853515625,dense,-1,3.0,0.07626674590459254,-0.02813720703125,2.5414080175056317,1.0,1.0
A_dense_d50_n1000_K50,1000,50,50,0.5939138791984786,0.06890421496116486,0.6219482421875,0.04988314932786554,0.968705255654089,0.010323679296713443,60,131,0.33960013695911856,0.58599853515625,dense,-1,3.0,0.25431374223936004,0.03594970703125,2.4883285868661327,0.0,1.0
A_dense_d50_n1000_K50,1000,50,50,0.534960893535315,0.07243607327587837,0.6834716796875,0.06360361860971063,0.7512926393898276,0.007884353000546223,60,132,0.33960013695911856,0.58599853515625,dense,-1,3.0,0.1953607565761964,0.09747314453125,4.045420300249528,0.0,1.0
A_dense_d50_n1000_K50,1000,50,50,0.6436435159347124,0.07325253971942754,0.6556396484375,0.045111131378823985,0.9944975381854736,0.010099153977406428,55,133,0.33960013695911856,0.58599853515625,dense,-1,3.0,0.3040433789755938,0.06964111328125,2.035014174277518,0.0,1.0
A_dense_d50_n1000_K50,1000,50,50,0.4710269754931694,0.06391501913851887,0.58642578125,0.044704489788795466,0.8154950313327572,0.00934126246593366,57,134,0.33960013695911856,0.58599853515625,dense,-1,3.0,0.13142683853405085,0.00042724609375,1.9984914072765183,0.0,1.0
A_dense_d50_n1000_K50,1000,50,50,0.5583102890879386,0.06827904226745625,0.650146484375,0.061364925999502155,0.9943958886695359,0.009088285927702224,77,135,0.33960013695911856,0.58599853515625,dense,-1,3.0,0.21871015212882,0.06414794921875,3.7656541429243755,0.0,1.0
A_dense_d50_n1000_K50,1000,50,50,0.5848108605426298,0.07204778601493102,0.666259765625,0.054970733783299884,0.8558664757714587,0.00902874561891488,61,136,0.33960013695911856,0.58599853515625,dense,-1,3.0,0.2452107235835112,0.08026123046875,3.0217815726744273,0.0,1.0
A_dense_d50_n1000_K50,1000,50,50,0.550872995889172,0.07233584193155727,0.6453857421875,0.05940158696761145,0.8908190660038067,0.0089215825624899,70,137,0.33960013695911856,0.58599853515625,dense,-1,3.0,0.2112728589300535,0.05938720703125,3.528548534270706,0.0,1.0
A_dense_d50_n1000_K50,1000,50,50,0.5350417277422637,0.07456563948831739,0.719482421875,0.08205100936850543,0.8863651231829818,0.007130059506115678,67,138,0.33960013695911856,0.58599853515625,dense,-1,3.0,0.1954415907831451,0.13348388671875,6.732368138390566,0.0,1.0
A_dense_d50_n1000_K50,1000,50,50,0.41797267715695585,0.05902179061292548,0.61328125,0.06403029446030671,0.7575690448088963,0.007407930116841812,67,139,0.33960013695911856,0.58599853515625,dense,-1,3.0,0.07837254019783729,0.02728271484375,4.099878608673584,1.0,1.0
A_dense_d50_n1000_K50,1000,50,50,0.6368460559302347,0.07624226055211793,0.7052001953125,0.05904000715292994,0.8971061335326294,0.008764307429844232,58,140,0.33960013695911856,0.58599853515625,dense,-1,3.0,0.29724591897111613,0.11920166015625,3.4857224446180184,0.0,0.0
A_dense_d50_n1000_K50,1000,50,50,0.4627362626645624,0.07047510656957019,0.6375732421875,0.06984767772326468,0.7425865325154387,0.007705661092455078,69,141,0.33960013695911856,0.58599853515625,dense,-1,3.0,0.12313612570544386,0.05157470703125,4.878698083333045,1.0,1.0
A_dense_d50_n1000_K50,1000,50,50,0.3976944327818212,0.07469557679136374,0.653076171875,0.08918519065170417,0.7691731056882741,0.006467340578986359,72,142,0.33960013695911856,0.58599853515625,dense,-1,3.0,0.058094295822702646,0.06707763671875,7.953998231580821,1.0,1.0
A_dense_d50_n1000_K50,1000,50,50,0.5324149487500218,0.07299137089144704,0.6541748046875,0.06614408568359131,0.885498817809542,0.00862919345044552,73,143,0.33960013695911856,0.58599853515625,dense,-1,3.0,0.19281481179090326,0.06817626953125,4.37504007091827,0.0,1.0
A_dense_d50_n1000_K50,1000,50,50,0.5020586015939944,0.06635785698848636,0.624755859375,0.04788878041763957,0.8517466823348395,0.008639000710500132,54,144,0.33960013695911856,0.58599853515625,dense,-1,3.0,0.16245846463487584,0.03875732421875,2.293335289888899,0.0,1.0
A_dense_d50_n1000_K50,1000,50,50,0.6371329514407951,0.07984703001355148,0.7821044921875,0.0655419451236318,0.8612954171897373,0.0070704426918382045,48,145,0.33960013695911856,0.58599853515625,dense,-1,3.0,0.2975328144816765,0.19610595703125,4.295746570589162,0.0,0.0
A_dense_d50_n1000_K50,1000,50,50,0.5963377740790194,0.0667513933427596,0.6798095703125,0.056129507312404375,0.9254196051005441,0.008833423631515989,57,146,0.33960013695911856,0.58599853515625,dense,-1,3.0,0.2567376371199009,0.09381103515625,3.1505215911332565,0.0,1.0
A_dense_d50_n1000_K50,1000,50,50,0.4726964510508318,0.07381207020053872,0.64404296875,0.05954845603587779,0.8574994811733105,0.007899245534219208,64,147,0.33960013695911856,0.58599853515625,dense,-1,3.0,0.13309631409171324,0.05804443359375,3.5460186162568705,1.0,1.0
A_dense_d50_n1000_K50,1000,50,50,0.4711131448668622,0.06641601570347204,0.638427734375,0.06350935625221235,0.8587259541976177,0.008002809189743164,66,148,0.33960013695911856,0.58599853515625,dense,-1,3.0,0.13151300790774362,0.05242919921875,4.033438331570424,0.0,1.0
A_dense_d50_n1000_K50,1000,50,50,0.5255952978535987,0.0688049814609594,0.65185546875,0.0629246013775938,0.8554128893585234,0.00831124085417708,62,149,0.33960013695911856,0.58599853515625,dense,-1,3.0,0.18599516089448015,0.06585693359375,3.9595054585290796,0.0,1.0
A_dense_d50_n1000_K50,1000,50,50,0.5688545483987235,0.07637420669354522,0.6318359375,0.06049201485010144,0.8835971652698126,0.009477597022482317,68,150,0.33960013695911856,0.58599853515625,dense,-1,3.0,0.22925441143960495,0.04583740234375,3.6592838606248925,0.0,1.0
A_dense_d50_n1000_K50,1000,50,50,0.6527416462973497,0.07423854506119776,0.727783203125,0.050104636477713835,0.9000741420894873,0.008496440708383011,53,151,0.33960013695911856,0.58599853515625,dense,-1,3.0,0.3131415093382311,0.14178466796875,2.5104745965638515,0.0,0.0
A_dense_d50_n1000_K50,1000,50,50,0.43329689957816053,0.06704557351401827,0.556396484375,0.051226893019549594,0.8321641460427927,0.009377363509864631,57,152,0.33960013695911856,0.58599853515625,dense,-1,3.0,0.09369676261904197,-0.02960205078125,2.624194568436379,1.0,1.0
A_dense_d50_n1000_K50,1000,50,50,0.4638236607331676,0.06677245903811335,0.593017578125,0.05255934837175755,0.913341207744927,0.008982793348894838,62,153,0.33960013695911856,0.58599853515625,dense,-1,3.0,0.12422352377404905,0.00701904296875,2.762485101263773,1.0,1.0
A_dense_d50_n1000_K50,1000,50,50,0.5857663924721312,0.07523447734037608,0.7044677734375,0.054170989074976895,0.8098878623755628,0.008194599931045878,58,154,0.33960013695911856,0.58599853515625,dense,-1,3.0,0.2461662555130127,0.11846923828125,2.934496057361266,0.0,0.0
A_dense_d50_n1000_K50,1000,50,50,0.5856100673693286,0.07550960704084952,0.675537109375,0.046362579723723464,0.8884844292956499,0.008957770812066597,52,155,0.33960013695911856,0.58599853515625,dense,-1,3.0,0.24600993041021008,0.08953857421875,2.149488798638614,0.0,1.0
A_dense_d50_n1000_K50,1000,50,50,0.40414576929417656,0.06176015557207082,0.5628662109375,0.04698455944199309,0.8271407633011405,0.008257744876942709,44,156,0.33960013695911856,0.58599853515625,dense,-1,3.0,0.064545632335058,-0.02313232421875,2.2075488259581824,1.0,1.0
A_dense_d50_n1000_K50,1000,50,50,0.440148328097395,0.0717071943091543,0.58056640625,0.051113372534236985,0.9285621957591952,0.008501075351691081,49,157,0.33960013695911856,0.58599853515625,dense,-1,3.0,0.10054819113827645,-0.00543212890625,2.612576851823692,1.0,1.0
A_dense_d50_n1000_K50,1000,50,50,0.4693727673729513,0.0684454987709782,0.6300048828125,0.06414535869675204,0.8285132869808944,0.00786716329177552,63,158,0.33960013695911856,0.58599853515625,dense,-1,3.0,0.12977263041383275,0.04400634765625,4.114627042334983,1.0,1.0
A_dense_d50_n1000_K50,1000,50,50,0.5361644154484545,0.07483238704029478,0.6724853515625,0.06548090708481881,0.875011915739517,0.008043956154688548,52,159,0.33960013695911856,0.58599853515625,dense,-1,3.0,0.19656427848933594,0.08648681640625,4.287749192650675,0.0,1.0
A_dense_d50_n1000_K50,1000,50,50,0.5736344733067552,0.07531583488427068,0.7332763671875,0.05521460135278105,0.8298318212959451,0.007328203104919205,48,160,0.33960013695911856,0.58599853515625,dense,-1,3.0,0.23403433634763665,0.14727783203125,3.048652202546531,0.0,0.0
A_dense_d50_n1000_K50,1000,50,50,0.5115459885855362,0.06494205214369315,0.6204833984375,0.04082181299672701,0.7345535852365465,0.009137216405863544,51,161,0.33960013695911856,0.58599853515625,dense,-1,3.0,0.17194585162641768,0.03448486328125,1.6664204163397505,0.0,1.0
A_dense_d50_n1000_K50,1000,50,50,0.567383070779613,0.07953326899342043,0.7171630859375,0.054156248031583476,0.9365070023664165,0.007589779042856707,41,162,0.33960013695911856,0.58599853515625,dense,-1,3.0,0.22778293382049447,0.13116455078125,2.932899200858389,0.0,0.0
A_dense_d50_n1000_K50,1000,50,50,0.4586929333352756,0.06703024246639118,0.640869140625,0.05840400353673891,0.8271330220649886,0.007561706712407317,61,163,0.33960013695911856,0.58599853515625,dense,-1,3.0,0.11909279637615705,0.05487060546875,3.4110276291194115,1.0,1.0
A_dense_d50_n1000_K50,1000,50,50,0.5286737316787462,0.0676271919318807,0.657958984375,0.05096976670660818,0.8637355004475237,0.008399411081763213,52,164,0.33960013695911856,0.58599853515625,dense,-1,3.0,0.18907359471962765,0.07196044921875,2.597917118126064,0.0,1.0
A_dense_d50_n1000_K50,1000,50,50,0.6239706306811426,0.07143984606470137,0.65087890625,0.04362307837821655,0.8944085020608414,0.010072734776487657,56,165,0.33960013695911856,0.58599853515625,dense,-1,3.0,0.284370493722024,0.06488037109375,1.9029729671920244,0.0,1.0
A_dense_d50_n1000_K50,1000,50,50,0.5146768897606043,0.07401320881936109,0.6307373046875,0.06592729000990272,0.8686506827722841,0.00860424874773722,72,166,0.33960013695911856,0.58599853515625,dense,-1,3.0,0.17507675280148577,0.04473876953125,4.346407568049818,0.0,1.0
A_dense_d50_n1000_K50,1000,50,50,0.5613265404479307,0.07015345329624094,0.6494140625,0.05325071470326103,0.9070086614586005,0.009069053909867664,63,167,0.33960013695911856,0.58599853515625,dense,-1,3.0,0.22172640348881217,0.06341552734375,2.8356386164081004,0.0,1.0
A_dense_d50_n1000_K50,1000,50,50,0.5193533687732066,0.07133537355978345,0.6412353515625,0.0504632758882533,0.9387391290198315,0.00841325451642569,49,168,0.33960013695911856,0.58599853515625,dense,-1,3.0,0.17975323181408803,0.05523681640625,2.5465422133739666,0.0,1.0
A_dense_d50_n1000_K50,1000,50,50,0.5857960568924816,0.0730202486565667,0.654541015625,0.04771712688752195,0.9819522445484823,0.009248716969454666,56,169,0.33960013695911856,0.58599853515625,dense,-1,3.0,0.24619591993336304,0.06854248046875,2.2769241983998705,0.0,1.0
A_dense_d50_n1000_K50,1000,50,50,0.5925565712038946,0.08225802749579955,0.6925048828125,0.0705641485441828,0.8909145335483666,0.008434413928632398,67,170,0.33960013695911856,0.58599853515625,dense,-1,3.0,0.25295643424477604,0.10650634765625,4.979299059765496,0.0,1.0
A_dense_d50_n1000_K50,1000,50,50,0.4456802377171103,0.06806200329564537,0.62646484375,0.06173881384638938,0.7630809633874673,0.007616100006985994,57,171,0.33960013695911856,0.58599853515625,dense,-1,3.0,0.10608010075799174,0.04046630859375,3.811681135159121,1.0,1.0
A_dense_d50_n1000_K50,1000,50,50,0.5624902518498125,0.07573556843757633,0.6842041015625,0.0543942012572327,0.8810711202650172,0.00832411642213082,54,172,0.33960013695911856,0.58599853515625,dense,-1,3.0,0.22289011489069394,0.09820556640625,2.958729130412335,0.0,1.0
A_dense_d50_n1000_K50,1000,50,50,0.57326073403908,0.07588686069239466,0.6654052734375,0.05691950025066322,0.9023691709692343,0.008925503545841892,61,173,0.33960013695911856,0.58599853515625,dense,-1,3.0,0.2336605970799614,0.07940673828125,3.2398295087852502,0.0,1.0
A_dense_d50_n1000_K50,1000,50,50,0.5100813779947837,0.0726052364224399,0.6429443359375,0.04630772099351299,0.8088793532008716,0.008238823584859119,50,174,0.33960013695911856,0.58599853515625,dense,-1,3.0,0.17048124103566514,0.05694580078125,2.144405023613044,0.0,1.0
A_dense_d50_n1000_K50,1000,50,50,0.5316998257046366,0.06881120483674742,0.6751708984375,0.05118808276596028,0.7893146273544303,0.008037852954143627,51,175,0.33960013695911856,0.58599853515625,dense,-1,3.0,0.19209968874551803,0.08917236328125,2.6202198172547995,0.0,1.0
A_dense_d50_n1000_K50,1000,50,50,0.48616849773924165,0.07606329111257853,0.683349609375,0.08872210276002879,0.8663156181380888,0.007171210208548051,79,176,0.33960013695911856,0.58599853515625,dense,-1,3.0,0.14656836078012309,0.09735107421875,7.871611518161108,1.0,1.0
A_dense_d50_n1000_K50,1000,50,50,0.5140271508829031,0.08016244489024618,0.708984375,0.06192812278626963,0.838722014439665,0.007207441084552949,46,177,0.33960013695911856,0.58599853515625,dense,-1,3.0,0.1744270139237845,0.12298583984375,3.8350923918312874,0.0,0.0
A_dense_d50_n1000_K50,1000,50,50,0.6151699504294144,0.07832121858225255,0.6971435546875,0.05085337744395885,0.9245322391933798,0.008659573420231968,55,178,0.33960013695911856,0.58599853515625,dense,-1,3.0,0.2755698134702958,0.11114501953125,2.5860659974577427,0.0,0.0
A_dense_d50_n1000_K50,1000,50,50,0.534516387920155,0.06770491741272124,0.6251220703125,0.047091486304710585,0.9544220481015263,0.009338898603545493,51,179,0.33960013695911856,0.58599853515625,dense,-1,3.0,0.19491625096103643,0.03912353515625,2.2176080823867443,0.0,1.0
A_dense_d50_n1000_K50,1000,50,50,0.527226281078205,0.06730392574003398,0.6246337890625,0.04542454456007739,0.9170438470142078,0.009283588786759774,58,180,0.33960013695911856,0.58599853515625,dense,-1,3.0,0.18762614411908646,0.03863525390625,2.0633892484904566,0.0,1.0
A_dense_d50_n1000_K50,1000,50,50,0.5562275617919038,0.07033639979504032,0.62646484375,0.056648795683463815,0.9387629532989814,0.009554545139814704,64,181,0.33960013695911856,0.58599853515625,dense,-1,3.0,0.21662742483278524,0.04046630859375,3.2090860523868288,0.0,1.0
A_dense_d50_n1000_K50,1000,50,50,0.6665732814052512,0.07922951732418135,0.70947265625,0.06416536038221711,0.9888454651261972,0.009002806211262168,65,182,0.33960013695911856,0.58599853515625,dense,-1,3.0,0.3269731444461326,0.12347412109375,4.117193472979797,0.0,1.0
A_dense_d50_n1000_K50,1000,50,50,0.5365189189543655,0.07388194156821346,0.660888671875,0.0612410210353741,0.8417740688648722,0.008483948072512829,64,183,0.33960013695911856,0.58599853515625,dense,-1,3.0,0.19691878199524698,0.07489013671875,3.7504626574551327,0.0,1.0
A_dense_d50_n1000_K50,1000,50,50,0.4726859659071549,0.06853184774452788,0.637939453125,0.05786091495516415,0.7635731214155136,0.007743415236826172,52,184,0.33960013695911856,0.58599853515625,dense,-1,3.0,0.13308582894803633,0.05194091796875,3.3478854794487383,1.0,1.0
A_dense_d50_n1000_K50,1000,50,50,0.5380278523226288,0.07512806700633341,0.7044677734375,0.07002264785951384,0.8669923188468628,0.007337148473974879,56,185,0.33960013695911856,0.58599853515625,dense,-1,3.0,0.19842771536351028,0.11846923828125,4.903171213257478,0.0,1.0
A_dense_d50_n1000_K50,1000,50,50,0.5155965068778985,0.0747199965536962,0.6851806640625,0.06912355676071257,0.8011364988888774,0.007545871660156368,64,186,0.33960013695911856,0.58599853515625,dense,-1,3.0,0.17599636991877993,0.09918212890625,4.778066099251451,0.0,1.0
A_dense_d50_n1000_K50,1000,50,50,0.45030545827736745,0.07166844262595959,0.6727294921875,0.07257355006107209,0.8638632743090027,0.006791647163988167,61,187,0.33960013695911856,0.58599853515625,dense,-1,3.0,0.1107053213182489,0.08673095703125,5.266920168466937,1.0,1.0
A_dense_d50_n1000_K50,1000,50,50,0.6165819812655451,0.07423610955736443,0.6793212890625,0.05258915735088866,0.9096144953812205,0.008998075046887235,58,188,0.33960013695911856,0.58599853515625,dense,-1,3.0,0.27698184430642653,0.09332275390625,2.765619470876527,0.0,1.0
A_dense_d50_n1000_K50,1000,50,50,0.6236814543103779,0.07355962601284939,0.6917724609375,0.05886779415625284,0.9474790472788777,0.008705425306316558,67,189,0.33960013695911856,0.58599853515625,dense,-1,3.0,0.28408131735125935,0.10577392578125,3.465417188822956,0.0,1.0
A_dense_d50_n1000_K50,1000,50,50,0.6051910705960823,0.07724663370757864,0.718017578125,0.05891547649669857,0.9268901055172651,0.008121327159206316,54,190,0.33960013695911856,0.58599853515625,dense,-1,3.0,0.2655909336369638,0.13201904296875,3.471033370833042,0.0,0.0
A_dense_d50_n1000_K50,1000,50,50,0.3859621922548717,0.06498875719903863,0.59912109375,0.06596734776820003,0.7898888339001043,0.007326804687365347,62,191,0.33960013695911856,0.58599853515625,dense,-1,3.0,0.04636205529575316,0.01312255859375,4.351690971570645,1.0,1.0
A_dense_d50_n1000_K50,1000,50,50,0.364139003922705,0.06819780713478428,0.6131591796875,0.0693586890219303,0.7434392923660865,0.00638229566839418,59,192,0.33960013695911856,0.58599853515625,dense,-1,3.0,0.024538866963586425,0.02716064453125,4.810627742840835,1.0,1.0
A_dense_d50_n1000_K50,1000,50,50,0.4854063482559583,0.07053579491529824,0.6331787109375,0.0693472148874011,0.7922881413966487,0.00811257085945545,63,193,0.33960013695911856,0.58599853515625,dense,-1,3.0,0.14580621129683974,0.04718017578125,4.809036212639385,0.0,1.0
A_dense_d50_n1000_K50,1000,50,50,0.5175905047615791,0.0757147899479534,0.6597900390625,0.056888350913919965,0.9046464707367239,0.008033742704175246,57,194,0.33960013695911856,0.58599853515625,dense,-1,3.0,0.17799036780246053,0.07379150390625,3.2362844697052986,0.0,1.0
A_dense_d50_n1000_K50,1000,50,50,0.45798459735564456,0.06918310386027894,0.6141357421875,0.05349864328992262,0.9498800937061842,0.00814993780917371,54,195,0.33960013695911856,0.58599853515625,dense,-1,3.0,0.118384460396526,0.02813720703125,2.8621048338623827,1.0,1.0
A_dense_d50_n1000_K50,1000,50,50,0.6162742798883747,0.07910633872450136,0.7205810546875,0.07390382196772938,0.9105071144569543,0.008180893809131305,70,196,0.33960013695911856,0.58599853515625,dense,-1,3.0,0.27667414292925613,0.13458251953125,5.461774901437839,0.0,1.0
A_dense_d50_n1000_K50,1000,50,50,0.369983907347595,0.0632532423414221,0.5711669921875,0.05323097130178267,0.8230574400380989,0.007711075392784921,59,197,0.33960013695911856,0.58599853515625,dense,-1,3.0,0.03038377038847645,-0.01483154296875,2.83353630573121,1.0,1.0
A_dense_d50_n1000_K50,1000,50,50,0.45774958481322203,0.07189387545519167,0.5950927734375,0.06306615486688165,0.8830148722122554,0.008712009330314305,61,198,0.33960013695911856,0.58599853515625,dense,-1,3.0,0.11814944785410347,0.00909423828125,3.9773398896935004,1.0,1.0
A_dense_d50_n1000_K50,1000,50,50,0.5241076068336225,0.0696650149913765,0.657958984375,0.04969305720544433,0.8132469830759628,0.008167225894948945,50,199,0.33960013695911856,0.58599853515625,dense,-1,3.0,0.1845074698745039,0.07196044921875,2.4693999344235626,0.0,1.0
A_dense_d50_n4000_K200,4000,200,50,0.4167909940028608,0.02915958038867806,0.5931396484375,0.03207671063824826,0.6095558063866692,0.008089005427279437,49,0,0.33960013695911856,0.58599853515625,dense,-1,3.0,0.07719085704374223,0.00714111328125,4.115661461479636,0.0,1.0
A_dense_d50_n4000_K200,4000,200,50,0.44404883888809044,0.02908296193866544,0.6026611328125,0.04143088953665434,0.6281909916434392,0.008222876678704376,64,1,0.33960013695911856,0.58599853515625,dense,-1,3.0,0.10444870192897188,0.01666259765625,6.866074431193816,0.0,1.0
A_dense_d50_n4000_K200,4000,200,50,0.48474346375589256,0.030301910726764553,0.611328125,0.037013115997010286,0.6516807847242749,0.008653127248682823,65,2,0.33960013695911856,0.58599853515625,dense,-1,3.0,0.145143326796774,0.02532958984375,5.4798830232325555,0.0,1.0
A_dense_d50_n4000_K200,4000,200,50,0.428052006114794,0.02798652048275448,0.5885009765625,0.040203366473072114,0.5937460278206141,0.008362775944011467,71,3,0.33960013695911856,0.58599853515625,dense,-1,3.0,0.08845186915567543,0.00250244140625,6.465242703072556,0.0,1.0
A_dense_d50_n4000_K200,4000,200,50,0.4285598649393906,0.029062820078075886,0.5789794921875,0.03545307819176838,0.6419151839794898,0.008732886210775427,61,4,0.33960013695911856,0.58599853515625,dense,-1,3.0,0.08895972798027202,-0.00701904296875,5.02768301308657,0.0,1.0
A_dense_d50_n4000_K200,4000,200,50,0.4130993648724029,0.028722214677039344,0.60498046875,0.038104462043413855,0.6215364986029823,0.007776015995667015,58,5,0.33960013695911856,0.58599853515625,dense,-1,3.0,0.07349922791328434,0.01898193359375,5.807800110471868,0.0,1.0
A_dense_d50_n4000_K200,4000,200,50,0.3720999343456248,0.02659326946494778,0.5411376953125,0.04200237676217943,0.599376522848124,0.008293784740759905,71,6,0.33960013695911856,0.58599853515625,dense,-1,3.0,0.03249979738650627,-0.04486083984375,7.056798614688282,1.0,1.0
A_dense_d50_n4000_K200,4000,200,50,0.4626542477383696,0.02964050496059481,0.6353759765625,0.03453589178963916,0.6371388552401366,0.007963200370121588,52,7,0.33960013695911856,0.58599853515625,dense,-1,3.0,0.12305411077925105,0.04937744140625,4.770911286822662,0.0,1.0
A_dense_d50_n4000_K200,4000,200,50,0.45096985859920957,0.029676554320504034,0.5992431640625,0.04261295189663884,0.6002883926057209,0.0085820767796652,72,8,0.33960013695911856,0.58599853515625,dense,-1,3.0,0.11136972164009101,0.01324462890625,7.263454677381024,0.0,1.0
A_dense_d50_n4000_K200,4000,200,50,0.4366213041463768,0.028814318695623415,0.569091796875,0.037957492509244226,0.6789050755161363,0.008767103204343672,70,9,0.33960013695911856,0.58599853515625,dense,-1,3.0,0.09702116718725823,-0.01690673828125,5.763084950357325,0.0,1.0
A_dense_d50_n4000_K200,4000,200,50,0.44777347212585505,0.029064894367686344,0.60888671875,0.03737219935563518,0.6472395175273511,0.008230708918912777,66,10,0.33960013695911856,0.58599853515625,dense,-1,3.0,0.1081733351667365,0.02288818359375,5.5867251387093555,0.0,1.0
A_dense_d50_n4000_K200,4000,200,50,0.4248502497650264,0.028206734095490266,0.584228515625,0.03679386246928848,0.6213109814464,0.008423413824590617,63,11,0.33960013695911856,0.58599853515625,dense,-1,3.0,0.08525011280590783,-0.00177001953125,5.415153261635662,0.0,1.0
A_dense_d50_n4000_K200,4000,200,50,0.40527110166322283,0.027512894805769305,0.57421875,0.03511861602468195,0.6055156071211696,0.008367241914943799,61,12,0.33960013695911856,0.58599853515625,dense,-1,3.0,0.06567096470410427,-0.01177978515625,4.933268765956191,0.0,1.0
A_dense_d50_n4000_K200,4000,200,50,0.43540321573932994,0.027818034180287058,0.569580078125,0.034144862901902294,0.6326787046374048,0.008757967834659439,59,13,0.33960013695911856,0.58599853515625,dense,-1,3.0,0.09580307878021138,-0.01641845703125,4.663486650358815,0.0,1.0
A_dense_d50_n4000_K200,4000,200,50,0.43276516463539905,0.028211662852634618,0.581787109375,0.03742720653656641,0.631912757057366,0.00841614719998203,57,14,0.33960013695911856,0.58599853515625,dense,-1,3.0,0.09316502767628049,-0.00421142578125,5.603183156523197,0.0,1.0
A_dense_d50_n4000_K200,4000,200,50,0.4766795327488538,0.029619554825979885,0.615966796875,0.0328323445381369,0.6264007754457126,0.008655878227483026,56,15,0.33960013695911856,0.58599853515625,dense,-1,3.0,0.13707939578973521,0.02996826171875,4.311851391483712,0.0,1.0
A_dense_d50_n4000_K200,4000,200,50,0.4401453343322391,0.029286061091411672,0.600830078125,0.037583269110990324,0.6216184416128343,0.008238109521710356,65,16,0.33960013695911856,0.58599853515625,dense,-1,3.0,0.10054519737312057,0.01483154296875,5.650008468276477,0.0,1.0
A_dense_d50_n4000_K200,4000,200,50,0.44205869619966953,0.029308952893870074,0.6014404296875,0.03774782420528686,0.660084059712536,0.008336449834998679,60,17,0.33960013695911856,0.58599853515625,dense,-1,3.0,0.10245855924055097,0.01544189453125,5.699592928932963,0.0,1.0
A_dense_d50_n4000_K200,4000,200,50,0.4575067048723776,0.028604586474701675,0.5908203125,0.03444868355855061,0.666489427844567,0.008905511167606536,61,18,0.33960013695911856,0.58599853515625,dense,-1,3.0,0.11790656791325904,0.00482177734375,4.746847195668621,0.0,1.0
A_dense_d50_n4000_K200,4000,200,50,0.41347623475811934,0.028453098664380273,0.584228515625,0.03813895225530963,0.6563774860600988,0.008120169808289128,63,19,0.33960013695911856,0.58599853515625,dense,-1,3.0,0.07387609779900078,-0.00177001953125,5.8183187165311505,0.0,1.0
A_dense_d50_n4000_K200,4000,200,50,0.4333624814895497,0.027580680245849223,0.5772705078125,0.03700020525742961,0.6568187858544636,0.00880964029451161,70,20,0.33960013695911856,0.58599853515625,dense,-1,3.0,0.09376234453043114,-0.00872802734375,5.476060756367686,0.0,1.0
A_dense_d50_n4000_K200,4000,200,50,0.43975823999289565,0.030042321168956082,0.5963134765625,0.04413593195075961,0.657852149123152,0.008423203992172987,76,21,0.33960013695911856,0.58599853515625,dense,-1,3.0,0.10015810303377709,0.01031494140625,7.791921956648332,0.0,1.0
A_dense_d50_n4000_K200,4000,200,50,0.4441915396031372,0.028516243041779854,0.5833740234375,0.03777899109228241,0.677471563270879,0.008802586913691486,64,22,0.33960013695911856,0.58599853515625,dense,-1,3.0,0.10459140264401862,-0.00262451171875,5.709008671803014,0.0,1.0
A_dense_d50_n4000_K200,4000,200,50,0.41337900195268956,0.02889743920952674,0.60009765625,0.04384083086479685,0.5727261579055213,0.00778564769026689,63,23,0.33960013695911856,0.58599853515625,dense,-1,3.0,0.073778864993571,0.01409912109375,7.6880738036628955,0.0,1.0
A_dense_d50_n4000_K200,4000,200,50,0.456330071558502,0.02815861036584408,0.58935546875,0.031438081006352266,0.6577231688241494,0.00879770428401702,60,24,0.33960013695911856,0.58599853515625,dense,-1,3.0,0.11672993459938347,0.00335693359375,3.9534117494478678,0.0,1.0
A_dense_d50_n4000_K200,4000,200,50,0.38699117829356455,0.028378284450012444,0.5802001953125,0.043042224494388714,0.5921754916177107,0.007603333222591598,63,25,0.33960013695911856,0.58599853515625,dense,-1,3.0,0.047391041334445994,-0.00579833984375,7.410532357701423,1.0,1.0
A_dense_d50_n4000_K200,4000,200,50,0.4001269005482084,0.028236037411944834,0.5838623046875,0.036794661003221776,0.6477025642967799,0.008096475578336182,62,26,0.33960013695911856,0.58599853515625,dense,-1,3.0,0.060526763589089816,-0.00213623046875,5.415388313368037,0.0,1.0
A_dense_d50_n4000_K200,4000,200,50,0.4557954917950653,0.03084436734698912,0.581298828125,0.03238962628271092,0.6362983622326813,0.009048811769146426,57,27,0.33960013695911856,0.58599853515625,dense,-1,3.0,0.11619535483594673,-0.00469970703125,4.196351562934713,0.0,1.0
A_dense_d50_n4000_K200,4000,200,50,0.442888657273122,0.02777939469454223,0.5704345703125,0.03893023558390417,0.65966753074668,0.009016293992226481,76,28,0.33960013695911856,0.58599853515625,dense,-1,3.0,0.10328852031400343,-0.01556396484375,6.062252970473113,0.0,1.0
A_dense_d50_n4000_K200,4000,200,50,0.4439400533428707,0.028815501907884285,0.60595703125,0.04520803674283736,0.6165329058903913,0.007951531935833422,74,29,0.33960013695911856,0.58599853515625,dense,-1,3.0,0.10433991638375212,0.01995849609375,8.175066344566932,0.0,1.0
A_dense_d50_n4000_K200,4000,200,50,0.41400247513072036,0.028654603482530558,0.6097412109375,0.046882434906523315,0.6078205771838138,0.007632177885456558,74,30,0.33960013695911856,0.58599853515625,dense,-1,3.0,0.0744023381716018,0.02374267578125,8.791850811057582,0.0,1.0
A_dense_d50_n4000_K200,4000,200,50,0.46821987383004776,0.029502811959316793,0.6048583984375,0.03361389260637569,0.6976766923320127,0.008679791075658524,56,31,0.33960013695911856,0.58599853515625,dense,-1,3.0,0.1286197368709292,0.01885986328125,4.5195751046118335,0.0,1.0
A_dense_d50_n4000_K200,4000,200,50,0.4825248978382537,0.02954880631307362,0.611083984375,0.03625011129126317,0.6850587283994419,0.008621978931190407,62,32,0.33960013695911856,0.58599853515625,dense,-1,3.0,0.14292476087913514,0.02508544921875,5.256282274515861,0.0,1.0
A_dense_d50_n4000_K200,4000,200,50,0.453759507789266,0.030094152705865063,0.609619140625,0.0469581585972541,0.6429029517305849,0.00827179583308767,84,33,0.33960013695911856,0.58599853515625,dense,-1,3.0,0.11415937083014743,0.02362060546875,8.820274635379477,0.0,1.0
A_dense_d50_n4000_K200,4000,200,50,0.46382591397879,0.03001342710067744,0.611083984375,0.04167951311270798,0.6247702132278506,0.008427695541469632,71,34,0.33960013695911856,0.58599853515625,dense,-1,3.0,0.12422577701967147,0.02508544921875,6.948727253249587,0.0,1.0
A_dense_d50_n4000_K200,4000,200,50,0.4580896491151241,0.028696684267154448,0.60009765625,0.035736129006663855,0.6392694153850664,0.008599834309673213,59,35,0.33960013695911856,0.58599853515625,dense,-1,3.0,0.11848951215600556,0.01409912109375,5.108283665523687,0.0,1.0
A_dense_d50_n4000_K200,4000,200,50,0.45873319084072073,0.029526062895453804,0.591064453125,0.03844838359603562,0.6664491658077887,0.00900441776484377,64,36,0.33960013695911856,0.58599853515625,dense,-1,3.0,0.11913305388160217,0.00506591796875,5.913112804591603,0.0,1.0
A_dense_d50_n4000_K200,4000,200,50,0.42570345245102204,0.028440014990566354,0.593994140625,0.04097995635966555,0.6680331049167811,0.008230822709809616,65,37,0.33960013695911856,0.58599853515625,dense,-1,3.0,0.08610331549190348,0.00799560546875,6.717427292960373,0.0,1.0
A_dense_d50_n4000_K200,4000,200,50,0.4255408287972037,0.027794532002004466,0.5714111328125,0.03789407925704983,0.6336553223467518,0.008618054488924273,68,38,0.33960013695911856,0.58599853515625,dense,-1,3.0,0.08594069183808511,-0.01458740234375,5.743844970958297,0.0,1.0
A_dense_d50_n4000_K200,4000,200,50,0.40232430567017763,0.027919036390783903,0.5623779296875,0.03655454050723934,0.6054634501543548,0.00842937172541997,65,39,0.33960013695911856,0.58599853515625,dense,-1,3.0,0.06272416871105907,-0.02362060546875,5.344937726781606,0.0,1.0
A_dense_d50_n4000_K200,4000,200,50,0.4032686634177383,0.028866521935893247,0.59912109375,0.04422318881017415,0.6189746467727926,0.007595534994186649,70,40,0.33960013695911856,0.58599853515625,dense,-1,3.0,0.06366852645861976,0.01312255859375,7.822761714161246,0.0,1.0
A_dense_d50_n4000_K200,4000,200,50,0.3995390891550715,0.02939580048746575,0.5823974609375,0.037743137183942295,0.6192577381028799,0.007969009350896148,54,41,0.33960013695911856,0.58599853515625,dense,-1,3.0,0.059938952195952966,-0.00360107421875,5.69817761794355,0.0,1.0
A_dense_d50_n4000_K200,4000,200,50,0.4257450033940424,0.02833528135206186,0.582763671875,0.03638067141766997,0.6257301352619151,0.008406484384573611,56,42,0.33960013695911856,0.58599853515625,dense,-1,3.0,0.08614486643492386,-0.00323486328125,5.294213011201875,0.0,1.0
A_dense_d50_n4000_K200,4000,200,50,0.4239580300782443,0.029424709472643577,0.5828857421875,0.03657645633064105,0.5935467559604768,0.0082459524708341,65,43,0.33960013695911856,0.58599853515625,dense,-1,3.0,0.08435789311912573,-0.00311279296875,5.351348630829167,0.0,1.0
A_dense_d50_n4000_K200,4000,200,50,0.4528530932653808,0.02772492974314639,0.5650634765625,0.03281881393480322,0.6632224299104161,0.009140969428500248,55,44,0.33960013695911856,0.58599853515625,dense,-1,3.0,0.11325295630626225,-0.02093505859375,4.3082981923489365,0.0,1.0
A_dense_d50_n4000_K200,4000,200,50,0.457538133070092,0.030388719306100053,0.6072998046875,0.038068415989094974,0.6675753955641397,0.008477162844334916,68,45,0.33960013695911856,0.58599853515625,dense,-1,3.0,0.11793799611097344,0.02130126953125,5.796817183675127,0.0,1.0
A_dense_d50_n4000_K200,4000,200,50,0.4092816401633623,0.029331012528927308,0.5823974609375,0.03533689036622028,0.5514285245270868,0.008012672311456043,65,46,0.33960013695911856,0.58599853515625,dense,-1,3.0,0.06968150320424377,-0.00360107421875,4.994783283017086,0.0,1.0
A_dense_d50_n4000_K200,4000,200,50,0.4034344070260828,0.02788375094658719,0.584228515625,0.040872062264290174,0.618019969233952,0.007893811851817426,67,47,0.33960013695911856,0.58599853515625,dense,-1,3.0,0.06383427006696424,-0.00177001953125,6.682101894944052,0.0,1.0
A_dense_d50_n4000_K200,4000,200,50,0.44371870333780306,0.029427006473623243,0.587646484375,0.03589879225261041,0.585277166798142,0.008555786942859902,65,48,0.33960013695911856,0.58599853515625,dense,-1,3.0,0.1041185663786845,0.00164794921875,5.154893140784325,0.0,1.0
A_dense_d50_n4000_K200,4000,200,50,0.47339069205224316,0.029193657664172833,0.6092529296875,0.03927615467189038,0.6240588965047859,0.008440933397474672,64,49,0.33960013695911856,0.58599853515625,dense,-1,3.0,0.1337905550931246,0.02325439453125,6.170465303241025,0.0,1.0
A_dense_d50_n4000_K200,4000,200,50,0.4339929404018029,0.028049436219929925,0.59716796875,0.03439024989220511,0.582894883700911,0.008255156613510558,55,50,0.33960013695911856,0.58599853515625,dense,-1,3.0,0.09439280344268436,0.01116943359375,4.730757150593255,0.0,1.0
A_dense_d50_n4000_K200,4000,200,50,0.42993927801217785,0.028470630120711153,0.572509765625,0.03254813107683986,0.6978865102501648,0.008847876422508423,58,51,0.33960013695911856,0.58599853515625,dense,-1,3.0,0.09033914105305929,-0.01348876953125,4.237523346380595,0.0,1.0
A_dense_d50_n4000_K200,4000,200,50,0.397852093715641,0.030212150526124908,0.5740966796875,0.03723265540810044,0.6588369618416079,0.008005317619048541,56,52,0.33960013695911856,0.58599853515625,dense,-1,3.0,0.05825195675652245,-0.01190185546875,5.545082514953403,1.0,1.0
A_dense_d50_n4000_K200,4000,200,50,0.44360376709568017,0.028905305615015336,0.5987548828125,0.040854462990007626,0.6295021486056349,0.008175810847733733,65,53,0.33960013695911856,0.58599853515625,dense,-1,3.0,0.10400363013656161,0.01275634765625,6.676348584807611,0.0,1.0
A_dense_d50_n4000_K200,4000,200,50,0.4050081239944444,0.02755822568007646,0.5784912109375,0.03849605825280507,0.5889035019230875,0.00809206658386284,65,54,0.33960013695911856,0.58599853515625,dense,-1,3.0,0.06540798703532585,-0.00750732421875,5.927786004013445,0.0,1.0
A_dense_d50_n4000_K200,4000,200,50,0.470508694942804,0.02881461720731254,0.6094970703125,0.03634305225358016,0.6221744913970586,0.008780597065049363,65,55,0.33960013695911856,0.58599853515625,dense,-1,3.0,0.13090855798368545,0.02349853515625,5.283269788425831,0.0,1.0
A_dense_d50_n4000_K200,4000,200,50,0.42419019651566364,0.028514206266068085,0.5697021484375,0.03644455477884333,0.6414647278536292,0.00872521817956365,67,56,0.33960013695911856,0.58599853515625,dense,-1,3.0,0.08459005955654508,-0.01629638671875,5.312822292112448,0.0,1.0
A_dense_d50_n4000_K200,4000,200,50,0.44902149711579875,0.029656371326419507,0.5977783203125,0.03544990857691579,0.6604277638226901,0.008385410086065718,62,57,0.33960013695911856,0.58599853515625,dense,-1,3.0,0.10942136015668019,0.01177978515625,5.02678407244675,0.0,1.0
A_dense_d50_n4000_K200,4000,200,50,0.39564391357566014,0.027830969447514054,0.5511474609375,0.039583743953648574,0.6603729200416615,0.008477690216025447,71,58,0.33960013695911856,0.58599853515625,dense,-1,3.0,0.056043776616541585,-0.03485107421875,6.26749114155204,0.0,1.0
A_dense_d50_n4000_K200,4000,200,50,0.42123655589388165,0.028391539773180766,0.574462890625,0.0358335473069635,0.6194207627705983,0.008579861015820991,60,59,0.33960013695911856,0.58599853515625,dense,-1,3.0,0.08163641893476309,-0.01153564453125,5.136172450401563,0.0,1.0
A_dense_d50_n4000_K200,4000,200,50,0.46693244982859994,0.03019290938619966,0.63330078125,0.03564459209368459,0.684826717822924,0.008056856103843338,51,60,0.33960013695911856,0.58599853515625,dense,-1,3.0,0.12733231286948138,0.04730224609375,5.082147782100647,0.0,1.0
A_dense_d50_n4000_K200,4000,200,50,0.4243934163862062,0.02847670938211659,0.5838623046875,0.045434877623780213,0.6701295514574648,0.008300326434140528,74,61,0.33960013695911856,0.58599853515625,dense,-1,3.0,0.08479327942708764,-0.00213623046875,8.257312418751535,0.0,1.0
A_dense_d50_n4000_K200,4000,200,50,0.41059338122564826,0.028385739618667475,0.577880859375,0.04315544760683196,0.5997495368536392,0.00836223009083813,82,62,0.33960013695911856,0.58599853515625,dense,-1,3.0,0.0709932442665297,-0.00811767578125,7.449570632584073,0.0,1.0
A_dense_d50_n4000_K200,4000,200,50,0.4348345061552187,0.02960478120492903,0.596923828125,0.03662290505584706,0.6052961351899415,0.008246577312177913,54,63,0.33960013695911856,0.58599853515625,dense,-1,3.0,0.09523436919610012,0.01092529296875,5.364948698918353,0.0,1.0
A_dense_d50_n4000_K200,4000,200,50,0.3958161978151688,0.02740525003526819,0.556884765625,0.03822885793668123,0.6150685623282534,0.008403997528142424,65,64,0.33960013695911856,0.58599853515625,dense,-1,3.0,0.05621606085605024,-0.02911376953125,5.845782316571823,0.0,1.0
A_dense_d50_n4000_K200,4000,200,50,0.4194540254847122,0.028769243848372844,0.6009521484375,0.04298406945998764,0.6238125455722962,0.007873732208351551,64,65,0.33960013695911856,0.58599853515625,dense,-1,3.0,0.07985388852559366,0.01495361328125,7.3905209093641675,0.0,1.0
A_dense_d50_n4000_K200,4000,200,50,0.4003007697894806,0.028855650100909812,0.57177734375,0.03706377546013226,0.6545208616340383,0.008027950518759038,56,66,0.33960013695911856,0.58599853515625,dense,-1,3.0,0.060700632830362033,-0.01422119140625,5.494893805436409,0.0,1.0
A_dense_d50_n4000_K200,4000,200,50,0.4307536338672038,0.02809942301239658,0.59716796875,0.0314672965873341,0.6019686692126179,0.008146428280608162,46,67,0.33960013695911856,0.58599853515625,dense,-1,3.0,0.09115349690808522,0.01116943359375,3.9607630180609927,0.0,1.0
A_dense_d50_n4000_K200,4000,200,50,0.46332472625778853,0.030068730714031346,0.6116943359375,0.040855586716838053,0.6984370210345161,0.008380876307893824,69,68,0.33960013695911856,0.58599853515625,dense,-1,3.0,0.12372458929866997,0.02569580078125,6.676715863908297,0.0,1.0
A_dense_d50_n4000_K200,4000,200,50,0.429490305830581,0.027389804672678444,0.56494140625,0.036517948687523616,0.6437060675198586,0.008833464602654858,67,69,0.33960013695911856,0.58599853515625,dense,-1,3.0,0.08989016887146245,-0.02105712890625,5.334242305378432,0.0,1.0
A_dense_d50_n4000_K200,4000,200,50,0.43178652706965437,0.027991864891434945,0.5911865234375,0.031400155292489684,0.6307748561406161,0.008338961893663562,49,70,0.33960013695911856,0.58599853515625,dense,-1,3.0,0.09218639011053581,0.00518798828125,3.943879009569872,0.0,1.0
A_dense_d50_n4000_K200,4000,200,50,0.4776934555669301,0.02960432916242017,0.595947265625,0.035774874670907945,0.6711609566970312,0.009136802521464798,67,71,0.33960013695911856,0.58599853515625,dense,-1,3.0,0.13809331860781154,0.00994873046875,5.119366630876684,0.0,1.0
A_dense_d50_n4000_K200,4000,200,50,0.44543534163553855,0.029388105753690823,0.5867919921875,0.034305359539242755,0.6469465726447394,0.008747827937059175,54,72,0.33960013695911856,0.58599853515625,dense,-1,3.0,0.10583520467641999,0.00079345703125,4.707430772466855,0.0,1.0
A_dense_d50_n4000_K200,4000,200,50,0.40970205403370114,0.028607547989655133,0.5635986328125,0.04043467586959301,0.6405566450171231,0.008596084049132188,67,73,0.33960013695911856,0.58599853515625,dense,-1,3.0,0.07010191707458258,-0.02239990234375,6.539852050716189,0.0,1.0
A_dense_d50_n4000_K200,4000,200,50,0.48437407451029996,0.030511835679182354,0.6241455078125,0.03566750373689557,0.675897518753589,0.008491650605334326,70,74,0.33960013695911856,0.58599853515625,dense,-1,3.0,0.1447739375511814,0.03814697265625,5.088683291285838,0.0,1.0
A_dense_d50_n4000_K200,4000,200,50,0.3975807969548699,0.028112014627869573,0.553955078125,0.039560781453215295,0.6744586139316242,0.008292561121240095,68,75,0.33960013695911856,0.58599853515625,dense,-1,3.0,0.05798065999575136,-0.03204345703125,6.260221716756253,0.0,1.0
A_dense_d50_n4000_K200,4000,200,50,0.37352091657523334,0.0279097081866716,0.5750732421875,0.037894317412812566,0.6155471484818669,0.007643506890116581,64,76,0.33960013695911856,0.58599853515625,dense,-1,3.0,0.03392077961611478,-0.01092529296875,5.743917168731959,1.0,1.0
A_dense_d50_n4000_K200,4000,200,50,0.41341010623929886,0.027795997351970192,0.5660400390625,0.03508348675929728,0.6907191644732953,0.008633787681552093,56,77,0.33960013695911856,0.58599853515625,dense,-1,3.0,0.0738099692801803,-0.01995849609375,4.923404172759151,0.0,1.0
A_dense_d50_n4000_K200,4000,200,50,0.42664431026224087,0.029021155315530758,0.59375,0.03726805072335841,0.5543002926659353,0.008056888175024991,69,78,0.33960013695911856,0.58599853515625,dense,-1,3.0,0.08704417330312231,0.00775146484375,5.555630418875261,0.0,1.0
A_dense_d50_n4000_K200,4000,200,50,0.4209241879009646,0.02975530197705816,0.627197265625,0.03986291959904662,0.618499131903457,0.007319972227242569,56,79,0.33960013695911856,0.58599853515625,dense,-1,3.0,0.08132405094184603,0.04119873046875,6.3562094358402215,0.0,1.0
A_dense_d50_n4000_K200,4000,200,50,0.4428019918832361,0.029983379149483683,0.606689453125,0.03605318589499208,0.6419314327459821,0.008086423170016824,56,80,0.33960013695911856,0.58599853515625,dense,-1,3.0,0.10320185492411754,0.02069091796875,5.199328852715424,0.0,1.0
A_dense_d50_n4000_K200,4000,200,50,0.4406366758142959,0.028804726055454446,0.5999755859375,0.03622668646848751,0.6622437189117707,0.008326543385346188,59,81,0.33960013695911856,0.58599853515625,dense,-1,3.0,0.10103653885517733,0.01397705078125,5.249491249944383,0.0,1.0
A_dense_d50_n4000_K200,4000,200,50,0.4395013164183343,0.0286263824058656,0.5595703125,0.03835677945591817,0.6653690955746199,0.009219545185882794,78,82,0.33960013695911856,0.58599853515625,dense,-1,3.0,0.09990117945921573,-0.02642822265625,5.884970120919785,0.0,1.0
A_dense_d50_n4000_K200,4000,200,50,0.45082237790623614,0.028553236626486615,0.5947265625,0.030840493430828668,0.692701457231158,0.008770026017655344,55,83,0.33960013695911856,0.58599853515625,dense,-1,3.0,0.11122224094711758,0.00872802734375,3.8045441402279447,0.0,1.0
A_dense_d50_n4000_K200,4000,200,50,0.4114559715245373,0.029505560948012245,0.5955810546875,0.0420564126101861,0.5952802174396017,0.00795051360108088,66,84,0.33960013695911856,0.58599853515625,dense,-1,3.0,0.07185583456541872,0.00958251953125,7.0749673665528805,0.0,1.0
A_dense_d50_n4000_K200,4000,200,50,0.3945750665218311,0.028601746448526987,0.5694580078125,0.04452871330373186,0.6158828858397253,0.008126899317389722,78,85,0.33960013695911856,0.58599853515625,dense,-1,3.0,0.05497492956271255,-0.01654052734375,7.9312252339437865,1.0,1.0
A_dense_d50_n4000_K200,4000,200,50,0.46868274642334645,0.02901872754790246,0.5953369140625,0.030486598445848414,0.66810273561847,0.008826247866658697,43,86,0.33960013695911856,0.58599853515625,dense,-1,3.0,0.1290826094642279,0.00933837890625,3.7177307391936276,0.0,1.0
A_dense_d50_n4000_K200,4000,200,50,0.4519042401573685,0.02936386544022804,0.61328125,0.04272740400764115,0.6525438063537575,0.008057374838492292,65,87,0.33960013695911856,0.58599853515625,dense,-1,3.0,0.11230410319824996,0.02728271484375,7.3025242129287555,0.0,1.0
A_dense_d50_n4000_K200,4000,200,50,0.4441062603327371,0.028877277085491287,0.5933837890625,0.0320981163146532,0.6467220752780545,0.008487692168791597,56,88,0.33960013695911856,0.58599853515625,dense,-1,3.0,0.10450612337361853,0.00738525390625,4.121156283796024,0.0,1.0
A_dense_d50_n4000_K200,4000,200,50,0.4002033862451312,0.028061279166233973,0.5689697265625,0.045758413594599506,0.5925084627411824,0.008173450324006449,75,89,0.33960013695911856,0.58599853515625,dense,-1,3.0,0.06060324928601263,-0.01702880859375,8.375329658777716,0.0,1.0
A_dense_d50_n4000_K200,4000,200,50,0.4048562749341273,0.028450422650005372,0.568359375,0.039347996786380186,0.6188634773559074,0.008384590914277224,68,90,0.33960013695911856,0.58599853515625,dense,-1,3.0,0.06525613797500873,-0.01763916015625,6.193059404403941,0.0,1.0
A_dense_d50_n4000_K200,4000,200,50,0.4952311915775479,0.031082549811351865,0.6246337890625,0.03647568204301975,0.6297471496327185,0.00859230360423003,62,91,0.33960013695911856,0.58599853515625,dense,-1,3.0,0.15563105461842935,0.03863525390625,5.321901522013894,0.0,1.0
A_dense_d50_n4000_K200,4000,200,50,0.43108096215542757,0.028972820899033178,0.6083984375,0.03367620457068652,0.6153055845853539,0.008059261480782422,47,92,0.33960013695911856,0.58599853515625,dense,-1,3.0,0.09148082519630901,0.02239990234375,4.536347017146911,0.0,1.0
A_dense_d50_n4000_K200,4000,200,50,0.4848679570260043,0.029951592218320094,0.60595703125,0.03341745515373035,0.6626443464169837,0.008891401944133272,55,93,0.33960013695911856,0.58599853515625,dense,-1,3.0,0.14526782006688577,0.01995849609375,4.4669052358063155,0.0,1.0
A_dense_d50_n4000_K200,4000,200,50,0.42193421188898494,0.02885359157140262,0.5924072265625,0.03984422570930736,0.5908923648286989,0.00812152755262209,65,94,0.33960013695911856,0.58599853515625,dense,-1,3.0,0.08233407492986639,0.00640869140625,6.350249289496919,0.0,1.0
A_dense_d50_n4000_K200,4000,200,50,0.4139607395942929,0.029749272040363886,0.588623046875,0.036488168866927746,0.6277876539296253,0.008169571835145524,60,95,0.33960013695911856,0.58599853515625,dense,-1,3.0,0.07436060263517436,0.00262451171875,5.325545869045741,0.0,1.0
A_dense_d50_n4000_K200,4000,200,50,0.367808254484028,0.026111853735673873,0.548095703125,0.03766628832754101,0.6201792410966563,0.008021479014422484,60,96,0.33960013695911856,0.58599853515625,dense,-1,3.0,0.028208117524909426,-0.03790283203125,5.674997105493808,1.0,1.0
A_dense_d50_n4000_K200,4000,200,50,0.4535977742224456,0.029243418507139875,0.600341796875,0.03652096917407164,0.6652851912621242,0.008517148078692749,66,97,0.33960013695911856,0.58599853515625,dense,-1,3.0,0.11399763726332707,0.01434326171875,5.335124757653964,0.0,1.0
A_dense_d50_n4000_K200,4000,200,50,0.39092952041874074,0.028603078984537532,0.57861328125,0.03984292367849159,0.6365731414838469,0.007856397930646996,61,98,0.33960013695911856,0.58599853515625,dense,-1,3.0,0.05132938345962218,-0.00738525390625,6.349834269000424,1.0,1.0
A_dense_d50_n4000_K200,4000,200,50,0.3747517996646641,0.02846877850953768,0.564697265625,0.042353923803348036,0.6185246342466401,0.007636589076011516,66,99,0.33960013695911856,0.58599853515625,dense,-1,3.0,0.03515166270554554,-0.02130126953125,7.175419446159245,1.0,1.0
A_dense_d50_n4000_K200,4000,200,50,0.4640417758501404,0.029435178474179126,0.6080322265625,0.0353575237999122,0.6765953634033526,0.008470090656907575,64,100,0.33960013695911856,0.58599853515625,dense,-1,3.0,0.12444163889102183,0.02203369140625,5.0006179570454306,0.0,1.0
A_dense_d50_n4000_K200,4000,200,50,0.3968429579073317,0.027668229592882825,0.5902099609375,0.04294518874848106,0.6415070477945792,0.007688315527581143,73,101,0.33960013695911856,0.58599853515625,dense,-1,3.0,0.05724282094821315,0.00421142578125,7.377156946570656,0.0,1.0
A_dense_d50_n4000_K200,4000,200,50,0.4962519717881069,0.029755495863064443,0.6173095703125,0.03327659700750442,0.6785608469117694,0.00896624286508377,60,102,0.33960013695911856,0.58599853515625,dense,-1,3.0,0.15665183482898837,0.03131103515625,4.429327633599408,0.0,1.0
A_dense_d50_n4000_K200,4000,200,50,0.416385607470631,0.02698289470360287,0.5655517578125,0.036648341405515,0.6416660542792346,0.00860936334660977,58,103,0.33960013695911856,0.58599853515625,dense,-1,3.0,0.07678547051151247,-0.02044677734375,5.37240371110074,0.0,1.0
A_dense_d50_n4000_K200,4000,200,50,0.39899539004341655,0.028012182560361108,0.544677734375,0.03012718275232563,0.6400113827191944,0.008728865492695767,52,104,0.33960013695911856,0.58599853515625,dense,-1,3.0,0.059395253084297994,-0.04132080078125,3.630588562368108,0.0,1.0
A_dense_d50_n4000_K200,4000,200,50,0.4510931475428518,0.030161039734788137,0.621826171875,0.0410496832280426,0.632165392164147,0.007991994043531285,61,105,0.33960013695911856,0.58599853515625,dense,-1,3.0,0.11149301058373323,0.03582763671875,6.740305972490568,0.0,1.0
A_dense_d50_n4000_K200,4000,200,50,0.3866777638890041,0.029253470857039245,0.5526123046875,0.0357477077535095,0.5600258594153583,0.008327025212587246,61,106,0.33960013695911856,0.58599853515625,dense,-1,3.0,0.04707762692988554,-0.03338623046875,5.111594438521293,1.0,1.0
A_dense_d50_n4000_K200,4000,200,50,0.44769192924683454,0.029050894487798816,0.5880126953125,0.03203457921599169,0.6779816862611805,0.008637604343663976,50,107,0.33960013695911856,0.58599853515625,dense,-1,3.0,0.10809179228771598,0.00201416015625,4.104857062182587,0.0,1.0
A_dense_d50_n4000_K200,4000,200,50,0.4061737633229434,0.027964738411964247,0.5634765625,0.0402673315785468,0.6914839956761025,0.00832030919222559,63,108,0.33960013695911856,0.58599853515625,dense,-1,3.0,0.06657362636382486,-0.02252197265625,6.4858319698265285,0.0,1.0
A_dense_d50_n4000_K200,4000,200,50,0.40553625260712356,0.027925760441798595,0.56640625,0.04033138720395703,0.6542454043289849,0.00835801348092476,74,109,0.33960013695911856,0.58599853515625,dense,-1,3.0,0.065936115648005,-0.01959228515625,6.506483175182035,0.0,1.0
A_dense_d50_n4000_K200,4000,200,50,0.4852126552318388,0.029407325771327864,0.597900390625,0.03190026454450699,0.6554599097885107,0.00911844815279769,54,110,0.33960013695911856,0.58599853515625,dense,-1,3.0,0.14561251827272026,0.01190185546875,4.07050751203812,0.0,1.0
A_dense_d50_n4000_K200,4000,200,50,0.3707814500626198,0.026189982766984674,0.540283203125,0.036967805546097784,0.5616229157567811,0.007993052360286136,58,111,0.33960013695911856,0.58599853515625,dense,-1,3.0,0.03118131310350125,-0.04571533203125,5.466474587576393,1.0,1.0
A_dense_d50_n4000_K200,4000,200,50,0.43616909127963377,0.028044175559833743,0.551513671875,0.03540844783262386,0.6910303861389999,0.00938563840725822,70,112,0.33960013695911856,0.58599853515625,dense,-1,3.0,0.09656895432051521,-0.03448486328125,5.015032711662581,0.0,1.0
A_dense_d50_n4000_K200,4000,200,50,0.42248879528377203,0.03016968729467444,0.60302734375,0.03769507364204397,0.6249233039404564,0.007871453807675769,62,113,0.33960013695911856,0.58599853515625,dense,-1,3.0,0.08288865832465347,0.01702880859375,5.683674307516472,0.0,1.0
A_dense_d50_n4000_K200,4000,200,50,0.40399602282287145,0.028818154133330876,0.579833984375,0.04117301669558921,0.6249390371762067,0.008140316391460418,69,114,0.33960013695911856,0.58599853515625,dense,-1,3.0,0.06439588586375289,-0.00616455078125,6.780869215261071,0.0,1.0
A_dense_d50_n4000_K200,4000,200,50,0.45851247563121766,0.029600139496828912,0.6199951171875,0.03960373665986117,0.6165412209403116,0.008222924872222122,65,115,0.33960013695911856,0.58599853515625,dense,-1,3.0,0.1189123386720991,0.03399658203125,6.2738238296945275,0.0,1.0
A_dense_d50_n4000_K200,4000,200,50,0.40676267041006536,0.028677050156085813,0.5977783203125,0.04554082915594319,0.5921475061348151,0.007706203090523877,80,116,0.33960013695911856,0.58599853515625,dense,-1,3.0,0.0671625334509468,0.01177978515625,8.29586848084322,0.0,1.0
A_dense_d50_n4000_K200,4000,200,50,0.4783816948451857,0.030132472439987575,0.61279296875,0.03959521031896997,0.6651510550296142,0.008633534040698122,64,117,0.33960013695911856,0.58599853515625,dense,-1,3.0,0.13878155788606716,0.02679443359375,6.271122720813863,0.0,1.0
A_dense_d50_n4000_K200,4000,200,50,0.4653441905293023,0.02965706714455851,0.609619140625,0.03117244589633235,0.6249913895973844,0.008496457057255389,45,118,0.33960013695911856,0.58599853515625,dense,-1,3.0,0.12574405357018376,0.02362060546875,3.88688553263907,0.0,1.0
A_dense_d50_n4000_K200,4000,200,50,0.4749777705985323,0.02902267328453167,0.5977783203125,0.03631662217779592,0.6418478598245342,0.008757080776403648,57,119,0.33960013695911856,0.58599853515625,dense,-1,3.0,0.13537763363941374,0.01177978515625,5.275588185619113,0.0,1.0
A_dense_d50_n4000_K200,4000,200,50,0.42889755000980184,0.028475447396080645,0.569091796875,0.03357450754225454,0.6383810147768092,0.008754602808250194,55,120,0.33960013695911856,0.58599853515625,dense,-1,3.0,0.08929741305068328,-0.01690673828125,4.508990226819629,0.0,1.0
A_dense_d50_n4000_K200,4000,200,50,0.4221409460493176,0.028584473629293897,0.5748291015625,0.03777746809990899,0.6307701460476361,0.008542826690893748,65,121,0.33960013695911856,0.58599853515625,dense,-1,3.0,0.08254080909019906,-0.01116943359375,5.708548384158566,0.0,1.0
A_dense_d50_n4000_K200,4000,200,50,0.4085874191213713,0.028082273148268833,0.572509765625,0.036470074264258356,0.6239718942731309,0.00816906314328638,65,122,0.33960013695911856,0.58599853515625,dense,-1,3.0,0.06898728216225275,-0.01348876953125,5.320265267362079,0.0,1.0
A_dense_d50_n4000_K200,4000,200,50,0.4674154025365196,0.03007965999080378,0.614990234375,0.03675818235010673,0.6130887158946502,0.00823658296642253,54,123,0.33960013695911856,0.58599853515625,dense,-1,3.0,0.12781526557740103,0.02899169921875,5.404655878734791,0.0,1.0
A_dense_d50_n4000_K200,4000,200,50,0.4528527724924316,0.028701320481544765,0.58349609375,0.039212179240234096,0.6563847763606699,0.008788775268456993,68,124,0.33960013695911856,0.58599853515625,dense,-1,3.0,0.11325263553331305,-0.00250244140625,6.150380003072983,0.0,1.0
A_dense_d50_n4000_K200,4000,200,50,0.4445156367711174,0.0283668439996268,0.5831298828125,0.03849643410373806,0.6074978184341758,0.008707622942156401,66,125,0.33960013695911856,0.58599853515625,dense,-1,3.0,0.10491549981199882,-0.00286865234375,5.927901754813788,0.0,1.0
A_dense_d50_n4000_K200,4000,200,50,0.43506843335039413,0.028965462159843726,0.589599609375,0.03358687992229348,0.6256211123447123,0.00844094994870933,55,126,0.33960013695911856,0.58599853515625,dense,-1,3.0,0.09546829639127558,0.00360107421875,4.512314011658243,0.0,1.0
A_dense_d50_n4000_K200,4000,200,50,0.44954097762001827,0.02960547406510566,0.6060791015625,0.04193620304138264,0.6373539628788548,0.008256917105337583,67,127,0.33960013695911856,0.58599853515625,dense,-1,3.0,0.10994084066089971,0.02008056640625,7.034580502112282,0.0,1.0
A_dense_d50_n4000_K200,4000,200,50,0.4127296069535601,0.028577162045133785,0.5787353515625,0.03654027081822976,0.6282854766185136,0.008218863509905168,59,128,0.33960013695911856,0.58599853515625,dense,-1,3.0,0.07312946999444153,-0.00726318359375,5.340765565878294,0.0,1.0
A_dense_d50_n4000_K200,4000,200,50,0.39697039542726253,0.027908246475996053,0.5556640625,0.03622267044719359,0.6683778712187045,0.008426013194066398,60,129,0.33960013695911856,0.58599853515625,dense,-1,3.0,0.057370258468143975,-0.03033447265625,5.248327417303968,0.0,1.0
A_dense_d50_n4000_K200,4000,200,50,0.462246403066621,0.0284924055969925,0.585693359375,0.03792057306174118,0.6952462997643343,0.008912785181133564,78,130,0.33960013695911856,0.58599853515625,dense,-1,3.0,0.12264626610750246,-0.00030517578125,5.751879445323404,0.0,1.0
A_dense_d50_n4000_K200,4000,200,50,0.44101512565710244,0.030038725791287926,0.6204833984375,0.03594316474455289,0.582098437978759,0.007657131109250396,53,131,0.33960013695911856,0.58599853515625,dense,-1,3.0,0.10141498869798388,0.03448486328125,5.16764436741628,0.0,1.0
A_dense_d50_n4000_K200,4000,200,50,0.4489159911204407,0.028547155446138055,0.582275390625,0.042566079919998744,0.6544912642636075,0.00883952210040844,83,132,0.33960013695911856,0.58599853515625,dense,-1,3.0,0.10931585416132217,-0.00372314453125,7.247484639022881,0.0,1.0
A_dense_d50_n4000_K200,4000,200,50,0.4668606060532997,0.028826106976555195,0.596923828125,0.030980631766916164,0.6400202794943861,0.008939828617982763,50,133,0.33960013695911856,0.58599853515625,dense,-1,3.0,0.12726046909418115,0.01092529296875,3.8391981787090197,0.0,1.0
A_dense_d50_n4000_K200,4000,200,50,0.458629668284668,0.029179059832868236,0.60009765625,0.04069602391567974,0.6637708386233812,0.00841613809498046,70,134,0.33960013695911856,0.58599853515625,dense,-1,3.0,0.11902953132554944,0.01409912109375,6.6246654501823095,0.0,1.0
A_dense_d50_n4000_K200,4000,200,50,0.4161275561709819,0.028328390603154927,0.580322265625,0.03151241987521239,0.6215750014809055,0.008195917674483773,52,135,0.33960013695911856,0.58599853515625,dense,-1,3.0,0.07652741921186335,-0.00567626953125,3.972130425566723,0.0,1.0
A_dense_d50_n4000_K200,4000,200,50,0.42541126150266495,0.02977082291176242,0.5992431640625,0.04893256715465357,0.6188820955330243,0.00813709466632406,86,136,0.33960013695911856,0.58599853515625,dense,-1,3.0,0.08581112454354639,0.01324462890625,9.577584513378724,0.0,1.0
A_dense_d50_n4000_K200,4000,200,50,0.3766462963453471,0.028018194435441752,0.5574951171875,0.03791287058908124,0.6266677306386015,0.008006481768288049,65,137,0.33960013695911856,0.58599853515625,dense,-1,3.0,0.03704615938622852,-0.02850341796875,5.749543025217686,1.0,1.0
A_dense_d50_n4000_K200,4000,200,50,0.46462259999140654,0.02844401258305532,0.6015625,0.02946737766645011,0.6663698168430211,0.008723395826159098,53,138,0.33960013695911856,0.58599853515625,dense,-1,3.0,0.12502246303228798,0.01556396484375,3.4733053861488106,0.0,1.0
A_dense_d50_n4000_K200,4000,200,50,0.4527385312769766,0.028701474276397305,0.601806640625,0.04291907053640515,0.6636683940011716,0.008601680389632027,66,139,0.33960013695911856,0.58599853515625,dense,-1,3.0,0.11313839431785805,0.01580810546875,7.368186462835683,0.0,1.0
A_dense_d50_n4000_K200,4000,200,50,0.45725915210101303,0.029512668482985283,0.6231689453125,0.03692583947327954,0.6107345072616264,0.00806347254517474,59,140,0.33960013695911856,0.58599853515625,dense,-1,3.0,0.11765901514189447,0.03717041015625,5.454070483225639,0.0,1.0
A_dense_d50_n4000_K200,4000,200,50,0.47552320514946966,0.029773175929367016,0.6207275390625,0.030384037849313112,0.673790936226124,0.008390809428029203,44,141,0.33960013695911856,0.58599853515625,dense,-1,3.0,0.1359230681903511,0.03472900390625,3.6927590241139674,0.0,1.0
A_dense_d50_n4000_K200,4000,200,50,0.4314360529357505,0.029182478762291884,0.595458984375,0.034805890904043436,0.6424828792064706,0.008179036214530361,58,142,0.33960013695911856,0.58599853515625,dense,-1,3.0,0.09183591597663193,0.00946044921875,4.845800166496695,0.0,1.0
A_dense_d50_n4000_K200,4000,200,50,0.42874605271893335,0.0282559969087511,0.574462890625,0.030296239299645252,0.6570438380464013,0.008577284837132566,41,143,0.33960013695911856,0.58599853515625,dense,-1,3.0,0.08914591575981479,-0.01153564453125,3.6714484628054778,0.0,1.0
A_dense_d50_n4000_K200,4000,200,50,0.4407203739569042,0.029840160519286493,0.5972900390625,0.04557584209784175,0.6275285778988894,0.008259790522973124,78,144,0.33960013695911856,0.58599853515625,dense,-1,3.0,0.10112023699778566,0.01129150390625,8.308629531709615,0.0,1.0
A_dense_d50_n4000_K200,4000,200,50,0.4873766439307745,0.0296493728081627,0.5946044921875,0.03317646845578547,0.6800482742632873,0.009122695702664456,61,145,0.33960013695911856,0.58599853515625,dense,-1,3.0,0.14777650697165595,0.00860595703125,4.402712236790914,0.0,1.0
A_dense_d50_n4000_K200,4000,200,50,0.39793479529879394,0.029721800090495843,0.587158203125,0.0463096495877665,0.5807934025691139,0.0076487954136765695,74,146,0.33960013695911856,0.58599853515625,dense,-1,3.0,0.05833465833967538,0.00115966796875,8.578334579766887,0.0,1.0
A_dense_d50_n4000_K200,4000,200,50,0.41060233578932487,0.028334649600718485,0.5850830078125,0.03953439949454333,0.5814198246404322,0.008086184152694695,69,147,0.33960013695911856,0.58599853515625,dense,-1,3.0,0.07100219883020631,-0.00091552734375,6.251874973576591,0.0,1.0
A_dense_d50_n4000_K200,4000,200,50,0.46024535163433733,0.028647022583466693,0.62939453125,0.03384127207393657,0.6335266353558489,0.00812106134385665,54,148,0.33960013695911856,0.58599853515625,dense,-1,3.0,0.12064521467521877,0.04339599609375,4.580926782328797,0.0,1.0
A_dense_d50_n4000_K200,4000,200,50,0.4170048853044568,0.029462823495673095,0.596435546875,0.04086172755768481,0.5943488829195763,0.007847932279276814,67,149,0.33960013695911856,0.58599853515625,dense,-1,3.0,0.07740474834533823,0.01043701171875,6.678723115993833,0.0,1.0
A_dense_d50_n4000_K200,4000,200,50,0.420825852246148,0.03009499024015987,0.558349609375,0.03429254906768737,0.6276287836970392,0.008905861711866274,60,150,0.33960013695911856,0.58599853515625,dense,-1,3.0,0.08122571528702943,-0.02764892578125,4.703915686238983,0.0,1.0
A_dense_d50_n4000_K200,4000,200,50,0.4417600178713934,0.027544826639345793,0.567626953125,0.03448619655787745,0.71751680151335,0.009045612883130955,73,151,0.33960013695911856,0.58599853515625,dense,-1,3.0,0.10215988091227485,-0.01837158203125,4.757191012114234,0.0,1.0
A_dense_d50_n4000_K200,4000,200,50,0.4124446759400899,0.028814920959462045,0.586669921875,0.03540613483941379,0.5877110315597247,0.007900622264161914,54,152,0.33960013695911856,0.58599853515625,dense,-1,3.0,0.07284453898097132,0.00067138671875,5.014377537067003,0.0,1.0
A_dense_d50_n4000_K200,4000,200,50,0.438188659832881,0.028049678444272298,0.576416015625,0.036193705822188206,0.6446136902253751,0.008871959260540399,63,153,0.33960013695911856,0.58599853515625,dense,-1,3.0,0.09858852287376246,-0.00958251953125,5.239937364572402,0.0,1.0
A_dense_d50_n4000_K200,4000,200,50,0.40325058698890615,0.028608378711622542,0.5728759765625,0.03540481012636174,0.5520243859635308,0.00815717913999217,57,154,0.33960013695911856,0.58599853515625,dense,-1,3.0,0.06365045002978759,-0.01312255859375,5.014002320334908,0.0,1.0
A_dense_d50_n4000_K200,4000,200,50,0.41799299643575666,0.027460803810806123,0.5810546875,0.033931840596218024,0.6266284578126469,0.008418819179499172,58,155,0.33960013695911856,0.58599853515625,dense,-1,3.0,0.0783928594766381,-0.00494384765625,4.605479224988598,0.0,1.0
A_dense_d50_n4000_K200,4000,200,50,0.42849384302499643,0.02926883608152854,0.5880126953125,0.03967969387373329,0.640928600833416,0.008419193759244544,63,156,0.33960013695911856,0.58599853515625,dense,-1,3.0,0.08889370606587788,0.00201416015625,6.297912423652749,0.0,1.0
A_dense_d50_n4000_K200,4000,200,50,0.45675460327031925,0.0296701325010737,0.6104736328125,0.04192405164160863,0.6401065942899984,0.008448239774067704,66,157,0.33960013695911856,0.58599853515625,dense,-1,3.0,0.11715446631120069,0.02447509765625,7.03050442419307,0.0,1.0
A_dense_d50_n4000_K200,4000,200,50,0.4527711187662517,0.028264894443346542,0.5933837890625,0.03275919797101349,0.6332088797609221,0.008478482231684365,53,158,0.33960013695911856,0.58599853515625,dense,-1,3.0,0.11317098180713314,0.00738525390625,4.292660206816217,0.0,1.0
A_dense_d50_n4000_K200,4000,200,50,0.494677684239014,0.02986088977923911,0.594970703125,0.03213944418617818,0.7735899206312771,0.009424967227481615,62,159,0.33960013695911856,0.58599853515625,dense,-1,3.0,0.15507754727989542,0.00897216796875,4.1317754903858495,0.0,1.0
A_dense_d50_n4000_K200,4000,200,50,0.4632711473651439,0.02830796361660125,0.590087890625,0.031675120572837966,0.6401683838163744,0.008995302683859414,57,160,0.33960013695911856,0.58599853515625,dense,-1,3.0,0.12367101040602535,0.00408935546875,4.013253053215292,0.0,1.0
A_dense_d50_n4000_K200,4000,200,50,0.4878867131635816,0.02899238754561701,0.60546875,0.032373300383408674,0.6825659430522417,0.009006534198844899,56,161,0.33960013695911856,0.58599853515625,dense,-1,3.0,0.14828657620446306,0.01947021484375,4.192122310857632,0.0,1.0
A_dense_d50_n4000_K200,4000,200,50,0.44110687831750395,0.02786718769586543,0.57763671875,0.03599090334360309,0.6388557135674988,0.008822792814716703,64,162,0.33960013695911856,0.58599853515625,dense,-1,3.0,0.10150674135838539,-0.00836181640625,5.181380493954319,0.0,1.0
A_dense_d50_n4000_K200,4000,200,50,0.418619745987921,0.03011695485923453,0.6253662109375,0.04521493584304837,0.5803222353792855,0.007452803633000313,72,163,0.33960013695911856,0.58599853515625,dense,-1,3.0,0.07901960902880245,0.03936767578125,8.177561693163922,0.0,1.0
A_dense_d50_n4000_K200,4000,200,50,0.46098771737110006,0.028614248918386393,0.589599609375,0.035724355572738946,0.6401329398967505,0.008689434247699529,62,164,0.33960013695911856,0.58599853515625,dense,-1,3.0,0.1213875804119815,0.00360107421875,5.104918324349937,0.0,1.0
A_dense_d50_n4000_K200,4000,200,50,0.4560373258089457,0.028207952643624447,0.60107421875,0.03144082340546636,0.6028600624953965,0.008556954531054818,53,165,0.33960013695911856,0.58599853515625,dense,-1,3.0,0.11643718884982712,0.01507568359375,3.9541015056548856,0.0,1.0
A_dense_d50_n4000_K200,4000,200,50,0.4538522456890095,0.029196215288520636,0.6009521484375,0.04167416472215504,0.6394580850286657,0.008452626722864499,70,166,0.33960013695911856,0.58599853515625,dense,-1,3.0,0.11425210872989094,0.01495361328125,6.946944021157245,0.0,1.0
A_dense_d50_n4000_K200,4000,200,50,0.48013150929267806,0.02983557470099369,0.615478515625,0.03866605629641692,0.6285924428550423,0.008506412476902986,67,167,0.33960013695911856,0.58599853515625,dense,-1,3.0,0.1405313723335595,0.02947998046875,5.980255638070731,0.0,1.0
A_dense_d50_n4000_K200,4000,200,50,0.424691673685661,0.02919036670160507,0.5869140625,0.04846138801889069,0.6155248158077847,0.008216048887164316,79,168,0.33960013695911856,0.58599853515625,dense,-1,3.0,0.08509153672654246,0.00091552734375,9.394024514869928,0.0,1.0
A_dense_d50_n4000_K200,4000,200,50,0.4475782212073123,0.028056602992872777,0.5860595703125,0.03525139740810907,0.6441157679196017,0.008624188369648171,58,169,0.33960013695911856,0.58599853515625,dense,-1,3.0,0.10797808424819372,6.103515625e-05,4.970644076897756,0.0,1.0
A_dense_d50_n4000_K200,4000,200,50,0.4484057735454762,0.028456989465295263,0.577880859375,0.032013426721025674,0.6541613260718266,0.008923201043848628,57,170,0.33960013695911856,0.58599853515625,dense,-1,3.0,0.10880563658635767,-0.00811767578125,4.099437961689922,0.0,1.0
A_dense_d50_n4000_K200,4000,200,50,0.4504776144100373,0.027073122782980102,0.5770263671875,0.03663577076651973,0.6722828486417416,0.008886599530198382,65,171,0.33960013695911856,0.58599853515625,dense,-1,3.0,0.11087747745091875,-0.00897216796875,5.368718798627926,0.0,1.0
A_dense_d50_n4000_K200,4000,200,50,0.4498366472681625,0.02951889420497078,0.609375,0.03757237880103294,0.6229509558449804,0.00814721591496001,55,172,0.33960013695911856,0.58599853515625,dense,-1,3.0,0.11023651030904397,0.02337646484375,5.646734595073236,0.0,1.0
A_dense_d50_n4000_K200,4000,200,50,0.42073451183133126,0.027874203179091103,0.585205078125,0.03644797917237346,0.6386326147076838,0.008303587028224204,63,173,0.33960013695911856,0.58599853515625,dense,-1,3.0,0.0811343748722127,-0.00079345703125,5.313820742999078,0.0,1.0
A_dense_d50_n4000_K200,4000,200,50,0.38915494008074836,0.027121909194581025,0.5687255859375,0.0420485749105554,0.6230507035611407,0.00796846500189474,66,174,0.33960013695911856,0.58599853515625,dense,-1,3.0,0.0495548031216298,-0.01727294921875,7.072330608034356,1.0,1.0
A_dense_d50_n4000_K200,4000,200,50,0.422274093914519,0.029320132471215506,0.5787353515625,0.04006176637522128,0.626233379409684,0.008267414718124729,59,175,0.33960013695911856,0.58599853515625,dense,-1,3.0,0.08267395695540042,-0.00726318359375,6.4197805004112425,0.0,1.0
A_dense_d50_n4000_K200,4000,200,50,0.4454569566256993,0.02885700755946342,0.57958984375,0.03629453771214279,0.6803254705095141,0.008744778050786226,70,176,0.33960013695911856,0.58599853515625,dense,-1,3.0,0.10585681966658073,-0.00640869140625,5.2691738709526215,0.0,1.0
A_dense_d50_n4000_K200,4000,200,50,0.4648290993617711,0.030323491344083436,0.60693359375,0.03371686722604323,0.6168570361903617,0.008492417465518905,56,177,0.33960013695911856,0.58599853515625,dense,-1,3.0,0.12522896240265252,0.02093505859375,4.5473085421545125,0.0,1.0
A_dense_d50_n4000_K200,4000,200,50,0.42013984933174,0.029820363718353855,0.5928955078125,0.04221196140446828,0.6438128569967444,0.008138163554524108,73,178,0.33960013695911856,0.58599853515625,dense,-1,3.0,0.08053971237262142,0.00689697265625,7.127398742449278,0.0,1.0
A_dense_d50_n4000_K200,4000,200,50,0.41312451502737163,0.028083157550369754,0.5736083984375,0.0401014982144169,0.5733918653538991,0.008376902702905586,75,179,0.33960013695911856,0.58599853515625,dense,-1,3.0,0.07352437806825307,-0.01239013671875,6.4325206361635265,0.0,1.0
A_dense_d50_n4000_K200,4000,200,50,0.3786904304284709,0.02749677537757589,0.5545654296875,0.03887220728967841,0.643124090162716,0.008171834154755994,60,180,0.33960013695911856,0.58599853515625,dense,-1,3.0,0.03909029346935233,-0.03143310546875,6.04419399828691,1.0,1.0
A_dense_d50_n4000_K200,4000,200,50,0.46033664249731393,0.02938494327533011,0.6016845703125,0.043820192211453064,0.6147841955136873,0.00849812135080468,78,181,0.33960013695911856,0.58599853515625,dense,-1,3.0,0.12073650553819537,0.01568603515625,7.680836981794767,0.0,1.0
A_dense_d50_n4000_K200,4000,200,50,0.41703479030656043,0.027125353976051456,0.564453125,0.03836589606353684,0.6260163893591466,0.008551025463237478,70,182,0.33960013695911856,0.58599853515625,dense,-1,3.0,0.07743465334744187,-0.02154541015625,5.887767923032446,0.0,1.0
A_dense_d50_n4000_K200,4000,200,50,0.4375908921289562,0.02759252278022256,0.5936279296875,0.037578607614029494,0.6056806587619726,0.008341951692261948,63,183,0.33960013695911856,0.58599853515625,dense,-1,3.0,0.09799075516983763,0.00762939453125,5.648607000836782,0.0,1.0
A_dense_d50_n4000_K200,4000,200,50,0.31818935941342497,0.027599696792514367,0.5255126953125,0.03742766555135119,0.6024830117145716,0.007390123793813743,54,184,0.33960013695911856,0.58599853515625,dense,-1,3.0,-0.021410777545693593,-0.06048583984375,5.603320594495203,1.0,1.0
A_dense_d50_n4000_K200,4000,200,50,0.47361034990125844,0.030098808649898678,0.6015625,0.03237317964771902,0.6972870760339008,0.00897218950709195,57,185,0.33960013695911856,0.58599853515625,dense,-1,3.0,0.13401021294213988,0.01556396484375,4.192091042013956,0.0,1.0
A_dense_d50_n4000_K200,4000,200,50,0.43768210092655135,0.029356512805056405,0.591064453125,0.04089066488898893,0.6362749106500692,0.008606031140540286,67,186,0.33960013695911856,0.58599853515625,dense,-1,3.0,0.0980819639674328,0.00506591796875,6.688185900254369,0.0,1.0
A_dense_d50_n4000_K200,4000,200,50,0.4185273146276827,0.02849416885543209,0.58447265625,0.04064021404248695,0.6017922190990762,0.008080070916090837,65,187,0.33960013695911856,0.58599853515625,dense,-1,3.0,0.07892717766856416,-0.00152587890625,6.606507989676614,0.0,1.0
A_dense_d50_n4000_K200,4000,200,50,0.40126855254259614,0.028519303079994333,0.56884765625,0.03667193252082305,0.6273189893395879,0.0081071759841603,61,188,0.33960013695911856,0.58599853515625,dense,-1,3.0,0.061668415583477576,-0.01715087890625,5.379322539247196,0.0,1.0
A_dense_d50_n4000_K200,4000,200,50,0.41681958527923846,0.029366112157277285,0.5762939453125,0.0329970105167015,0.6582317589983577,0.00834919702834564,53,189,0.33960013695911856,0.58599853515625,dense,-1,3.0,0.0772194483201199,-0.00970458984375,4.355210812157238,0.0,1.0
A_dense_d50_n4000_K200,4000,200,50,0.46839164191819826,0.029193671513996707,0.60595703125,0.03565732032991485,0.7008825648146274,0.00848607466677045,61,190,0.33960013695911856,0.58599853515625,dense,-1,3.0,0.1287915049590797,0.01995849609375,5.085777972440637,0.0,1.0
A_dense_d50_n4000_K200,4000,200,50,0.4093346451459936,0.028510567420778756,0.5775146484375,0.03576814920322653,0.6235019896228045,0.008080089802847632,60,191,0.33960013695911856,0.58599853515625,dense,-1,3.0,0.06973450818687504,-0.00848388671875,5.117441989697099,0.0,1.0
A_dense_d50_n4000_K200,4000,200,50,0.4229525351557094,0.028738460664560487,0.5968017578125,0.03315682372276316,0.6424600343672701,0.008062733147888405,55,192,0.33960013695911856,0.58599853515625,dense,-1,3.0,0.08335239819659085,0.01080322265625,4.397499837529558,0.0,1.0
A_dense_d50_n4000_K200,4000,200,50,0.44871273676083684,0.030322104963623017,0.6019287109375,0.038698710658452005,0.651270300007163,0.008281587348940491,66,193,0.33960013695911856,0.58599853515625,dense,-1,3.0,0.10911259980171828,0.01593017578125,5.990360826506347,0.0,1.0
A_dense_d50_n4000_K200,4000,200,50,0.4539747949444261,0.0292395917144659,0.6143798828125,0.034752000423221824,0.5938291123365339,0.00818849264597182,55,194,0.33960013695911856,0.58599853515625,dense,-1,3.0,0.11437465798530755,0.02838134765625,4.830806133662439,0.0,1.0
A_dense_d50_n4000_K200,4000,200,50,0.42097032944185386,0.028048682352425712,0.565673828125,0.03566466290411078,0.6417737561383543,0.008918982885684776,67,195,0.33960013695911856,0.58599853515625,dense,-1,3.0,0.0813701924827353,-0.02032470703125,5.087872720255422,0.0,1.0
A_dense_d50_n4000_K200,4000,200,50,0.42067451304008063,0.027728832968914676,0.594970703125,0.03453008054629163,0.5802202050249571,0.00828681827516214,64,196,0.33960013695911856,0.58599853515625,dense,-1,3.0,0.08107437608096207,0.00897216796875,4.76930585013355,0.0,1.0
A_dense_d50_n4000_K200,4000,200,50,0.4777678793522995,0.02948767078557787,0.61865234375,0.042911084735954334,0.6604288567469778,0.008347646234734506,74,197,0.33960013695911856,0.58599853515625,dense,-1,3.0,0.13816774239318091,0.03265380859375,7.365444772865012,0.0,1.0
A_dense_d50_n4000_K200,4000,200,50,0.392830024276429,0.027796369784835673,0.55419921875,0.04373357382861076,0.6280955493617928,0.008323620020942151,73,198,0.33960013695911856,0.58599853515625,dense,-1,3.0,0.05322988731731043,-0.03179931640625,7.650501919290193,1.0,1.0
A_dense_d50_n4000_K200,4000,200,50,0.49252831506997585,0.030201122667557215,0.6171875,0.03605084551072763,0.6759703480674515,0.008753314020187938,62,199,0.33960013695911856,0.58599853515625,dense,-1,3.0,0.1529281781108573,0.03118896484375,5.198653848153403,0.0,1.0
A_dense_d50_n4000_K400,4000,400,50,0.5231028532666933,0.02743470459783809,0.5660400390625,0.037926535340697856,0.9052269320851646,0.011037280818402396,69,0,0.33960013695911856,0.58599853515625,dense,-1,3.0,0.1835027163075747,-0.01995849609375,5.7536883317968135,0.0,1.0
A_dense_d50_n4000_K400,4000,400,50,0.4877534405681495,0.028037569450068637,0.561279296875,0.04422758151328565,0.8445506506840086,0.010438039701029078,76,1,0.33960013695911856,0.58599853515625,dense,-1,3.0,0.14815330360903095,-0.02471923828125,7.824315866057308,0.0,1.0
A_dense_d50_n4000_K400,4000,400,50,0.4785040887116485,0.0275208392740329,0.5384521484375,0.03577804577260711,0.9239377089886069,0.010668660645358733,58,2,0.33960013695911856,0.58599853515625,dense,-1,3.0,0.13890395175252995,-0.04754638671875,5.120274237227078,0.0,1.0
A_dense_d50_n4000_K400,4000,400,50,0.5233131768910237,0.027398639868852534,0.576171875,0.03786668248823363,0.8402014116019058,0.010485868424503499,66,3,0.33960013695911856,0.58599853515625,dense,-1,3.0,0.1837130399319052,-0.00982666015625,5.735542570658799,0.0,1.0
A_dense_d50_n4000_K400,4000,400,50,0.5340648218409616,0.02861263604671637,0.5670166015625,0.03767747649326684,0.8630636697181121,0.010922030020197376,60,4,0.33960013695911856,0.58599853515625,dense,-1,3.0,0.19446468488184304,-0.01898193359375,5.6783689396027,0.0,1.0
A_dense_d50_n4000_K400,4000,400,50,0.5752937346421401,0.029161676673107047,0.5953369140625,0.04503196839106996,0.9046148811210603,0.010812643743470905,81,5,0.33960013695911856,0.58599853515625,dense,-1,3.0,0.2356935976830215,0.00933837890625,8.111512708697296,0.0,1.0
A_dense_d50_n4000_K400,4000,400,50,0.5223851221712768,0.0278595506041865,0.546875,0.034739874602736406,0.9369488714868195,0.011416384032669834,67,6,0.33960013695911856,0.58599853515625,dense,-1,3.0,0.1827849852121582,-0.03912353515625,4.8274355496554,0.0,1.0
A_dense_d50_n4000_K400,4000,400,50,0.5407479928380914,0.028363119083246447,0.571533203125,0.03466202037052156,0.9098529030256192,0.011106684940908027,64,7,0.33960013695911856,0.58599853515625,dense,-1,3.0,0.20114785587897283,-0.01446533203125,4.805822624665806,0.0,1.0
A_dense_d50_n4000_K400,4000,400,50,0.5057445417853366,0.028935460746347563,0.5653076171875,0.03517150622648139,0.8631822699760849,0.010340909922185308,53,8,0.33960013695911856,0.58599853515625,dense,-1,3.0,0.166144404826218,-0.02069091796875,4.948139400957675,0.0,1.0
A_dense_d50_n4000_K400,4000,400,50,0.5143984145064029,0.027169855167872892,0.569091796875,0.033361136290448325,0.8828918576278261,0.010794837170888492,51,9,0.33960013695911856,0.58599853515625,dense,-1,3.0,0.17479827754728433,-0.01690673828125,4.451861658359473,0.0,1.0
A_dense_d50_n4000_K400,4000,400,50,0.4538539987951711,0.02676150997199607,0.5335693359375,0.03998506818634819,0.8512525149300411,0.01017550945883174,66,10,0.33960013695911856,0.58599853515625,dense,-1,3.0,0.11425386183605252,-0.05242919921875,6.395222711467658,0.0,1.0
A_dense_d50_n4000_K400,4000,400,50,0.4658238549626572,0.02872179550424304,0.5623779296875,0.04832195842589902,0.8399441847410082,0.009801111969781928,75,11,0.33960013695911856,0.58599853515625,dense,-1,3.0,0.12622371800353865,-0.02362060546875,9.340046664457255,0.0,1.0
A_dense_d50_n4000_K400,4000,400,50,0.5368675214133638,0.0280864734653884,0.569091796875,0.03410547438380015,0.929339418113359,0.011024996783368957,59,12,0.33960013695911856,0.58599853515625,dense,-1,3.0,0.19726738445424524,-0.01690673828125,4.652733531776192,0.0,1.0
A_dense_d50_n4000_K400,4000,400,50,0.5338643511060357,0.02831628853725254,0.584228515625,0.034933940908109036,0.8882180292288677,0.01085967456697744,59,13,0.33960013695911856,0.58599853515625,dense,-1,3.0,0.19426421414691714,-0.00177001953125,4.881520909485016,0.0,1.0
A_dense_d50_n4000_K400,4000,400,50,0.5049482151288182,0.02649062078666132,0.5384521484375,0.04466350779041501,0.9471052051373473,0.011234043279591065,87,14,0.33960013695911856,0.58599853515625,dense,-1,3.0,0.1653480781696996,-0.04754638671875,7.979315712577848,0.0,1.0
A_dense_d50_n4000_K400,4000,400,50,0.4933722148064256,0.02773779254301386,0.5672607421875,0.046355889604833764,0.844814234254019,0.010161342563191818,83,15,0.33960013695911856,0.58599853515625,dense,-1,3.0,0.15377207784730706,-0.01873779296875,8.59547400422214,0.0,1.0
A_dense_d50_n4000_K400,4000,400,50,0.5409350554203106,0.02672784042918907,0.55859375,0.03164332451090201,0.94932080811568,0.011413234885877609,55,16,0.33960013695911856,0.58599853515625,dense,-1,3.0,0.20133491846119206,-0.02740478515625,4.005199944409008,0.0,1.0
A_dense_d50_n4000_K400,4000,400,50,0.4525448034529026,0.02688175676809335,0.5472412109375,0.03798766302108664,0.8873472748805944,0.009871008841160748,59,17,0.33960013695911856,0.58599853515625,dense,-1,3.0,0.11294466649378404,-0.03875732421875,5.7722501672145325,0.0,1.0
A_dense_d50_n4000_K400,4000,400,50,0.5303844086712448,0.02663497585437885,0.5745849609375,0.0350119661374511,0.8833098840398093,0.01089761092089731,67,18,0.33960013695911856,0.58599853515625,dense,-1,3.0,0.19078427171212625,-0.01141357421875,4.90335109124009,0.0,1.0
A_dense_d50_n4000_K400,4000,400,50,0.5077499829668265,0.02814147845655991,0.5472412109375,0.032196860156425255,0.8932153347642661,0.011217700920213325,53,19,0.33960013695911856,0.58599853515625,dense,-1,3.0,0.16814984600770794,-0.03875732421875,4.146551215729617,0.0,1.0
A_dense_d50_n4000_K400,4000,400,50,0.5015233910169364,0.027286523833046823,0.56201171875,0.03651576568643618,0.9196637095766333,0.010632398109908283,68,20,0.33960013695911856,0.58599853515625,dense,-1,3.0,0.16192325405781788,-0.02398681640625,5.333604574666839,0.0,1.0
A_dense_d50_n4000_K400,4000,400,50,0.5518623814119967,0.028313540757179064,0.5526123046875,0.03640191533955637,0.9421981149383598,0.011542313801627908,69,21,0.33960013695911856,0.58599853515625,dense,-1,3.0,0.21226224445287817,-0.03338623046875,5.300397761552917,0.0,1.0
A_dense_d50_n4000_K400,4000,400,50,0.5151508880787833,0.027363045429422514,0.5556640625,0.0433949533135522,0.9104045090743846,0.011103410594149097,83,22,0.33960013695911856,0.58599853515625,dense,-1,3.0,0.17555075111966473,-0.03033447265625,7.532487892341499,0.0,1.0
A_dense_d50_n4000_K400,4000,400,50,0.4932152704819971,0.02706608099035536,0.55126953125,0.04178911241250814,0.8510818835350277,0.010488057419171146,75,23,0.33960013695911856,0.58599853515625,dense,-1,3.0,0.15361513352287853,-0.03472900390625,6.985319664900968,0.0,1.0
A_dense_d50_n4000_K400,4000,400,50,0.4973041547029519,0.027047033821619035,0.5614013671875,0.03818957084496615,0.870662027251482,0.010595653076842097,70,24,0.33960013695911856,0.58599853515625,dense,-1,3.0,0.15770401774383336,-0.02459716796875,5.833773285290755,0.0,1.0
A_dense_d50_n4000_K400,4000,400,50,0.5405555144820897,0.027699846556877745,0.5833740234375,0.036691900612801705,0.9278496859724289,0.010677253103263958,63,25,0.33960013695911856,0.58599853515625,dense,-1,3.0,0.20095537752297116,-0.00262451171875,5.385182282318873,0.0,1.0
A_dense_d50_n4000_K400,4000,400,50,0.522276831355769,0.02825367007840597,0.5804443359375,0.03402355915197088,0.8667533372529809,0.010710209930091995,63,26,0.33960013695911856,0.58599853515625,dense,-1,3.0,0.1826766943966504,-0.00555419921875,4.630410309470646,0.0,1.0
A_dense_d50_n4000_K400,4000,400,50,0.47244137697813726,0.026410232873317747,0.5274658203125,0.039943154671013247,0.9041989732164003,0.01087177209238634,74,27,0.33960013695911856,0.58599853515625,dense,-1,3.0,0.1328412400190187,-0.05853271484375,6.381822420289949,0.0,1.0
A_dense_d50_n4000_K400,4000,400,50,0.5014131920855218,0.026071660264317665,0.563232421875,0.036639419887238255,0.8864286489557166,0.010714120950893748,62,28,0.33960013695911856,0.58599853515625,dense,-1,3.0,0.16181305512640326,-0.02276611328125,5.369788358693401,0.0,1.0
A_dense_d50_n4000_K400,4000,400,50,0.5049434426008703,0.0284881302969397,0.5589599609375,0.04591891753012709,0.8593729387193781,0.010704040612615113,74,29,0.33960013695911856,0.58599853515625,dense,-1,3.0,0.16534330564175176,-0.02703857421875,8.434187948554452,0.0,1.0
A_dense_d50_n4000_K400,4000,400,50,0.5054272020624625,0.02775882624958387,0.5572509765625,0.037092245248214424,0.8929099573253598,0.01086733163867787,68,30,0.33960013695911856,0.58599853515625,dense,-1,3.0,0.16582706510334394,-0.02874755859375,5.503338630214742,0.0,1.0
A_dense_d50_n4000_K400,4000,400,50,0.48602208544480563,0.028243827396331363,0.5516357421875,0.03666236336904162,0.8276122155864516,0.010393945658336281,59,31,0.33960013695911856,0.58599853515625,dense,-1,3.0,0.14642194848568707,-0.03436279296875,5.376515551214579,0.0,1.0
A_dense_d50_n4000_K400,4000,400,50,0.5353720978684189,0.027756229952451278,0.562255859375,0.0334179696888373,0.878217074095692,0.011067151021114005,58,32,0.33960013695911856,0.58599853515625,dense,-1,3.0,0.19577196090930032,-0.02374267578125,4.467042792496193,0.0,1.0
A_dense_d50_n4000_K400,4000,400,50,0.5096632304916406,0.02756738234348653,0.56201171875,0.035418939733249805,0.9259067117229741,0.010851461018812238,64,33,0.33960013695911856,0.58599853515625,dense,-1,3.0,0.17006309353252208,-0.02398681640625,5.018005167310327,0.0,1.0
A_dense_d50_n4000_K400,4000,400,50,0.48538776892552127,0.02778146777968315,0.5609130859375,0.03831084412995193,0.8919640086006754,0.010407790640158794,61,34,0.33960013695911856,0.58599853515625,dense,-1,3.0,0.1457876319664027,-0.02508544921875,5.870883111797888,0.0,1.0
A_dense_d50_n4000_K400,4000,400,50,0.5204041315087788,0.027197344525324144,0.5648193359375,0.040550225245293656,0.8743681504446364,0.010896213162787067,74,35,0.33960013695911856,0.58599853515625,dense,-1,3.0,0.18080399454966029,-0.02117919921875,6.577283069776204,0.0,1.0
A_dense_d50_n4000_K400,4000,400,50,0.5597220667959448,0.02872956090807766,0.59912109375,0.0393008385804703,0.8542202259045452,0.010560409500133303,61,36,0.33960013695911856,0.58599853515625,dense,-1,3.0,0.22012192983682627,0.01312255859375,6.178223652512731,0.0,1.0
A_dense_d50_n4000_K400,4000,400,50,0.5201930604752373,0.028336174831641563,0.5543212890625,0.03883005641236243,0.9132011972305891,0.01136590452369556,67,37,0.33960013695911856,0.58599853515625,dense,-1,3.0,0.18059292351611872,-0.03167724609375,6.031093123948994,0.0,1.0
A_dense_d50_n4000_K400,4000,400,50,0.48192551991485555,0.027909651307822896,0.5496826171875,0.04445608609999733,0.8824465058341898,0.010386948844393125,77,38,0.33960013695911856,0.58599853515625,dense,-1,3.0,0.142325382955737,-0.03631591796875,7.905374365321502,0.0,1.0
A_dense_d50_n4000_K400,4000,400,50,0.5029198696468657,0.02827590095769958,0.5489501953125,0.03613380931791358,0.9308904018126548,0.011152073662203742,63,39,0.33960013695911856,0.58599853515625,dense,-1,3.0,0.1633197326877472,-0.03704833984375,5.2226087032933535,0.0,1.0
A_dense_d50_n4000_K400,4000,400,50,0.5293893820335777,0.026969150821692146,0.560302734375,0.037620506325013604,0.9295721737933607,0.011439392771138042,77,40,0.33960013695911856,0.58599853515625,dense,-1,3.0,0.1897892450744591,-0.02569580078125,5.6612099846015544,0.0,1.0
A_dense_d50_n4000_K400,4000,400,50,0.5646739172330115,0.027628888156432507,0.5709228515625,0.039686281559202854,0.8993654023756655,0.01145584818409669,75,41,0.33960013695911856,0.58599853515625,dense,-1,3.0,0.22507378027389296,-0.01507568359375,6.300003775985298,0.0,1.0
A_dense_d50_n4000_K400,4000,400,50,0.521412278960935,0.02856204890954235,0.5718994140625,0.03294129719845854,0.8748025366931453,0.010687528640342302,53,42,0.33960013695911856,0.58599853515625,dense,-1,3.0,0.18181214200181645,-0.01409912109375,4.34051624446869,0.0,1.0
A_dense_d50_n4000_K400,4000,400,50,0.5204372594614355,0.026720713486609652,0.5576171875,0.029496258335420425,0.883816486384007,0.011201338798205791,50,43,0.33960013695911856,0.58599853515625,dense,-1,3.0,0.18083712250231693,-0.02838134765625,3.4801170231594356,0.0,1.0
A_dense_d50_n4000_K400,4000,400,50,0.5708408561407302,0.028484524614363734,0.5948486328125,0.04025331408352013,0.890283543171768,0.011083428772162845,74,44,0.33960013695911856,0.58599853515625,dense,-1,3.0,0.23124071918161165,0.00885009765625,6.481317178826079,0.0,1.0
A_dense_d50_n4000_K400,4000,400,50,0.49569888704636517,0.028314078032126003,0.553466796875,0.03595142981254581,0.9077470789298828,0.010837105105201892,60,45,0.33960013695911856,0.58599853515625,dense,-1,3.0,0.1560987500872466,-0.03253173828125,5.17002122226563,0.0,1.0
A_dense_d50_n4000_K400,4000,400,50,0.5253364549778983,0.02792748061298866,0.56201171875,0.03376294654523364,0.9281799742688586,0.010849029990310923,47,46,0.33960013695911856,0.58599853515625,dense,-1,3.0,0.1857363180187797,-0.02398681640625,4.559746237665216,0.0,1.0
A_dense_d50_n4000_K400,4000,400,50,0.5209252653525069,0.027939305634275803,0.5592041015625,0.0361714638815372,0.9459538588223814,0.010997818555077038,64,47,0.33960013695911856,0.58599853515625,dense,-1,3.0,0.18132512839338838,-0.02679443359375,5.2334991973334,0.0,1.0
A_dense_d50_n4000_K400,4000,400,50,0.519303553607303,0.028393277169057395,0.568359375,0.04028906982062399,0.845694856918707,0.01064665986121621,75,48,0.33960013695911856,0.58599853515625,dense,-1,3.0,0.1797034166481844,-0.01763916015625,6.492836588044459,0.0,1.0
A_dense_d50_n4000_K400,4000,400,50,0.5401756480975954,0.027677470657959172,0.5587158203125,0.035880586818405474,0.9303736917212809,0.011637519731709598,68,49,0.33960013695911856,0.58599853515625,dense,-1,3.0,0.20057551113847688,-0.02728271484375,5.14966604173253,0.0,1.0
A_dense_d50_n4000_K400,4000,400,50,0.5058971847494946,0.026682354753150696,0.5487060546875,0.033409083898531054,0.8943494422788959,0.010880001788175804,57,50,0.33960013695911856,0.58599853515625,dense,-1,3.0,0.16629704779037607,-0.03729248046875,4.464667547756347,0.0,1.0
A_dense_d50_n4000_K400,4000,400,50,0.5321628929225914,0.028199452146186754,0.5648193359375,0.03528054011619808,0.9075378932173771,0.01093655291597969,62,51,0.33960013695911856,0.58599853515625,dense,-1,3.0,0.1925627559634729,-0.02117919921875,4.978866043562648,0.0,1.0
A_dense_d50_n4000_K400,4000,400,50,0.4923230277433168,0.028832943287542948,0.5732421875,0.04078860369959679,0.8400385835736317,0.010251083049085015,73,52,0.33960013695911856,0.58599853515625,dense,-1,3.0,0.15272289078419826,-0.01275634765625,6.654840767051044,0.0,1.0
A_dense_d50_n4000_K400,4000,400,50,0.557663259243041,0.027896978744856034,0.5784912109375,0.03745922268497877,0.9217980505167617,0.01128024859683121,66,53,0.33960013695911856,0.58599853515625,dense,-1,3.0,0.2180631222839225,-0.00750732421875,5.612773456651312,0.0,1.0
A_dense_d50_n4000_K400,4000,400,50,0.47851534763496445,0.027723730196673277,0.54345703125,0.03470933096480844,0.8557238368842384,0.010457527667538111,52,54,0.33960013695911856,0.58599853515625,dense,-1,3.0,0.1389152106758459,-0.04254150390625,4.81895062409844,0.0,1.0
A_dense_d50_n4000_K400,4000,400,50,0.4594107407640365,0.027345826251339737,0.5352783203125,0.04085178912461204,0.8613545347839877,0.010349833999588269,69,55,0.33960013695911856,0.58599853515625,dense,-1,3.0,0.11981060380491793,-0.05072021484375,6.675474698727083,0.0,1.0
A_dense_d50_n4000_K400,4000,400,50,0.5107138885896618,0.02825810318457396,0.564208984375,0.03738699666140514,0.8578174944906244,0.01072785677692317,61,56,0.33960013695911856,0.58599853515625,dense,-1,3.0,0.17111375163054326,-0.02178955078125,5.591150077439676,0.0,1.0
A_dense_d50_n4000_K400,4000,400,50,0.5115711933972247,0.027082152853750215,0.5277099609375,0.03104970279922337,0.9382422495364593,0.011703267438911938,54,57,0.33960013695911856,0.58599853515625,dense,-1,3.0,0.17197105643810612,-0.05828857421875,3.8563361756803984,0.0,1.0
A_dense_d50_n4000_K400,4000,400,50,0.5022611595450619,0.028481885179224547,0.5841064453125,0.03719295546948696,0.845207575771648,0.010002298936126072,56,58,0.33960013695911856,0.58599853515625,dense,-1,3.0,0.16266102258594334,-0.00189208984375,5.533263746220961,0.0,1.0
A_dense_d50_n4000_K400,4000,400,50,0.5060789008956796,0.026824512959484372,0.576171875,0.04550382998849469,0.8265610054916959,0.01023210610632086,70,59,0.33960013695911856,0.58599853515625,dense,-1,3.0,0.16647876393656108,-0.00982666015625,8.282394174487315,0.0,1.0
A_dense_d50_n4000_K400,4000,400,50,0.5046890001420461,0.026271240487377865,0.555419921875,0.030801647915148767,0.850218023702817,0.01085191448280882,48,60,0.33960013695911856,0.58599853515625,dense,-1,3.0,0.16508886318292754,-0.03057861328125,3.7949660571551536,0.0,1.0
A_dense_d50_n4000_K400,4000,400,50,0.4931463890887817,0.02720838807109372,0.5611572265625,0.03997761359859863,0.8788751145378817,0.010384126451488484,69,61,0.33960013695911856,0.58599853515625,dense,-1,3.0,0.15354625212966316,-0.02484130859375,6.3928383561554325,0.0,1.0
A_dense_d50_n4000_K400,4000,400,50,0.5352508060740357,0.027766890828330903,0.5701904296875,0.04025292278454933,0.8873425200179333,0.011201966584613546,70,62,0.33960013695911856,0.58599853515625,dense,-1,3.0,0.1956506691149172,-0.01580810546875,6.481191170795563,0.0,1.0
A_dense_d50_n4000_K400,4000,400,50,0.48492049958008,0.0265794776640331,0.5384521484375,0.03329397868180016,0.9111184617307425,0.011047871644598802,53,63,0.33960013695911856,0.58599853515625,dense,-1,3.0,0.14532036262096143,-0.04754638671875,4.433956065856654,0.0,1.0
A_dense_d50_n4000_K400,4000,400,50,0.5152026378407313,0.027015487027347372,0.5634765625,0.038671221219670864,0.9417998992050604,0.010754958973506742,68,64,0.33960013695911856,0.58599853515625,dense,-1,3.0,0.17560250088161272,-0.02252197265625,5.981853402482889,0.0,1.0
A_dense_d50_n4000_K400,4000,400,50,0.5132748272191707,0.028232366717742735,0.5943603515625,0.03938312439728169,0.8169054247293569,0.009753246669024544,55,65,0.33960013695911856,0.58599853515625,dense,-1,3.0,0.17367469026005217,0.00836181640625,6.204121949167058,0.0,1.0
A_dense_d50_n4000_K400,4000,400,50,0.49102722995421666,0.027772543519937725,0.5416259765625,0.03935973016030829,0.8958737779591567,0.010890854347964172,67,66,0.33960013695911856,0.58599853515625,dense,-1,3.0,0.1514270929950981,-0.04437255859375,6.196753433169128,0.0,1.0
A_dense_d50_n4000_K400,4000,400,50,0.46914299290888,0.02744386736724888,0.5562744140625,0.041813459867973,0.9122185071517299,0.010245441948583634,73,67,0.33960013695911856,0.58599853515625,dense,-1,3.0,0.12954285594976145,-0.02972412109375,6.993461704522356,0.0,1.0
A_dense_d50_n4000_K400,4000,400,50,0.5469747186257167,0.02891041856357835,0.5704345703125,0.03748999729182237,0.9205515537040714,0.011202631462894009,66,68,0.33960013695911856,0.58599853515625,dense,-1,3.0,0.2073745816665981,-0.01556396484375,5.621999587763394,0.0,1.0
A_dense_d50_n4000_K400,4000,400,50,0.5385833125317881,0.027751698672468978,0.5714111328125,0.03474513234909709,0.9159758022858223,0.01086102062728538,52,69,0.33960013695911856,0.58599853515625,dense,-1,3.0,0.1989831755726696,-0.01458740234375,4.828896887825092,0.0,1.0
A_dense_d50_n4000_K400,4000,400,50,0.4924504488631172,0.027463127981513326,0.535400390625,0.03242895226105195,0.9353272298506351,0.01103808238001165,52,70,0.33960013695911856,0.58599853515625,dense,-1,3.0,0.15285031190399861,-0.05059814453125,4.2065477789983445,0.0,1.0
A_dense_d50_n4000_K400,4000,400,50,0.5159315647735454,0.0273331822190022,0.573486328125,0.04053800516214489,0.8489177320754888,0.010426668059447333,68,71,0.33960013695911856,0.58599853515625,dense,-1,3.0,0.17633142781442684,-0.01251220703125,6.573319450104343,0.0,1.0
A_dense_d50_n4000_K400,4000,400,50,0.5596235614890546,0.028355253869045853,0.589111328125,0.036451934390256846,0.8891624778397519,0.010859499686647745,55,72,0.33960013695911856,0.58599853515625,dense,-1,3.0,0.220023424529936,0.00311279296875,5.314974083166359,0.0,1.0
A_dense_d50_n4000_K400,4000,400,50,0.5149988894047761,0.0276763178664169,0.56689453125,0.03786896843597508,0.9213565864925247,0.010658655945515665,60,73,0.33960013695911856,0.58599853515625,dense,-1,3.0,0.17539875244565756,-0.01910400390625,5.736235081619507,0.0,1.0
A_dense_d50_n4000_K400,4000,400,50,0.5989175150336504,0.029087513107847695,0.6103515625,0.036650009196238495,0.8970337056814197,0.011014419530600249,65,74,0.33960013695911856,0.58599853515625,dense,-1,3.0,0.25931737807453187,0.02435302734375,5.372892696337465,0.0,1.0
A_dense_d50_n4000_K400,4000,400,50,0.4877264714667434,0.02680910250205975,0.5579833984375,0.03470713271847217,0.7855019348652373,0.01039021504419965,60,75,0.33960013695911856,0.58599853515625,dense,-1,3.0,0.14812633450762486,-0.02801513671875,4.818340246150566,0.0,1.0
A_dense_d50_n4000_K400,4000,400,50,0.4790188519146663,0.02627967571060208,0.546630859375,0.04233801725220058,0.8819010515028582,0.01059993182809735,71,76,0.33960013695911856,0.58599853515625,dense,-1,3.0,0.13941871495554775,-0.03936767578125,7.1700308193905355,0.0,1.0
A_dense_d50_n4000_K400,4000,400,50,0.5366023950969062,0.028291118387013686,0.5758056640625,0.03649831062122021,0.9160337628697117,0.010974201365518075,62,77,0.33960013695911856,0.58599853515625,dense,-1,3.0,0.19700225813778766,-0.01019287109375,5.328506712812305,0.0,1.0
A_dense_d50_n4000_K400,4000,400,50,0.49629751026255675,0.027422578632344975,0.544677734375,0.04831562673487707,0.9124333717420603,0.010931517012471581,98,78,0.33960013695911856,0.58599853515625,dense,-1,3.0,0.1566973733034382,-0.04132080078125,9.33759914713587,0.0,1.0
A_dense_d50_n4000_K400,4000,400,50,0.49557656819261797,0.026381521899758096,0.5577392578125,0.033598309537925954,0.9149316664751926,0.010582077419340828,60,79,0.33960013695911856,0.58599853515625,dense,-1,3.0,0.1559764312334994,-0.02825927734375,4.515385615225145,0.0,1.0
A_dense_d50_n4000_K400,4000,400,50,0.5020491021400647,0.028419949123756724,0.583740234375,0.042399566612066744,0.8632746620923455,0.010103625459916646,70,80,0.33960013695911856,0.58599853515625,dense,-1,3.0,0.16244896518094615,-0.00225830078125,7.19089299556434,0.0,1.0
A_dense_d50_n4000_K400,4000,400,50,0.5186183020681678,0.027941757681857103,0.5853271484375,0.043054065182604004,0.8750988118122045,0.010263452878613796,70,81,0.33960013695911856,0.58599853515625,dense,-1,3.0,0.17901816510904928,-0.00067138671875,7.414610114991657,0.0,1.0
A_dense_d50_n4000_K400,4000,400,50,0.519828584902377,0.029026689716754032,0.562255859375,0.03511667158174207,0.9077325527154062,0.010874379670101766,56,82,0.33960013695911856,0.58599853515625,dense,-1,3.0,0.18022844794325849,-0.02374267578125,4.9327224919197254,0.0,1.0
A_dense_d50_n4000_K400,4000,400,50,0.4840375290330585,0.027394341197671295,0.549560546875,0.040988913440474464,0.8716056505650439,0.010394235910967229,77,83,0.33960013695911856,0.58599853515625,dense,-1,3.0,0.14443739207393996,-0.03643798828125,6.720364100122833,0.0,1.0
A_dense_d50_n4000_K400,4000,400,50,0.5882362662840621,0.027890411861974974,0.617919921875,0.03371140580544855,0.9142937026375961,0.010728147849489323,56,84,0.33960013695911856,0.58599853515625,dense,-1,3.0,0.24863612932494356,0.03192138671875,4.54583552551852,0.0,1.0
A_dense_d50_n4000_K400,4000,400,50,0.5029222264625652,0.02654602365534204,0.5489501953125,0.03290342445593931,0.8935288711878457,0.011001304521129754,57,85,0.33960013695911856,0.58599853515625,dense,-1,3.0,0.16332208950344668,-0.03704833984375,4.33054136371082,0.0,1.0
A_dense_d50_n4000_K400,4000,400,50,0.522950906489358,0.028035440654284816,0.574462890625,0.039584083409997674,0.8896612127191348,0.010560698889058893,73,86,0.33960013695911856,0.58599853515625,dense,-1,3.0,0.1833507695302395,-0.01153564453125,6.267598637638613,0.0,1.0
A_dense_d50_n4000_K400,4000,400,50,0.48724379848296706,0.026000274696164564,0.54638671875,0.03457030619225677,0.909944081351547,0.010751324647837703,62,87,0.33960013695911856,0.58599853515625,dense,-1,3.0,0.1476436615238485,-0.03961181640625,4.780424280905546,0.0,1.0
A_dense_d50_n4000_K400,4000,400,50,0.49114967545117777,0.02714793362131177,0.559326171875,0.0406365326389263,0.8461163792261387,0.010296779734785077,70,88,0.33960013695911856,0.58599853515625,dense,-1,3.0,0.1515495384920592,-0.02667236328125,6.605311139658089,0.0,1.0
A_dense_d50_n4000_K400,4000,400,50,0.524987013871153,0.028132753847897252,0.56640625,0.04056594011926903,0.8856537975326217,0.010785576163666556,70,89,0.33960013695911856,0.58599853515625,dense,-1,3.0,0.18538687691203443,-0.01959228515625,6.5823819910404815,0.0,1.0
A_dense_d50_n4000_K400,4000,400,50,0.4810823156098748,0.028941427744593434,0.571044921875,0.043470472879101725,0.8667909153981118,0.00992919817378859,68,90,0.33960013695911856,0.58599853515625,dense,-1,3.0,0.14148217865075624,-0.01495361328125,7.558728049330874,0.0,1.0
A_dense_d50_n4000_K400,4000,400,50,0.5669018761164392,0.02705538685512122,0.5955810546875,0.04062598058778815,0.8819910952266509,0.01105134637491146,70,91,0.33960013695911856,0.58599853515625,dense,-1,3.0,0.2273017391573206,0.00958251953125,6.601881194877358,0.0,1.0
A_dense_d50_n4000_K400,4000,400,50,0.5135859286501084,0.027421235888120184,0.5662841796875,0.034308973749290476,0.8756317847517933,0.01080513254639609,59,92,0.33960013695911856,0.58599853515625,dense,-1,3.0,0.17398579169098988,-0.01971435546875,4.708422718918012,0.0,1.0
A_dense_d50_n4000_K400,4000,400,50,0.5093571986190639,0.028422290520127808,0.5753173828125,0.04041337224747379,0.871656668902067,0.010275642006395205,61,93,0.33960013695911856,0.58599853515625,dense,-1,3.0,0.16975706165994536,-0.01068115234375,6.532962625651538,0.0,1.0
A_dense_d50_n4000_K400,4000,400,50,0.531557701627613,0.0279434563170401,0.57470703125,0.0383241316145247,0.9011513709529398,0.010816767064971993,70,94,0.33960013695911856,0.58599853515625,dense,-1,3.0,0.1919575646684944,-0.01129150390625,5.874956256029646,0.0,1.0
A_dense_d50_n4000_K400,4000,400,50,0.5456506659191722,0.02849471241719756,0.5732421875,0.03760659744205178,0.9055532493627778,0.011017028755027223,65,95,0.33960013695911856,0.58599853515625,dense,-1,3.0,0.20605052896005366,-0.01275634765625,5.657024684674143,0.0,1.0
A_dense_d50_n4000_K400,4000,400,50,0.5390671728859947,0.02715565772013646,0.56005859375,0.032949012259039484,0.9391788932239049,0.011463962544450286,53,96,0.33960013695911856,0.58599853515625,dense,-1,3.0,0.19946703592687615,-0.02593994140625,4.342549635385336,0.0,1.0
A_dense_d50_n4000_K400,4000,400,50,0.5457089053546857,0.02864525384217199,0.588623046875,0.04331733688874623,0.9189169279765126,0.010481162676764966,77,97,0.33960013695911856,0.58599853515625,dense,-1,3.0,0.2061087683955672,0.00262451171875,7.5055667005325395,0.0,1.0
A_dense_d50_n4000_K400,4000,400,50,0.5093765626139788,0.02795987248903787,0.578857421875,0.0426627808319549,0.867162167887967,0.010143940072392714,68,98,0.33960013695911856,0.58599853515625,dense,-1,3.0,0.16977642565486023,-0.00714111328125,7.280451473261673,0.0,1.0
A_dense_d50_n4000_K400,4000,400,50,0.5219551269918168,0.027826588733892235,0.568115234375,0.03524138137940868,0.8750059623219927,0.010727400063763944,56,99,0.33960013695911856,0.58599853515625,dense,-1,3.0,0.18235499003269823,-0.01788330078125,4.967819846115732,0.0,1.0
A_dense_d50_n4000_K400,4000,400,50,0.5291521136510862,0.027477313695202708,0.551025390625,0.03678443245381787,0.9586044815179764,0.011417828936208171,70,100,0.33960013695911856,0.58599853515625,dense,-1,3.0,0.1895519766919676,-0.03497314453125,5.412377883797958,0.0,1.0
A_dense_d50_n4000_K400,4000,400,50,0.4689193773434506,0.026515763747369876,0.5511474609375,0.038862887186126814,0.8572546715706009,0.0101613115287821,64,101,0.33960013695911856,0.58599853515625,dense,-1,3.0,0.12931924038433207,-0.03485107421875,6.041296001766479,0.0,1.0
A_dense_d50_n4000_K400,4000,400,50,0.5512701663257911,0.029106706234953147,0.587646484375,0.03559953316495381,0.8800971483403421,0.010553103807886727,61,102,0.33960013695911856,0.58599853515625,dense,-1,3.0,0.2116700293666725,0.00164794921875,5.069307046250585,0.0,1.0
A_dense_d50_n4000_K400,4000,400,50,0.5552830150312988,0.027483445458155422,0.582763671875,0.034875426733413865,0.8969551766755136,0.010898891176574417,57,103,0.33960013695911856,0.58599853515625,dense,-1,3.0,0.21568287807218028,-0.00323486328125,4.865181559350875,0.0,1.0
A_dense_d50_n4000_K400,4000,400,50,0.49228816796848296,0.02754468613220375,0.5404052734375,0.035490338094917306,0.8859600756139812,0.01081569979661246,65,104,0.33960013695911856,0.58599853515625,dense,-1,3.0,0.1526880310093644,-0.04559326171875,5.038256392366154,0.0,1.0
A_dense_d50_n4000_K400,4000,400,50,0.47145714261854954,0.027010121445116643,0.5390625,0.03822565794174472,0.9086304578857541,0.010636294857943032,64,105,0.33960013695911856,0.58599853515625,dense,-1,3.0,0.13185700565943098,-0.04693603515625,5.844803700317085,0.0,1.0
A_dense_d50_n4000_K400,4000,400,50,0.5322384467203545,0.028151784395540797,0.590087890625,0.0381089066497489,0.8566631448408994,0.01016613774091939,64,106,0.33960013695911856,0.58599853515625,dense,-1,3.0,0.19263830976123592,0.00408935546875,5.809155064157103,0.0,1.0
A_dense_d50_n4000_K400,4000,400,50,0.5259298291412776,0.027933345796687246,0.5751953125,0.035757199939273177,0.896470919594845,0.010563845779194931,57,107,0.33960013695911856,0.58599853515625,dense,-1,3.0,0.18632969218215906,-0.01080322265625,5.114309389988631,0.0,1.0
A_dense_d50_n4000_K400,4000,400,50,0.5134432763049106,0.026862990951926524,0.5465087890625,0.031900893605493814,0.910845777850088,0.011298104174844989,60,108,0.33960013695911856,0.58599853515625,dense,-1,3.0,0.17384313934579204,-0.03948974609375,4.070668051316145,0.0,1.0
A_dense_d50_n4000_K400,4000,400,50,0.5289534964552208,0.02813296148461798,0.5634765625,0.037041064502828035,0.8861291023569352,0.010844461956251642,60,109,0.33960013695911856,0.58599853515625,dense,-1,3.0,0.18935335949610227,-0.02252197265625,5.488161838010669,0.0,1.0
A_dense_d50_n4000_K400,4000,400,50,0.527716025545171,0.02815343122174068,0.58544921875,0.03687842495642775,0.8883990913636153,0.010427259178970536,64,110,0.33960013695911856,0.58599853515625,dense,-1,3.0,0.1881158885860525,-0.00054931640625,5.440072909067492,0.0,1.0
A_dense_d50_n4000_K400,4000,400,50,0.4580548364703195,0.026481904706669456,0.554931640625,0.0456520943440734,0.8380434569496807,0.009841216135002174,78,111,0.33960013695911856,0.58599853515625,dense,-1,3.0,0.11845469951120097,-0.03106689453125,8.336454872000713,0.0,1.0
A_dense_d50_n4000_K400,4000,400,50,0.547710246415954,0.02862399287836571,0.590576171875,0.03361556503904943,0.90133781141504,0.010680199704440688,61,112,0.33960013695911856,0.58599853515625,dense,-1,3.0,0.20811010945683545,0.00457763671875,4.520024851578249,0.0,1.0
A_dense_d50_n4000_K400,4000,400,50,0.5324572436934946,0.02739008036780081,0.571533203125,0.03772258536664135,0.8832347254426637,0.010960005095221659,64,113,0.33960013695911856,0.58599853515625,dense,-1,3.0,0.192857106734376,-0.01446533203125,5.691973786974177,0.0,1.0
A_dense_d50_n4000_K400,4000,400,50,0.5274224731161341,0.027050252354397925,0.568359375,0.03686092770787399,0.9287641200829674,0.011040113558546324,71,114,0.33960013695911856,0.58599853515625,dense,-1,3.0,0.18782233615701555,-0.01763916015625,5.43491196594045,0.0,1.0
A_dense_d50_n4000_K400,4000,400,50,0.5302082263503696,0.027686783448187483,0.561279296875,0.03618562269796762,0.9257479746603724,0.010997971846362557,65,115,0.33960013695911856,0.58599853515625,dense,-1,3.0,0.190608089391251,-0.02471923828125,5.237597160158678,0.0,1.0
A_dense_d50_n4000_K400,4000,400,50,0.47391221277375256,0.027199928223901333,0.54296875,0.038572780184411265,0.8777423615236891,0.010645188231043006,67,116,0.33960013695911856,0.58599853515625,dense,-1,3.0,0.134312075814634,-0.04302978515625,5.951437484619642,0.0,1.0
A_dense_d50_n4000_K400,4000,400,50,0.5715446332495975,0.02769828919127238,0.5968017578125,0.03788004002608848,0.8827808761603823,0.010692928042007615,62,117,0.33960013695911856,0.58599853515625,dense,-1,3.0,0.23194449629047892,0.01080322265625,5.739589729512262,0.0,1.0
A_dense_d50_n4000_K400,4000,400,50,0.4922102751301906,0.027828048493913023,0.5543212890625,0.03601880226353579,0.8892300815728812,0.010512280008955974,65,118,0.33960013695911856,0.58599853515625,dense,-1,3.0,0.15261013817107205,-0.03167724609375,5.1894164659987645,0.0,1.0
A_dense_d50_n4000_K400,4000,400,50,0.510877984941005,0.027160944083943362,0.5531005859375,0.034844311877683255,0.9012561127261479,0.01089724155446963,52,119,0.33960013695911856,0.58599853515625,dense,-1,3.0,0.17127784798188644,-0.03289794921875,4.856504280917034,0.0,1.0
A_dense_d50_n4000_K400,4000,400,50,0.49305104659889487,0.02676816629556788,0.5498046875,0.03982675199755075,0.8887697596316617,0.010924326330101049,75,120,0.33960013695911856,0.58599853515625,dense,-1,3.0,0.1534509096397763,-0.03619384765625,6.344680698697651,0.0,1.0
A_dense_d50_n4000_K400,4000,400,50,0.5249443098093716,0.027252778592671757,0.573974609375,0.039010537673451764,0.8751097460250115,0.010681681934034253,68,121,0.33960013695911856,0.58599853515625,dense,-1,3.0,0.185344172850253,-0.01202392578125,6.087288198287198,0.0,1.0
A_dense_d50_n4000_K400,4000,400,50,0.49097697582999544,0.02778611622843027,0.5560302734375,0.03991949652419056,0.8915729166285544,0.010351617233957118,69,122,0.33960013695911856,0.58599853515625,dense,-1,3.0,0.15137683887087688,-0.02996826171875,6.374264810979448,0.0,1.0
A_dense_d50_n4000_K400,4000,400,50,0.532120612036967,0.027972006289337794,0.5855712890625,0.0408106914546115,0.8466235291537433,0.010439975674058664,73,123,0.33960013695911856,0.58599853515625,dense,-1,3.0,0.19252047507784847,-0.00042724609375,6.662050148014,0.0,1.0
A_dense_d50_n4000_K400,4000,400,50,0.5361679690114269,0.0284582871140222,0.583740234375,0.03724928235064057,0.8794588248111541,0.010502089133258959,62,124,0.33960013695911856,0.58599853515625,dense,-1,3.0,0.19656783205230838,-0.00225830078125,5.550036142550971,0.0,1.0
A_dense_d50_n4000_K400,4000,400,50,0.48917453962836144,0.027277627438235152,0.5465087890625,0.037055024073568026,0.8410274210168143,0.010553307482018763,57,125,0.33960013695911856,0.58599853515625,dense,-1,3.0,0.14957440266924288,-0.03948974609375,5.492299236370824,0.0,1.0
A_dense_d50_n4000_K400,4000,400,50,0.5384888574260397,0.02756850214643806,0.5736083984375,0.03962163685944722,0.8701691437012069,0.011046330017763022,69,126,0.33960013695911856,0.58599853515625,dense,-1,3.0,0.19888872046692113,-0.01239013671875,6.279496429687628,0.0,1.0
A_dense_d50_n4000_K400,4000,400,50,0.5073102993712281,0.0273415156524193,0.5386962890625,0.036829148800814816,0.9273348309137064,0.011056215587104819,72,127,0.33960013695911856,0.58599853515625,dense,-1,3.0,0.1677101624121095,-0.04730224609375,5.4255448055702375,0.0,1.0
A_dense_d50_n4000_K400,4000,400,50,0.5060442738551572,0.027708785511688067,0.573486328125,0.04211712675792137,0.8605380126890954,0.010285512517623115,71,128,0.33960013695911856,0.58599853515625,dense,-1,3.0,0.1664441368960386,-0.01251220703125,7.095409465371264,0.0,1.0
A_dense_d50_n4000_K400,4000,400,50,0.5225636965540382,0.027710800760772064,0.5614013671875,0.0404527908269904,0.9227497419995431,0.010672740981457918,72,129,0.33960013695911856,0.58599853515625,dense,-1,3.0,0.18296355959491967,-0.02459716796875,6.545713142768955,0.0,1.0
A_dense_d50_n4000_K400,4000,400,50,0.4585791402975046,0.02568214853378106,0.5098876953125,0.039598079912142085,0.9195976261226856,0.011042878071683955,73,130,0.33960013695911856,0.58599853515625,dense,-1,3.0,0.11897900333838601,-0.07611083984375,6.272031730913563,0.0,1.0
A_dense_d50_n4000_K400,4000,400,50,0.5135290763962015,0.02742855844881466,0.5712890625,0.040933411036849214,0.8832489803810337,0.01045462641191288,72,131,0.33960013695911856,0.58599853515625,dense,-1,3.0,0.17392893943708293,-0.01470947265625,6.702176556446596,0.0,1.0
A_dense_d50_n4000_K400,4000,400,50,0.5155190489468431,0.02783670551537967,0.5628662109375,0.031196065603525575,0.9224952919143078,0.011062295302345928,51,132,0.33960013695911856,0.58599853515625,dense,-1,3.0,0.17591891198772452,-0.02313232421875,3.892778036557886,0.0,1.0
A_dense_d50_n4000_K400,4000,400,50,0.5557346287500411,0.02879348523676934,0.592529296875,0.034519470556605966,0.8736577214245604,0.01086724025381812,60,133,0.33960013695911856,0.58599853515625,dense,-1,3.0,0.21613449179092253,0.00653076171875,4.766375390033545,0.0,1.0
A_dense_d50_n4000_K400,4000,400,50,0.5179158470363912,0.028616110748874643,0.57275390625,0.039814521000582234,0.8640788303138881,0.010563652748035543,65,134,0.33960013695911856,0.58599853515625,dense,-1,3.0,0.1783157100772726,-0.01324462890625,6.340784330023215,0.0,1.0
A_dense_d50_n4000_K400,4000,400,50,0.5135849185968386,0.02721721041313269,0.5562744140625,0.04146746639319566,0.9128854345040224,0.010916144759628606,77,135,0.33960013695911856,0.58599853515625,dense,-1,3.0,0.17398478163772008,-0.02972412109375,6.878203076283246,0.0,1.0
A_dense_d50_n4000_K400,4000,400,50,0.5418232197479786,0.028411038443321275,0.582275390625,0.039430703211001415,0.8965037357243607,0.010628755619802368,66,136,0.33960013695911856,0.58599853515625,dense,-1,3.0,0.2022230827888601,-0.00372314453125,6.219121422856309,0.0,1.0
A_dense_d50_n4000_K400,4000,400,50,0.486908678115972,0.02794839356302681,0.5452880859375,0.039016467038796236,0.8685215203138413,0.010840404464279219,62,137,0.33960013695911856,0.58599853515625,dense,-1,3.0,0.14730854115685343,-0.04071044921875,6.089138800757892,0.0,1.0
A_dense_d50_n4000_K400,4000,400,50,0.5053401882859657,0.028031730383256705,0.596923828125,0.041780970771933636,0.8334400822594775,0.009838999192929411,69,138,0.33960013695911856,0.58599853515625,dense,-1,3.0,0.16574005132684716,0.01092529296875,6.982598074580691,0.0,1.0
A_dense_d50_n4000_K400,4000,400,50,0.4983094504094183,0.026548917238896207,0.5399169921875,0.04165713499856399,0.9476144643702871,0.011029361952568097,76,139,0.33960013695911856,0.58599853515625,dense,-1,3.0,0.15870931345029976,-0.04608154296875,6.941267585154338,0.0,1.0
A_dense_d50_n4000_K400,4000,400,50,0.5335619014768792,0.02891249274135776,0.5648193359375,0.03594265739144797,0.9177604027392189,0.011117607741250137,60,140,0.33960013695911856,0.58599853515625,dense,-1,3.0,0.19396176451776065,-0.02117919921875,5.167498481436036,0.0,1.0
A_dense_d50_n4000_K400,4000,400,50,0.49393520603596686,0.027834134536221633,0.564697265625,0.04110453537085056,0.9280748044486101,0.010423764618997725,69,141,0.33960013695911856,0.58599853515625,dense,-1,3.0,0.1543350690768483,-0.02130126953125,6.75833131221402,0.0,1.0
A_dense_d50_n4000_K400,4000,400,50,0.4842875017425377,0.02644996378120469,0.5498046875,0.03889936453229566,0.8875344873366307,0.010680452840940546,69,142,0.33960013695911856,0.58599853515625,dense,-1,3.0,0.14468736478341915,-0.03619384765625,6.0526422440656855,0.0,1.0
A_dense_d50_n4000_K400,4000,400,50,0.46331695132495554,0.027906601373728888,0.5584716796875,0.040972122367867854,0.8258069172376297,0.009965461166940614,62,143,0.33960013695911856,0.58599853515625,dense,-1,3.0,0.12371681436583698,-0.02752685546875,6.714859245310149,0.0,1.0
A_dense_d50_n4000_K400,4000,400,50,0.5477192110057856,0.029322940932611733,0.578369140625,0.0371128845294443,0.9178319107851429,0.010957648758116985,61,144,0.33960013695911856,0.58599853515625,dense,-1,3.0,0.20811907404666702,-0.00762939453125,5.509464792383464,0.0,1.0
A_dense_d50_n4000_K400,4000,400,50,0.522582062725615,0.026661564798462645,0.564208984375,0.04310381326102834,0.9112948944270888,0.010751173299323182,78,145,0.33960013695911856,0.58599853515625,dense,-1,3.0,0.18298192576649647,-0.02178955078125,7.431754870566411,0.0,1.0
A_dense_d50_n4000_K400,4000,400,50,0.48386492994635316,0.02719308023325242,0.5484619140625,0.04479717217626112,0.8241088818712448,0.010448371646074726,74,146,0.33960013695911856,0.58599853515625,dense,-1,3.0,0.1442647929872346,-0.03753662109375,8.027146539958334,0.0,1.0
A_dense_d50_n4000_K400,4000,400,50,0.4907947659310243,0.027123493675948185,0.5390625,0.03544722804362957,0.8797873601984758,0.01100084087491779,64,147,0.33960013695911856,0.58599853515625,dense,-1,3.0,0.15119462897190572,-0.04693603515625,5.026023903908315,0.0,1.0
A_dense_d50_n4000_K400,4000,400,50,0.5174142313727417,0.028369132994519625,0.5732421875,0.04274915786589143,0.9115992130645258,0.010606079227873348,78,148,0.33960013695911856,0.58599853515625,dense,-1,3.0,0.1778140944136231,-0.01275634765625,7.309961992971629,0.0,1.0
A_dense_d50_n4000_K400,4000,400,50,0.4888876515757432,0.0273718251094089,0.546142578125,0.037851328289293454,0.8871625999153008,0.010914941655414385,68,149,0.33960013695911856,0.58599853515625,dense,-1,3.0,0.14928751461662465,-0.03985595703125,5.730892213055468,0.0,1.0
A_dense_d50_n4000_K400,4000,400,50,0.4926618911053665,0.026393732154089217,0.5587158203125,0.03803836789052039,0.900199243295068,0.010391953979059612,66,150,0.33960013695911856,0.58599853515625,dense,-1,3.0,0.15306175414624795,-0.02728271484375,5.787669727098291,0.0,1.0
A_dense_d50_n4000_K400,4000,400,50,0.5276191994980439,0.028536349378663995,0.585693359375,0.03558104141084536,0.8765933057925219,0.01047521486139432,57,151,0.33960013695911856,0.58599853515625,dense,-1,3.0,0.18801906253892536,-0.00030517578125,5.0640420315211685,0.0,1.0
A_dense_d50_n4000_K400,4000,400,50,0.4727685104867082,0.027722089123034525,0.5345458984375,0.03268079447746929,0.9124419897849975,0.010779087121283068,43,152,0.33960013695911856,0.58599853515625,dense,-1,3.0,0.13316837352758965,-0.05145263671875,4.27213731071435,0.0,1.0
A_dense_d50_n4000_K400,4000,400,50,0.5405979307196238,0.027757097577468873,0.5955810546875,0.03891380881790502,0.9023372001174976,0.010357605625189921,64,153,0.33960013695911856,0.58599853515625,dense,-1,3.0,0.20099779376050525,0.00958251953125,6.057138066865851,0.0,1.0
A_dense_d50_n4000_K400,4000,400,50,0.5361374233513511,0.02818855681695096,0.6021728515625,0.03989224435086781,0.8549606167397972,0.01006995246669941,56,154,0.33960013695911856,0.58599853515625,dense,-1,3.0,0.1965372863922325,0.01617431640625,6.3655646373973775,0.0,1.0
A_dense_d50_n4000_K400,4000,400,50,0.5107266001478378,0.027613389480352548,0.566650390625,0.040091057304420336,0.9302846139798409,0.010511266014803764,68,155,0.33960013695911856,0.58599853515625,dense,-1,3.0,0.1711264631887192,-0.01934814453125,6.429171503145261,0.0,1.0
A_dense_d50_n4000_K400,4000,400,50,0.5058755793360749,0.028718093286541808,0.568603515625,0.03992292704047157,0.8657630137750646,0.010406956303278312,72,156,0.33960013695911856,0.58599853515625,dense,-1,3.0,0.1662754423769563,-0.01739501953125,6.3753604139152635,0.0,1.0
A_dense_d50_n4000_K400,4000,400,50,0.5159473526073151,0.028002596415662096,0.567626953125,0.03963282906832533,0.8218211631448459,0.010381790863914258,65,157,0.33960013695911856,0.58599853515625,dense,-1,3.0,0.1763472156481965,-0.01837158203125,6.283044559836374,0.0,1.0
A_dense_d50_n4000_K400,4000,400,50,0.522132626051458,0.02842753757776312,0.5753173828125,0.03623673771282911,0.8976629388868713,0.010485868712939956,62,158,0.33960013695911856,0.58599853515625,dense,-1,3.0,0.1825324890923395,-0.01068115234375,5.252404640273487,0.0,1.0
A_dense_d50_n4000_K400,4000,400,50,0.4877231665446745,0.02701759188777516,0.529541015625,0.03647841240328619,0.9309419387788833,0.011212560869651483,69,159,0.33960013695911856,0.58599853515625,dense,-1,3.0,0.14812302958555595,-0.05645751953125,5.322698285856895,0.0,1.0
A_dense_d50_n4000_K400,4000,400,50,0.4982141872357889,0.027572018108069182,0.567138671875,0.040241723767219656,0.8728279113305809,0.010290406450305744,66,160,0.33960013695911856,0.58599853515625,dense,-1,3.0,0.15861405027667036,-0.01885986328125,6.477585327028845,0.0,1.0
A_dense_d50_n4000_K400,4000,400,50,0.48196573217806143,0.02818498095519829,0.563232421875,0.04067563335931638,0.8457829123527761,0.010139721449971436,71,161,0.33960013695911856,0.58599853515625,dense,-1,3.0,0.14236559521894288,-0.02276611328125,6.618028596726126,0.0,1.0
A_dense_d50_n4000_K400,4000,400,50,0.48855594271588654,0.027709611139672744,0.5465087890625,0.03308588359819717,0.896110756446645,0.010858050140048727,57,162,0.33960013695911856,0.58599853515625,dense,-1,3.0,0.14895580575676798,-0.03948974609375,4.37870277389381,0.0,1.0
A_dense_d50_n4000_K400,4000,400,50,0.5102328678047179,0.026858744664212012,0.5491943359375,0.0352376201518143,0.9545964031000138,0.011272354795394712,58,163,0.33960013695911856,0.58599853515625,dense,-1,3.0,0.17063273084559932,-0.03680419921875,4.966759495854197,0.0,1.0
A_dense_d50_n4000_K400,4000,400,50,0.5134114529683118,0.026653747847816794,0.5399169921875,0.031013353873362036,0.9517881829344171,0.011434909966551584,57,164,0.33960013695911856,0.58599853515625,dense,-1,3.0,0.17381131600919325,-0.04608154296875,3.84731247389752,0.0,1.0
A_dense_d50_n4000_K400,4000,400,50,0.47936403687756685,0.029058398002638923,0.552978515625,0.04637565366993185,0.8784643181550233,0.010106420748273375,71,165,0.33960013695911856,0.58599853515625,dense,-1,3.0,0.1397638999184483,-0.03302001953125,8.602805013253853,0.0,1.0
A_dense_d50_n4000_K400,4000,400,50,0.5393788991410842,0.028314975514291917,0.56640625,0.03363863215388335,0.9102606956536807,0.011192812248681475,57,166,0.33960013695911856,0.58599853515625,dense,-1,3.0,0.1997787621819656,-0.01959228515625,4.526230292737099,0.0,1.0
A_dense_d50_n4000_K400,4000,400,50,0.529684034884088,0.029310393319163675,0.58349609375,0.03827010865774861,0.8558429133981819,0.010394536676027868,64,167,0.33960013695911856,0.58599853515625,dense,-1,3.0,0.19008389792496944,-0.00250244140625,5.858404866703541,0.0,1.0
A_dense_d50_n4000_K400,4000,400,50,0.5310557254534625,0.027513464350621696,0.579833984375,0.038551768262786515,0.8911338012115533,0.010692618132410023,62,168,0.33960013695911856,0.58599853515625,dense,-1,3.0,0.1914555884943439,-0.00616455078125,5.944955344750374,0.0,1.0
A_dense_d50_n4000_K400,4000,400,50,0.5087781627474264,0.027353500853427158,0.5625,0.03575416484618328,0.8539723258939376,0.010483190336932197,54,169,0.33960013695911856,0.58599853515625,dense,-1,3.0,0.16917802578830782,-0.02349853515625,5.113441215392194,0.0,1.0
A_dense_d50_n4000_K400,4000,400,50,0.4952340732369346,0.028511762560339236,0.5751953125,0.04486868650844395,0.8392759205403781,0.010186448342507934,71,170,0.33960013695911856,0.58599853515625,dense,-1,3.0,0.15563393627781602,-0.01080322265625,8.052796115972082,0.0,1.0
A_dense_d50_n4000_K400,4000,400,50,0.46135956481503704,0.02702943893082924,0.540283203125,0.045111368720645834,0.8723361219065111,0.010411580566431343,76,171,0.33960013695911856,0.58599853515625,dense,-1,3.0,0.12175942785591848,-0.04571533203125,8.140142351400254,0.0,1.0
A_dense_d50_n4000_K400,4000,400,50,0.5348702214400206,0.028783289189822335,0.585693359375,0.03877394166173173,0.907592688757425,0.010855989590339574,71,172,0.33960013695911856,0.58599853515625,dense,-1,3.0,0.19527008448090205,-0.00030517578125,6.013674207949502,0.0,1.0
A_dense_d50_n4000_K400,4000,400,50,0.48803163917214865,0.028028758327998882,0.5709228515625,0.04121037459757185,0.8445516353489617,0.009969468655050325,63,173,0.33960013695911856,0.58599853515625,dense,-1,3.0,0.1484315022130301,-0.01507568359375,6.79317989788878,0.0,1.0
A_dense_d50_n4000_K400,4000,400,50,0.49557407454866925,0.0275212442896515,0.580078125,0.04486555093138282,0.8495631426812394,0.010203617561773093,83,174,0.33960013695911856,0.58599853515625,dense,-1,3.0,0.1559739375895507,-0.00592041015625,8.051670641506025,0.0,1.0
A_dense_d50_n4000_K400,4000,400,50,0.5087652984900389,0.028149519514599826,0.5887451171875,0.04040105371295684,0.8460678038872704,0.009914879929136637,66,175,0.33960013695911856,0.58599853515625,dense,-1,3.0,0.16916516153092037,0.00274658203125,6.5289805644688945,0.0,1.0
A_dense_d50_n4000_K400,4000,400,50,0.5262341852482293,0.028897061213548805,0.5777587890625,0.03947769882078397,0.8656994631527726,0.010347603395803156,63,176,0.33960013695911856,0.58599853515625,dense,-1,3.0,0.18663404828911073,-0.00823974609375,6.233954816738111,0.0,1.0
A_dense_d50_n4000_K400,4000,400,50,0.5147024058054138,0.027919451373026368,0.5823974609375,0.04161758411666253,0.8782588498736115,0.010291627994412302,69,177,0.33960013695911856,0.58599853515625,dense,-1,3.0,0.17510226884629526,-0.00360107421875,6.928093230829926,0.0,1.0
A_dense_d50_n4000_K400,4000,400,50,0.5142146925802158,0.02528801186532603,0.5523681640625,0.03812269063932483,0.9080287305276512,0.011179008781368783,66,178,0.33960013695911856,0.58599853515625,dense,-1,3.0,0.17461455562109723,-0.03363037109375,5.81335816632666,0.0,1.0
A_dense_d50_n4000_K400,4000,400,50,0.5152095423347496,0.027884910066332463,0.5587158203125,0.037023411403637886,0.8889278376811413,0.01088597279885827,68,179,0.33960013695911856,0.58599853515625,dense,-1,3.0,0.17560940537563102,-0.02728271484375,5.482931967852095,0.0,1.0
A_dense_d50_n4000_K400,4000,400,50,0.521040624526735,0.02741345871637742,0.573974609375,0.03691632381601917,0.909597835039323,0.010524315240871137,61,180,0.33960013695911856,0.58599853515625,dense,-1,3.0,0.1814404875676165,-0.01202392578125,5.451259856356736,0.0,1.0
A_dense_d50_n4000_K400,4000,400,50,0.5211172230302105,0.028285055432860348,0.584228515625,0.035934218213061205,0.8499111586417206,0.010433034034655533,57,181,0.33960013695911856,0.58599853515625,dense,-1,3.0,0.1815170860710919,-0.00177001953125,5.165072154335599,0.0,1.0
A_dense_d50_n4000_K400,4000,400,50,0.5005190167905098,0.028305037305014172,0.5673828125,0.04128582310826082,0.85324889215337,0.010604693991392388,74,182,0.33960013695911856,0.58599853515625,dense,-1,3.0,0.16091887983139125,-0.01861572265625,6.818076758906414,0.0,1.0
A_dense_d50_n4000_K400,4000,400,50,0.550022942153346,0.02816476912999696,0.580078125,0.04094743403697979,0.9446329485700207,0.010979746240003163,75,183,0.33960013695911856,0.58599853515625,dense,-1,3.0,0.21042280519422746,-0.00592041015625,6.706769416851245,0.0,1.0
A_dense_d50_n4000_K400,4000,400,50,0.4847735418414244,0.02741473571706196,0.5498046875,0.03782869378171717,0.8516630520403423,0.010684168614633425,59,184,0.33960013695911856,0.58599853515625,dense,-1,3.0,0.14517340488230585,-0.03619384765625,5.724040292923708,0.0,1.0
A_dense_d50_n4000_K400,4000,400,50,0.5157261029172349,0.027731943768780312,0.5628662109375,0.031470027773734546,0.9127645098932221,0.010737459756499005,48,185,0.33960013695911856,0.58599853515625,dense,-1,3.0,0.1761259659581163,-0.02313232421875,3.961450592318495,0.0,1.0
A_dense_d50_n4000_K400,4000,400,50,0.5050305457477009,0.027114917450131792,0.554443359375,0.03657754244304259,0.8657545666417472,0.010787480715375823,64,186,0.33960013695911856,0.58599853515625,dense,-1,3.0,0.16543040878858234,-0.03155517578125,5.35166644469033,0.0,1.0
A_dense_d50_n4000_K400,4000,400,50,0.5113954157130124,0.02891910775516066,0.576904296875,0.04231044312077202,0.8758544113994408,0.010325828186415364,66,187,0.33960013695911856,0.58599853515625,dense,-1,3.0,0.17179527875389383,-0.00909423828125,7.1606943883043375,0.0,1.0
A_dense_d50_n4000_K400,4000,400,50,0.4562600053185588,0.026118167968595958,0.531005859375,0.038109517262012824,0.9133904125046589,0.010467460897907828,59,188,0.33960013695911856,0.58599853515625,dense,-1,3.0,0.11665986835944026,-0.05499267578125,5.809341223774614,0.0,1.0
A_dense_d50_n4000_K400,4000,400,50,0.5419445457553369,0.02634549200404023,0.567626953125,0.04034523466884783,0.8921467048419202,0.011209088403525557,74,189,0.33960013695911856,0.58599853515625,dense,-1,3.0,0.20234440879621834,-0.01837158203125,6.510951841937604,0.0,1.0
A_dense_d50_n4000_K400,4000,400,50,0.486450720431574,0.027040959786364643,0.5426025390625,0.03767168654697161,0.939523045503906,0.01087649505848767,63,190,0.33960013695911856,0.58599853515625,dense,-1,3.0,0.14685058347245544,-0.04339599609375,5.6766238691731274,0.0,1.0
A_dense_d50_n4000_K400,4000,400,50,0.5692421267702653,0.02863541397390679,0.587646484375,0.0383484966107941,0.9058439030036898,0.01101690879445903,66,191,0.33960013695911856,0.58599853515625,dense,-1,3.0,0.22964198981114675,0.00164794921875,5.882428769232345,0.0,1.0
A_dense_d50_n4000_K400,4000,400,50,0.49351297806508054,0.027052372801304545,0.5643310546875,0.04468457641425226,0.8630857371374586,0.01025064976934026,80,192,0.33960013695911856,0.58599853515625,dense,-1,3.0,0.15391284110596198,-0.02166748046875,7.986845477284598,0.0,1.0
A_dense_d50_n4000_K400,4000,400,50,0.5067417983001223,0.028452755345086657,0.5826416015625,0.04318131936986968,0.8233870158619659,0.010280758716138117,71,193,0.33960013695911856,0.58599853515625,dense,-1,3.0,0.16714166134100378,-0.00335693359375,7.458505370090729,0.0,1.0
A_dense_d50_n4000_K400,4000,400,50,0.5220944392012087,0.027923800888645336,0.5478515625,0.03805043069030403,0.9361076627859028,0.01126901880177813,70,194,0.33960013695911856,0.58599853515625,dense,-1,3.0,0.18249430224209012,-0.03814697265625,5.791341102870524,0.0,1.0
A_dense_d50_n4000_K400,4000,400,50,0.5101923722092878,0.02715817562964406,0.56396484375,0.04093898496893267,0.8610052355203371,0.010700036610398112,72,195,0.33960013695911856,0.58599853515625,dense,-1,3.0,0.17059223525016926,-0.02203369140625,6.70400196114598,0.0,1.0
A_dense_d50_n4000_K400,4000,400,50,0.5103223094327778,0.027306500229303008,0.5518798828125,0.04199648381906078,0.9045336873258624,0.010972748834148933,82,196,0.33960013695911856,0.58599853515625,dense,-1,3.0,0.17072217247365923,-0.03411865234375,7.054818612658535,0.0,1.0
A_dense_d50_n4000_K400,4000,400,50,0.5582219620668292,0.028851807834562822,0.597412109375,0.04333537376083678,0.865605984845402,0.010663252725019374,75,197,0.33960013695911856,0.58599853515625,dense,-1,3.0,0.2186218251077106,0.01141357421875,7.511818475965684,0.0,1.0
A_dense_d50_n4000_K400,4000,400,50,0.4838651871719196,0.027706085430425072,0.578857421875,0.04519066670988041,0.854998874703378,0.009905541891286005,79,198,0.33960013695911856,0.58599853515625,dense,-1,3.0,0.14426505021280106,-0.00714111328125,8.168785430733974,0.0,1.0
A_dense_d50_n4000_K400,4000,400,50,0.5400882448827118,0.028662783933183857,0.5760498046875,0.034789160875249366,0.8657081092818948,0.010744275945111646,55,199,0.33960013695911856,0.58599853515625,dense,-1,3.0,0.20048810792359323,-0.00994873046875,4.8411428576159246,0.0,1.0
B_dense_d50_gamma1.5,4000,200,50,0.46835922796788476,0.028250478600798986,0.604248046875,0.03539453727997188,0.6249839851818908,0.00872523648133884,67,0,0.33960013695911856,0.58599853515625,dense,-1,1.5,0.1287590910087662,0.01824951171875,5.011093077053277,0.0,1.0
B_dense_d50_gamma1.5,4000,200,50,0.38553679005973907,0.02650275626970901,0.5601806640625,0.0364157317713945,0.5791656788975863,0.008321405583567504,70,1,0.33960013695911856,0.58599853515625,dense,-1,1.5,0.045936653100620506,-0.02581787109375,5.304422081784602,1.0,1.0
B_dense_d50_gamma1.5,4000,200,50,0.4583756727807138,0.02772049790231011,0.5892333984375,0.038771443086085655,0.5942956922966951,0.008971206986031996,72,2,0.33960013695911856,0.58599853515625,dense,-1,1.5,0.11877553582159522,0.00323486328125,6.012899195910317,0.0,1.0
B_dense_d50_gamma1.5,4000,200,50,0.3925479132498727,0.028765722290599177,0.549560546875,0.033271291185187506,0.634036657166779,0.008512840844767819,67,3,0.33960013695911856,0.58599853515625,dense,-1,1.5,0.052947776290754145,-0.03643798828125,4.427915268518143,1.0,1.0
B_dense_d50_gamma1.5,4000,200,50,0.4565290897525458,0.028271456568742546,0.60205078125,0.03361602929810308,0.5738457814632393,0.008631925321061633,60,4,0.33960013695911856,0.58599853515625,dense,-1,1.5,0.11692895279342724,0.01605224609375,4.520149703083699,0.0,1.0
B_dense_d50_gamma1.5,4000,200,50,0.42454396275405626,0.027407058349379954,0.552490234375,0.03451656363967303,0.5636507270848827,0.009129172771834167,63,5,0.33960013695911856,0.58599853515625,dense,-1,1.5,0.0849438257949377,-0.03350830078125,4.765572661966393,0.0,1.0
B_dense_d50_gamma1.5,4000,200,50,0.3818565763493842,0.026974288832340935,0.5546875,0.03589757556278937,0.6374284929214242,0.008457012197168233,61,6,0.33960013695911856,0.58599853515625,dense,-1,1.5,0.04225643939026563,-0.03131103515625,5.154543725144691,1.0,1.0
B_dense_d50_gamma1.5,4000,200,50,0.4411198003040613,0.02778454064482177,0.590087890625,0.033150069504904206,0.6073878808946074,0.008531409845710648,61,7,0.33960013695911856,0.58599853515625,dense,-1,1.5,0.10151966334494272,0.00408935546875,4.3957084327199185,0.0,1.0
B_dense_d50_gamma1.5,4000,200,50,0.4942797654424612,0.02814394846704777,0.6083984375,0.03446191099361215,0.5935971023517663,0.009176796517770064,61,8,0.33960013695911856,0.58599853515625,dense,-1,1.5,0.15467962848334266,0.02239990234375,4.750493237326584,0.0,1.0
B_dense_d50_gamma1.5,4000,200,50,0.3570166700744335,0.026498070430037685,0.554443359375,0.03811157460718583,0.6029082202713351,0.007813804781292214,66,9,0.33960013695911856,0.58599853515625,dense,-1,1.5,0.017416533115314936,-0.03155517578125,5.809968476156367,1.0,1.0
B_dense_d50_gamma1.5,4000,200,50,0.40940513935287126,0.02723398474497744,0.547119140625,0.033649481065610935,0.6362700182922875,0.008711228739751987,65,10,0.33960013695911856,0.58599853515625,dense,-1,1.5,0.0698050023937527,-0.03887939453125,4.529150303939636,0.0,1.0
B_dense_d50_gamma1.5,4000,200,50,0.40030198079992596,0.027993964846564166,0.5693359375,0.03587374088611846,0.5729489471586046,0.00826726484485263,64,11,0.33960013695911856,0.58599853515625,dense,-1,1.5,0.0607018438408074,-0.01666259765625,5.147701140657468,0.0,1.0
B_dense_d50_gamma1.5,4000,200,50,0.45033094824587655,0.028964584268900015,0.595458984375,0.03719832197671445,0.639892136537021,0.008563623854875519,65,12,0.33960013695911856,0.58599853515625,dense,-1,1.5,0.11073081128675799,0.00946044921875,5.534860631533269,0.0,1.0
B_dense_d50_gamma1.5,4000,200,50,0.38724823033786854,0.027518597419273108,0.572265625,0.03952306405907988,0.5409837503492649,0.007858284870760629,65,13,0.33960013695911856,0.58599853515625,dense,-1,1.5,0.04764809337874998,-0.01373291015625,6.248290370472528,1.0,1.0
B_dense_d50_gamma1.5,4000,200,50,0.3820133479727357,0.026841062747632566,0.5540771484375,0.03649151518630307,0.6279287382705481,0.008229109964189473,61,14,0.33960013695911856,0.58599853515625,dense,-1,1.5,0.042413211013617114,-0.03192138671875,5.326522722368751,1.0,1.0
B_dense_d50_gamma1.5,4000,200,50,0.39969199934321387,0.02718654391466263,0.5814208984375,0.03972272400037535,0.5867614830019369,0.007728973918976743,71,15,0.33960013695911856,0.58599853515625,dense,-1,1.5,0.06009186238409531,-0.00457763671875,6.311579208039985,0.0,1.0
B_dense_d50_gamma1.5,4000,200,50,0.3974810892957722,0.028044022514342157,0.56884765625,0.031300157120086894,0.5420609448040976,0.008170196702638232,54,16,0.33960013695911856,0.58599853515625,dense,-1,1.5,0.057880952336653635,-0.01715087890625,3.918799342968505,0.0,1.0
B_dense_d50_gamma1.5,4000,200,50,0.45970404294246514,0.02756661684709176,0.594970703125,0.03300104819107852,0.6417826601315867,0.008762006241708547,64,17,0.33960013695911856,0.58599853515625,dense,-1,1.5,0.12010390598334658,0.00897216796875,4.356276726839547,0.0,1.0
B_dense_d50_gamma1.5,4000,200,50,0.3779113846934065,0.027795689010671157,0.5562744140625,0.04004329288580622,0.5454626520808055,0.008148708484250125,67,18,0.33960013695911856,0.58599853515625,dense,-1,1.5,0.038311247734287956,-0.02972412109375,6.413861220553836,1.0,1.0
B_dense_d50_gamma1.5,4000,200,50,0.4138114834432538,0.027662733698235322,0.584716796875,0.03715667292836173,0.6101042419006161,0.008127667107278693,65,19,0.33960013695911856,0.58599853515625,dense,-1,1.5,0.07421134648413524,-0.00128173828125,5.522473372420998,0.0,1.0
B_dense_d50_gamma1.5,4000,200,50,0.4409060324335789,0.027801102973376554,0.581298828125,0.03329470854334263,0.6302725757376952,0.00872652263055874,62,20,0.33960013695911856,0.58599853515625,dense,-1,1.5,0.10130589547446034,-0.00469970703125,4.43415046794453,0.0,1.0
B_dense_d50_gamma1.5,4000,200,50,0.4392454394255361,0.02799051255778456,0.5933837890625,0.034462947819554716,0.6129276210742386,0.008595188750111175,60,21,0.33960013695911856,0.58599853515625,dense,-1,1.5,0.09964530246641756,0.00738525390625,4.750779089653404,0.0,1.0
B_dense_d50_gamma1.5,4000,200,50,0.44836955473116885,0.027912992510451297,0.5904541015625,0.0294377358468459,0.6052266636855964,0.008602972752260794,52,22,0.33960013695911856,0.58599853515625,dense,-1,1.5,0.10876941777205029,0.00445556640625,3.466321167154704,0.0,1.0
B_dense_d50_gamma1.5,4000,200,50,0.4169034454294781,0.02767804308196258,0.5751953125,0.03525536997809433,0.5781639938332843,0.00844118665248691,58,23,0.33960013695911856,0.58599853515625,dense,-1,1.5,0.07730330847035954,-0.01080322265625,4.97176444916926,0.0,1.0
B_dense_d50_gamma1.5,4000,200,50,0.39091659791984085,0.027207528746440595,0.576171875,0.036957556690495066,0.6211856182289813,0.007751295716911888,58,24,0.33960013695911856,0.58599853515625,dense,-1,1.5,0.05131646096072229,-0.00982666015625,5.463443986124626,1.0,1.0
B_dense_d50_gamma1.5,4000,200,50,0.47150319730429247,0.027487716306010997,0.5894775390625,0.03630042359512992,0.6379764926976952,0.008863127087933924,73,25,0.33960013695911856,0.58599853515625,dense,-1,1.5,0.1319030603451739,0.00347900390625,5.270883012743461,0.0,1.0
B_dense_d50_gamma1.5,4000,200,50,0.46876205055470255,0.028507144634426003,0.60498046875,0.030766477095414024,0.6341907830221518,0.008746751116707422,63,26,0.33960013695911856,0.58599853515625,dense,-1,1.5,0.129161913595584,0.01898193359375,3.786304451450543,0.0,1.0
B_dense_d50_gamma1.5,4000,200,50,0.43835879488949037,0.02752372107922741,0.5792236328125,0.03672954020573866,0.6201441462807853,0.008727394583129561,63,27,0.33960013695911856,0.58599853515625,dense,-1,1.5,0.09875865793037181,-0.00677490234375,5.396236494899891,0.0,1.0
B_dense_d50_gamma1.5,4000,200,50,0.4291393889231785,0.0276861976892599,0.597900390625,0.03772621433828427,0.5921963408385794,0.008141581217799074,68,28,0.33960013695911856,0.58599853515625,dense,-1,1.5,0.08953925196405993,0.01190185546875,5.693068993192663,0.0,1.0
B_dense_d50_gamma1.5,4000,200,50,0.3943954301251487,0.02752887072018906,0.5687255859375,0.03500260030893637,0.5799847312948707,0.008042406185048421,57,29,0.33960013695911856,0.58599853515625,dense,-1,1.5,0.05479529316603016,-0.01727294921875,4.9007281135486105,0.0,1.0
B_dense_d50_gamma1.5,4000,200,50,0.4277067646315874,0.027544800345955394,0.5740966796875,0.03956005489697675,0.6034267364696038,0.008758874479024431,78,30,0.33960013695911856,0.58599853515625,dense,-1,1.5,0.08810662767246885,-0.01190185546875,6.259991773807256,0.0,1.0
B_dense_d50_gamma1.5,4000,200,50,0.4448812715688236,0.02851770539131422,0.5814208984375,0.03601900677887909,0.5928657202676242,0.008594026416217473,61,31,0.33960013695911856,0.58599853515625,dense,-1,1.5,0.10528113460970506,-0.00457763671875,5.189475397347752,0.0,1.0
B_dense_d50_gamma1.5,4000,200,50,0.4577880144202925,0.02839582973682308,0.6021728515625,0.032357108001889234,0.5556757852814438,0.008619299205403204,55,32,0.33960013695911856,0.58599853515625,dense,-1,1.5,0.11818787746117393,0.01617431640625,4.187929752983697,0.0,1.0
B_dense_d50_gamma1.5,4000,200,50,0.4062622339913056,0.02711262098610087,0.5699462890625,0.03318370192471493,0.6464947348133563,0.008525379868963288,66,33,0.33960013695911856,0.58599853515625,dense,-1,1.5,0.06666209703218706,-0.01605224609375,4.404632293713318,0.0,1.0
B_dense_d50_gamma1.5,4000,200,50,0.4357975152856831,0.02764100767839644,0.6080322265625,0.038142318022418825,0.6122073642364811,0.008210550886067427,69,34,0.33960013695911856,0.58599853515625,dense,-1,1.5,0.09619737832656455,0.02203369140625,5.819345696493344,0.0,1.0
B_dense_d50_gamma1.5,4000,200,50,0.392336551246227,0.026958305519281106,0.551025390625,0.04116308134805924,0.615003024641898,0.008320265942257585,66,35,0.33960013695911856,0.58599853515625,dense,-1,1.5,0.05273641428710846,-0.03497314453125,6.77759706426777,1.0,1.0
B_dense_d50_gamma1.5,4000,200,50,0.39062521160838604,0.02613949391827238,0.572021484375,0.03887725922614994,0.5842308140198513,0.00810658118311026,67,36,0.33960013695911856,0.58599853515625,dense,-1,1.5,0.05102507464926748,-0.01397705078125,6.045765139749044,1.0,1.0
B_dense_d50_gamma1.5,4000,200,50,0.4275996340120187,0.026872640549942907,0.5526123046875,0.039865027712468956,0.6116501147774205,0.008968024313083921,69,37,0.33960013695911856,0.58599853515625,dense,-1,1.5,0.08799949705290017,-0.03338623046875,6.356881738063672,0.0,1.0
B_dense_d50_gamma1.5,4000,200,50,0.44511232103960363,0.02849058812342166,0.5927734375,0.03876573678004221,0.602552607475557,0.00864189485545847,77,38,0.33960013695911856,0.58599853515625,dense,-1,1.5,0.10551218408048507,0.00677490234375,6.01112939239807,0.0,1.0
B_dense_d50_gamma1.5,4000,200,50,0.4394624903546742,0.02735423465221818,0.589111328125,0.03241413964125373,0.6237935566787651,0.008670884523924182,57,39,0.33960013695911856,0.58599853515625,dense,-1,1.5,0.09986235339555566,0.00311279296875,4.202705794730787,0.0,1.0
B_dense_d50_gamma1.5,4000,200,50,0.49209256545566704,0.02874031502495699,0.614990234375,0.034583257782524246,0.659244497960287,0.00868416056617601,65,40,0.33960013695911856,0.58599853515625,dense,-1,1.5,0.15249242849654848,0.02899169921875,4.784006875410095,0.0,1.0
B_dense_d50_gamma1.5,4000,200,50,0.44796073914002665,0.02941044331507176,0.598388671875,0.034920895003633365,0.5978699644979226,0.008495026818507816,59,41,0.33960013695911856,0.58599853515625,dense,-1,1.5,0.1083606021809081,0.01239013671875,4.877875631419143,0.0,1.0
B_dense_d50_gamma1.5,4000,200,50,0.38689382004567735,0.026715642204712176,0.5638427734375,0.036112701033372434,0.6027412442061921,0.007948524807834697,56,42,0.33960013695911856,0.58599853515625,dense,-1,1.5,0.04729368308655879,-0.02215576171875,5.216508703702954,1.0,1.0
B_dense_d50_gamma1.5,4000,200,50,0.39551924205441974,0.027194929013424404,0.569580078125,0.03439129467743701,0.602264414876425,0.00808225363225917,59,43,0.33960013695911856,0.58599853515625,dense,-1,1.5,0.05591910509530118,-0.01641845703125,4.73104459836123,0.0,1.0
B_dense_d50_gamma1.5,4000,200,50,0.37178761061817267,0.026662241985470403,0.5555419921875,0.03905642853349744,0.5453541440580139,0.007815648122722695,66,44,0.33960013695911856,0.58599853515625,dense,-1,1.5,0.03218747365905411,-0.03045654296875,6.101618439168771,1.0,1.0
B_dense_d50_gamma1.5,4000,200,50,0.3915628965785811,0.02629733884470044,0.5765380859375,0.04078502441036866,0.6354006224022603,0.007952365238378126,69,45,0.33960013695911856,0.58599853515625,dense,-1,1.5,0.05196275961946256,-0.00946044921875,6.653672864617469,0.0,1.0
B_dense_d50_gamma1.5,4000,200,50,0.45340273720833224,0.02875036685467756,0.6065673828125,0.04666572965750563,0.5822296260292379,0.00849141752409214,83,46,0.33960013695911856,0.58599853515625,dense,-1,1.5,0.11380260024921368,0.02056884765625,8.7107612978696,0.0,1.0
B_dense_d50_gamma1.5,4000,200,50,0.4312460192775012,0.028181112086034667,0.5543212890625,0.03395168596766347,0.6458048582286313,0.00912364670486322,68,47,0.33960013695911856,0.58599853515625,dense,-1,1.5,0.09164588231838267,-0.03167724609375,4.610867920187347,0.0,1.0
B_dense_d50_gamma1.5,4000,200,50,0.4079044797777406,0.02774883629815706,0.5860595703125,0.03689048594112851,0.5748340368969246,0.007882981057777471,58,48,0.33960013695911856,0.58599853515625,dense,-1,1.5,0.06830434281862202,6.103515625e-05,5.4436318118904,0.0,1.0
B_dense_d50_gamma1.5,4000,200,50,0.4146571922933344,0.027141192449828353,0.5531005859375,0.03331393826297183,0.6052139995556589,0.009065513170251097,60,49,0.33960013695911856,0.58599853515625,dense,-1,1.5,0.07505705533421586,-0.03289794921875,4.439273930356395,0.0,1.0
B_dense_d50_gamma1.5,4000,200,50,0.4326531280341068,0.027140571685464923,0.57275390625,0.03260879811578805,0.6360579882004644,0.008982021382182362,60,50,0.33960013695911856,0.58599853515625,dense,-1,1.5,0.09305299107498827,-0.01324462890625,4.253334858224888,0.0,1.0
B_dense_d50_gamma1.5,4000,200,50,0.4107144328303327,0.027309605323407232,0.559814453125,0.0402576699894078,0.6203289404732543,0.008635832891396373,78,51,0.33960013695911856,0.58599853515625,dense,-1,1.5,0.07111429587121415,-0.02618408203125,6.482719971904262,0.0,1.0
B_dense_d50_gamma1.5,4000,200,50,0.45877749910576027,0.029371539202984503,0.603759765625,0.03362302006022624,0.5810113721999816,0.008469285884642049,65,52,0.33960013695911856,0.58599853515625,dense,-1,1.5,0.11917736214664171,0.01776123046875,4.5220299118815035,0.0,1.0
B_dense_d50_gamma1.5,4000,200,50,0.46369118782712954,0.027584591917611003,0.5765380859375,0.034656521078059443,0.6111468254842566,0.009218008581286487,67,53,0.33960013695911856,0.58599853515625,dense,-1,1.5,0.12409105086801098,-0.00946044921875,4.804297812935914,0.0,1.0
B_dense_d50_gamma1.5,4000,200,50,0.4523496654264064,0.028070259567237063,0.5848388671875,0.034538226056235695,0.611648429094564,0.008889474226600842,67,54,0.33960013695911856,0.58599853515625,dense,-1,1.5,0.11274952846728786,-0.00115966796875,4.771556236446553,0.0,1.0
B_dense_d50_gamma1.5,4000,200,50,0.39890890246296473,0.027765066484680592,0.5855712890625,0.04120742572249029,0.5558478053187057,0.007962878176004873,70,55,0.33960013695911856,0.58599853515625,dense,-1,1.5,0.05930876550384617,-0.00042724609375,6.792207738698217,0.0,1.0
B_dense_d50_gamma1.5,4000,200,50,0.4122699953332486,0.02890523057745216,0.59033203125,0.03562542942310132,0.5721313585657078,0.007946223266768321,61,56,0.33960013695911856,0.58599853515625,dense,-1,1.5,0.07266985837413004,0.00433349609375,5.076684886321493,0.0,1.0
B_dense_d50_gamma1.5,4000,200,50,0.4299186121650292,0.026579928013660728,0.5633544921875,0.03611663600650674,0.6215111369872052,0.008998863244565483,69,57,0.33960013695911856,0.58599853515625,dense,-1,1.5,0.09031847520591063,-0.02264404296875,5.217645585705997,0.0,1.0
B_dense_d50_gamma1.5,4000,200,50,0.42948936168355295,0.02840050726097784,0.5849609375,0.03676469863352621,0.6112674827761423,0.00837408886353376,63,58,0.33960013695911856,0.58599853515625,dense,-1,1.5,0.08988922472443439,-0.00103759765625,5.406572262456016,0.0,1.0
B_dense_d50_gamma1.5,4000,200,50,0.4053471475057658,0.027629172566615092,0.578857421875,0.03600660729236773,0.5577015018112815,0.007953682714403361,62,59,0.33960013695911856,0.58599853515625,dense,-1,1.5,0.06574701054664722,-0.00714111328125,5.185903074827156,0.0,1.0
B_dense_d50_gamma1.5,4000,200,50,0.4352035858029656,0.02749835648881138,0.584228515625,0.04414509227715238,0.6113943325178723,0.008570696165686013,76,60,0.33960013695911856,0.58599853515625,dense,-1,1.5,0.09560344884384703,-0.00177001953125,7.795156688633194,0.0,1.0
B_dense_d50_gamma1.5,4000,200,50,0.44413318629329956,0.02787984301080224,0.5872802734375,0.0341412567894766,0.6106281285564001,0.00870665249963478,58,61,0.33960013695911856,0.58599853515625,dense,-1,1.5,0.104533049334181,0.00128173828125,4.662501660659927,0.0,1.0
B_dense_d50_gamma1.5,4000,200,50,0.41726627540209205,0.02792286238733561,0.580078125,0.03366382790701262,0.5876510639503322,0.008333610446337602,58,62,0.33960013695911856,0.58599853515625,dense,-1,1.5,0.07766613844297349,-0.00592041015625,4.533013237411846,0.0,1.0
B_dense_d50_gamma1.5,4000,200,50,0.3806258402014153,0.026979461809530897,0.57958984375,0.041712648461647156,0.5794397167562866,0.00764839113229177,70,63,0.33960013695911856,0.58599853515625,dense,-1,1.5,0.04102570324229676,-0.00640869140625,6.95978016673982,1.0,1.0
B_dense_d50_gamma1.5,4000,200,50,0.3674796909171332,0.0264601774988401,0.5462646484375,0.036610689903552866,0.5950755902012446,0.008257726078506725,70,64,0.33960013695911856,0.58599853515625,dense,-1,1.5,0.027879553958014613,-0.03973388671875,5.361370460856431,1.0,1.0
B_dense_d50_gamma1.5,4000,200,50,0.44385971994600404,0.028239562741162075,0.5927734375,0.03147519870783852,0.586665398674874,0.00867245292648384,57,65,0.33960013695911856,0.58599853515625,dense,-1,1.5,0.10425958298688548,0.00677490234375,3.9627525347916785,0.0,1.0
B_dense_d50_gamma1.5,4000,200,50,0.4260217626961072,0.026921160489990565,0.560791015625,0.03473723976143374,0.623914420758882,0.008955311856381803,73,66,0.33960013695911856,0.58599853515625,dense,-1,1.5,0.08642162573698864,-0.02520751953125,4.826703304973332,0.0,1.0
B_dense_d50_gamma1.5,4000,200,50,0.4622646128365979,0.026866911366901215,0.5889892578125,0.03639707542141362,0.6229404729980431,0.009010685098850928,74,67,0.33960013695911856,0.58599853515625,dense,-1,1.5,0.12266447587747936,0.00299072265625,5.298988396928285,0.0,1.0
B_dense_d50_gamma1.5,4000,200,50,0.37588037823262044,0.026651717491864263,0.5299072265625,0.037259836375151706,0.5861812512821163,0.00846929897495832,65,68,0.33960013695911856,0.58599853515625,dense,-1,1.5,0.03628024127350188,-0.05609130859375,5.553181626812313,1.0,1.0
B_dense_d50_gamma1.5,4000,200,50,0.42294194472632796,0.028709302301062268,0.60546875,0.03868034998628813,0.5820890741769283,0.007841210570365735,60,69,0.33960013695911856,0.58599853515625,dense,-1,1.5,0.0833418077672094,0.01947021484375,5.984677900246961,0.0,1.0
B_dense_d50_gamma1.5,4000,200,50,0.39893388471760893,0.027210132349832453,0.5654296875,0.03245772360015679,0.601639034674866,0.008281526667632492,55,70,0.33960013695911856,0.58599853515625,dense,-1,1.5,0.059333747758490374,-0.02056884765625,4.214015285216701,0.0,1.0
B_dense_d50_gamma1.5,4000,200,50,0.41870568477666825,0.02832484698033522,0.5975341796875,0.038178697423040565,0.5977589455044897,0.007970053974948077,60,71,0.33960013695911856,0.58599853515625,dense,-1,1.5,0.07910554781754969,0.01153564453125,5.830451747680337,0.0,1.0
B_dense_d50_gamma1.5,4000,200,50,0.37375144799242627,0.02656601007642395,0.5460205078125,0.033524147015096824,0.5996153477494798,0.00819103484589952,53,72,0.33960013695911856,0.58599853515625,dense,-1,1.5,0.03415131103330771,-0.03997802734375,4.495473732359302,1.0,1.0
B_dense_d50_gamma1.5,4000,200,50,0.4208655107215106,0.02805192817593095,0.5662841796875,0.03857243638473287,0.6243779273028898,0.008804767819678693,66,73,0.33960013695911856,0.58599853515625,dense,-1,1.5,0.08126537376239207,-0.01971435546875,5.951331394617058,0.0,1.0
B_dense_d50_gamma1.5,4000,200,50,0.4424577725107416,0.02866594295315369,0.5816650390625,0.02816209025776393,0.6270404681767845,0.008587042521251918,44,74,0.33960013695911856,0.58599853515625,dense,-1,1.5,0.10285763555162303,-0.00433349609375,3.172413310745768,0.0,1.0
B_dense_d50_gamma1.5,4000,200,50,0.41454206013681283,0.027172745627945947,0.56396484375,0.03152554385893696,0.5686948868395493,0.008528982738085299,52,75,0.33960013695911856,0.58599853515625,dense,-1,1.5,0.07494192317769427,-0.02203369140625,3.975439662407031,0.0,1.0
B_dense_d50_gamma1.5,4000,200,50,0.386277932781161,0.027526997320192502,0.55712890625,0.03525510246849146,0.5626307072290255,0.008318242633596732,62,76,0.33960013695911856,0.58599853515625,dense,-1,1.5,0.046677795822042456,-0.02886962890625,4.9716890002553304,1.0,1.0
B_dense_d50_gamma1.5,4000,200,50,0.4324823882854492,0.028122596160499776,0.5682373046875,0.036434461490907295,0.5560972775386824,0.008651309779379869,67,77,0.33960013695911856,0.58599853515625,dense,-1,1.5,0.09288225132633066,-0.01776123046875,5.309879936529627,0.0,1.0
B_dense_d50_gamma1.5,4000,200,50,0.4202651189327865,0.027880542688720616,0.5899658203125,0.03663126901421557,0.6347679729384141,0.008076845281485627,60,78,0.33960013695911856,0.58599853515625,dense,-1,1.5,0.08066498197366795,0.00396728515625,5.367399478367318,0.0,1.0
B_dense_d50_gamma1.5,4000,200,50,0.3920746968226342,0.026762996850584714,0.5635986328125,0.03607645858569609,0.6046646940170767,0.008145447508318615,61,79,0.33960013695911856,0.58599853515625,dense,-1,1.5,0.052474559863515624,-0.02239990234375,5.20604345634178,0.0,1.0
B_dense_d50_gamma1.5,4000,200,50,0.4246922966793456,0.02799752927373496,0.589111328125,0.03705495516142167,0.5908382313503979,0.008238386754334342,70,80,0.33960013695911856,0.58599853515625,dense,-1,1.5,0.08509215972022705,0.00311279296875,5.492278808059881,0.0,1.0
B_dense_d50_gamma1.5,4000,200,50,0.38126757661803434,0.026160482004208663,0.544921875,0.03681645317080377,0.5804758970029467,0.008327204080422243,69,81,0.33960013695911856,0.58599853515625,dense,-1,1.5,0.041667439658915784,-0.04107666015625,5.421804896311949,1.0,1.0
B_dense_d50_gamma1.5,4000,200,50,0.45404061775557747,0.02893584038408049,0.621826171875,0.03500979418039517,0.5879926411577168,0.007815463272123178,51,82,0.33960013695911856,0.58599853515625,dense,-1,1.5,0.11444048079645891,0.03582763671875,4.902742754214525,0.0,1.0
B_dense_d50_gamma1.5,4000,200,50,0.42219204104916086,0.02680205818223117,0.5775146484375,0.03430639217869464,0.6227307295142566,0.008461633777817666,59,83,0.33960013695911856,0.58599853515625,dense,-1,1.5,0.0825919040900423,-0.00848388671875,4.707714177273603,0.0,1.0
B_dense_d50_gamma1.5,4000,200,50,0.40678341117807093,0.027639357369433497,0.575927734375,0.03517534047963768,0.5572281873562219,0.008206456813241813,60,84,0.33960013695911856,0.58599853515625,dense,-1,1.5,0.06718327421895237,-0.01007080078125,4.949218311433749,0.0,1.0
B_dense_d50_gamma1.5,4000,200,50,0.45660055253984777,0.02796010640173959,0.5853271484375,0.031912233273150896,0.6382391198318652,0.008915835777821743,60,85,0.33960013695911856,0.58599853515625,dense,-1,1.5,0.11700041558072921,-0.00067138671875,4.073562529919997,0.0,1.0
B_dense_d50_gamma1.5,4000,200,50,0.4200666514006492,0.027900560638231712,0.60205078125,0.03978403727886789,0.6269425387012741,0.00787803692243136,61,86,0.33960013695911856,0.58599853515625,dense,-1,1.5,0.08046651444153063,0.01605224609375,6.3310784888253995,0.0,1.0
B_dense_d50_gamma1.5,4000,200,50,0.4235705231430047,0.02833658754295231,0.5615234375,0.02731082847055783,0.5812956780776216,0.008829630971349487,47,87,0.33960013695911856,0.58599853515625,dense,-1,1.5,0.08397038618388614,-0.02447509765625,2.983525406992929,0.0,1.0
B_dense_d50_gamma1.5,4000,200,50,0.42876816804713414,0.028154534745701346,0.5850830078125,0.035427423637550325,0.5976218804428419,0.00849897692568617,68,88,0.33960013695911856,0.58599853515625,dense,-1,1.5,0.08916803108801558,-0.00091552734375,5.020409382377838,0.0,1.0
B_dense_d50_gamma1.5,4000,200,50,0.4131042521630319,0.02637829301855253,0.5687255859375,0.040828015617209584,0.5547732362154296,0.00832068895673758,70,89,0.33960013695911856,0.58599853515625,dense,-1,1.5,0.07350411520391337,-0.01727294921875,6.667707436956439,0.0,1.0
B_dense_d50_gamma1.5,4000,200,50,0.4002800136021465,0.028008915438239204,0.5689697265625,0.03609508932227049,0.568898270902725,0.008148801250462613,60,90,0.33960013695911856,0.58599853515625,dense,-1,1.5,0.06067987664302793,-0.01702880859375,5.2114218927307405,0.0,1.0
B_dense_d50_gamma1.5,4000,200,50,0.46706794448243416,0.029283171360152238,0.6136474609375,0.03081095275282298,0.5968112818167481,0.008531958232952941,57,91,0.33960013695911856,0.58599853515625,dense,-1,1.5,0.1274678075233156,0.02764892578125,3.79725923814676,0.0,1.0
B_dense_d50_gamma1.5,4000,200,50,0.4587199241279081,0.028047189810988683,0.5888671875,0.03537227999096769,0.6369731287986656,0.008987218358976094,70,92,0.33960013695911856,0.58599853515625,dense,-1,1.5,0.11911978716878951,0.00286865234375,5.004792767037652,0.0,1.0
B_dense_d50_gamma1.5,4000,200,50,0.3989734404383802,0.02687830638521964,0.5574951171875,0.03995919911985479,0.6626451065675775,0.00855185940533248,74,93,0.33960013695911856,0.58599853515625,dense,-1,1.5,0.05937330347926162,-0.02850341796875,6.386950377200814,0.0,1.0
B_dense_d50_gamma1.5,4000,200,50,0.4160643741529182,0.026369905501887163,0.57470703125,0.03233175389848806,0.5958282995006149,0.008389960998374576,59,94,0.33960013695911856,0.58599853515625,dense,-1,1.5,0.07646423719379963,-0.01129150390625,4.181369240609591,0.0,1.0
B_dense_d50_gamma1.5,4000,200,50,0.4653489307123545,0.02828076184966273,0.6004638671875,0.03459453859052828,0.6175406111180258,0.008695589176661071,61,95,0.33960013695911856,0.58599853515625,dense,-1,1.5,0.12574879375323594,0.01446533203125,4.787128401166202,0.0,1.0
B_dense_d50_gamma1.5,4000,200,50,0.4671203493321387,0.02909622983388155,0.6102294921875,0.030908865879534862,0.5574529739634997,0.00844531026846505,53,96,0.33960013695911856,0.58599853515625,dense,-1,1.5,0.12752021237302014,0.02423095703125,3.821431959836298,0.0,1.0
B_dense_d50_gamma1.5,4000,200,50,0.39915130632609547,0.027258852982259312,0.56298828125,0.04022798059234405,0.6037494165428497,0.008316690929190828,67,97,0.33960013695911856,0.58599853515625,dense,-1,1.5,0.05955116936697691,-0.02301025390625,6.473161690152039,0.0,1.0
B_dense_d50_gamma1.5,4000,200,50,0.41501677272427845,0.028070369111921904,0.5782470703125,0.0402074620208535,0.5758733933496986,0.008360747763410002,74,98,0.33960013695911856,0.58599853515625,dense,-1,1.5,0.07541663576515989,-0.00775146484375,6.466560008633506,0.0,1.0
B_dense_d50_gamma1.5,4000,200,50,0.4101700351187635,0.02751041478084183,0.5762939453125,0.04209368537403839,0.5789011589869779,0.00827123170209748,78,99,0.33960013695911856,0.58599853515625,dense,-1,1.5,0.07056989815964493,-0.00970458984375,7.087513393474134,0.0,1.0
B_dense_d50_gamma1.5,4000,200,50,0.4304958836142628,0.028440839648216594,0.61474609375,0.035114362966438904,0.5601888412122975,0.007810319596764944,54,100,0.33960013695911856,0.58599853515625,dense,-1,1.5,0.09089574665514422,0.02874755859375,4.932073946155264,0.0,1.0
B_dense_d50_gamma1.5,4000,200,50,0.4091454368050902,0.02786613060361119,0.59130859375,0.039481230428020146,0.605116824977935,0.008075836340185678,56,101,0.33960013695911856,0.58599853515625,dense,-1,1.5,0.06954529984597163,0.00531005859375,6.235070224441696,0.0,1.0
B_dense_d50_gamma1.5,4000,200,50,0.4769777335746118,0.029701144520454362,0.602294921875,0.0342454669887761,0.6451277308094449,0.009061989847874572,64,102,0.33960013695911856,0.58599853515625,dense,-1,1.5,0.13737759661549326,0.01629638671875,4.691008037117414,0.0,1.0
B_dense_d50_gamma1.5,4000,200,50,0.3995734511869521,0.02819700290759826,0.57470703125,0.04070853153550053,0.5636120288729302,0.008033816211517745,75,103,0.33960013695911856,0.58599853515625,dense,-1,1.5,0.05997331422783353,-0.01129150390625,6.628738159107365,0.0,1.0
B_dense_d50_gamma1.5,4000,200,50,0.4290702253283388,0.026773683798345646,0.5546875,0.03399318558106399,0.6721877321632453,0.009380796201212313,65,104,0.33960013695911856,0.58599853515625,dense,-1,1.5,0.08947008836922021,-0.03131103515625,4.622146663794627,0.0,1.0
B_dense_d50_gamma1.5,4000,200,50,0.41024152488051824,0.02711432670551847,0.5809326171875,0.03451355482352661,0.5407072853953752,0.008054271888479472,55,105,0.33960013695911856,0.58599853515625,dense,-1,1.5,0.07064138792139968,-0.00506591796875,4.764741866226308,0.0,1.0
B_dense_d50_gamma1.5,4000,200,50,0.44504567468770173,0.028543037329529106,0.5950927734375,0.034935382398040116,0.6130104151810576,0.00857818129343146,63,106,0.33960013695911856,0.58599853515625,dense,-1,1.5,0.10544553772858317,0.00909423828125,4.881923773189165,0.0,1.0
B_dense_d50_gamma1.5,4000,200,50,0.42884175944439773,0.028784761320423347,0.6121826171875,0.042548829921815315,0.5791191694519761,0.007834845199169547,66,107,0.33960013695911856,0.58599853515625,dense,-1,1.5,0.08924162248527917,0.02618408203125,7.241611710862265,0.0,1.0
B_dense_d50_gamma1.5,4000,200,50,0.41409800497125304,0.028318816509437194,0.5750732421875,0.03690042430625333,0.5932503049444181,0.008411812340279781,57,108,0.33960013695911856,0.58599853515625,dense,-1,1.5,0.07449786801213448,-0.01092529296875,5.446565255926126,0.0,1.0
B_dense_d50_gamma1.5,4000,200,50,0.4318426755189013,0.02800947870644671,0.610595703125,0.04027143813641094,0.6083859008647312,0.007838115814766735,73,109,0.33960013695911856,0.58599853515625,dense,-1,1.5,0.09224253855978276,0.02459716796875,6.487154918299093,0.0,1.0
B_dense_d50_gamma1.5,4000,200,50,0.426950760469952,0.0291191845058897,0.615478515625,0.036745180744944726,0.552028914897609,0.007779352025990234,57,110,0.33960013695911856,0.58599853515625,dense,-1,1.5,0.08735062351083345,0.02947998046875,5.400833231914627,0.0,1.0
B_dense_d50_gamma1.5,4000,200,50,0.38757821304887974,0.02729157312063372,0.57861328125,0.040226882494974255,0.6025634707862451,0.007780305222322981,65,111,0.33960013695911856,0.58599853515625,dense,-1,1.5,0.04797807608976118,-0.00738525390625,6.4728083010578645,1.0,1.0
B_dense_d50_gamma1.5,4000,200,50,0.4269852286568615,0.02761282290644814,0.5615234375,0.0324335952719127,0.589003046795438,0.008949751159220922,57,112,0.33960013695911856,0.58599853515625,dense,-1,1.5,0.08738509169774294,-0.02447509765625,4.207752409048952,0.0,1.0
B_dense_d50_gamma1.5,4000,200,50,0.4121140541650396,0.027361231467903802,0.5648193359375,0.03841761386013627,0.5560488540337686,0.00844063760293124,63,113,0.33960013695911856,0.58599853515625,dense,-1,1.5,0.07251391720592104,-0.02117919921875,5.903652218826139,0.0,1.0
B_dense_d50_gamma1.5,4000,200,50,0.3971306034533236,0.02660300557270459,0.5390625,0.033307130912282615,0.5761122775377865,0.008934614235504871,61,114,0.33960013695911856,0.58599853515625,dense,-1,1.5,0.05753046649420507,-0.04693603515625,4.437459878431729,0.0,1.0
B_dense_d50_gamma1.5,4000,200,50,0.46212043342522663,0.028133399624507175,0.6015625,0.031050992602454752,0.6349806138729334,0.008600844768803002,57,115,0.33960013695911856,0.58599853515625,dense,-1,1.5,0.12252029646610807,0.01556396484375,3.856656566390799,0.0,1.0
B_dense_d50_gamma1.5,4000,200,50,0.40803982788454984,0.02819821151260743,0.5931396484375,0.0398796542966173,0.5633064428446275,0.0078085721169062474,69,116,0.33960013695911856,0.58599853515625,dense,-1,1.5,0.06843969092543128,0.00714111328125,6.361547307270827,0.0,1.0
B_dense_d50_gamma1.5,4000,200,50,0.4262946110776108,0.02889624677909337,0.607177734375,0.034238687085726555,0.6189268778980618,0.008000196961986134,55,117,0.33960013695911856,0.58599853515625,dense,-1,1.5,0.08669447411849224,0.02117919921875,4.689150773417194,0.0,1.0
B_dense_d50_gamma1.5,4000,200,50,0.46898017785673785,0.028581408294321736,0.584228515625,0.030517833551377226,0.6134981479062775,0.008995048871821506,50,118,0.33960013695911856,0.58599853515625,dense,-1,1.5,0.1293800408976193,-0.00177001953125,3.725352658678262,0.0,1.0
B_dense_d50_gamma1.5,4000,200,50,0.4256255125061881,0.02793095418663489,0.578857421875,0.039022243255672995,0.5823512126498124,0.008474706416481001,65,119,0.33960013695911856,0.58599853515625,dense,-1,1.5,0.08602537554706952,-0.00714111328125,6.090941874819666,0.0,1.0
B_dense_d50_gamma1.5,4000,200,50,0.41620797823054206,0.026328177370438587,0.5614013671875,0.03531020448209583,0.5933087214317242,0.008876101319989232,67,120,0.33960013695911856,0.58599853515625,dense,-1,1.5,0.0766078412714235,-0.02459716796875,4.987242162269682,0.0,1.0
B_dense_d50_gamma1.5,4000,200,50,0.43447185684611656,0.027058946942850375,0.56005859375,0.03171474827352784,0.6369228611860198,0.009200928667660776,60,121,0.33960013695911856,0.58599853515625,dense,-1,1.5,0.094871719886998,-0.02593994140625,4.023301032212949,0.0,1.0
B_dense_d50_gamma1.5,4000,200,50,0.4104231291041982,0.027077167916175843,0.570556640625,0.03045340208865009,0.6249218927944875,0.008519277852695835,54,122,0.33960013695911856,0.58599853515625,dense,-1,1.5,0.07082299214507964,-0.01544189453125,3.709638795091991,0.0,1.0
B_dense_d50_gamma1.5,4000,200,50,0.4026972438788011,0.027898510839311125,0.56396484375,0.03275472613414416,0.5749402697026572,0.008230128339143678,59,123,0.33960013695911856,0.58599853515625,dense,-1,1.5,0.06309710691968257,-0.02203369140625,4.291488336491145,0.0,1.0
B_dense_d50_gamma1.5,4000,200,50,0.380705531787742,0.02785897774380684,0.5753173828125,0.034807017445536756,0.5352809356997401,0.007763135986289629,58,124,0.33960013695911856,0.58599853515625,dense,-1,1.5,0.041105394828623465,-0.01068115234375,4.8461138538156,1.0,1.0
B_dense_d50_gamma1.5,4000,200,50,0.4459136763940199,0.028076846508966136,0.591064453125,0.03236881838084621,0.6019789674593694,0.00862236362090404,60,125,0.33960013695911856,0.58599853515625,dense,-1,1.5,0.10631353943490135,0.00506591796875,4.19096161348883,0.0,1.0
B_dense_d50_gamma1.5,4000,200,50,0.4841515867174928,0.028333489055701513,0.609619140625,0.02878595182565495,0.5942799021911396,0.008916126960814532,55,126,0.33960013695911856,0.58599853515625,dense,-1,1.5,0.14455144975837425,0.02362060546875,3.3145240900357105,0.0,1.0
B_dense_d50_gamma1.5,4000,200,50,0.39710728921085836,0.02830990726651105,0.563232421875,0.03362806567235535,0.6417847274946256,0.008253318300339263,55,127,0.33960013695911856,0.58599853515625,dense,-1,1.5,0.0575071522517398,-0.02276611328125,4.523387203456977,0.0,1.0
B_dense_d50_gamma1.5,4000,200,50,0.415857339113227,0.028943660202938246,0.60302734375,0.03912469155922735,0.5939157143121019,0.007742696815459997,64,128,0.33960013695911856,0.58599853515625,dense,-1,1.5,0.07625720215410842,0.01702880859375,6.122965958418703,0.0,1.0
B_dense_d50_gamma1.5,4000,200,50,0.4755827122579003,0.028064351588711525,0.5966796875,0.03502251638578374,0.6615536588842512,0.009004151294318953,63,129,0.33960013695911856,0.58599853515625,dense,-1,1.5,0.13598257529878172,0.01068115234375,4.906306615969963,0.0,1.0
B_dense_d50_gamma1.5,4000,200,50,0.4503844139784364,0.028804342514953334,0.5936279296875,0.03785079424274593,0.5960663970297575,0.008306690324623538,64,130,0.33960013695911856,0.58599853515625,dense,-1,1.5,0.11078427701931787,0.00762939453125,5.730730499226753,0.0,1.0
B_dense_d50_gamma1.5,4000,200,50,0.4121599533161306,0.028025927162004215,0.5709228515625,0.03683521201395712,0.602822651216513,0.008294131418281005,67,131,0.33960013695911856,0.58599853515625,dense,-1,1.5,0.07255981635701203,-0.01507568359375,5.427331376452684,0.0,1.0
B_dense_d50_gamma1.5,4000,200,50,0.40032376061370256,0.02703510695682818,0.5689697265625,0.036907937106661536,0.6103321625526027,0.008305715991176814,65,132,0.33960013695911856,0.58599853515625,dense,-1,1.5,0.060723623654584,-0.01702880859375,5.448783285877134,0.0,1.0
B_dense_d50_gamma1.5,4000,200,50,0.42347089714172487,0.028217923700376783,0.5660400390625,0.029200349081312152,0.5685042457199,0.00884478655880406,50,133,0.33960013695911856,0.58599853515625,dense,-1,1.5,0.08387076018260631,-0.01995849609375,3.41064154588195,0.0,1.0
B_dense_d50_gamma1.5,4000,200,50,0.4666239983709321,0.02823206472701787,0.5787353515625,0.034347773731113265,0.6167393086729074,0.009202724144939327,75,134,0.33960013695911856,0.58599853515625,dense,-1,1.5,0.12702386141181354,-0.00726318359375,4.719078241135018,0.0,1.0
B_dense_d50_gamma1.5,4000,200,50,0.4088730147340741,0.026800911119895323,0.56884765625,0.038884318962121696,0.6283799819933802,0.008639160506667912,73,135,0.33960013695911856,0.58599853515625,dense,-1,1.5,0.06927287777495555,-0.01715087890625,6.047961044592067,0.0,1.0
B_dense_d50_gamma1.5,4000,200,50,0.41078913826722363,0.029099022201632938,0.5870361328125,0.03646076704868179,0.5495233661342048,0.007969498656803894,60,136,0.33960013695911856,0.58599853515625,dense,-1,1.5,0.07118900130810507,0.00103759765625,5.31755013511296,0.0,1.0
B_dense_d50_gamma1.5,4000,200,50,0.43064600343101467,0.026797902567558124,0.582763671875,0.034499210044694265,0.5920489936112651,0.008503619419055669,57,137,0.33960013695911856,0.58599853515625,dense,-1,1.5,0.09104586647189611,-0.00323486328125,4.760781974831735,0.0,1.0
B_dense_d50_gamma1.5,4000,200,50,0.424587061943443,0.027559022764876092,0.5748291015625,0.03488820859765439,0.5463965440784869,0.008341248095844352,64,138,0.33960013695911856,0.58599853515625,dense,-1,1.5,0.08498692498432442,-0.01116943359375,4.868748396613783,0.0,1.0
B_dense_d50_gamma1.5,4000,200,50,0.5043539441748529,0.028319335532076752,0.59619140625,0.03551089289559426,0.605592229975761,0.009569277837311247,71,139,0.33960013695911856,0.58599853515625,dense,-1,1.5,0.16475380721573435,0.01019287109375,5.044094056969468,0.0,1.0
B_dense_d50_gamma1.5,4000,200,50,0.4450283626587677,0.02796593751816753,0.5772705078125,0.03794738793915021,0.6142471499741936,0.008947787111636848,73,140,0.33960013695911856,0.58599853515625,dense,-1,1.5,0.10542822569964916,-0.00872802734375,5.760017005617451,0.0,1.0
B_dense_d50_gamma1.5,4000,200,50,0.4334329332900861,0.027152353072373975,0.5716552734375,0.03460328394920853,0.6198296048374345,0.008776447861426647,66,141,0.33960013695911856,0.58599853515625,dense,-1,1.5,0.09383279633096753,-0.01434326171875,4.789549040278211,0.0,1.0
B_dense_d50_gamma1.5,4000,200,50,0.464072468912211,0.02905033197360345,0.6104736328125,0.03938047177311017,0.627427407262703,0.008573153591991942,70,142,0.33960013695911856,0.58599853515625,dense,-1,1.5,0.12447233195309243,0.02447509765625,6.203286228290908,0.0,1.0
B_dense_d50_gamma1.5,4000,200,50,0.41583839508275267,0.02752243029446034,0.5791015625,0.0371026567138419,0.6101657581804617,0.008291708934824343,62,143,0.33960013695911856,0.58599853515625,dense,-1,1.5,0.0762382581236341,-0.00689697265625,5.50642854090079,0.0,1.0
B_dense_d50_gamma1.5,4000,200,50,0.3946840640414374,0.026132773225432226,0.5308837890625,0.03250851148352567,0.6274058709582162,0.009356718547117435,67,144,0.33960013695911856,0.58599853515625,dense,-1,1.5,0.05508392708231885,-0.05511474609375,4.22721327549808,0.0,1.0
B_dense_d50_gamma1.5,4000,200,50,0.4194009803067576,0.028306319341952307,0.5751953125,0.033403804730089914,0.5881449266892704,0.008339063666890996,61,145,0.33960013695911856,0.58599853515625,dense,-1,1.5,0.07980084334763904,-0.01080322265625,4.46325668178391,0.0,1.0
B_dense_d50_gamma1.5,4000,200,50,0.41066576384710823,0.027315860743412225,0.5655517578125,0.035154066650580386,0.623893536770299,0.008560375151619318,65,146,0.33960013695911856,0.58599853515625,dense,-1,1.5,0.07106562688798967,-0.02044677734375,4.943233608293792,0.0,1.0
B_dense_d50_gamma1.5,4000,200,50,0.41209675686649583,0.02987855814517708,0.601806640625,0.04191394286441482,0.5577547816381871,0.007566839960831657,71,147,0.33960013695911856,0.58599853515625,dense,-1,1.5,0.07249661990737727,0.01580810546875,7.02711442576572,0.0,1.0
B_dense_d50_gamma1.5,4000,200,50,0.37741560146096115,0.027507604223602693,0.59326171875,0.03574348304571356,0.5309298228397329,0.00735029675300132,49,148,0.33960013695911856,0.58599853515625,dense,-1,1.5,0.03781546450184259,0.00726318359375,5.1103863209568505,1.0,1.0
B_dense_d50_gamma1.5,4000,200,50,0.3965543472797377,0.028652121930109267,0.5936279296875,0.04844926997674902,0.571022916020011,0.007643172976106107,86,149,0.33960013695911856,0.58599853515625,dense,-1,1.5,0.05695421032061915,0.00762939453125,9.389327045119655,0.0,1.0
B_dense_d50_gamma1.5,4000,200,50,0.44212498177940496,0.026924830125607962,0.5699462890625,0.03551026637034855,0.6260979952119796,0.009059326563596974,67,150,0.33960013695911856,0.58599853515625,dense,-1,1.5,0.1025248448202864,-0.01605224609375,5.043916070772428,0.0,1.0
B_dense_d50_gamma1.5,4000,200,50,0.44608205207109897,0.027706168717526194,0.5787353515625,0.028373318289195964,0.6468035411874723,0.008767453593606398,48,151,0.33960013695911856,0.58599853515625,dense,-1,1.5,0.10648191511198041,-0.00726318359375,3.220180762960089,0.0,1.0
B_dense_d50_gamma1.5,4000,200,50,0.4478521187946777,0.02825912874564433,0.5782470703125,0.037439476039073515,0.6069561126390434,0.009025357070949239,73,152,0.33960013695911856,0.58599853515625,dense,-1,1.5,0.10825198183555912,-0.00775146484375,5.60685746432144,0.0,1.0
B_dense_d50_gamma1.5,4000,200,50,0.3940238684437174,0.026081721923714385,0.5574951171875,0.03362801688428568,0.6274627178170686,0.00845851656892734,59,153,0.33960013695911856,0.58599853515625,dense,-1,1.5,0.054423731484598836,-0.02850341796875,4.523374078279212,0.0,1.0
B_dense_d50_gamma1.5,4000,200,50,0.4239942270042447,0.02648457678466583,0.570556640625,0.03330875722675226,0.6152384098908444,0.008857444167630443,63,154,0.33960013695911856,0.58599853515625,dense,-1,1.5,0.08439409004512616,-0.01544189453125,4.4378932319628825,0.0,1.0
B_dense_d50_gamma1.5,4000,200,50,0.38918700753971164,0.028444249543745824,0.584716796875,0.04479498245594744,0.5651282285560064,0.007628418682771439,73,155,0.33960013695911856,0.58599853515625,dense,-1,1.5,0.04958687058059308,-0.00128173828125,8.026361812914555,1.0,1.0
B_dense_d50_gamma1.5,4000,200,50,0.32577272220464293,0.02656860786517233,0.526611328125,0.042676210736615,0.5526519715541939,0.007578547842028945,69,156,0.33960013695911856,0.58599853515625,dense,-1,1.5,-0.013827414754475631,-0.05938720703125,7.285035851343893,1.0,1.0
B_dense_d50_gamma1.5,4000,200,50,0.43131727690765315,0.027142322794272818,0.579833984375,0.030445226011635743,0.618688895437952,0.008803137268966223,59,157,0.33960013695911856,0.58599853515625,dense,-1,1.5,0.09171713994853459,-0.00616455078125,3.7076471475983266,0.0,1.0
B_dense_d50_gamma1.5,4000,200,50,0.4213609804314299,0.027903772657364958,0.5867919921875,0.03422074677024067,0.582470819177325,0.008321670704907308,57,158,0.33960013695911856,0.58599853515625,dense,-1,1.5,0.08176084347231133,0.00079345703125,4.68423803805175,0.0,1.0
B_dense_d50_gamma1.5,4000,200,50,0.46484397380738807,0.02847833342254003,0.603515625,0.035240908303543206,0.6042324624292852,0.008797290265422166,68,159,0.33960013695911856,0.58599853515625,dense,-1,1.5,0.1252438368482695,0.01751708984375,4.967686472234962,0.0,1.0
B_dense_d50_gamma1.5,4000,200,50,0.43179593019459317,0.027411273414733775,0.5673828125,0.03360812716975817,0.6391599147539611,0.008747288352655515,58,160,0.33960013695911856,0.58599853515625,dense,-1,1.5,0.09219579323547461,-0.01861572265625,4.518024847434549,0.0,1.0
B_dense_d50_gamma1.5,4000,200,50,0.4853239643571356,0.027830093898843198,0.617431640625,0.0328494557179418,0.623361336113171,0.008724154152317533,58,161,0.33960013695911856,0.58599853515625,dense,-1,1.5,0.14572382739801704,0.03143310546875,4.316346963860077,0.0,1.0
B_dense_d50_gamma1.5,4000,200,50,0.46805637461551997,0.02829526261204364,0.6103515625,0.03367150588884258,0.6399297345835233,0.008543736725846024,60,162,0.33960013695911856,0.58599853515625,dense,-1,1.5,0.1284562376564014,0.02435302734375,4.535081235289442,0.0,1.0
B_dense_d50_gamma1.5,4000,200,50,0.42027236386810807,0.02849725240596904,0.584228515625,0.03432445298465656,0.5719883208989158,0.008403291830079759,61,163,0.33960013695911856,0.58599853515625,dense,-1,1.5,0.08067222690898951,-0.00177001953125,4.712672290783595,0.0,1.0
B_dense_d50_gamma1.5,4000,200,50,0.440829204287755,0.028828735731428714,0.577392578125,0.035394989795960334,0.6503442307755238,0.008939751362430725,60,164,0.33960013695911856,0.58599853515625,dense,-1,1.5,0.10122906732863646,-0.00860595703125,5.011221210624544,0.0,1.0
B_dense_d50_gamma1.5,4000,200,50,0.4535656553695466,0.02825138260218301,0.6070556640625,0.03274888786903319,0.5830545184651973,0.008407852705541528,58,165,0.33960013695911856,0.58599853515625,dense,-1,1.5,0.11396551841042807,0.02105712890625,4.2899586266340375,0.0,1.0
B_dense_d50_gamma1.5,4000,200,50,0.43666696807215744,0.02607581699850801,0.567626953125,0.030980244630881018,0.6217595747971512,0.008841731464730674,56,166,0.33960013695911856,0.58599853515625,dense,-1,1.5,0.09706683111303888,-0.01837158203125,3.8391022295569286,0.0,1.0
B_dense_d50_gamma1.5,4000,200,50,0.44447024732126716,0.028076945978412718,0.5797119140625,0.03911558126877063,0.5925558354219679,0.00876866205056034,79,167,0.33960013695911856,0.58599853515625,dense,-1,1.5,0.1048701103621486,-0.00628662109375,6.120114791975198,0.0,1.0
B_dense_d50_gamma1.5,4000,200,50,0.44738691361423566,0.028295589707037296,0.6141357421875,0.039077631816852754,0.5868078944215666,0.00820897673191891,68,168,0.33960013695911856,0.58599853515625,dense,-1,1.5,0.1077867766551171,0.02813720703125,6.10824523365401,0.0,1.0
B_dense_d50_gamma1.5,4000,200,50,0.4000420442714962,0.027905254303030466,0.5855712890625,0.04681156161303215,0.5486721630852189,0.007736952607044385,77,169,0.33960013695911856,0.58599853515625,dense,-1,1.5,0.06044190731237764,-0.00042724609375,8.765289202602819,0.0,1.0
B_dense_d50_gamma1.5,4000,200,50,0.40599322267518956,0.026136973685949187,0.543212890625,0.029332474052436146,0.6477911497289539,0.008792524572754435,50,170,0.33960013695911856,0.58599853515625,dense,-1,1.5,0.066393085716071,-0.04278564453125,3.441576136147359,0.0,1.0
B_dense_d50_gamma1.5,4000,200,50,0.42850095811261857,0.028371307727904506,0.591552734375,0.03495578850732065,0.5811102716156974,0.008275184210086047,60,171,0.33960013695911856,0.58599853515625,dense,-1,1.5,0.08890082115350001,0.00555419921875,4.887628600674122,0.0,1.0
B_dense_d50_gamma1.5,4000,200,50,0.3807291332944901,0.026807734008968354,0.5794677734375,0.043745548309506166,0.5931829907339073,0.007849026479921986,79,172,0.33960013695911856,0.58599853515625,dense,-1,1.5,0.04112899633537154,-0.00653076171875,7.654691987597351,1.0,1.0
B_dense_d50_gamma1.5,4000,200,50,0.4725071769515752,0.02778898332832297,0.59619140625,0.03127207259082471,0.5842910181835965,0.009012858008586217,52,173,0.33960013695911856,0.58599853515625,dense,-1,1.5,0.13290703999245662,0.01019287109375,3.91177009650324,0.0,1.0
B_dense_d50_gamma1.5,4000,200,50,0.4717189443142441,0.028949422175414546,0.6138916015625,0.03988134625202516,0.5945030659362306,0.008426071639706238,77,174,0.33960013695911856,0.58599853515625,dense,-1,1.5,0.13211880735512554,0.02789306640625,6.362087115495686,0.0,1.0
B_dense_d50_gamma1.5,4000,200,50,0.4184950111179059,0.029078302295150255,0.589599609375,0.04356077149953729,0.5886004877433997,0.008053981038447833,79,175,0.33960013695911856,0.58599853515625,dense,-1,1.5,0.07889487415878732,0.00360107421875,7.590163254539601,0.0,1.0
B_dense_d50_gamma1.5,4000,200,50,0.4153776642976966,0.028352467847557815,0.5699462890625,0.03956160507375892,0.6258247887966617,0.0086557471761912,75,176,0.33960013695911856,0.58599853515625,dense,-1,1.5,0.07577752733857807,-0.01605224609375,6.260482384048271,0.0,1.0
B_dense_d50_gamma1.5,4000,200,50,0.3553656837436995,0.027427586105990064,0.55615234375,0.035035419137723976,0.5657446999519016,0.0075957014508598476,58,177,0.33960013695911856,0.58599853515625,dense,-1,1.5,0.01576554678458092,-0.02984619140625,4.909922376623982,1.0,1.0
B_dense_d50_gamma1.5,4000,200,50,0.40333485622031384,0.026279344470941247,0.533447265625,0.036324023025646156,0.6438591209376927,0.009165357416788193,74,178,0.33960013695911856,0.58599853515625,dense,-1,1.5,0.06373471926119528,-0.05255126953125,5.277738595070689,0.0,1.0
B_dense_d50_gamma1.5,4000,200,50,0.37003053910069766,0.02665922272850984,0.5697021484375,0.039797960397505286,0.5662353275730938,0.007481159361005275,54,179,0.33960013695911856,0.58599853515625,dense,-1,1.5,0.030430402141579105,-0.01629638671875,6.335510607205596,1.0,1.0
B_dense_d50_gamma1.5,4000,200,50,0.4240845564491975,0.027514307999275553,0.5809326171875,0.0340650016748339,0.5416029723313733,0.008393437480187992,54,180,0.33960013695911856,0.58599853515625,dense,-1,1.5,0.08448441949007895,-0.00506591796875,4.6416973564257455,0.0,1.0
B_dense_d50_gamma1.5,4000,200,50,0.4245117266299829,0.027514641683273926,0.5653076171875,0.03553453328701614,0.6252019695850011,0.008746081716156283,63,181,0.33960013695911856,0.58599853515625,dense,-1,1.5,0.08491158967086432,-0.02069091796875,5.0508122237042326,0.0,1.0
B_dense_d50_gamma1.5,4000,200,50,0.47516633565914973,0.027612016463178603,0.615966796875,0.034927208427748886,0.6483045100284786,0.008355493387676976,72,182,0.33960013695911856,0.58599853515625,dense,-1,1.5,0.13556619870003117,0.02996826171875,4.879639554221651,0.0,1.0
B_dense_d50_gamma1.5,4000,200,50,0.40767721184515765,0.02732920603968259,0.5821533203125,0.034237711022687814,0.5931046943518266,0.008061933058071468,63,183,0.33960013695911856,0.58599853515625,dense,-1,1.5,0.06807707488603909,-0.00384521484375,4.688883424292315,0.0,1.0
B_dense_d50_gamma1.5,4000,200,50,0.4289336784740122,0.02873360862434678,0.57568359375,0.03375140903785025,0.6306665848686596,0.008622121126264131,57,184,0.33960013695911856,0.58599853515625,dense,-1,1.5,0.08933354151489364,-0.01031494140625,4.556630448161117,0.0,1.0
B_dense_d50_gamma1.5,4000,200,50,0.4099069152723388,0.026974157571068753,0.557373046875,0.028601080840530018,0.627335631196932,0.008601673763817876,51,185,0.33960013695911856,0.58599853515625,dense,-1,1.5,0.07030677831322024,-0.02862548828125,3.272087300986133,0.0,1.0
B_dense_d50_gamma1.5,4000,200,50,0.38434469316394737,0.026854424701452235,0.5458984375,0.03619799368027515,0.5795038981364591,0.008400112180876999,63,186,0.33960013695911856,0.58599853515625,dense,-1,1.5,0.04474455620482881,-0.04010009765625,5.2411789859089595,1.0,1.0
B_dense_d50_gamma1.5,4000,200,50,0.42734098013468746,0.02810433740391063,0.5875244140625,0.037130431068057586,0.6023055801399159,0.00831923555981453,69,187,0.33960013695911856,0.58599853515625,dense,-1,1.5,0.0877408431755689,0.00152587890625,5.514675645199104,0.0,1.0
B_dense_d50_gamma1.5,4000,200,50,0.39872892432358464,0.026569135002193312,0.55224609375,0.035810597856454976,0.5977309011104253,0.008740284659713033,71,188,0.33960013695911856,0.58599853515625,dense,-1,1.5,0.059128787364466084,-0.03375244140625,5.129595675346951,0.0,1.0
B_dense_d50_gamma1.5,4000,200,50,0.4553667557817504,0.02695263084885469,0.582763671875,0.033735449049007306,0.638976533332997,0.00902410039660794,65,189,0.33960013695911856,0.58599853515625,dense,-1,1.5,0.11576661882263184,-0.00323486328125,4.552322090152672,0.0,1.0
B_dense_d50_gamma1.5,4000,200,50,0.4604193215978406,0.029346504251643445,0.6392822265625,0.03804650094987209,0.5841434674148337,0.007667434085392594,61,190,0.33960013695911856,0.58599853515625,dense,-1,1.5,0.12081918463872204,0.05328369140625,5.79014493811447,0.0,1.0
B_dense_d50_gamma1.5,4000,200,50,0.42185541635704654,0.026669247041070755,0.5631103515625,0.03845202562947884,0.6202751610983132,0.008856593242314269,79,191,0.33960013695911856,0.58599853515625,dense,-1,1.5,0.08225527939792798,-0.02288818359375,5.91423310004039,0.0,1.0
B_dense_d50_gamma1.5,4000,200,50,0.40716048096611274,0.02747766051183966,0.578369140625,0.031533282582711326,0.607132678509692,0.008238177631540283,57,192,0.33960013695911856,0.58599853515625,dense,-1,1.5,0.06756034400699418,-0.00762939453125,3.977391641764502,0.0,1.0
B_dense_d50_gamma1.5,4000,200,50,0.4348087940264711,0.028207380208113118,0.5970458984375,0.037279618410073385,0.590843352019778,0.008179448427684945,60,193,0.33960013695911856,0.58599853515625,dense,-1,1.5,0.09520865706735254,0.01104736328125,5.55907979520273,0.0,1.0
B_dense_d50_gamma1.5,4000,200,50,0.3710585518951619,0.026338495288529558,0.529296875,0.0365307531464389,0.5924817645571737,0.008512057685028619,62,194,0.33960013695911856,0.58599853515625,dense,-1,1.5,0.031458414936043344,-0.05670166015625,5.337983701784223,1.0,1.0
B_dense_d50_gamma1.5,4000,200,50,0.3963383524406466,0.027056845457272355,0.5926513671875,0.04587724490784846,0.6004059239360321,0.00767169318182238,68,195,0.33960013695911856,0.58599853515625,dense,-1,1.5,0.05673821548152802,0.00665283203125,8.418886401338831,0.0,1.0
B_dense_d50_gamma1.5,4000,200,50,0.37187876434590783,0.02766182486161265,0.5474853515625,0.03635914967030307,0.5717697528526952,0.008050969731074439,61,196,0.33960013695911856,0.58599853515625,dense,-1,1.5,0.03227862738678927,-0.03851318359375,5.287951058989999,1.0,1.0
B_dense_d50_gamma1.5,4000,200,50,0.39793982788112975,0.026906026146638864,0.5863037109375,0.03506691601438697,0.5939896747066712,0.007849069323865048,56,197,0.33960013695911856,0.58599853515625,dense,-1,1.5,0.05833969092201119,0.00030517578125,4.918754395040277,0.0,1.0
B_dense_d50_gamma1.5,4000,200,50,0.37650352243154284,0.02675278091821312,0.5577392578125,0.0411770648729959,0.5532206744638379,0.0078644055403962,69,198,0.33960013695911856,0.58599853515625,dense,-1,1.5,0.03690338547242428,-0.02825927734375,6.782202686219651,1.0,1.0
B_dense_d50_gamma1.5,4000,200,50,0.4247843034245729,0.028030424244002667,0.5833740234375,0.039682227502584544,0.5550845364566477,0.008300924710774182,66,199,0.33960013695911856,0.58599853515625,dense,-1,1.5,0.08518416646545435,-0.00262451171875,6.298716718267509,0.0,1.0
B_dense_d50_gamma6,4000,200,50,0.5484343870072232,0.03806387820863741,0.6890869140625,0.05205251085195626,0.9013062584660637,0.00796414790331843,64,0,0.33960013695911856,0.58599853515625,dense,-1,6.0,0.20883425004810469,0.10308837890625,10.837855543972097,0.0,0.0
B_dense_d50_gamma6,4000,200,50,0.5611756636012013,0.03801701141762869,0.6968994140625,0.04788150527884248,0.9107944141323457,0.007982364191787685,59,1,0.33960013695911856,0.58599853515625,dense,-1,6.0,0.22157552664208274,0.11090087890625,9.17055419107128,0.0,0.0
B_dense_d50_gamma6,4000,200,50,0.5257632946627251,0.03716581063874264,0.650146484375,0.046799576091866156,0.8963815013083896,0.008343803457188917,60,2,0.33960013695911856,0.58599853515625,dense,-1,6.0,0.18616315770360653,0.06414794921875,8.76080128951348,0.0,1.0
B_dense_d50_gamma6,4000,200,50,0.5449747008549937,0.036371982051261895,0.6649169921875,0.04720558920690729,0.9136550589376327,0.008486303887277618,69,3,0.33960013695911856,0.58599853515625,dense,-1,6.0,0.2053745638958751,0.07891845703125,8.913470609485127,0.0,1.0
B_dense_d50_gamma6,4000,200,50,0.5340885854285945,0.03944115995789134,0.6688232421875,0.04090388192257046,0.9322413599132632,0.008187572496672166,45,4,0.33960013695911856,0.58599853515625,dense,-1,6.0,0.19448844846947594,0.08282470703125,6.692510225342346,0.0,0.0
B_dense_d50_gamma6,4000,200,50,0.4717411316469601,0.037779889676451184,0.6640625,0.05130092154679832,0.8382420086943817,0.007381368884278339,56,5,0.33960013695911856,0.58599853515625,dense,-1,6.0,0.13214099468784152,0.07806396484375,10.527138206203025,0.0,1.0
B_dense_d50_gamma6,4000,200,50,0.48607537101310333,0.035352578431098396,0.635009765625,0.0408148045998527,0.8813771317541954,0.008163347239987257,51,6,0.33960013695911856,0.58599853515625,dense,-1,6.0,0.14647523405398477,0.04901123046875,6.663393098096628,0.0,1.0
B_dense_d50_gamma6,4000,200,50,0.5436906153196753,0.03781989188442311,0.6697998046875,0.03810572791220629,0.9273857497046077,0.008270651975926992,50,7,0.33960013695911856,0.58599853515625,dense,-1,6.0,0.20409047836055677,0.08380126953125,5.80818599887639,0.0,0.0
B_dense_d50_gamma6,4000,200,50,0.5514569842540935,0.03817775916643699,0.6671142578125,0.040824909564777356,0.9495888157613759,0.008398134315432444,51,8,0.33960013695911856,0.58599853515625,dense,-1,6.0,0.21185684729497495,0.08111572265625,6.666692963888999,0.0,0.0
B_dense_d50_gamma6,4000,200,50,0.6313554207672499,0.0386049160615541,0.715087890625,0.04061052026517754,0.9401466650637487,0.008445100156386512,51,9,0.33960013695911856,0.58599853515625,dense,-1,6.0,0.29175528380813137,0.12908935546875,6.596857424833582,0.0,0.0
B_dense_d50_gamma6,4000,200,50,0.5586869693434571,0.036961706040214766,0.65283203125,0.042001501473076686,0.9325816940799723,0.008941342953635485,62,10,0.33960013695911856,0.58599853515625,dense,-1,6.0,0.21908683238433851,0.06683349609375,7.0565045039714525,0.0,1.0
B_dense_d50_gamma6,4000,200,50,0.5421748599436135,0.036414153909875596,0.656982421875,0.04393057280514638,0.8913813123703528,0.008578247459408972,59,11,0.33960013695911856,0.58599853515625,dense,-1,6.0,0.20257472298449491,0.07098388671875,7.719580907953067,0.0,1.0
B_dense_d50_gamma6,4000,200,50,0.5098981583420787,0.03734220830718477,0.651611328125,0.05016425403752517,0.9112310319125081,0.008114866975190668,68,12,0.33960013695911856,0.58599853515625,dense,-1,6.0,0.17029802138296019,0.06561279296875,10.065809532565442,0.0,1.0
B_dense_d50_gamma6,4000,200,50,0.5485826853368461,0.03776174067052214,0.677978515625,0.04451892551987184,0.8904460827549703,0.008182717147278716,56,13,0.33960013695911856,0.58599853515625,dense,-1,6.0,0.2089825483777275,0.09197998046875,7.927738917775585,0.0,0.0
B_dense_d50_gamma6,4000,200,50,0.5789645011717157,0.03796743671495977,0.7032470703125,0.04577759789592202,0.8810054143532803,0.007978840957377062,58,14,0.33960013695911856,0.58599853515625,dense,-1,6.0,0.23936436421259716,0.11724853515625,8.382353876482897,0.0,0.0
B_dense_d50_gamma6,4000,200,50,0.5366424254454101,0.03637173495482355,0.64990234375,0.04050419426381164,0.8679240635872378,0.008657598826394757,60,15,0.33960013695911856,0.58599853515625,dense,-1,6.0,0.19704228848629152,0.06390380859375,6.562359011842367,0.0,1.0
B_dense_d50_gamma6,4000,200,50,0.5435298011890252,0.03710366942469818,0.6510009765625,0.04914851698046112,0.8989663757853621,0.008643388336121233,71,16,0.33960013695911856,0.58599853515625,dense,-1,6.0,0.2039296642299066,0.06500244140625,9.662306885514699,0.0,1.0
B_dense_d50_gamma6,4000,200,50,0.5084012952795739,0.03585821269516134,0.6409912109375,0.03967026092262483,0.916207410494706,0.008210496390276155,49,17,0.33960013695911856,0.58599853515625,dense,-1,6.0,0.16880115832045534,0.05499267578125,6.294918406676538,0.0,1.0
B_dense_d50_gamma6,4000,200,50,0.5823812974605915,0.03699477859375603,0.6646728515625,0.04181271489392144,0.9451350676811164,0.009056550242307731,56,18,0.33960013695911856,0.58599853515625,dense,-1,6.0,0.24278116050147297,0.07867431640625,6.993212507201438,0.0,1.0
B_dense_d50_gamma6,4000,200,50,0.5196454531428147,0.03594426031012587,0.6446533203125,0.04290157627104592,0.8936955998331207,0.008521392231731786,58,19,0.33960013695911856,0.58599853515625,dense,-1,6.0,0.18004531618369618,0.05865478515625,7.362180986161481,0.0,1.0
B_dense_d50_gamma6,4000,200,50,0.521804516102485,0.03820594739750037,0.66845703125,0.044498240182570606,0.9010517630832927,0.007921997207502321,53,20,0.33960013695911856,0.58599853515625,dense,-1,6.0,0.18220437914336646,0.08245849609375,7.920373517382966,0.0,1.0
B_dense_d50_gamma6,4000,200,50,0.5869318836426798,0.03786795089100537,0.6883544921875,0.04598231906213929,0.9396645208153797,0.008474758332802321,65,21,0.33960013695911856,0.58599853515625,dense,-1,6.0,0.24733174668356123,0.10235595703125,8.457494665329513,0.0,0.0
B_dense_d50_gamma6,4000,200,50,0.5105882903163257,0.03453767219535887,0.630859375,0.042085263743459035,0.8886803209464356,0.008574586381277912,63,22,0.33960013695911856,0.58599853515625,dense,-1,6.0,0.17098815335720713,0.04486083984375,7.08467769742603,0.0,1.0
B_dense_d50_gamma6,4000,200,50,0.559924043443857,0.037597679641578036,0.681884765625,0.04615613755790795,0.8850822733741377,0.008251839718000191,63,23,0.33960013695911856,0.58599853515625,dense,-1,6.0,0.22032390648473849,0.09588623046875,8.521556137058083,0.0,0.0
B_dense_d50_gamma6,4000,200,50,0.5693260272678033,0.037337680014472775,0.669921875,0.041131403707776834,0.9421500747759938,0.008602026407418707,62,24,0.33960013695911856,0.58599853515625,dense,-1,6.0,0.2297258903086848,0.08392333984375,6.7671694838884715,0.0,0.0
B_dense_d50_gamma6,4000,200,50,0.5119815124039789,0.03701248601397524,0.663818359375,0.04993590466407356,0.9050722444208475,0.008003390495412946,70,25,0.33960013695911856,0.58599853515625,dense,-1,6.0,0.17238137544486037,0.07781982421875,9.974378298477776,0.0,1.0
B_dense_d50_gamma6,4000,200,50,0.57360858392899,0.03725940068994252,0.6748046875,0.03768494814480998,0.9173635403676256,0.00850664780630484,48,26,0.33960013695911856,0.58599853515625,dense,-1,6.0,0.2340084469698714,0.08880615234375,5.680621266708068,0.0,0.0
B_dense_d50_gamma6,4000,200,50,0.5569436300082915,0.037783662733778756,0.6787109375,0.043881140483942316,0.9078094535624864,0.008275989610946579,58,27,0.33960013695911856,0.58599853515625,dense,-1,6.0,0.21734349304917294,0.09271240234375,7.702217960685925,0.0,0.0
B_dense_d50_gamma6,4000,200,50,0.5739132807087288,0.03880519368845369,0.70068359375,0.052409771820433194,0.8897627949938139,0.008082487402421758,65,28,0.33960013695911856,0.58599853515625,dense,-1,6.0,0.23431314374961026,0.11468505859375,10.987136729079493,0.0,0.0
B_dense_d50_gamma6,4000,200,50,0.5348917125700079,0.03697634995950179,0.6690673828125,0.050107894718554376,0.8808526481222456,0.008161421092059407,76,29,0.33960013695911856,0.58599853515625,dense,-1,6.0,0.19529157561088933,0.08306884765625,10.043204452502918,0.0,1.0
B_dense_d50_gamma6,4000,200,50,0.4957267251021592,0.037476850493823356,0.64111328125,0.055421119515624735,0.905828761697865,0.008230794271919006,70,30,0.33960013695911856,0.58599853515625,dense,-1,6.0,0.15612658814304065,0.05511474609375,12.286001953460643,0.0,1.0
B_dense_d50_gamma6,4000,200,50,0.5339895607449502,0.036407349801296375,0.6279296875,0.04134862768292264,0.9389999455153224,0.009282360335675541,59,31,0.33960013695911856,0.58599853515625,dense,-1,6.0,0.19438942378583163,0.04193115234375,6.838836045043826,0.0,1.0
B_dense_d50_gamma6,4000,200,50,0.5213499054397882,0.036974994232123325,0.6611328125,0.041374585503613066,0.8838012920626136,0.008247676840371634,57,32,0.33960013695911856,0.58599853515625,dense,-1,6.0,0.18174976848066965,0.07513427734375,6.847425302383154,0.0,1.0
B_dense_d50_gamma6,4000,200,50,0.5709019933877477,0.03937251955234866,0.6756591796875,0.050524126439523545,0.9497327423157288,0.008404925766086866,64,33,0.33960013695911856,0.58599853515625,dense,-1,6.0,0.23130185642862916,0.08966064453125,10.210749409907848,0.0,1.0
B_dense_d50_gamma6,4000,200,50,0.46968637792976864,0.03577177158062613,0.638427734375,0.0473744808221355,0.8455036681563778,0.0076978412169948955,53,34,0.33960013695911856,0.58599853515625,dense,-1,6.0,0.13008624097065008,0.05242919921875,8.977365732667536,0.0,1.0
B_dense_d50_gamma6,4000,200,50,0.5848279620736805,0.03767758615969423,0.66650390625,0.038075320420105356,0.954897347847349,0.008963120641520812,54,35,0.33960013695911856,0.58599853515625,dense,-1,6.0,0.24522782511456193,0.08050537109375,5.798920100374768,0.0,0.0
B_dense_d50_gamma6,4000,200,50,0.4891480287523089,0.036966255837278694,0.6519775390625,0.044377429980318774,0.8665423145195364,0.007795208282346115,60,36,0.33960013695911856,0.58599853515625,dense,-1,6.0,0.14954789179319034,0.06597900390625,7.877425166632382,0.0,1.0
B_dense_d50_gamma6,4000,200,50,0.5726341485158509,0.03778519444293992,0.6680908203125,0.03844786332300085,0.9228166599495778,0.00882407040635759,61,37,0.33960013695911856,0.58599853515625,dense,-1,6.0,0.23303401155673237,0.08209228515625,5.912952776416615,0.0,0.0
B_dense_d50_gamma6,4000,200,50,0.597287103706841,0.03949310776807084,0.677734375,0.04820844978803897,0.9961585072094264,0.008849329562797503,70,38,0.33960013695911856,0.58599853515625,dense,-1,6.0,0.25768696674772246,0.09173583984375,9.296218523863498,0.0,1.0
B_dense_d50_gamma6,4000,200,50,0.5270867147672268,0.037827944834056236,0.6632080078125,0.043442238222032595,0.9251209643705351,0.008129726445227052,50,39,0.33960013695911856,0.58599853515625,dense,-1,6.0,0.18748657780810823,0.07720947265625,7.548912246959319,0.0,1.0
B_dense_d50_gamma6,4000,200,50,0.6270526176721208,0.038617438301763334,0.7120361328125,0.04380001663851456,0.9652604684759075,0.008413045315515347,60,40,0.33960013695911856,0.58599853515625,dense,-1,6.0,0.2874524807130023,0.12603759765625,7.673765830136609,0.0,0.0
B_dense_d50_gamma6,4000,200,50,0.5089441119310806,0.037423926304005366,0.648193359375,0.0504094964667749,0.8888724261614219,0.008161319035360468,66,41,0.33960013695911856,0.58599853515625,dense,-1,6.0,0.16934397497196202,0.06219482421875,10.164469336135166,0.0,1.0
B_dense_d50_gamma6,4000,200,50,0.49691558749249587,0.03684894178207213,0.6466064453125,0.043431123992998616,0.8817202903648755,0.00801032391463767,50,42,0.33960013695911856,0.58599853515625,dense,-1,6.0,0.1573154505333773,0.06060791015625,7.54505012518088,0.0,1.0
B_dense_d50_gamma6,4000,200,50,0.5630318577999194,0.03775099728092689,0.681396484375,0.045728605679189564,0.9167978998666465,0.008303297432485595,59,43,0.33960013695911856,0.58599853515625,dense,-1,6.0,0.22343172084080082,0.09539794921875,8.364421509451232,0.0,0.0
B_dense_d50_gamma6,4000,200,50,0.5238358208584457,0.03747231052285688,0.6649169921875,0.04446095430834705,0.8774732045329044,0.008120569577322654,58,44,0.33960013695911856,0.58599853515625,dense,-1,6.0,0.18423568389932715,0.07891845703125,7.907105832035699,0.0,1.0
B_dense_d50_gamma6,4000,200,50,0.4791629756928336,0.03582442332880988,0.6497802734375,0.042272042531604284,0.8374424009781198,0.007826442791704866,56,45,0.33960013695911856,0.58599853515625,dense,-1,6.0,0.13956283873371506,0.06378173828125,7.147702319175046,0.0,1.0
B_dense_d50_gamma6,4000,200,50,0.5105083720694734,0.03605815717882189,0.6376953125,0.050356684564231306,0.8667852571977301,0.008335339807958475,75,46,0.33960013695911856,0.58599853515625,dense,-1,6.0,0.17090823511035486,0.05169677734375,10.143182721205966,0.0,1.0
B_dense_d50_gamma6,4000,200,50,0.535898482894227,0.036251891495470104,0.6278076171875,0.04382535099710572,0.9060272841531306,0.009096806532399474,70,47,0.33960013695911856,0.58599853515625,dense,-1,6.0,0.19629834593510848,0.04180908203125,7.682645560078062,0.0,1.0
B_dense_d50_gamma6,4000,200,50,0.5310164697312196,0.037850864159695075,0.655517578125,0.03959834137860511,0.9287939719585738,0.00840416349341987,54,48,0.33960013695911856,0.58599853515625,dense,-1,6.0,0.19141633277210107,0.06951904296875,6.272114559746198,0.0,1.0
B_dense_d50_gamma6,4000,200,50,0.519905988308154,0.03579624037208601,0.641845703125,0.043838081245379766,0.8964055766631774,0.008597914079971306,60,49,0.33960013695911856,0.58599853515625,dense,-1,6.0,0.18030585134903548,0.05584716796875,7.687109469106068,0.0,1.0
B_dense_d50_gamma6,4000,200,50,0.5491700696899882,0.04081468872712402,0.6796875,0.04655296726078305,0.9055953313555601,0.00799046663269566,56,50,0.33960013695911856,0.58599853515625,dense,-1,6.0,0.2095699327308696,0.09368896484375,8.668715043134153,0.0,0.0
B_dense_d50_gamma6,4000,200,50,0.47078941590662293,0.035916059822656575,0.635009765625,0.05362058122418613,0.837354789919702,0.007755343210106394,70,51,0.33960013695911856,0.58599853515625,dense,-1,6.0,0.13118927894750437,0.04901123046875,11.500666923278168,0.0,1.0
B_dense_d50_gamma6,4000,200,50,0.42944973354572813,0.03401396147859202,0.6025390625,0.052925763174914604,0.8720895057034611,0.007896829184320399,70,52,0.33960013695911856,0.58599853515625,dense,-1,6.0,0.08984959658660957,0.01654052734375,11.204545630588589,0.0,1.0
B_dense_d50_gamma6,4000,200,50,0.5939103433675024,0.039938162208147165,0.7174072265625,0.05243247862150871,0.9244887555892599,0.007892433169611085,57,53,0.33960013695911856,0.58599853515625,dense,-1,6.0,0.2543102064083838,0.13140869140625,10.996659257579871,0.0,0.0
B_dense_d50_gamma6,4000,200,50,0.5704366147498423,0.0369827287757679,0.6715087890625,0.04067913832325931,0.9612923048751623,0.008638339875784936,48,54,0.33960013695911856,0.58599853515625,dense,-1,6.0,0.23083647779072375,0.08551025390625,6.6191691788914575,0.0,0.0
B_dense_d50_gamma6,4000,200,50,0.4925656783749444,0.035302233891702846,0.6541748046875,0.05054832131698552,0.8504200909809995,0.007949739572001966,65,55,0.33960013695911856,0.58599853515625,dense,-1,6.0,0.15296554141582586,0.06817626953125,10.220531151860852,0.0,1.0
B_dense_d50_gamma6,4000,200,50,0.5581206107772518,0.03828949521090638,0.6827392578125,0.04334175962703187,0.9187598091275816,0.008142044348325802,55,56,0.33960013695911856,0.58599853515625,dense,-1,6.0,0.21852047381813328,0.09674072265625,7.514032510269639,0.0,0.0
B_dense_d50_gamma6,4000,200,50,0.4810872156001661,0.03656859253191771,0.6502685546875,0.045072797180935535,0.8629707202863747,0.007740454686311077,58,57,0.33960013695911856,0.58599853515625,dense,-1,6.0,0.14148707864104754,0.06427001953125,8.126228182855002,0.0,1.0
B_dense_d50_gamma6,4000,200,50,0.496272280055394,0.035062022968119916,0.6287841796875,0.04783492683763931,0.9083894950275475,0.008449643134442707,74,58,0.33960013695911856,0.58599853515625,dense,-1,6.0,0.15667214309627542,0.04278564453125,9.152720902249223,0.0,1.0
B_dense_d50_gamma6,4000,200,50,0.5416943731938574,0.03712222400365947,0.6953125,0.05044103596762248,0.8532486996276503,0.007560534329869824,58,59,0.33960013695911856,0.58599853515625,dense,-1,6.0,0.20209423623473882,0.10931396484375,10.177192437947939,0.0,0.0
B_dense_d50_gamma6,4000,200,50,0.527466219841674,0.03633484202992044,0.627685546875,0.04227072692304215,0.9484429208707501,0.00892209352460907,69,60,0.33960013695911856,0.58599853515625,dense,-1,6.0,0.1878660828825554,0.04168701171875,7.147257418409602,0.0,1.0
B_dense_d50_gamma6,4000,200,50,0.5595150217171232,0.03600577909652691,0.6834716796875,0.03832346276302424,0.8932924072467753,0.008138027497153586,48,61,0.33960013695911856,0.58599853515625,dense,-1,6.0,0.21991488475800464,0.09747314453125,5.874751192595621,0.0,0.0
B_dense_d50_gamma6,4000,200,50,0.44106132327650605,0.034546437446400305,0.6229248046875,0.05902903099431841,0.8189919974257318,0.007614906130593889,76,62,0.33960013695911856,0.58599853515625,dense,-1,6.0,0.10146118631738749,0.03692626953125,13.937706000512813,0.0,1.0
B_dense_d50_gamma6,4000,200,50,0.560701083241464,0.03769686479703021,0.6846923828125,0.042940859464231304,0.8868273847469426,0.008078965831198066,50,63,0.33960013695911856,0.58599853515625,dense,-1,6.0,0.2211009462823454,0.09869384765625,7.375669646107453,0.0,0.0
B_dense_d50_gamma6,4000,200,50,0.5019598615950666,0.038012790746378616,0.6636962890625,0.053235739227401026,0.8679921276761797,0.0076462139699836704,67,64,0.33960013695911856,0.58599853515625,dense,-1,6.0,0.162359724635948,0.07769775390625,11.336175724351378,0.0,1.0
B_dense_d50_gamma6,4000,200,50,0.5939596454585694,0.03815199787318758,0.6937255859375,0.044635493593243876,0.9415541170573184,0.008518078388469614,65,65,0.33960013695911856,0.58599853515625,dense,-1,6.0,0.2543595084994508,0.10772705078125,7.969309153250061,0.0,0.0
B_dense_d50_gamma6,4000,200,50,0.514577717898766,0.037289281037595615,0.68017578125,0.0494938163667894,0.8458313381058375,0.007692059085741482,59,66,0.33960013695911856,0.58599853515625,dense,-1,6.0,0.1749775809396475,0.09417724609375,9.798551434197881,0.0,1.0
B_dense_d50_gamma6,4000,200,50,0.5783783167280412,0.03885016084807461,0.668701171875,0.047092936552783085,0.9331736319972908,0.008866603269613985,72,67,0.33960013695911856,0.58599853515625,dense,-1,6.0,0.23877817976892263,0.08270263671875,8.870978692657813,0.0,1.0
B_dense_d50_gamma6,4000,200,50,0.5345232710380059,0.035639294441608016,0.6578369140625,0.04093380499783895,0.8536771670617023,0.008377776112764026,56,68,0.33960013695911856,0.58599853515625,dense,-1,6.0,0.19492313407888734,0.07183837890625,6.702305566404419,0.0,1.0
B_dense_d50_gamma6,4000,200,50,0.5370546237913356,0.03847713255717307,0.6553955078125,0.05186013516361602,0.9275215785103438,0.008583102746886838,68,69,0.33960013695911856,0.58599853515625,dense,-1,6.0,0.19745448683221706,0.06939697265625,10.757894476754089,0.0,1.0
B_dense_d50_gamma6,4000,200,50,0.4542892707789138,0.037176709054706936,0.6387939453125,0.0520417800536671,0.8347863322508724,0.00754559413189174,66,70,0.33960013695911856,0.58599853515625,dense,-1,6.0,0.11468913381979523,0.05279541015625,10.83338748461705,0.0,1.0
B_dense_d50_gamma6,4000,200,50,0.4856138675945913,0.036279596898806374,0.6409912109375,0.04772798006996689,0.8286427131174507,0.008044134501079426,64,71,0.33960013695911856,0.58599853515625,dense,-1,6.0,0.14601373063547274,0.05499267578125,9.111840326236626,0.0,1.0
B_dense_d50_gamma6,4000,200,50,0.504450169483688,0.03785212389830241,0.6329345703125,0.04429772185044551,0.8534598552865482,0.008376644709970044,52,72,0.33960013695911856,0.58599853515625,dense,-1,6.0,0.16485003252456948,0.04693603515625,7.84915264455775,0.0,1.0
B_dense_d50_gamma6,4000,200,50,0.5107118199988672,0.03750381604602254,0.67626953125,0.047368899072291144,0.8478643067508111,0.0076631419656285876,59,73,0.33960013695911856,0.58599853515625,dense,-1,6.0,0.1711116830397486,0.09027099609375,8.97525039728362,0.0,1.0
B_dense_d50_gamma6,4000,200,50,0.5251998494022136,0.03675491813143433,0.6422119140625,0.048694382712831295,0.9486165638550533,0.008640275911786238,73,74,0.33960013695911856,0.58599853515625,dense,-1,6.0,0.1855997124430951,0.05621337890625,9.484571631134735,0.0,1.0
B_dense_d50_gamma6,4000,200,50,0.5047134437192307,0.03749209740515705,0.654296875,0.044737807220412526,0.8713551273332507,0.008019329993956423,54,75,0.33960013695911856,0.58599853515625,dense,-1,6.0,0.1651133067601121,0.06829833984375,8.00588557956318,0.0,1.0
B_dense_d50_gamma6,4000,200,50,0.6039722544448436,0.03982598804553649,0.69384765625,0.04800439549686966,0.9674101026856982,0.008540815799028613,69,76,0.33960013695911856,0.58599853515625,dense,-1,6.0,0.26437211748572503,0.10784912109375,9.217687948079522,0.0,0.0
B_dense_d50_gamma6,4000,200,50,0.5122343299192336,0.037232419549464546,0.642822265625,0.04316480290285665,0.9042233241272476,0.008243581716564185,52,77,0.33960013695911856,0.58599853515625,dense,-1,6.0,0.172634192960115,0.05682373046875,7.452800838569849,0.0,1.0
B_dense_d50_gamma6,4000,200,50,0.5113701987379518,0.0360652263781363,0.6519775390625,0.04451852441412825,0.8236402422163898,0.008146648990688213,59,78,0.33960013695911856,0.58599853515625,dense,-1,6.0,0.1717700617788332,0.06597900390625,7.927596064045332,0.0,1.0
B_dense_d50_gamma6,4000,200,50,0.5172562219137818,0.03690430159866594,0.6485595703125,0.05215216617344769,0.8846341686578258,0.008484482929983357,70,79,0.33960013695911856,0.58599853515625,dense,-1,6.0,0.17765608495466328,0.06256103515625,10.879393746331605,0.0,1.0
B_dense_d50_gamma6,4000,200,50,0.5403530497106932,0.03679005836445903,0.652099609375,0.050713937242579256,0.9182662456054608,0.00850067546605708,74,80,0.33960013695911856,0.58599853515625,dense,-1,6.0,0.20075291275157464,0.06610107421875,10.287613722577069,0.0,1.0
B_dense_d50_gamma6,4000,200,50,0.5121361415951875,0.03809115217162271,0.676025390625,0.04776057578920175,0.8176845596937785,0.007724774533963013,54,81,0.33960013695911856,0.58599853515625,dense,-1,6.0,0.17253600463606894,0.09002685546875,9.124290398864337,0.0,1.0
B_dense_d50_gamma6,4000,200,50,0.5008733042548321,0.035948641886609005,0.658447265625,0.04484357326145586,0.8744558424858109,0.007989733069396994,61,82,0.33960013695911856,0.58599853515625,dense,-1,6.0,0.16127316729571356,0.07244873046875,8.043784251422236,0.0,1.0
B_dense_d50_gamma6,4000,200,50,0.6321600564113237,0.03837944473724359,0.699462890625,0.048270552157273876,0.9256205301552818,0.00879371015012684,66,83,0.33960013695911856,0.58599853515625,dense,-1,6.0,0.2925599194522051,0.11346435546875,9.320184822272392,0.0,0.0
B_dense_d50_gamma6,4000,200,50,0.5473885677052641,0.03680786004875007,0.64794921875,0.046322777701839776,0.9043000769560615,0.00867835506817087,65,84,0.33960013695911856,0.58599853515625,dense,-1,6.0,0.20778843074614556,0.06195068359375,8.583198936056258,0.0,1.0
B_dense_d50_gamma6,4000,200,50,0.5562408684479624,0.03686975949593145,0.6790771484375,0.05104119577694042,0.8826841672411154,0.008244055167452082,66,85,0.33960013695911856,0.58599853515625,dense,-1,6.0,0.21664073148884383,0.09307861328125,10.420814665359842,0.0,1.0
B_dense_d50_gamma6,4000,200,50,0.4376327166447904,0.03521016583057882,0.5982666015625,0.05459579345550325,0.8983780110615852,0.008272561986988005,71,86,0.33960013695911856,0.58599853515625,dense,-1,6.0,0.09803257968567186,0.01226806640625,11.922802652143886,0.0,1.0
B_dense_d50_gamma6,4000,200,50,0.5526472169361659,0.036113832139878316,0.6558837890625,0.04101347119492166,0.8893230726966004,0.008810534379650278,61,87,0.33960013695911856,0.58599853515625,dense,-1,6.0,0.21304707997704736,0.06988525390625,6.728419277826674,0.0,1.0
B_dense_d50_gamma6,4000,200,50,0.559220529564953,0.03786304706997418,0.689453125,0.041358745530893026,0.8852249587254376,0.008080516775721918,51,88,0.33960013695911856,0.58599853515625,dense,-1,6.0,0.2196203926058345,0.10345458984375,6.842183327556655,0.0,0.0
B_dense_d50_gamma6,4000,200,50,0.5344857710836615,0.036678192770586676,0.6767578125,0.044460726558287034,0.8512063086585805,0.008003557129612846,51,89,0.33960013695911856,0.58599853515625,dense,-1,6.0,0.1948856341245429,0.09075927734375,7.90702482436308,0.0,0.0
B_dense_d50_gamma6,4000,200,50,0.4545838389414381,0.03697663666542001,0.649169921875,0.046734546556589825,0.8183960797593406,0.007332260110273635,51,90,0.33960013695911856,0.58599853515625,dense,-1,6.0,0.11498370198231955,0.06317138671875,8.736471367400247,0.0,1.0
B_dense_d50_gamma6,4000,200,50,0.5429194867523781,0.038156396656675674,0.697998046875,0.046808344919978054,0.8788390836358576,0.007635711593771322,52,91,0.33960013695911856,0.58599853515625,dense,-1,6.0,0.20331934979325955,0.11199951171875,8.76408461659054,0.0,0.0
B_dense_d50_gamma6,4000,200,50,0.6204165409859675,0.03767862604411309,0.70263671875,0.0376043032707161,0.9164888751649617,0.00863452993479851,48,92,0.33960013695911856,0.58599853515625,dense,-1,6.0,0.280816404026849,0.11663818359375,5.656334497903958,0.0,0.0
B_dense_d50_gamma6,4000,200,50,0.5019688598888843,0.03689942882915103,0.6552734375,0.04424447767592243,0.841002369286002,0.007856624083819439,51,93,0.33960013695911856,0.58599853515625,dense,-1,6.0,0.16236872292976573,0.06927490234375,7.830295219260795,0.0,1.0
B_dense_d50_gamma6,4000,200,50,0.5260920155194013,0.03680574136990919,0.6522216796875,0.04840467398501371,0.9077994146393025,0.00841284719701219,70,94,0.33960013695911856,0.58599853515625,dense,-1,6.0,0.18649187856028276,0.06622314453125,9.372049854381853,0.0,1.0
B_dense_d50_gamma6,4000,200,50,0.5391224194563129,0.03559133539106564,0.6649169921875,0.04225184662186292,0.8675095356225232,0.00825784072847171,55,95,0.33960013695911856,0.58599853515625,dense,-1,6.0,0.19952228249719434,0.07891845703125,7.140874171829716,0.0,1.0
B_dense_d50_gamma6,4000,200,50,0.45307443608390097,0.03559860447738528,0.616943359375,0.0478154847555315,0.8359490336641581,0.00791008394194875,65,96,0.33960013695911856,0.58599853515625,dense,-1,6.0,0.11347429912478241,0.03094482421875,9.14528232962586,0.0,1.0
B_dense_d50_gamma6,4000,200,50,0.5313952075213422,0.037116181016791656,0.650634765625,0.04315563467082152,0.8695597081155229,0.008477916164913184,57,97,0.33960013695911856,0.58599853515625,dense,-1,6.0,0.1917950705622236,0.06463623046875,7.44963521536565,0.0,1.0
B_dense_d50_gamma6,4000,200,50,0.5348873836676983,0.037654620233082275,0.67529296875,0.05042861696508623,0.8854951372803598,0.00800751028777433,63,98,0.33960013695911856,0.58599853515625,dense,-1,6.0,0.19528724670857972,0.08929443359375,10.172181636045531,0.0,1.0
B_dense_d50_gamma6,4000,200,50,0.6009212188771578,0.038089547062747454,0.67626953125,0.035968077147460004,0.9214848677996053,0.008818439950103526,52,99,0.33960013695911856,0.58599853515625,dense,-1,6.0,0.2613210819180392,0.09027099609375,5.174810294742538,0.0,0.0
B_dense_d50_gamma6,4000,200,50,0.5943599831758093,0.03643164853921491,0.6739501953125,0.036355127230014085,0.9566155720835781,0.009016064930980935,55,100,0.33960013695911856,0.58599853515625,dense,-1,6.0,0.25475984621669073,0.08795166015625,5.2867811036420465,0.0,0.0
B_dense_d50_gamma6,4000,200,50,0.5869301841947405,0.039221720673104046,0.7020263671875,0.039236082783823845,0.9142778381635126,0.008058903489376094,46,101,0.33960013695911856,0.58599853515625,dense,-1,6.0,0.24733004723562196,0.11602783203125,6.1578807688763115,0.0,0.0
B_dense_d50_gamma6,4000,200,50,0.5736779732163939,0.037095248361406506,0.6771240234375,0.04270438821790794,0.9153411514578776,0.008574607669352235,56,102,0.33960013695911856,0.58599853515625,dense,-1,6.0,0.23407783625727535,0.09112548828125,7.294659092263178,0.0,0.0
B_dense_d50_gamma6,4000,200,50,0.5557387815171603,0.03770747638198368,0.6884765625,0.041163485367233695,0.8892710714289136,0.008043759253475308,48,103,0.33960013695911856,0.58599853515625,dense,-1,6.0,0.21613864455804171,0.10247802734375,6.7777301103138505,0.0,0.0
B_dense_d50_gamma6,4000,200,50,0.5202911635643579,0.035917322692374916,0.643310546875,0.04139653007178242,0.9098038361316604,0.008543505862447058,57,104,0.33960013695911856,0.58599853515625,dense,-1,6.0,0.18069102660523934,0.05731201171875,6.8546908079359445,0.0,1.0
B_dense_d50_gamma6,4000,200,50,0.5120096581531433,0.03588771725555555,0.6378173828125,0.04077932617634637,0.9036090473311135,0.00844558474154833,55,105,0.33960013695911856,0.58599853515625,dense,-1,6.0,0.1724095211940247,0.05181884765625,6.651813773587394,0.0,1.0
B_dense_d50_gamma6,4000,200,50,0.5632638111693019,0.03602891607914024,0.6668701171875,0.039467215511909105,0.893390344925659,0.008632547801115038,49,106,0.33960013695911856,0.58599853515625,dense,-1,6.0,0.22366367421018335,0.08087158203125,6.230644401053914,0.0,0.0
B_dense_d50_gamma6,4000,200,50,0.5506730817764272,0.037952075410933324,0.6846923828125,0.04894879936919749,0.8748616411798641,0.007991188409708454,69,107,0.33960013695911856,0.58599853515625,dense,-1,6.0,0.2110729448173086,0.09869384765625,9.583939838743797,0.0,0.0
B_dense_d50_gamma6,4000,200,50,0.5659656967178176,0.03774544775211233,0.673828125,0.05130214696284426,0.9287170682098449,0.008523268051085577,74,108,0.33960013695911856,0.58599853515625,dense,-1,6.0,0.22636555975869904,0.08782958984375,10.527641131989084,0.0,1.0
B_dense_d50_gamma6,4000,200,50,0.5518790648502028,0.03855759364316078,0.66796875,0.047846803011115095,0.8823471891966117,0.008390419072783711,59,109,0.33960013695911856,0.58599853515625,dense,-1,6.0,0.2122789278910842,0.08197021484375,9.15726623353781,0.0,1.0
B_dense_d50_gamma6,4000,200,50,0.5380742852452098,0.03884526452312771,0.697265625,0.053762710509198064,0.8651129456086749,0.007618318594050312,62,110,0.33960013695911856,0.58599853515625,dense,-1,6.0,0.19847414828609128,0.11126708984375,11.561716165183345,0.0,0.0
B_dense_d50_gamma6,4000,200,50,0.5369617818991601,0.03736676354954192,0.6884765625,0.0535682948772465,0.8747501375555097,0.007803024388752374,69,111,0.33960013695911856,0.58599853515625,dense,-1,6.0,0.19736164494004155,0.10247802734375,11.478248864222534,0.0,1.0
B_dense_d50_gamma6,4000,200,50,0.5003331879385967,0.036221525427763565,0.66650390625,0.04719748167915731,0.8283173489337502,0.007678755082769424,61,112,0.33960013695911856,0.58599853515625,dense,-1,6.0,0.16073305097947815,0.08050537109375,8.91040910741756,0.0,1.0
B_dense_d50_gamma6,4000,200,50,0.5056701903490098,0.036209387925348495,0.6461181640625,0.04258698790491209,0.8902304827154399,0.00810013785019892,62,113,0.33960013695911856,0.58599853515625,dense,-1,6.0,0.16607005338989128,0.06011962890625,7.254606155252514,0.0,1.0
B_dense_d50_gamma6,4000,200,50,0.43876620903244956,0.03594605780675954,0.635009765625,0.05379975259643341,0.8131926091150443,0.007303458018494033,65,114,0.33960013695911856,0.58599853515625,dense,-1,6.0,0.099166072073331,0.04901123046875,11.577653517749773,0.0,1.0
B_dense_d50_gamma6,4000,200,50,0.5216241115185849,0.03861576077013221,0.6815185546875,0.04540324398495212,0.849944541448259,0.007589438221936587,50,115,0.33960013695911856,0.58599853515625,dense,-1,6.0,0.18202397455946634,0.09552001953125,8.245818257428363,0.0,0.0
B_dense_d50_gamma6,4000,200,50,0.5540170099008901,0.03750379695792994,0.68017578125,0.04395130474007498,0.8889188150576671,0.008098348815311138,52,116,0.33960013695911856,0.58599853515625,dense,-1,6.0,0.21441687294177153,0.09417724609375,7.726868753419749,0.0,0.0
B_dense_d50_gamma6,4000,200,50,0.5239947508641718,0.03506031791482409,0.634521484375,0.04542950294466111,0.9317311440137912,0.0087822165975213,66,117,0.33960013695911856,0.58599853515625,dense,-1,6.0,0.18439461390505324,0.04852294921875,8.255358951195891,0.0,1.0
B_dense_d50_gamma6,4000,200,50,0.5876173715508082,0.03898903530162031,0.6995849609375,0.05198567763042196,0.949750555730353,0.008242674412813464,68,118,0.33960013695911856,0.58599853515625,dense,-1,6.0,0.24801723459168962,0.11358642578125,10.810042714776618,0.0,0.0
B_dense_d50_gamma6,4000,200,50,0.5365672113273445,0.03687883672840975,0.6871337890625,0.05138176026859366,0.8651036211775188,0.007722083734609653,69,119,0.33960013695911856,0.58599853515625,dense,-1,6.0,0.19696707436822597,0.10113525390625,10.56034115319692,0.0,0.0
B_dense_d50_gamma6,4000,200,50,0.534336762265873,0.03522798773725363,0.659423828125,0.04154762807751608,0.9055571546989245,0.008398958068698796,49,120,0.33960013695911856,0.58599853515625,dense,-1,6.0,0.19473662530675445,0.07342529296875,6.90482159547041,0.0,1.0
B_dense_d50_gamma6,4000,200,50,0.46706143260092736,0.03690057608768443,0.6427001953125,0.05556760525556823,0.8246818262329378,0.007701102706929003,69,121,0.33960013695911856,0.58599853515625,dense,-1,6.0,0.1274612956418088,0.05670166015625,12.351035015354617,0.0,1.0
B_dense_d50_gamma6,4000,200,50,0.4560576855936004,0.03563046330510075,0.61962890625,0.04347504709940286,0.8377103804983231,0.008036302918872274,59,122,0.33960013695911856,0.58599853515625,dense,-1,6.0,0.11645754863448182,0.03363037109375,7.560318881181187,0.0,1.0
B_dense_d50_gamma6,4000,200,50,0.5555489439865713,0.03761171013281714,0.67333984375,0.04274398598021398,0.9473683460000712,0.008384896550208592,56,123,0.33960013695911856,0.58599853515625,dense,-1,6.0,0.21594880702745273,0.08734130859375,7.308193349906916,0.0,0.0
B_dense_d50_gamma6,4000,200,50,0.5012308571982671,0.03766434138359266,0.672607421875,0.05048179111783078,0.8588179637031178,0.0075927580617242835,61,124,0.33960013695911856,0.58599853515625,dense,-1,6.0,0.16163072023914854,0.08660888671875,10.193644937857194,0.0,1.0
B_dense_d50_gamma6,4000,200,50,0.5156783671352656,0.03686990922745228,0.6734619140625,0.052820828383066724,0.8687583662655801,0.007806375928263117,63,125,0.33960013695911856,0.58599853515625,dense,-1,6.0,0.17607823017614704,0.08746337890625,11.160159644293548,0.0,1.0
B_dense_d50_gamma6,4000,200,50,0.5809624425258518,0.03852151876408977,0.6622314453125,0.03688811176074265,0.9391092626643299,0.008976613981941889,53,126,0.33960013695911856,0.58599853515625,dense,-1,6.0,0.24136230556673327,0.07623291015625,5.442931157092161,0.0,0.0
B_dense_d50_gamma6,4000,200,50,0.565212681213374,0.037764298083172686,0.69921875,0.050512861896494725,0.9193400044734166,0.007961751675232269,65,127,0.33960013695911856,0.58599853515625,dense,-1,6.0,0.22561254425425542,0.11322021484375,10.206196867897395,0.0,0.0
B_dense_d50_gamma6,4000,200,50,0.5307877929448112,0.03654322263395186,0.6580810546875,0.04061040665690631,0.8981692621731087,0.008322244921811028,56,128,0.33960013695911856,0.58599853515625,dense,-1,6.0,0.1911876559856926,0.07208251953125,6.5968205153572015,0.0,1.0
B_dense_d50_gamma6,4000,200,50,0.5532272446447886,0.03804606231596805,0.677978515625,0.04160124332683109,0.8823388801010235,0.008179714365145582,54,129,0.33960013695911856,0.58599853515625,dense,-1,6.0,0.21362710768567,0.09197998046875,6.922653785352834,0.0,0.0
B_dense_d50_gamma6,4000,200,50,0.5476876561130142,0.03631409151566707,0.6768798828125,0.05430506366905061,0.8778419737152828,0.008188633412985646,71,130,0.33960013695911856,0.58599853515625,dense,-1,6.0,0.20808751915389562,0.09088134765625,11.796159760398561,0.0,1.0
B_dense_d50_gamma6,4000,200,50,0.5016227431709211,0.0356631631134138,0.6326904296875,0.045862992189943295,0.9213984946061581,0.008528386463290127,69,131,0.33960013695911856,0.58599853515625,dense,-1,6.0,0.1620226062118026,0.04669189453125,8.413656210459198,0.0,1.0
B_dense_d50_gamma6,4000,200,50,0.4898575162890825,0.0358551008661354,0.6353759765625,0.04620481634960224,0.867141232388909,0.008157191740506628,58,132,0.33960013695911856,0.58599853515625,dense,-1,6.0,0.1502573793299639,0.04937744140625,8.539540215601882,0.0,1.0
B_dense_d50_gamma6,4000,200,50,0.4883223290323706,0.03496987896510149,0.6102294921875,0.03476208115145338,0.868762084377227,0.008581516498628245,48,133,0.33960013695911856,0.58599853515625,dense,-1,6.0,0.14872219207325205,0.02423095703125,4.8336091439209214,0.0,1.0
B_dense_d50_gamma6,4000,200,50,0.48944497247470864,0.03582480582582078,0.6593017578125,0.051252755593893466,0.8092542978952876,0.007667122713709859,67,134,0.33960013695911856,0.58599853515625,dense,-1,6.0,0.14984483551559008,0.07330322265625,10.507379823869512,0.0,1.0
B_dense_d50_gamma6,4000,200,50,0.5114097567606273,0.03571985066254923,0.636474609375,0.045103337130963775,0.9179509602257746,0.00860049444632515,61,135,0.33960013695911856,0.58599853515625,dense,-1,6.0,0.17180961980150872,0.05047607421875,8.137244081397501,0.0,1.0
B_dense_d50_gamma6,4000,200,50,0.5041606266107671,0.036320419068367624,0.6429443359375,0.04201424060428419,0.8704327542385014,0.008253154506160182,59,136,0.33960013695911856,0.58599853515625,dense,-1,6.0,0.16456048965164854,0.05694580078125,7.06078565421873,0.0,1.0
B_dense_d50_gamma6,4000,200,50,0.4893272723007888,0.03747868402889778,0.660888671875,0.04153198914781785,0.8773788566995231,0.007688451757817729,48,137,0.33960013695911856,0.58599853515625,dense,-1,6.0,0.14972713534167026,0.07489013671875,6.899624490297837,0.0,1.0
B_dense_d50_gamma6,4000,200,50,0.5235280536855387,0.03767169684933253,0.6717529296875,0.04728334472626388,0.8848711911264847,0.007949822589851501,58,138,0.33960013695911856,0.58599853515625,dense,-1,6.0,0.18392791672642012,0.08575439453125,8.942858754010826,0.0,1.0
B_dense_d50_gamma6,4000,200,50,0.4525920235697824,0.03604706797881185,0.6343994140625,0.049513091823363324,0.850345366904949,0.007497087621470376,62,139,0.33960013695911856,0.58599853515625,dense,-1,6.0,0.11299188661066384,0.04840087890625,9.806185047635234,0.0,1.0
B_dense_d50_gamma6,4000,200,50,0.5471464851554753,0.035887314569372546,0.6527099609375,0.0472401982047573,0.9094329923198832,0.008786955288028933,67,140,0.33960013695911856,0.58599853515625,dense,-1,6.0,0.2075463481963567,0.06671142578125,8.926545305699019,0.0,1.0
B_dense_d50_gamma6,4000,200,50,0.46967370277022663,0.034461309587579626,0.5902099609375,0.04731376465356046,0.9122362768325553,0.008950261505064122,68,141,0.33960013695911856,0.58599853515625,dense,-1,6.0,0.13007356581110807,0.00421142578125,8.954369302770028,0.0,1.0
B_dense_d50_gamma6,4000,200,50,0.48480032078726604,0.034806747057826826,0.6070556640625,0.04099211688591058,0.9060858277021208,0.00872474780189164,60,142,0.33960013695911856,0.58599853515625,dense,-1,6.0,0.14520018382814748,0.02105712890625,6.721414587152622,0.0,1.0
B_dense_d50_gamma6,4000,200,50,0.4945902354959939,0.03585998264814829,0.6497802734375,0.05132718115041733,0.8389838327164146,0.007874256336480928,61,143,0.33960013695911856,0.58599853515625,dense,-1,6.0,0.15499009853687534,0.06378173828125,10.537918099391025,0.0,1.0
B_dense_d50_gamma6,4000,200,50,0.588743812012188,0.0370882897297169,0.6873779296875,0.03888587004699928,0.9407435014660676,0.008574155221086194,56,144,0.33960013695911856,0.58599853515625,dense,-1,6.0,0.2491436750530694,0.10137939453125,6.048443557248464,0.0,0.0
B_dense_d50_gamma6,4000,200,50,0.596213708280481,0.03805151495934296,0.6722412109375,0.03567118615412539,0.9647888502919632,0.009024431847050325,43,145,0.33960013695911856,0.58599853515625,dense,-1,6.0,0.2566135713213625,0.08624267578125,5.089734086569067,0.0,0.0
B_dense_d50_gamma6,4000,200,50,0.552898770012749,0.03795084765722447,0.6778564453125,0.04727262044341965,0.89578350335453,0.00820865580981508,58,146,0.33960013695911856,0.58599853515625,dense,-1,6.0,0.21329863305363045,0.09185791015625,8.938802574350468,0.0,1.0
B_dense_d50_gamma6,4000,200,50,0.5266879099542328,0.037399812326627556,0.6981201171875,0.04568496162196935,0.8165345334898414,0.007414362803209317,56,147,0.33960013695911856,0.58599853515625,dense,-1,6.0,0.1870877729951142,0.11212158203125,8.348462873603248,0.0,0.0
B_dense_d50_gamma6,4000,200,50,0.5570585174124215,0.037897473384861595,0.6805419921875,0.044422838112026956,0.9254822883593841,0.008190356637253898,54,148,0.33960013695911856,0.58599853515625,dense,-1,6.0,0.21745838045330296,0.09454345703125,7.893554183709418,0.0,0.0
B_dense_d50_gamma6,4000,200,50,0.5897474402438477,0.03814520982583886,0.7095947265625,0.04168479352128851,0.9206724214420816,0.00813529057527856,53,149,0.33960013695911856,0.58599853515625,dense,-1,6.0,0.25014730328472917,0.12359619140625,6.950488043649826,0.0,0.0
B_dense_d50_gamma6,4000,200,50,0.5222498544586809,0.03656836271388349,0.6500244140625,0.04489465027564137,0.907716205447272,0.008345938870609651,58,150,0.33960013695911856,0.58599853515625,dense,-1,6.0,0.18264971749956233,0.06402587890625,8.062118493488583,0.0,1.0
B_dense_d50_gamma6,4000,200,50,0.5683530458124155,0.03756595325681559,0.689697265625,0.04507655113005227,0.8984650060312229,0.008194969961169581,57,151,0.33960013695911856,0.58599853515625,dense,-1,6.0,0.22875290885329697,0.10369873046875,8.127581847120865,0.0,0.0
B_dense_d50_gamma6,4000,200,50,0.5617701076730222,0.03758405696882739,0.703125,0.04668751013770518,0.8725476105833357,0.007814296768583986,59,152,0.33960013695911856,0.58599853515625,dense,-1,6.0,0.2221699707139036,0.11712646484375,8.718894411433297,0.0,0.0
B_dense_d50_gamma6,4000,200,50,0.4874771612667957,0.03491211229410501,0.6065673828125,0.042094759642864514,0.881757738444786,0.008772239923880399,61,153,0.33960013695911856,0.58599853515625,dense,-1,6.0,0.14787702430767713,0.02056884765625,7.08787515756214,0.0,1.0
B_dense_d50_gamma6,4000,200,50,0.5430880687023139,0.037151374395371355,0.6810302734375,0.047768064494850625,0.8827565247060761,0.008032019553012337,64,154,0.33960013695911856,0.58599853515625,dense,-1,6.0,0.2034879317431953,0.09503173828125,9.127151942336836,0.0,0.0
B_dense_d50_gamma6,4000,200,50,0.5716796966049974,0.039245505350566326,0.7012939453125,0.04402997543911153,0.8941339815148235,0.00792855322091035,48,155,0.33960013695911856,0.58599853515625,dense,-1,6.0,0.23207955964587884,0.11529541015625,7.754554948675059,0.0,0.0
B_dense_d50_gamma6,4000,200,50,0.5850109031908355,0.03895222216961585,0.7098388671875,0.045173697925063656,0.931855985419108,0.008041782218355732,55,156,0.33960013695911856,0.58599853515625,dense,-1,6.0,0.24541076623171693,0.12384033203125,8.162651936899602,0.0,0.0
B_dense_d50_gamma6,4000,200,50,0.4951356121851137,0.03545186340352038,0.6295166015625,0.04323888370663528,0.889706874046859,0.008459599652180357,65,157,0.33960013695911856,0.58599853515625,dense,-1,6.0,0.15553547522599515,0.04351806640625,7.478404256783718,0.0,1.0
B_dense_d50_gamma6,4000,200,50,0.4785894653509303,0.03428827476944808,0.62744140625,0.04210575716063943,0.8327074372078777,0.008214134856853118,56,158,0.33960013695911856,0.58599853515625,dense,-1,6.0,0.13898932839181172,0.04144287109375,7.091579144282955,0.0,1.0
B_dense_d50_gamma6,4000,200,50,0.545337776556209,0.03783970163561046,0.640625,0.044989946978656235,0.9286463209290369,0.009031823143027423,60,159,0.33960013695911856,0.58599853515625,dense,-1,6.0,0.2057376395970904,0.05462646484375,8.096381316569198,0.0,1.0
B_dense_d50_gamma6,4000,200,50,0.5725973890313825,0.0377808715518947,0.68505859375,0.04325370547407302,0.8757928060012017,0.008400278396415273,58,160,0.33960013695911856,0.58599853515625,dense,-1,6.0,0.2329972520722639,0.09906005859375,7.483532148951418,0.0,0.0
B_dense_d50_gamma6,4000,200,50,0.5163550571609529,0.037291972164321396,0.6380615234375,0.049597183461877505,0.9272141654193861,0.008533933274256424,63,161,0.33960013695911856,0.58599853515625,dense,-1,6.0,0.1767549202018343,0.05206298828125,9.839522429404541,0.0,1.0
B_dense_d50_gamma6,4000,200,50,0.5409641623466046,0.03792497351793001,0.6688232421875,0.04739887668230122,0.9013962265431444,0.008235078457256245,70,162,0.33960013695911856,0.58599853515625,dense,-1,6.0,0.20136402538748605,0.08282470703125,8.986614042975996,0.0,1.0
B_dense_d50_gamma6,4000,200,50,0.5363166325875474,0.036136113186772637,0.6468505859375,0.045118218148324306,0.9220719662559006,0.00881472771735952,64,163,0.33960013695911856,0.58599853515625,dense,-1,6.0,0.1967164956284288,0.06085205078125,8.142614435519123,0.0,1.0
B_dense_d50_gamma6,4000,200,50,0.5400370178661,0.036375021973778204,0.642333984375,0.04303703863598039,0.9512467852560004,0.008868214090954658,59,164,0.33960013695911856,0.58599853515625,dense,-1,6.0,0.20043688090698147,0.05633544921875,7.408746778219476,0.0,1.0
B_dense_d50_gamma6,4000,200,50,0.4915186007541238,0.03747466633845178,0.6531982421875,0.0497686430566717,0.8304242457385151,0.00788554394520493,65,165,0.33960013695911856,0.58599853515625,dense,-1,6.0,0.15191846379500523,0.06719970703125,9.907671326809586,0.0,1.0
B_dense_d50_gamma6,4000,200,50,0.5137555224452548,0.03705435995908184,0.6529541015625,0.0454204126882643,0.8561024817624806,0.008306493352967072,65,166,0.33960013695911856,0.58599853515625,dense,-1,6.0,0.17415538548613624,0.06695556640625,8.252055555088962,0.0,1.0
B_dense_d50_gamma6,4000,200,50,0.5443938355529621,0.03683504982976274,0.6617431640625,0.05611069720120376,0.9091034634846304,0.008442378817565384,81,167,0.33960013695911856,0.58599853515625,dense,-1,6.0,0.2047936985938435,0.07574462890625,12.593641361620703,0.0,1.0
B_dense_d50_gamma6,4000,200,50,0.531733817304301,0.03757982785402977,0.6864013671875,0.0445727617209699,0.8563894816613979,0.007702124096540973,52,168,0.33960013695911856,0.58599853515625,dense,-1,6.0,0.19213368034518247,0.10040283203125,7.946924349737438,0.0,0.0
B_dense_d50_gamma6,4000,200,50,0.5525279023473441,0.03689720609800631,0.687744140625,0.04606224824046723,0.8681258270307491,0.007925711066746183,64,169,0.33960013695911856,0.58599853515625,dense,-1,6.0,0.2129277653882255,0.10174560546875,8.486922851865705,0.0,0.0
B_dense_d50_gamma6,4000,200,50,0.5177207805828501,0.036318834722458185,0.642822265625,0.0514667110256321,0.8696915956758591,0.00844625936447275,71,170,0.33960013695911856,0.58599853515625,dense,-1,6.0,0.17812064362373153,0.05682373046875,10.595289375183683,0.0,1.0
B_dense_d50_gamma6,4000,200,50,0.5270275047090457,0.03479445191428709,0.64599609375,0.035450627911841635,0.887590544884663,0.008534284654823657,44,171,0.33960013695911856,0.58599853515625,dense,-1,6.0,0.18742736774992713,0.05999755859375,5.026988077375381,0.0,1.0
B_dense_d50_gamma6,4000,200,50,0.46948063965871906,0.035197896899671795,0.6329345703125,0.04433740933414427,0.8082720814235109,0.00793690021780127,54,172,0.33960013695911856,0.58599853515625,dense,-1,6.0,0.1298805026996005,0.04693603515625,7.863223465853853,0.0,1.0
B_dense_d50_gamma6,4000,200,50,0.5664360179429255,0.03760613872393635,0.68896484375,0.04819071858458068,0.8360591258856289,0.008110682055665685,59,173,0.33960013695911856,0.58599853515625,dense,-1,6.0,0.22683588098380697,0.10296630859375,9.289381430793,0.0,0.0
B_dense_d50_gamma6,4000,200,50,0.5212282932496884,0.03594892850322416,0.646484375,0.04527830815337721,0.8816223343935161,0.008428535750754258,65,174,0.33960013695911856,0.58599853515625,dense,-1,6.0,0.1816281562905699,0.06048583984375,8.200500756928742,0.0,1.0
B_dense_d50_gamma6,4000,200,50,0.5068552678970195,0.0357604982992555,0.6365966796875,0.045182285978081604,0.918434592285319,0.008524256785925468,64,175,0.33960013695911856,0.58599853515625,dense,-1,6.0,0.16725513093790095,0.05059814453125,8.1657558648206,0.0,1.0
B_dense_d50_gamma6,4000,200,50,0.4841788080134476,0.03452394646642068,0.6424560546875,0.040709008518362115,0.8235055867512151,0.008049892297077466,59,176,0.33960013695911856,0.58599853515625,dense,-1,6.0,0.14457867105432903,0.05645751953125,6.628893498192316,0.0,1.0
B_dense_d50_gamma6,4000,200,50,0.5323436034408329,0.03768020725531592,0.650634765625,0.047622985256297275,0.9143817030962382,0.008562319686486401,65,177,0.33960013695911856,0.58599853515625,dense,-1,6.0,0.1927434664817143,0.06463623046875,9.071794898886031,0.0,1.0
B_dense_d50_gamma6,4000,200,50,0.5908241887122584,0.03704442019025531,0.670654296875,0.03703019580498034,0.9339788360130773,0.008959997993101185,55,178,0.33960013695911856,0.58599853515625,dense,-1,6.0,0.25122405175313983,0.08465576171875,5.484941605420735,0.0,0.0
B_dense_d50_gamma6,4000,200,50,0.5137636389941801,0.034717402375911095,0.6162109375,0.044687889468626174,0.8941672378606657,0.00894427845539295,68,179,0.33960013695911856,0.58599853515625,dense,-1,6.0,0.17416350203506153,0.03021240234375,7.9880298606406015,0.0,1.0
B_dense_d50_gamma6,4000,200,50,0.5091316481429126,0.03600509938295872,0.632568359375,0.04458446355703581,0.8976058803321169,0.008647943515243027,61,180,0.33960013695911856,0.58599853515625,dense,-1,6.0,0.169531511183794,0.04656982421875,7.951097562674618,0.0,1.0
B_dense_d50_gamma6,4000,200,50,0.5408098830807306,0.03697685536164756,0.653076171875,0.03897355677537663,0.9121726928955558,0.008621716080949384,54,181,0.33960013695911856,0.58599853515625,dense,-1,6.0,0.20120974612161208,0.06707763671875,6.075752510894023,0.0,1.0
B_dense_d50_gamma6,4000,200,50,0.5199007650087981,0.036787594499578066,0.6741943359375,0.04479624345455235,0.9095834806866803,0.007878179072695281,53,182,0.33960013695911856,0.58599853515625,dense,-1,6.0,0.18030062804967956,0.08819580078125,8.026813710558097,0.0,0.0
B_dense_d50_gamma6,4000,200,50,0.5403671889638113,0.03766267793501951,0.65966796875,0.03982913021244162,0.8959475549783875,0.008534247570668705,54,183,0.33960013695911856,0.58599853515625,dense,-1,6.0,0.20076705200469275,0.07366943359375,6.3454384539185185,0.0,1.0
B_dense_d50_gamma6,4000,200,50,0.49773285474874207,0.035301813621345816,0.6407470703125,0.044516456721032736,0.8368666133884463,0.008214816593814097,66,184,0.33960013695911856,0.58599853515625,dense,-1,6.0,0.1581327177896235,0.05474853515625,7.926859675982324,0.0,1.0
B_dense_d50_gamma6,4000,200,50,0.5475527585108815,0.0366875695357745,0.6708984375,0.05326778150799052,0.9054970026501112,0.00833681043394269,72,185,0.33960013695911856,0.58599853515625,dense,-1,6.0,0.20795262155176292,0.08489990234375,11.349826187132065,0.0,1.0
B_dense_d50_gamma6,4000,200,50,0.5758119980598753,0.03807165617395881,0.6668701171875,0.04325066744355536,0.9423782550622083,0.008752699306587756,55,186,0.33960013695911856,0.58599853515625,dense,-1,6.0,0.2362118611007567,0.08087158203125,7.4824809372520775,0.0,1.0
B_dense_d50_gamma6,4000,200,50,0.5702737343418329,0.03892028832846458,0.664794921875,0.04300064216017702,0.9327510711595568,0.008894592667651897,53,187,0.33960013695911856,0.58599853515625,dense,-1,6.0,0.23067359738271437,0.07879638671875,7.396220904750375,0.0,1.0
B_dense_d50_gamma6,4000,200,50,0.5409883443759789,0.036511032466261716,0.6522216796875,0.041459677994964084,0.9020797279859907,0.008589633591660723,58,188,0.33960013695911856,0.58599853515625,dense,-1,6.0,0.2013882074168603,0.06622314453125,6.875619597784436,0.0,1.0
B_dense_d50_gamma6,4000,200,50,0.5350127344220088,0.03669567175601568,0.6708984375,0.05053155975399899,0.8904051480058325,0.008033787332220018,70,189,0.33960013695911856,0.58599853515625,dense,-1,6.0,0.19541259746289025,0.08489990234375,10.213754124687881,0.0,1.0
B_dense_d50_gamma6,4000,200,50,0.5576510739129655,0.03623510675814877,0.656982421875,0.037661526066710256,0.9035409241555321,0.008722073155045763,51,190,0.33960013695911856,0.58599853515625,dense,-1,6.0,0.21805093695384697,0.07098388671875,5.673562182693984,0.0,1.0
B_dense_d50_gamma6,4000,200,50,0.5513026397704696,0.037457668747017295,0.6607666015625,0.04747081440087686,0.9354312847867894,0.0085866811954952,62,191,0.33960013695911856,0.58599853515625,dense,-1,6.0,0.211702502811351,0.07476806640625,9.013912879529991,0.0,1.0
B_dense_d50_gamma6,4000,200,50,0.5504262057427912,0.0369154880225558,0.6510009765625,0.04695053238152632,0.9349663932796819,0.00894880497456427,69,192,0.33960013695911856,0.58599853515625,dense,-1,6.0,0.21082606878367266,0.06500244140625,8.817409963635006,0.0,1.0
B_dense_d50_gamma6,4000,200,50,0.5412725074730309,0.036064256262540895,0.6253662109375,0.04872210714262236,0.9419051199057389,0.009150322942643325,77,193,0.33960013695911856,0.58599853515625,dense,-1,6.0,0.20167237051391235,0.03936767578125,9.49537489766869,0.0,1.0
B_dense_d50_gamma6,4000,200,50,0.6448057584934972,0.039179641100511135,0.7244873046875,0.04247888947415238,0.9242594405514505,0.008440538256777517,50,194,0.33960013695911856,0.58599853515625,dense,-1,6.0,0.30520562153437863,0.13848876953125,7.217824203829016,0.0,0.0
B_dense_d50_gamma6,4000,200,50,0.5249854945731348,0.0381036398552781,0.679931640625,0.051628266496433865,0.8871899249444426,0.007870567339350869,61,195,0.33960013695911856,0.58599853515625,dense,-1,6.0,0.18538535761401626,0.09393310546875,10.661911605707182,0.0,1.0
B_dense_d50_gamma6,4000,200,50,0.4900808977338418,0.034792828613395416,0.6080322265625,0.04234780262885637,0.9332593426729585,0.00893534662141159,62,196,0.33960013695911856,0.58599853515625,dense,-1,6.0,0.15048076077472322,0.02203369140625,7.173345549970297,0.0,1.0
B_dense_d50_gamma6,4000,200,50,0.4590197936322946,0.035236419160297475,0.604248046875,0.037866343583615555,0.8856655789263628,0.00834899595128208,51,197,0.33960013695911856,0.58599853515625,dense,-1,6.0,0.11941965667317606,0.01824951171875,5.735439905569692,0.0,1.0
B_dense_d50_gamma6,4000,200,50,0.5269186154544864,0.03752057012075442,0.6849365234375,0.045994386620800874,0.8505525492310151,0.007698233117929652,56,198,0.33960013695911856,0.58599853515625,dense,-1,6.0,0.1873184784953678,0.09893798828125,8.461934402494826,0.0,0.0
B_dense_d50_gamma6,4000,200,50,0.5346261624096167,0.03714252963042274,0.64306640625,0.045616445364043176,0.9124145765299067,0.008699728159166373,65,199,0.33960013695911856,0.58599853515625,dense,-1,6.0,0.19502602545049813,0.05706787109375,8.323440350602944,0.0,1.0
C_sparse_d50_featdense,4000,200,50,0.45348729119712444,0.027810947757045686,0.5831298828125,0.035633239118028834,0.6076746740824984,0.008833550560837136,65,0,0.35782136051034885,0.5697479248046875,sparse,-1,3.0,0.09566593068677559,0.0133819580078125,5.078910920170482,0.0,1.0
C_sparse_d50_featdense,4000,200,50,0.4640894948616324,0.02748740079113034,0.5966796875,0.034592522341605064,0.6375681862578606,0.008574977987427037,63,1,0.35782136051034885,0.5697479248046875,sparse,-1,3.0,0.10626813435128357,0.0269317626953125,4.7865704078177815,0.0,1.0
C_sparse_d50_featdense,4000,200,50,0.4240998846108782,0.027221277461168637,0.60107421875,0.032874829371752304,0.5239069761229654,0.007731016573155466,55,2,0.35782136051034885,0.5697479248046875,sparse,-1,3.0,0.06627852410052937,0.0313262939453125,4.323017624887312,0.0,1.0
C_sparse_d50_featdense,4000,200,50,0.5165652740591354,0.02838652036714658,0.622314453125,0.03414578447773042,0.6428733883875175,0.008883244324323594,62,3,0.35782136051034885,0.5697479248046875,sparse,-1,3.0,0.15874391354878659,0.0525665283203125,4.663738390398463,0.0,1.0
C_sparse_d50_featdense,4000,200,50,0.40352750021644745,0.02658360199344791,0.5760498046875,0.04335053201780223,0.6195637570223465,0.007782376583741789,69,4,0.35782136051034885,0.5697479248046875,sparse,-1,3.0,0.0457061397060986,0.0063018798828125,7.517074504905985,1.0,1.0
C_sparse_d50_featdense,4000,200,50,0.43408210583958073,0.02623482817392171,0.56298828125,0.03420934539174225,0.6116426382628365,0.00870209118625579,66,5,0.35782136051034885,0.5697479248046875,sparse,-1,3.0,0.07626074532923188,-0.0067596435546875,4.681117248526067,0.0,1.0
C_sparse_d50_featdense,4000,200,50,0.41118767084219654,0.026029449770002037,0.56982421875,0.03531983317207276,0.5729158310686087,0.00820438906196394,70,6,0.35782136051034885,0.5697479248046875,sparse,-1,3.0,0.05336631033184769,7.62939453125e-05,4.9899624612122055,0.0,1.0
C_sparse_d50_featdense,4000,200,50,0.4889895389226474,0.02761749013438185,0.6287841796875,0.03320848907738025,0.6238807735563912,0.008118677882118057,59,7,0.35782136051034885,0.5697479248046875,sparse,-1,3.0,0.13116817841229855,0.0590362548828125,4.411214987209933,0.0,1.0
C_sparse_d50_featdense,4000,200,50,0.43866644946758737,0.028238744165630634,0.59423828125,0.03479571200336955,0.6379241418439825,0.008147544822856668,61,8,0.35782136051034885,0.5697479248046875,sparse,-1,3.0,0.08084508895723852,0.0244903564453125,4.842966295285743,0.0,1.0
C_sparse_d50_featdense,4000,200,50,0.4105594258622477,0.024955765739923485,0.558349609375,0.03456667232915132,0.5853246835968583,0.008287093232661856,64,9,0.35782136051034885,0.5697479248046875,sparse,-1,3.0,0.052738065351898844,-0.0113983154296875,4.779419343643661,0.0,1.0
C_sparse_d50_featdense,4000,200,50,0.4792604765232702,0.02754778387448206,0.5972900390625,0.030728656870065284,0.6309093379909549,0.008845254378051302,58,10,0.35782136051034885,0.5697479248046875,sparse,-1,3.0,0.12143911601292134,0.0275421142578125,3.7770014121528415,0.0,1.0
C_sparse_d50_featdense,4000,200,50,0.4278973073207115,0.026507502778227506,0.572998046875,0.04037859292484217,0.6188826202383494,0.008496851774048563,64,11,0.35782136051034885,0.5697479248046875,sparse,-1,3.0,0.07007594681036267,0.0032501220703125,6.521723066360457,0.0,1.0
C_sparse_d50_featdense,4000,200,50,0.3825525681031684,0.026028445598284183,0.5555419921875,0.03666372053424413,0.6143177327043173,0.007981013168675131,61,12,0.35782136051034885,0.5697479248046875,sparse,-1,3.0,0.02473120759281955,-0.0142059326171875,5.3769136136526186,1.0,1.0
C_sparse_d50_featdense,4000,200,50,0.42490668154916955,0.027915270887000205,0.580078125,0.03611677810032509,0.586625822858217,0.008251997992292853,58,13,0.35782136051034885,0.5697479248046875,sparse,-1,3.0,0.0670853210388207,0.0103302001953125,5.217686641392489,0.0,1.0
C_sparse_d50_featdense,4000,200,50,0.44942010913917796,0.027353476257237924,0.5799560546875,0.03779464279207042,0.6403907169710344,0.00861573141875206,74,14,0.35782136051034885,0.5697479248046875,sparse,-1,3.0,0.09159874862882911,0.0102081298828125,5.713740095120802,0.0,1.0
C_sparse_d50_featdense,4000,200,50,0.4805928747828347,0.027229349566859982,0.5855712890625,0.02523525955977469,0.6709072118830062,0.009152995678508372,45,15,0.35782136051034885,0.5697479248046875,sparse,-1,3.0,0.12277151427248584,0.0158233642578125,2.5472733001968,0.0,1.0
C_sparse_d50_featdense,4000,200,50,0.3883026193777237,0.025591368433071426,0.5670166015625,0.03951758637587494,0.5851168741551204,0.007750491205396154,71,16,0.35782136051034885,0.5697479248046875,sparse,-1,3.0,0.03048125886737485,-0.0027313232421875,6.246558531898947,1.0,1.0
C_sparse_d50_featdense,4000,200,50,0.43554956872763334,0.027413880618288148,0.6107177734375,0.03949371734812404,0.5845108905001416,0.00782150132099419,71,17,0.35782136051034885,0.5697479248046875,sparse,-1,3.0,0.07772820821728449,0.0409698486328125,6.239014839894056,0.0,1.0
C_sparse_d50_featdense,4000,200,50,0.4505632070678166,0.027604534720235607,0.613525390625,0.03495736271336712,0.578278367166573,0.007837836377465948,53,18,0.35782136051034885,0.5697479248046875,sparse,-1,3.0,0.09274184655746776,0.0437774658203125,4.888068831495639,0.0,1.0
C_sparse_d50_featdense,4000,200,50,0.4810084808716284,0.029999189651764395,0.6416015625,0.034996880673550605,0.5833168271812414,0.007817923711706837,54,19,0.35782136051034885,0.5697479248046875,sparse,-1,3.0,0.12318712036127955,0.0718536376953125,4.89912662751496,0.0,0.0
C_sparse_d50_featdense,4000,200,50,0.4353023976378568,0.028299920998204036,0.606201171875,0.03410895939950121,0.5726493426445701,0.007845486604062092,48,20,0.35782136051034885,0.5697479248046875,sparse,-1,3.0,0.07748103712750792,0.0364532470703125,4.653684445267288,0.0,1.0
C_sparse_d50_featdense,4000,200,50,0.4238750600209831,0.027484179792403873,0.5751953125,0.0374957556754282,0.582668567615413,0.008441956679441524,62,21,0.35782136051034885,0.5697479248046875,sparse,-1,3.0,0.06605369951063422,0.0054473876953125,5.623726774685624,0.0,1.0
C_sparse_d50_featdense,4000,200,50,0.446904615796413,0.02597165343803764,0.5762939453125,0.03391430331554839,0.5885005054452414,0.008670579574636425,57,22,0.35782136051034885,0.5697479248046875,sparse,-1,3.0,0.08908325528606414,0.0065460205078125,4.600719877516067,0.0,1.0
C_sparse_d50_featdense,4000,200,50,0.45784935601533283,0.027840167772919498,0.5858154296875,0.03756712456775307,0.6274884615954733,0.0086389075838151,64,23,0.35782136051034885,0.5697479248046875,sparse,-1,3.0,0.10002799550498398,0.0160675048828125,5.645155393156304,0.0,1.0
C_sparse_d50_featdense,4000,200,50,0.4464882197881609,0.027437609353823847,0.5902099609375,0.033655147639445195,0.5950524754810683,0.008490091738403175,56,24,0.35782136051034885,0.5697479248046875,sparse,-1,3.0,0.08866685927781204,0.0204620361328125,4.530675850531414,0.0,1.0
C_sparse_d50_featdense,4000,200,50,0.4435091887038164,0.027074369035062655,0.5665283203125,0.03428948249724092,0.648405984848611,0.008870431071262489,63,25,0.35782136051034885,0.5697479248046875,sparse,-1,3.0,0.08568782819346754,-0.0032196044921875,4.703074439714365,0.0,1.0
C_sparse_d50_featdense,4000,200,50,0.465958969400193,0.028586612544776374,0.6243896484375,0.04020413560474366,0.5875875868085522,0.007854098494672519,66,26,0.35782136051034885,0.5697479248046875,sparse,-1,3.0,0.10813760888984414,0.0546417236328125,6.465490078898467,0.0,1.0
C_sparse_d50_featdense,4000,200,50,0.42329392173831426,0.02734051541614565,0.5848388671875,0.03763679270951564,0.6025878737529163,0.007990226745948535,64,27,0.35782136051034885,0.5697479248046875,sparse,-1,3.0,0.06547256122796541,0.0150909423828125,5.666112661836199,0.0,1.0
C_sparse_d50_featdense,4000,200,50,0.4813166258474903,0.027265396775329312,0.604248046875,0.03349293750232391,0.6133371300367284,0.008832344175341036,68,28,0.35782136051034885,0.5697479248046875,sparse,-1,3.0,0.12349526533714145,0.0345001220703125,4.487107450138303,0.0,1.0
C_sparse_d50_featdense,4000,200,50,0.4413509752463123,0.027724334580321926,0.60107421875,0.035383294171753045,0.5895110985850978,0.008003984177592943,55,29,0.35782136051034885,0.5697479248046875,sparse,-1,3.0,0.08352961473596343,0.0313262939453125,5.007910025779252,0.0,1.0
C_sparse_d50_featdense,4000,200,50,0.532211810598684,0.028177466521911658,0.64697265625,0.03527575403068874,0.6224925173296498,0.008552538892403377,69,30,0.35782136051034885,0.5697479248046875,sparse,-1,3.0,0.1743904500883352,0.0772247314453125,4.977515289734613,0.0,0.0
C_sparse_d50_featdense,4000,200,50,0.3972963472095959,0.02664894884757054,0.5919189453125,0.040726052089900974,0.5395652280198197,0.007473118492798829,61,31,0.35782136051034885,0.5697479248046875,sparse,-1,3.0,0.03947498669924704,0.0221710205078125,6.63444527531731,1.0,1.0
C_sparse_d50_featdense,4000,200,50,0.4585217884932116,0.027108169243308382,0.5999755859375,0.03707900797475158,0.6181050297252633,0.008385612030338229,63,32,0.35782136051034885,0.5697479248046875,sparse,-1,3.0,0.10070042798286277,0.0302276611328125,5.499411329566765,0.0,1.0
C_sparse_d50_featdense,4000,200,50,0.44314257797720946,0.026794452680942354,0.5865478515625,0.036142640561633486,0.6247951036568369,0.008286402072773426,63,33,0.35782136051034885,0.5697479248046875,sparse,-1,3.0,0.08532121746686061,0.0167999267578125,5.225161867069736,0.0,1.0
C_sparse_d50_featdense,4000,200,50,0.4396193819329067,0.028613676154016655,0.6131591796875,0.03524328518991392,0.6291991486015363,0.007813116313087166,53,34,0.35782136051034885,0.5697479248046875,sparse,-1,3.0,0.08179802142255788,0.0434112548828125,4.968356603910423,0.0,1.0
C_sparse_d50_featdense,4000,200,50,0.48621090998475336,0.027248062338630894,0.611572265625,0.0335857502554777,0.5916233722873562,0.00848694341647304,59,35,0.35782136051034885,0.5697479248046875,sparse,-1,3.0,0.1283895494744045,0.0418243408203125,4.512010480893281,0.0,1.0
C_sparse_d50_featdense,4000,200,50,0.5092607769717702,0.028409744931694233,0.621337890625,0.029552147122530664,0.5975638874517055,0.008794056743647072,53,36,0.35782136051034885,0.5697479248046875,sparse,-1,3.0,0.15143941646142134,0.0515899658203125,3.493317598206789,0.0,1.0
C_sparse_d50_featdense,4000,200,50,0.4477606174223694,0.026838550288994796,0.5931396484375,0.031217044873645523,0.6065411879555858,0.008414592079224462,60,37,0.35782136051034885,0.5697479248046875,sparse,-1,3.0,0.08993925691202054,0.0233917236328125,3.898015562572793,0.0,1.0
C_sparse_d50_featdense,4000,200,50,0.4502596011600685,0.026769639392906934,0.5751953125,0.03318790431538739,0.645222658504339,0.008906946774209348,55,38,0.35782136051034885,0.5697479248046875,sparse,-1,3.0,0.09243824064971967,0.0054473876953125,4.405747971389236,0.0,1.0
C_sparse_d50_featdense,4000,200,50,0.46634593100318644,0.028005824385387304,0.609130859375,0.03641592445228665,0.6228324643983808,0.00839052205548434,60,39,0.35782136051034885,0.5697479248046875,sparse,-1,3.0,0.10852457049283759,0.0393829345703125,5.3044782148585945,0.0,1.0
C_sparse_d50_featdense,4000,200,50,0.4716179870056908,0.027442537115422286,0.6103515625,0.03560014364413278,0.6181036504200467,0.008389059691596106,66,40,0.35782136051034885,0.5697479248046875,sparse,-1,3.0,0.11379662649534195,0.0406036376953125,5.069480909931552,0.0,1.0
C_sparse_d50_featdense,4000,200,50,0.4349028436531754,0.027142835180844493,0.5977783203125,0.030758399172496377,0.5800949002262918,0.007932160773395817,49,41,0.35782136051034885,0.5697479248046875,sparse,-1,3.0,0.07708148314282653,0.0280303955078125,3.784316478618503,0.0,1.0
C_sparse_d50_featdense,4000,200,50,0.42814480820358114,0.027237869548991555,0.585205078125,0.03319322271339582,0.6227552622601884,0.00821211267248374,54,42,0.35782136051034885,0.5697479248046875,sparse,-1,3.0,0.07032344769323229,0.0154571533203125,4.407160136404386,0.0,1.0
C_sparse_d50_featdense,4000,200,50,0.43735723681201033,0.02606945380647544,0.588623046875,0.03441731866159296,0.6006602706311356,0.008329655818174459,67,43,0.35782136051034885,0.5697479248046875,sparse,-1,3.0,0.07953587630166148,0.0188751220703125,4.738207295414541,0.0,1.0
C_sparse_d50_featdense,4000,200,50,0.43266912628612153,0.02784974088780918,0.612548828125,0.03510632166211275,0.5753107363110005,0.007714573316962102,51,44,0.35782136051034885,0.5697479248046875,sparse,-1,3.0,0.07484776577577268,0.0428009033203125,4.929815282574908,0.0,1.0
C_sparse_d50_featdense,4000,200,50,0.42993572676560937,0.02749802274767743,0.60009765625,0.04281943194091774,0.5900424228637895,0.007842178013729917,72,45,0.35782136051034885,0.5697479248046875,sparse,-1,3.0,0.07211436625526052,0.0303497314453125,7.334015006971545,0.0,1.0
C_sparse_d50_featdense,4000,200,50,0.450176336829681,0.026741608859871258,0.577880859375,0.02965037552667933,0.6268022946408873,0.008840205576787911,61,46,0.35782136051034885,0.5697479248046875,sparse,-1,3.0,0.09235497631933215,0.0081329345703125,3.516579075492418,0.0,1.0
C_sparse_d50_featdense,4000,200,50,0.4481217686340109,0.02682487679041763,0.5758056640625,0.031150490201477497,0.6103438013058434,0.008709859665607512,55,47,0.35782136051034885,0.5697479248046875,sparse,-1,3.0,0.09030040812366202,0.0060577392578125,3.881412159169382,0.0,1.0
C_sparse_d50_featdense,4000,200,50,0.4494024428670854,0.027704984079679664,0.5823974609375,0.029051272895852985,0.6301250276714061,0.008641410223583744,50,48,0.35782136051034885,0.5697479248046875,sparse,-1,3.0,0.09158108235673657,0.0126495361328125,3.3759058274772893,0.0,1.0
C_sparse_d50_featdense,4000,200,50,0.4984641763807225,0.028919489523885976,0.6439208984375,0.03763051535147351,0.5666225508007673,0.008050525754892502,62,49,0.35782136051034885,0.5697479248046875,sparse,-1,3.0,0.14064281587037364,0.0741729736328125,5.664222742469935,0.0,0.0
C_sparse_d50_featdense,4000,200,50,0.38740973859922756,0.025508442757106745,0.56640625,0.03999870446607048,0.563050893959774,0.00786049524226984,70,50,0.35782136051034885,0.5697479248046875,sparse,-1,3.0,0.02958837808887871,-0.0033416748046875,6.399585435856186,1.0,1.0
C_sparse_d50_featdense,4000,200,50,0.441691435171529,0.027550913851945996,0.594970703125,0.04047260714855274,0.605369486836434,0.008353903908202058,70,51,0.35782136051034885,0.5697479248046875,sparse,-1,3.0,0.08387007466118013,0.0252227783203125,6.552127717604329,0.0,1.0
C_sparse_d50_featdense,4000,200,50,0.3875840717645001,0.02629996284326599,0.5635986328125,0.04077542257681961,0.5437168916236526,0.007677205264221927,71,52,0.35782136051034885,0.5697479248046875,sparse,-1,3.0,0.029762711254151253,-0.0061492919921875,6.650540345272843,1.0,1.0
C_sparse_d50_featdense,4000,200,50,0.454155635961757,0.02656603679947813,0.573974609375,0.03889348648431069,0.5751367903961687,0.008782598823999389,84,53,0.35782136051034885,0.5697479248046875,sparse,-1,3.0,0.09633427545140816,0.0042266845703125,6.050813163621032,0.0,1.0
C_sparse_d50_featdense,4000,200,50,0.43343573332411844,0.026646240847590298,0.5870361328125,0.031058347840605623,0.603842671433308,0.008394787694385572,60,54,0.35782136051034885,0.5697479248046875,sparse,-1,3.0,0.07561437281376959,0.0172882080078125,3.858483882352208,0.0,1.0
C_sparse_d50_featdense,4000,200,50,0.48324331296977074,0.0281799993453063,0.6231689453125,0.0353118952074541,0.6307132388950731,0.008288145089737742,55,55,0.35782136051034885,0.5697479248046875,sparse,-1,3.0,0.1254219524594219,0.0534210205078125,4.987719772568878,0.0,1.0
C_sparse_d50_featdense,4000,200,50,0.40610718481987995,0.026610013331114846,0.5733642578125,0.035803522464552914,0.6027309063259267,0.008284452334582184,62,56,0.35782136051034885,0.5697479248046875,sparse,-1,3.0,0.0482858243095311,0.0036163330078125,5.127568883478981,1.0,1.0
C_sparse_d50_featdense,4000,200,50,0.4533294508769674,0.02721264904651583,0.591064453125,0.0324759091344803,0.6489612302556289,0.00852344040309876,56,57,0.35782136051034885,0.5697479248046875,sparse,-1,3.0,0.09550809036661856,0.0213165283203125,4.218738696444084,0.0,1.0
C_sparse_d50_featdense,4000,200,50,0.3808588797980965,0.027079197166221612,0.5712890625,0.03886676156624625,0.6083058611520106,0.007552426993581165,59,58,0.35782136051034885,0.5697479248046875,sparse,-1,3.0,0.023037519287747665,0.0015411376953125,6.042500618589747,1.0,1.0
C_sparse_d50_featdense,4000,200,50,0.3878159329560611,0.02722947616398665,0.582763671875,0.04313245452711425,0.630568442075726,0.007577521253881494,70,59,0.35782136051034885,0.5697479248046875,sparse,-1,3.0,0.029994572445712242,0.0130157470703125,7.441634534134314,1.0,1.0
C_sparse_d50_featdense,4000,200,50,0.4320545769073337,0.026708320318542575,0.576171875,0.03683282699917208,0.6104569827014042,0.008503977737040591,65,60,0.35782136051034885,0.5697479248046875,sparse,-1,3.0,0.07423321639698482,0.0064239501953125,5.426628579003759,0.0,1.0
C_sparse_d50_featdense,4000,200,50,0.42536319329858385,0.028021223861820058,0.5816650390625,0.039248863605988914,0.5805117584978499,0.008098819369289245,72,61,0.35782136051034885,0.5697479248046875,sparse,-1,3.0,0.067541832788235,0.0119171142578125,6.161893177446085,0.0,1.0
C_sparse_d50_featdense,4000,200,50,0.47035454405027294,0.02752545322508524,0.596435546875,0.03336002204354789,0.5711017152024491,0.008603600834052863,60,62,0.35782136051034885,0.5697479248046875,sparse,-1,3.0,0.11253318353992409,0.0266876220703125,4.451564282984005,0.0,1.0
C_sparse_d50_featdense,4000,200,50,0.4571337255417057,0.026298359499099557,0.5975341796875,0.038951665891218505,0.6197844272606545,0.008364667418079239,71,63,0.35782136051034885,0.5697479248046875,sparse,-1,3.0,0.09931236503135688,0.0277862548828125,6.06892910280446,0.0,1.0
C_sparse_d50_featdense,4000,200,50,0.4626341734566499,0.02769883747653341,0.593017578125,0.030443037374957523,0.6150210238869298,0.008737332338460684,55,64,0.35782136051034885,0.5697479248046875,sparse,-1,3.0,0.10481281294630107,0.0232696533203125,3.7071140984522426,0.0,1.0
C_sparse_d50_featdense,4000,200,50,0.4630948365245924,0.02680277743859969,0.5740966796875,0.03304738458773268,0.6334237052025726,0.009053119135608068,62,65,0.35782136051034885,0.5697479248046875,sparse,-1,3.0,0.10527347601424353,0.0043487548828125,4.368518512358046,0.0,1.0
C_sparse_d50_featdense,4000,200,50,0.4588131549910811,0.026930092927694722,0.60205078125,0.036334538077419105,0.5806368430700066,0.008302538834886661,62,66,0.35782136051034885,0.5697479248046875,sparse,-1,3.0,0.10099179448073226,0.0323028564453125,5.2807946291976755,0.0,1.0
C_sparse_d50_featdense,4000,200,50,0.46788789599904673,0.02808145684128921,0.602294921875,0.02973369526685987,0.6111780342648304,0.008422645821102684,45,67,0.35782136051034885,0.5697479248046875,sparse,-1,3.0,0.11006653548869788,0.0325469970703125,3.53637053688994,0.0,1.0
C_sparse_d50_featdense,4000,200,50,0.4437961828988578,0.026524702080934163,0.57958984375,0.032358358147578495,0.6056298353025429,0.008765885537048828,56,68,0.35782136051034885,0.5697479248046875,sparse,-1,3.0,0.08597482238850895,0.0098419189453125,4.188253368027839,0.0,1.0
C_sparse_d50_featdense,4000,200,50,0.47565247843231284,0.02749260463867619,0.5738525390625,0.030732440620865286,0.6489675257581211,0.009369394368773262,65,69,0.35782136051034885,0.5697479248046875,sparse,-1,3.0,0.11783111792196399,0.0041046142578125,3.7779316260600426,0.0,1.0
C_sparse_d50_featdense,4000,200,50,0.476810304429945,0.028828324932108775,0.62060546875,0.031647297079354965,0.6334817010887578,0.008275147825982649,46,70,0.35782136051034885,0.5697479248046875,sparse,-1,3.0,0.11898894391959614,0.0508575439453125,4.006205649715797,0.0,1.0
C_sparse_d50_featdense,4000,200,50,0.43628187174076183,0.026020518897641107,0.5927734375,0.03166313679222782,0.5531528276811742,0.008048025062261998,55,71,0.35782136051034885,0.5697479248046875,sparse,-1,3.0,0.07846051123041298,0.0230255126953125,4.0102169260933245,0.0,1.0
C_sparse_d50_featdense,4000,200,50,0.46168048527918604,0.02705455294310812,0.58544921875,0.03562662281377005,0.6252918858888499,0.008846448348139286,66,72,0.35782136051034885,0.5697479248046875,sparse,-1,3.0,0.10385912476883719,0.0157012939453125,5.077025012458562,0.0,1.0
C_sparse_d50_featdense,4000,200,50,0.49032941210163866,0.02914161192658196,0.6378173828125,0.03614302537668511,0.6167729998049394,0.008070398200557839,66,73,0.35782136051034885,0.5697479248046875,sparse,-1,3.0,0.1325080515912898,0.0680694580078125,5.225273133518815,0.0,1.0
C_sparse_d50_featdense,4000,200,50,0.4711632978467863,0.027227297742404045,0.586181640625,0.03470484986343466,0.5651161293748516,0.008887048193311263,64,74,0.35782136051034885,0.5697479248046875,sparse,-1,3.0,0.11334193733643744,0.0164337158203125,4.817706416174163,0.0,1.0
C_sparse_d50_featdense,4000,200,50,0.4501140697363253,0.02705222069477221,0.5904541015625,0.03437857971368851,0.5545785359341308,0.008480666817855835,59,75,0.35782136051034885,0.5697479248046875,sparse,-1,3.0,0.09229270922597643,0.0207061767578125,4.727546972521741,0.0,1.0
C_sparse_d50_featdense,4000,200,50,0.4324247480365694,0.027697604438353837,0.5828857421875,0.040764038259331434,0.6396702942500999,0.008145657430616307,73,76,0.35782136051034885,0.5697479248046875,sparse,-1,3.0,0.07460338752622053,0.0131378173828125,6.646827260832947,0.0,1.0
C_sparse_d50_featdense,4000,200,50,0.4016693950168284,0.026865833255952945,0.57373046875,0.03369603355872039,0.5536049029748229,0.007911628075808468,53,77,0.35782136051034885,0.5697479248046875,sparse,-1,3.0,0.04384803450647956,0.0039825439453125,4.541690710361643,1.0,1.0
C_sparse_d50_featdense,4000,200,50,0.4177072075136654,0.027591402260809892,0.576416015625,0.03991163860200567,0.5865963601479955,0.008168588312644642,78,78,0.35782136051034885,0.5697479248046875,sparse,-1,3.0,0.05988584700331656,0.0066680908203125,6.371755583588435,0.0,1.0
C_sparse_d50_featdense,4000,200,50,0.4346248228789824,0.02600430428333563,0.562255859375,0.032358645918861124,0.5926830429810784,0.00878467835514085,60,79,0.35782136051034885,0.5697479248046875,sparse,-1,3.0,0.07680346236863356,-0.0074920654296875,4.188327862808911,0.0,1.0
C_sparse_d50_featdense,4000,200,50,0.43441449780867103,0.026899496799649324,0.5850830078125,0.03432066718077277,0.6325109170254843,0.008379179346832901,63,80,0.35782136051034885,0.5697479248046875,sparse,-1,3.0,0.07659313729832218,0.0153350830078125,4.711632782933493,0.0,1.0
C_sparse_d50_featdense,4000,200,50,0.47735240533925516,0.02800397747022482,0.6046142578125,0.03562028612798774,0.6222351711974673,0.008388339846633223,66,81,0.35782136051034885,0.5697479248046875,sparse,-1,3.0,0.11953104482890631,0.0348663330078125,5.0752191353588625,0.0,1.0
C_sparse_d50_featdense,4000,200,50,0.45040873653691904,0.0270568671500585,0.5992431640625,0.037194196353957786,0.6369657960481698,0.008346340380097218,63,82,0.35782136051034885,0.5697479248046875,sparse,-1,3.0,0.09258737602657019,0.0294952392578125,5.5336329696670665,0.0,1.0
C_sparse_d50_featdense,4000,200,50,0.46930525924200955,0.02685631523078098,0.594482421875,0.04179920862308332,0.6535097746081677,0.00867987420423591,79,83,0.35782136051034885,0.5697479248046875,sparse,-1,3.0,0.1114838987316607,0.0247344970703125,6.988695366064172,0.0,1.0
C_sparse_d50_featdense,4000,200,50,0.3964996603354646,0.026592190771515686,0.5478515625,0.037795810412490326,0.6472174169677511,0.008401741529637253,64,84,0.35782136051034885,0.5697479248046875,sparse,-1,3.0,0.038678299825115725,-0.0218963623046875,5.714093138947648,1.0,1.0
C_sparse_d50_featdense,4000,200,50,0.3924081123569244,0.026375916704645484,0.5821533203125,0.047204860905342885,0.5369308190794235,0.007542568440082461,84,85,0.35782136051034885,0.5697479248046875,sparse,-1,3.0,0.03458675184657556,0.0124053955078125,8.913195572371077,1.0,1.0
C_sparse_d50_featdense,4000,200,50,0.4122835181166471,0.027067864676486135,0.5943603515625,0.034129141619492424,0.5789602527044988,0.0076854343659146975,55,86,0.35782136051034885,0.5697479248046875,sparse,-1,3.0,0.054462157606298245,0.0246124267578125,4.65919323073348,0.0,1.0
C_sparse_d50_featdense,4000,200,50,0.4733499702370587,0.027122401512983042,0.5887451171875,0.03243630675146052,0.6282284689115204,0.009034609533403489,66,87,0.35782136051034885,0.5697479248046875,sparse,-1,3.0,0.11552860972670986,0.0189971923828125,4.208455982699372,0.0,1.0
C_sparse_d50_featdense,4000,200,50,0.47765512513198016,0.02879376648301343,0.6075439453125,0.033967791716722845,0.6146961966365921,0.008411151079508527,58,88,0.35782136051034885,0.5697479248046875,sparse,-1,3.0,0.11983376462163131,0.0377960205078125,4.61524349644266,0.0,1.0
C_sparse_d50_featdense,4000,200,50,0.48887849428600294,0.028205276523657473,0.607666015625,0.03507983920902349,0.6524964868066457,0.008831257995808141,67,89,0.35782136051034885,0.5697479248046875,sparse,-1,3.0,0.1310571337756541,0.0379180908203125,4.922380475723767,0.0,1.0
C_sparse_d50_featdense,4000,200,50,0.39350888376610316,0.026325804780178003,0.58544921875,0.03967473348234233,0.5279779319390258,0.007508814080271984,58,90,0.35782136051034885,0.5697479248046875,sparse,-1,3.0,0.035687523255754305,0.0157012939453125,6.296337907579582,1.0,1.0
C_sparse_d50_featdense,4000,200,50,0.4354484316859135,0.02800417435729646,0.6180419921875,0.03233270493696349,0.5551300037485362,0.007630956550160815,48,91,0.35782136051034885,0.5697479248046875,sparse,-1,3.0,0.07762707117556467,0.0482940673828125,4.181615234162972,0.0,1.0
C_sparse_d50_featdense,4000,200,50,0.4838029293706622,0.026321789216370697,0.6004638671875,0.03036012510261361,0.5804402809818854,0.008657936705468095,51,92,0.35782136051034885,0.5697479248046875,sparse,-1,3.0,0.12598156886031336,0.0307159423828125,3.6869487849853964,0.0,1.0
C_sparse_d50_featdense,4000,200,50,0.4485673241522432,0.026238560435043655,0.5584716796875,0.032113984636520015,0.6426663561098505,0.009170244376059053,56,93,0.35782136051034885,0.5697479248046875,sparse,-1,3.0,0.09074596364189436,-0.0112762451171875,4.125232036938574,0.0,1.0
C_sparse_d50_featdense,4000,200,50,0.4336398811654864,0.02716152923720256,0.6080322265625,0.03959378405012012,0.5843159108318879,0.007708643429639449,60,94,0.35782136051034885,0.5697479248046875,sparse,-1,3.0,0.07581852065513756,0.0382843017578125,6.270670941630187,0.0,1.0
C_sparse_d50_featdense,4000,200,50,0.435050673679082,0.02809566404027084,0.6131591796875,0.0409626332823868,0.5811091948698188,0.007782432218226082,72,95,0.35782136051034885,0.5697479248046875,sparse,-1,3.0,0.07722931316873316,0.0434112548828125,6.711749301709211,0.0,1.0
C_sparse_d50_featdense,4000,200,50,0.4067385024931774,0.028216530074465614,0.5843505859375,0.03559377873705398,0.5972615954147064,0.007659404096840752,53,96,0.35782136051034885,0.5697479248046875,sparse,-1,3.0,0.04891714198282854,0.0146026611328125,5.067668339129424,1.0,1.0
C_sparse_d50_featdense,4000,200,50,0.46773904702761643,0.027710551487963357,0.5885009765625,0.03224191560460381,0.6131565657153603,0.008852163544309725,57,97,0.35782136051034885,0.5697479248046875,sparse,-1,3.0,0.10991768651726758,0.0187530517578125,4.1581644874175785,0.0,1.0
C_sparse_d50_featdense,4000,200,50,0.43763335110757134,0.026971260045797654,0.5849609375,0.034478500357474594,0.5843547772363891,0.008383108224315823,62,98,0.35782136051034885,0.5697479248046875,sparse,-1,3.0,0.07981199059722249,0.0152130126953125,4.7550679476015025,0.0,1.0
C_sparse_d50_featdense,4000,200,50,0.4179296980740552,0.026918894605258304,0.5826416015625,0.034274245686740035,0.60150928814264,0.008202708825127249,61,99,0.35782136051034885,0.5697479248046875,sparse,-1,3.0,0.06010833756370637,0.0128936767578125,4.698895669580072,0.0,1.0
C_sparse_d50_featdense,4000,200,50,0.483357252984456,0.028723302982861663,0.6070556640625,0.03156590949078838,0.5957718569691889,0.008461051042881682,54,100,0.35782136051034885,0.5697479248046875,sparse,-1,3.0,0.12553589247410712,0.0373077392578125,3.985626567922575,0.0,1.0
C_sparse_d50_featdense,4000,200,50,0.45439818006045407,0.026540011739304786,0.583740234375,0.03594002690862286,0.6042383097859585,0.008716987016010242,69,101,0.35782136051034885,0.5697479248046875,sparse,-1,3.0,0.09657681955010522,0.0139923095703125,5.16674213677014,0.0,1.0
C_sparse_d50_featdense,4000,200,50,0.4816754678565664,0.027737544562794047,0.60009765625,0.03826156370860453,0.6091367607097645,0.008725157213961957,65,102,0.35782136051034885,0.5697479248046875,sparse,-1,3.0,0.12385410734621755,0.0303497314453125,5.8557890297104125,0.0,1.0
C_sparse_d50_featdense,4000,200,50,0.3860296852328022,0.02562049895769287,0.552734375,0.033478181522182925,0.5374589191251631,0.008154477254349316,60,103,0.35782136051034885,0.5697479248046875,sparse,-1,3.0,0.028208324722453326,-0.0170135498046875,4.483154552128921,1.0,1.0
C_sparse_d50_featdense,4000,200,50,0.4500660688287951,0.026281435715642357,0.58544921875,0.037892705418717344,0.6116046989594331,0.008532561640710987,72,104,0.35782136051034885,0.5697479248046875,sparse,-1,3.0,0.09224470831844622,0.0157012939453125,5.743428495798764,0.0,1.0
C_sparse_d50_featdense,4000,200,50,0.44839735864306257,0.026858018021444906,0.591552734375,0.028735121954915236,0.5952321641254197,0.008361654602739693,48,105,0.35782136051034885,0.5697479248046875,sparse,-1,3.0,0.09057599813271372,0.0218048095703125,3.3028289350554068,0.0,1.0
C_sparse_d50_featdense,4000,200,50,0.508689417217419,0.028807963115425175,0.6517333984375,0.036615559849835035,0.6639004600722935,0.00803044878601702,61,106,0.35782136051034885,0.5697479248046875,sparse,-1,3.0,0.15086805670707015,0.0819854736328125,5.362796892467406,0.0,0.0
C_sparse_d50_featdense,4000,200,50,0.46726468122617726,0.02818282579323897,0.6041259765625,0.03962079431436354,0.6109769472756297,0.00856480355979903,73,107,0.35782136051034885,0.5697479248046875,sparse,-1,3.0,0.10944332071582841,0.0343780517578125,6.27922936840441,0.0,1.0
C_sparse_d50_featdense,4000,200,50,0.39174187216868384,0.026233844431545226,0.559326171875,0.036479522261624146,0.5967130175887976,0.008018732963966138,58,108,0.35782136051034885,0.5697479248046875,sparse,-1,3.0,0.033920511658334984,-0.0104217529296875,5.323022177745327,1.0,1.0
C_sparse_d50_featdense,4000,200,50,0.430950891098405,0.026046635228171293,0.5693359375,0.035853444139200955,0.6202627255357436,0.008583104729466757,70,109,0.35782136051034885,0.5697479248046875,sparse,-1,3.0,0.07312953058805616,-0.0004119873046875,5.141877826571213,0.0,1.0
C_sparse_d50_featdense,4000,200,50,0.49857206932204257,0.02776236011912784,0.6190185546875,0.03114922304265487,0.6378542980079348,0.008602275736587586,56,110,0.35782136051034885,0.5697479248046875,sparse,-1,3.0,0.14075070881169371,0.0492706298828125,3.8810963846442443,0.0,1.0
C_sparse_d50_featdense,4000,200,50,0.4763740026098916,0.027706675825089327,0.5970458984375,0.031840579786143415,0.6386464739332146,0.008764392958482482,59,111,0.35782136051034885,0.5697479248046875,sparse,-1,3.0,0.11855264209954275,0.0272979736328125,4.055290084471058,0.0,1.0
C_sparse_d50_featdense,4000,200,50,0.4193103825379826,0.026507420288851235,0.5675048828125,0.030157812420127852,0.6404799291120494,0.008470500957819892,52,112,0.35782136051034885,0.5697479248046875,sparse,-1,3.0,0.06148902202763373,-0.0022430419921875,3.637974599870471,0.0,1.0
C_sparse_d50_featdense,4000,200,50,0.42869827094061985,0.026596567479002783,0.5911865234375,0.03808136332150956,0.6003943967937523,0.008115058166685419,64,113,0.35782136051034885,0.5697479248046875,sparse,-1,3.0,0.070876910430271,0.0214385986328125,5.800760929699256,0.0,1.0
C_sparse_d50_featdense,4000,200,50,0.4479476329286035,0.027458106713666504,0.600341796875,0.0374595310610368,0.6382058863880007,0.008229368128023211,72,114,0.35782136051034885,0.5697479248046875,sparse,-1,3.0,0.09012627241825466,0.0305938720703125,5.612865869251122,0.0,1.0
C_sparse_d50_featdense,4000,200,50,0.44762334013070865,0.027729799176694728,0.591064453125,0.03638661860324059,0.6190489331419006,0.008569890969130916,65,115,0.35782136051034885,0.5697479248046875,sparse,-1,3.0,0.0898019796203598,0.0213165283203125,5.295944053510777,0.0,1.0
C_sparse_d50_featdense,4000,200,50,0.52413814349462,0.028258035483933866,0.6256103515625,0.03436975473274786,0.6562480910179325,0.008961489093966782,67,116,0.35782136051034885,0.5697479248046875,sparse,-1,3.0,0.1663167829842711,0.0558624267578125,4.725120161556975,0.0,1.0
C_sparse_d50_featdense,4000,200,50,0.49164189693612925,0.02730040934539804,0.5833740234375,0.030497562083867297,0.6251110541036545,0.009255347677271077,59,117,0.35782136051034885,0.5697479248046875,sparse,-1,3.0,0.1338205364257804,0.0136260986328125,3.720405172237361,0.0,1.0
C_sparse_d50_featdense,4000,200,50,0.4265591411927178,0.027165426146774474,0.5811767578125,0.03731733556680806,0.6010034262170157,0.00828192559548149,60,118,0.35782136051034885,0.5697479248046875,sparse,-1,3.0,0.06873778068236897,0.0114288330078125,5.570334135223031,0.0,1.0
C_sparse_d50_featdense,4000,200,50,0.3918384492829835,0.025005148218482705,0.54541015625,0.03398843272386868,0.6031585292596274,0.008376282784331253,62,119,0.35782136051034885,0.5697479248046875,sparse,-1,3.0,0.03401708877263465,-0.0243377685546875,4.620854236099789,1.0,1.0
C_sparse_d50_featdense,4000,200,50,0.4260261253121991,0.02570957342448341,0.586669921875,0.036055106278153025,0.5857361381541493,0.008187986175955208,67,120,0.35782136051034885,0.5697479248046875,sparse,-1,3.0,0.06820476480185023,0.0169219970703125,5.199882754915639,0.0,1.0
C_sparse_d50_featdense,4000,200,50,0.40010997180309565,0.026742742801800067,0.564453125,0.03966040419727315,0.5865795301949904,0.008157597217209997,73,121,0.35782136051034885,0.5697479248046875,sparse,-1,3.0,0.0422886112927468,-0.0052947998046875,6.291790644364328,1.0,1.0
C_sparse_d50_featdense,4000,200,50,0.4742425300276797,0.026907180063927616,0.6014404296875,0.030807062211614916,0.6040593426253085,0.008635818250304558,56,122,0.35782136051034885,0.5697479248046875,sparse,-1,3.0,0.11642116951733084,0.0316925048828125,3.796300328441247,0.0,1.0
C_sparse_d50_featdense,4000,200,50,0.46789658594390077,0.028259800955100802,0.59033203125,0.03401270994733229,0.6510282760688482,0.008669857088209689,60,123,0.35782136051034885,0.5697479248046875,sparse,-1,3.0,0.11007522543355192,0.0205841064453125,4.627457751845427,0.0,1.0
C_sparse_d50_featdense,4000,200,50,0.42006316891190376,0.026948926335061126,0.5704345703125,0.03837888080802997,0.6270655908470044,0.008424160766739342,74,124,0.35782136051034885,0.5697479248046875,sparse,-1,3.0,0.06224180840155491,0.0006866455078125,5.891753968307886,0.0,1.0
C_sparse_d50_featdense,4000,200,50,0.5092015034879258,0.027646686134900095,0.6185302734375,0.035271090919628774,0.6382856604994507,0.008798966859295817,63,125,0.35782136051034885,0.5697479248046875,sparse,-1,3.0,0.15138014297757696,0.0487823486328125,4.976199418642877,0.0,1.0
C_sparse_d50_featdense,4000,200,50,0.40771314894691696,0.02562868435748588,0.574951171875,0.03955698174696773,0.5787666135375739,0.007947482510963465,69,126,0.35782136051034885,0.5697479248046875,sparse,-1,3.0,0.04989178843656811,0.0052032470703125,6.259019219719752,1.0,1.0
C_sparse_d50_featdense,4000,200,50,0.4053380704091134,0.02568102885017611,0.566650390625,0.04169773159397198,0.6372485274719187,0.008152804938470336,68,127,0.35782136051034885,0.5697479248046875,sparse,-1,3.0,0.04751670989876455,-0.0030975341796875,6.954803280331715,1.0,1.0
C_sparse_d50_featdense,4000,200,50,0.46958084579559756,0.027048809572855232,0.5797119140625,0.025945547956787683,0.6111664307897722,0.008900608081063228,40,128,0.35782136051034885,0.5697479248046875,sparse,-1,3.0,0.1117594852852487,0.0099639892578125,2.692685835111878,0.0,1.0
C_sparse_d50_featdense,4000,200,50,0.44710375352350645,0.02746991180717136,0.591796875,0.027509154453166505,0.6496757956065399,0.008392483706633902,43,129,0.35782136051034885,0.5697479248046875,sparse,-1,3.0,0.0892823930131576,0.0220489501953125,3.0270143149126825,0.0,1.0
C_sparse_d50_featdense,4000,200,50,0.49053248006613304,0.027402285859697072,0.5894775390625,0.036307344412901454,0.6179061740169385,0.009244299696640881,74,130,0.35782136051034885,0.5697479248046875,sparse,-1,3.0,0.13271111955578418,0.0197296142578125,5.272893033268185,0.0,1.0
C_sparse_d50_featdense,4000,200,50,0.4410728695664319,0.027515529080808405,0.597412109375,0.033554519938983986,0.5407407375042216,0.008038608347434145,54,131,0.35782136051034885,0.5697479248046875,sparse,-1,3.0,0.08325150905608303,0.0276641845703125,4.5036232333426955,0.0,1.0
C_sparse_d50_featdense,4000,200,50,0.44220877200741043,0.027493855577032503,0.5875244140625,0.03438020574067584,0.5862579066053114,0.008405093517618043,59,132,0.35782136051034885,0.5697479248046875,sparse,-1,3.0,0.08438741149706158,0.0177764892578125,4.727994187084799,0.0,1.0
C_sparse_d50_featdense,4000,200,50,0.42287388852820695,0.02671018551268375,0.5841064453125,0.03489221304187288,0.6180042107348392,0.00812078520820447,54,133,0.35782136051034885,0.5697479248046875,sparse,-1,3.0,0.0650525280178581,0.0143585205078125,4.869866123837776,0.0,1.0
C_sparse_d50_featdense,4000,200,50,0.4639705171691012,0.025740335463983636,0.5758056640625,0.033902619286955496,0.6154003580924123,0.009115249238804026,66,134,0.35782136051034885,0.5697479248046875,sparse,-1,3.0,0.10614915665875235,0.0060577392578125,4.597550378064987,0.0,1.0
C_sparse_d50_featdense,4000,200,50,0.450501068949581,0.0272339777221864,0.604736328125,0.037198738465829134,0.5622590673363922,0.008165351733726196,66,135,0.35782136051034885,0.5697479248046875,sparse,-1,3.0,0.09267970843923212,0.0349884033203125,5.534984573796624,0.0,1.0
C_sparse_d50_featdense,4000,200,50,0.43014794194766354,0.027641788867797504,0.5882568359375,0.03874863705552604,0.6001601315274576,0.008216115280415418,68,136,0.35782136051034885,0.5697479248046875,sparse,-1,3.0,0.07232658143731469,0.0185089111328125,6.005827494643542,0.0,1.0
C_sparse_d50_featdense,4000,200,50,0.3935524038361638,0.025357965604130193,0.5450439453125,0.03902695788100307,0.546014125464079,0.00837151567447792,70,137,0.35782136051034885,0.5697479248046875,sparse,-1,3.0,0.03573104332581495,-0.0247039794921875,6.09241376578235,1.0,1.0
C_sparse_d50_featdense,4000,200,50,0.43386254596487134,0.027356970317303716,0.611572265625,0.037822444567357574,0.5791855059660802,0.0076853810290350355,56,138,0.35782136051034885,0.5697479248046875,sparse,-1,3.0,0.07604118545452249,0.0418243408203125,5.722149252203346,0.0,1.0
C_sparse_d50_featdense,4000,200,50,0.4376635324744198,0.027056196207461164,0.6005859375,0.03879040397470922,0.6066313119694522,0.008018469390173016,65,139,0.35782136051034885,0.5697479248046875,sparse,-1,3.0,0.07984217196407095,0.0308380126953125,6.018781762084546,0.0,1.0
C_sparse_d50_featdense,4000,200,50,0.41791301674342607,0.026559174674628875,0.587158203125,0.0330825695043349,0.5550455813212256,0.007943809872759038,48,140,0.35782136051034885,0.5697479248046875,sparse,-1,3.0,0.06009165623307722,0.0174102783203125,4.377825620036598,0.0,1.0
C_sparse_d50_featdense,4000,200,50,0.4525948154197831,0.02725125044336513,0.591064453125,0.029884129944502756,0.5952996304421395,0.00840304124726979,55,141,0.35782136051034885,0.5697479248046875,sparse,-1,3.0,0.09477345490943423,0.0213165283203125,3.572244890159705,0.0,1.0
C_sparse_d50_featdense,4000,200,50,0.44089991091740605,0.028235977811057782,0.610595703125,0.03662608604047552,0.6144474023491271,0.0078322285701084,53,142,0.35782136051034885,0.5697479248046875,sparse,-1,3.0,0.0830785504070572,0.0408477783203125,5.365880714577264,0.0,1.0
C_sparse_d50_featdense,4000,200,50,0.4693751731069502,0.027474168412118867,0.61376953125,0.03399970291668786,0.6075161032096466,0.008274851436690975,61,143,0.35782136051034885,0.5697479248046875,sparse,-1,3.0,0.11155381259660135,0.0440216064453125,4.623919193692132,0.0,1.0
C_sparse_d50_featdense,4000,200,50,0.46388704981571727,0.029170506586560587,0.596923828125,0.031196087830063578,0.6292571395042529,0.008614722539112921,47,144,0.35782136051034885,0.5697479248046875,sparse,-1,3.0,0.10606568930536842,0.0271759033203125,3.8927835836041638,0.0,1.0
C_sparse_d50_featdense,4000,200,50,0.41071952560238434,0.026110830550547377,0.576416015625,0.03957282235282448,0.5752691800703135,0.007945416756552182,71,145,0.35782136051034885,0.5697479248046875,sparse,-1,3.0,0.05289816509203549,0.0066680908203125,6.264033075872819,0.0,1.0
C_sparse_d50_featdense,4000,200,50,0.4894607789260336,0.028988238782221294,0.616943359375,0.03309469580184854,0.645252346912567,0.008514088356077667,56,146,0.35782136051034885,0.5697479248046875,sparse,-1,3.0,0.13163941841568477,0.0471954345703125,4.3810355608675655,0.0,1.0
C_sparse_d50_featdense,4000,200,50,0.4239145067804855,0.026561017829915937,0.5849609375,0.03378012127682848,0.618858780652007,0.008141462383615981,57,147,0.35782136051034885,0.5697479248046875,sparse,-1,3.0,0.06609314627013663,0.0152130126953125,4.5643863739089605,0.0,1.0
C_sparse_d50_featdense,4000,200,50,0.4580966202639918,0.027619038865730368,0.58984375,0.03057834175644463,0.6402370212419763,0.008753089264075427,54,148,0.35782136051034885,0.5697479248046875,sparse,-1,3.0,0.10027525975364293,0.0200958251953125,3.7401399382957017,0.0,1.0
C_sparse_d50_featdense,4000,200,50,0.44971830550608394,0.02828889050700053,0.619873046875,0.035370081460308594,0.6226858370097901,0.007854670459928458,52,149,0.35782136051034885,0.5697479248046875,sparse,-1,3.0,0.09189694499573509,0.0501251220703125,5.004170650035463,0.0,1.0
C_sparse_d50_featdense,4000,200,50,0.4206524489467911,0.02613302617254637,0.578857421875,0.036782331722719955,0.5684485202056397,0.008291279159786039,70,150,0.35782136051034885,0.5697479248046875,sparse,-1,3.0,0.06283108843644225,0.0091094970703125,5.411759707840843,0.0,1.0
C_sparse_d50_featdense,4000,200,50,0.4459482441952739,0.026668997322488085,0.5753173828125,0.0352061809688727,0.5908625355258759,0.008660637323359255,70,151,0.35782136051034885,0.5697479248046875,sparse,-1,3.0,0.08812688368492505,0.0055694580078125,4.957900713652057,0.0,1.0
C_sparse_d50_featdense,4000,200,50,0.45453426297769317,0.026587846032271843,0.6085205078125,0.038818007848071504,0.6272610894647882,0.008202086501050667,60,152,0.35782136051034885,0.5697479248046875,sparse,-1,3.0,0.09671290246734432,0.0387725830078125,6.027350933171764,0.0,1.0
C_sparse_d50_featdense,4000,200,50,0.4006921075101181,0.025819514396837513,0.547607421875,0.03405541073512672,0.6398864642759116,0.008512392599768355,64,153,0.35782136051034885,0.5697479248046875,sparse,-1,3.0,0.04287074699976923,-0.0221405029296875,4.639084001352736,1.0,1.0
C_sparse_d50_featdense,4000,200,50,0.4483912008530894,0.027406789299815257,0.595458984375,0.03051156038120149,0.5515919196404816,0.008356238971132218,48,154,0.35782136051034885,0.5697479248046875,sparse,-1,3.0,0.09056984034274057,0.0257110595703125,3.7238212675828177,0.0,1.0
C_sparse_d50_featdense,4000,200,50,0.4622767038760076,0.025864582955368802,0.581787109375,0.03017388517107603,0.6250166263650897,0.008821391439144248,57,155,0.35782136051034885,0.5697479248046875,sparse,-1,3.0,0.10445534336565876,0.0120391845703125,3.6418533852691275,0.0,1.0
C_sparse_d50_featdense,4000,200,50,0.46065415684390065,0.028085162405241094,0.59326171875,0.036054806009859504,0.5807506133905981,0.008512554606889763,66,156,0.35782136051034885,0.5697479248046875,sparse,-1,3.0,0.1028327963335518,0.0235137939453125,5.199796145634404,0.0,1.0
C_sparse_d50_featdense,4000,200,50,0.4385539985281704,0.027407163489645527,0.6083984375,0.033707059101975065,0.5902518719977172,0.007715260088401814,52,157,0.35782136051034885,0.5697479248046875,sparse,-1,3.0,0.08073263801782155,0.0386505126953125,4.54466333321616,0.0,1.0
C_sparse_d50_featdense,4000,200,50,0.4539430178802041,0.027862112156492296,0.5972900390625,0.03905838248671586,0.6027412146806698,0.008405346056757563,69,158,0.35782136051034885,0.5697479248046875,sparse,-1,3.0,0.09612165736985523,0.0275421142578125,6.102228969914368,0.0,1.0
C_sparse_d50_featdense,4000,200,50,0.40297135253720456,0.026014984737102825,0.5616455078125,0.032901930848666626,0.5405160572574021,0.008129175175933234,56,159,0.35782136051034885,0.5697479248046875,sparse,-1,3.0,0.04514999202685571,-0.0081024169921875,4.330148214281762,1.0,1.0
C_sparse_d50_featdense,4000,200,50,0.38992335088443864,0.026418228345964887,0.562744140625,0.03956826868012942,0.597013157773544,0.007934647965690997,64,160,0.35782136051034885,0.5697479248046875,sparse,-1,3.0,0.032101990374089784,-0.0070037841796875,6.262591545371643,1.0,1.0
C_sparse_d50_featdense,4000,200,50,0.4295671722654786,0.02706119375006741,0.5848388671875,0.036958737255103465,0.6056334451109813,0.008076727435145394,68,161,0.35782136051034885,0.5697479248046875,sparse,-1,3.0,0.07174581175512973,0.0150909423828125,5.463793037967091,0.0,1.0
C_sparse_d50_featdense,4000,200,50,0.4423449433152168,0.026416160405245564,0.5748291015625,0.03898754719754209,0.6114038539059933,0.008764750258751088,77,162,0.35782136051034885,0.5697479248046875,sparse,-1,3.0,0.08452358280486794,0.0050811767578125,6.080115345922288,0.0,1.0
C_sparse_d50_featdense,4000,200,50,0.4524871242401267,0.028051479128043257,0.607177734375,0.035602715283487796,0.6127669575434628,0.00810958456531868,52,163,0.35782136051034885,0.5697479248046875,sparse,-1,3.0,0.09466576372977786,0.0374298095703125,5.0702133422283815,0.0,1.0
C_sparse_d50_featdense,4000,200,50,0.45426437001157266,0.027584980821804227,0.61474609375,0.039757482215585095,0.6226540625103777,0.007991588088353463,68,164,0.35782136051034885,0.5697479248046875,sparse,-1,3.0,0.09644300950122381,0.0449981689453125,6.32262956849026,0.0,1.0
C_sparse_d50_featdense,4000,200,50,0.4268216597300616,0.026145378133669038,0.5648193359375,0.03330597754082134,0.606526417296009,0.008557735063365383,63,165,0.35782136051034885,0.5697479248046875,sparse,-1,3.0,0.06900029921971274,-0.0049285888671875,4.437152559798782,0.0,1.0
C_sparse_d50_featdense,4000,200,50,0.5116165185115009,0.027166306752897284,0.5985107421875,0.028844714692698593,0.6614509991713013,0.009432802797302476,55,166,0.35782136051034885,0.5697479248046875,sparse,-1,3.0,0.15379515800115207,0.0287628173828125,3.3280702628127283,0.0,1.0
C_sparse_d50_featdense,4000,200,50,0.409406998489241,0.026411034862847137,0.576416015625,0.036225280337483394,0.5589834777152279,0.008124416880286698,73,167,0.35782136051034885,0.5697479248046875,sparse,-1,3.0,0.05158563797889215,0.0066680908203125,5.249083742117044,1.0,1.0
C_sparse_d50_featdense,4000,200,50,0.4516002419638484,0.026398211888159964,0.5831298828125,0.03544579447024295,0.656256665563941,0.008624561223007057,64,168,0.35782136051034885,0.5697479248046875,sparse,-1,3.0,0.09377888145349955,0.0133819580078125,5.025617382506823,0.0,1.0
C_sparse_d50_featdense,4000,200,50,0.40231891513622353,0.025922258048984452,0.5528564453125,0.040771348062096736,0.5703682051941514,0.008437213433889047,77,169,0.35782136051034885,0.5697479248046875,sparse,-1,3.0,0.04449755462587468,-0.0168914794921875,6.649211291202557,1.0,1.0
C_sparse_d50_featdense,4000,200,50,0.4839349011042325,0.027350307523454267,0.6143798828125,0.03388093020323564,0.6166063439562858,0.008599221844038118,61,170,0.35782136051034885,0.5697479248046875,sparse,-1,3.0,0.12611354059388363,0.0446319580078125,4.5916697257461,0.0,1.0
C_sparse_d50_featdense,4000,200,50,0.43676353762775477,0.026562762680459685,0.5780029296875,0.03544367269342308,0.6277215996963621,0.008355990984494044,63,171,0.35782136051034885,0.5697479248046875,sparse,-1,3.0,0.07894217711740592,0.0082550048828125,5.025015735994019,0.0,1.0
C_sparse_d50_featdense,4000,200,50,0.4712769170250544,0.029399566503853555,0.625244140625,0.04111927883629265,0.6636196656250661,0.008026402404035243,72,172,0.35782136051034885,0.5697479248046875,sparse,-1,3.0,0.11345555651470557,0.0554962158203125,6.763180368067138,0.0,1.0
C_sparse_d50_featdense,4000,200,50,0.4452552330044873,0.026595409492962612,0.5855712890625,0.03734399036498037,0.6475448334675425,0.008617512498737375,71,173,0.35782136051034885,0.5697479248046875,sparse,-1,3.0,0.08743387249413848,0.0158233642578125,5.578294465518988,0.0,1.0
C_sparse_d50_featdense,4000,200,50,0.4247030616016742,0.026481074355693416,0.572998046875,0.035736883938104744,0.6198665122697948,0.008517935411237966,65,174,0.35782136051034885,0.5697479248046875,sparse,-1,3.0,0.06688170109132535,0.0032501220703125,5.108499494422276,0.0,1.0
C_sparse_d50_featdense,4000,200,50,0.43653783387235257,0.027046390988226664,0.594970703125,0.029937995997106795,0.586989922758437,0.008100585402911252,47,175,0.35782136051034885,0.5697479248046875,sparse,-1,3.0,0.07871647336200371,0.0252227783203125,3.5851344172911297,0.0,1.0
C_sparse_d50_featdense,4000,200,50,0.46068939825165617,0.02749871830488067,0.5924072265625,0.03891242486212326,0.6485347192355703,0.008682823218408617,70,176,0.35782136051034885,0.5697479248046875,sparse,-1,3.0,0.10286803774130732,0.0226593017578125,6.0567072346015545,0.0,1.0
C_sparse_d50_featdense,4000,200,50,0.44755826090233036,0.027741445689436026,0.5997314453125,0.03970466097407507,0.5881267638208043,0.008161439606750401,61,177,0.35782136051034885,0.5697479248046875,sparse,-1,3.0,0.08973690039198151,0.0299835205078125,6.305840412264961,0.0,1.0
C_sparse_d50_featdense,4000,200,50,0.45764999999256795,0.02703393016180396,0.5958251953125,0.03510393217985807,0.5730100602281504,0.00828408577204259,63,178,0.35782136051034885,0.5697479248046875,sparse,-1,3.0,0.0998286394822191,0.0260772705078125,4.929144217952301,0.0,1.0
C_sparse_d50_featdense,4000,200,50,0.44750385987582986,0.026088211314719372,0.600830078125,0.03195586806800677,0.5453123366012159,0.00819526545157285,61,179,0.35782136051034885,0.5697479248046875,sparse,-1,3.0,0.089682499365481,0.0310821533203125,4.08471001591942,0.0,1.0
C_sparse_d50_featdense,4000,200,50,0.4940674954253452,0.028006535960619656,0.6383056640625,0.040008628388977424,0.6066548339896115,0.008097914297132483,73,180,0.35782136051034885,0.5697479248046875,sparse,-1,3.0,0.13624613491499638,0.0685577392578125,6.402761382269161,0.0,1.0
C_sparse_d50_featdense,4000,200,50,0.4566939318238936,0.02876531478810866,0.593994140625,0.036037584664748955,0.5967586981868582,0.008432300893963334,65,181,0.35782136051034885,0.5697479248046875,sparse,-1,3.0,0.09887257131354477,0.0242462158203125,5.194830033875796,0.0,1.0
C_sparse_d50_featdense,4000,200,50,0.44004452950868217,0.02753470775293813,0.6005859375,0.03466940806494565,0.6511777295035279,0.008164661108291303,58,182,0.35782136051034885,0.5697479248046875,sparse,-1,3.0,0.08222316899833332,0.0308380126953125,4.807871422294874,0.0,1.0
C_sparse_d50_featdense,4000,200,50,0.40431384503755063,0.025578431515378402,0.5615234375,0.03706222818147145,0.6134248308165291,0.008249052057607629,70,183,0.35782136051034885,0.5697479248046875,sparse,-1,3.0,0.04649248452720178,-0.0082244873046875,5.494435031101826,1.0,1.0
C_sparse_d50_featdense,4000,200,50,0.4328235483388432,0.027295831206107953,0.6258544921875,0.04055921305135021,0.5623165721842522,0.007263916264991417,61,184,0.35782136051034885,0.5697479248046875,sparse,-1,3.0,0.07500218782849433,0.0561065673828125,6.58019905337927,0.0,1.0
C_sparse_d50_featdense,4000,200,50,0.42329696126073646,0.0270397613647722,0.5931396484375,0.03471712389191382,0.5793937209280887,0.007973404485074456,61,185,0.35782136051034885,0.5697479248046875,sparse,-1,3.0,0.06547560075038761,0.0233917236328125,4.821114765305975,0.0,1.0
C_sparse_d50_featdense,4000,200,50,0.44696627953293333,0.026971053131400916,0.5986328125,0.034578234199206304,0.6270108230292907,0.008289914785027507,62,186,0.35782136051034885,0.5697479248046875,sparse,-1,3.0,0.08914491902258448,0.0288848876953125,4.782617121340642,0.0,1.0
C_sparse_d50_featdense,4000,200,50,0.4958708037727917,0.02784579037135612,0.6146240234375,0.03185252445326394,0.6342081510413883,0.008807293372944617,53,187,0.35782136051034885,0.5697479248046875,sparse,-1,3.0,0.13804944326244284,0.0448760986328125,4.05833325618311,0.0,1.0
C_sparse_d50_featdense,4000,200,50,0.49811479907311196,0.027797246636200538,0.6168212890625,0.037378194480730195,0.640445118750193,0.008573541205016792,71,188,0.35782136051034885,0.5697479248046875,sparse,-1,3.0,0.1402934385627631,0.0470733642578125,5.588517690557157,0.0,1.0
C_sparse_d50_featdense,4000,200,50,0.4511999340951458,0.027711575281403018,0.610107421875,0.03712545658665906,0.5702653744595815,0.008108747988506854,66,189,0.35782136051034885,0.5697479248046875,sparse,-1,3.0,0.09337857358479695,0.0403594970703125,5.513198107071627,0.0,1.0
C_sparse_d50_featdense,4000,200,50,0.444609006982309,0.027075951476061635,0.5794677734375,0.02974108903812969,0.6502096254962574,0.008612765202085135,55,190,0.35782136051034885,0.5697479248046875,sparse,-1,3.0,0.08678764647196013,0.0097198486328125,3.5381295086958318,0.0,1.0
C_sparse_d50_featdense,4000,200,50,0.4675287247165748,0.027393972844877403,0.6273193359375,0.04070045197967763,0.5831460181916935,0.00785126806985593,63,191,0.35782136051034885,0.5697479248046875,sparse,-1,3.0,0.10970736420622595,0.0575714111328125,6.626107165400179,0.0,1.0
C_sparse_d50_featdense,4000,200,50,0.46652707221508527,0.02735988267057304,0.614013671875,0.03711478373564518,0.6308673914895007,0.008134956513309075,63,192,0.35782136051034885,0.5697479248046875,sparse,-1,3.0,0.10870571170473642,0.0442657470703125,5.510028686974849,0.0,1.0
C_sparse_d50_featdense,4000,200,50,0.41162146981695563,0.027637018223220226,0.5811767578125,0.039151391310494645,0.5906462503369034,0.008079766881755181,66,193,0.35782136051034885,0.5697479248046875,sparse,-1,3.0,0.05380010930660678,0.0114288330078125,6.131325766189902,1.0,1.0
C_sparse_d50_featdense,4000,200,50,0.42248276378014465,0.026044852778487854,0.5589599609375,0.033577692308590174,0.6036457096552101,0.008474465591872883,59,194,0.35782136051034885,0.5697479248046875,sparse,-1,3.0,0.0646614032697958,-0.0107879638671875,4.509845683081423,0.0,1.0
C_sparse_d50_featdense,4000,200,50,0.484428974097171,0.02779555296822499,0.6168212890625,0.03370681129929513,0.6187151424858417,0.008408284088968095,53,195,0.35782136051034885,0.5697479248046875,sparse,-1,3.0,0.12660761358682215,0.0470733642578125,4.544596511865159,0.0,1.0
C_sparse_d50_featdense,4000,200,50,0.45918971570826406,0.027543385750391645,0.602294921875,0.03428636244341905,0.6020067820948762,0.008469705594791323,64,196,0.35782136051034885,0.5697479248046875,sparse,-1,3.0,0.1013683551979152,0.0325469970703125,4.702218598405985,0.0,1.0
C_sparse_d50_featdense,4000,200,50,0.4582084958426003,0.027435733827104115,0.609375,0.030655846333730107,0.5764106048627229,0.008250386867865604,49,197,0.35782136051034885,0.5697479248046875,sparse,-1,3.0,0.10038713533225146,0.0396270751953125,3.7591236577490945,0.0,1.0
C_sparse_d50_featdense,4000,200,50,0.4730557259794275,0.027767717351085793,0.5867919921875,0.03557891873658372,0.7109879617744227,0.008941207715393236,65,198,0.35782136051034885,0.5697479248046875,sparse,-1,3.0,0.11523436546907867,0.0170440673828125,5.063437833857711,0.0,1.0
C_sparse_d50_featdense,4000,200,50,0.4641174494079056,0.02739701788817304,0.594482421875,0.033846257922850856,0.6036793469844377,0.008605166281906556,58,199,0.35782136051034885,0.5697479248046875,sparse,-1,3.0,0.10629608889755676,0.0247344970703125,4.582276701520578,0.0,1.0
C_sparse_d50_featq2,4000,200,50,0.4246904320135659,0.025449501996494435,0.57421875,0.03317830380999083,0.5398690910032572,0.008488386483410073,72,0,0.35782136051034885,0.5697479248046875,sparse,2,3.0,0.06686907150321703,0.0044708251953125,4.403199374832209,0.0,1.0
C_sparse_d50_featq2,4000,200,50,0.4213666119191477,0.025480434574936234,0.564697265625,0.030666038108665382,0.5724894519545439,0.008554405955563796,53,1,0.35782136051034885,0.5697479248046875,sparse,2,3.0,0.06354525140879885,-0.0050506591796875,3.76162357312847,0.0,1.0
C_sparse_d50_featq2,4000,200,50,0.4900698630364036,0.029156866524736088,0.632080078125,0.034089154214099165,0.6900358156837542,0.00837449561885736,54,2,0.35782136051034885,0.5697479248046875,sparse,2,3.0,0.13224850252605475,0.0623321533203125,4.64828174013054,0.0,1.0
C_sparse_d50_featq2,4000,200,50,0.4432268336054881,0.024537798185981313,0.578857421875,0.03026690080830426,0.5164531014624913,0.008368753551536363,55,3,0.35782136051034885,0.5697479248046875,sparse,2,3.0,0.08540547309513924,0.0091094970703125,3.6643411381589166,0.0,1.0
C_sparse_d50_featq2,4000,200,50,0.40235398461166666,0.02533404999894548,0.5655517578125,0.03634509932471599,0.5050022983367564,0.008155546696921945,69,4,0.35782136051034885,0.5697479248046875,sparse,2,3.0,0.04453262410131781,-0.0041961669921875,5.283864979693883,1.0,1.0
C_sparse_d50_featq2,4000,200,50,0.4150161343291512,0.023965007926572548,0.552978515625,0.030624563641546962,0.5535120144564956,0.008528789054194432,65,5,0.35782136051034885,0.5697479248046875,sparse,2,3.0,0.057194773818802336,-0.0167694091796875,3.7514555929406406,0.0,1.0
C_sparse_d50_featq2,4000,200,50,0.3963365563944206,0.02307970322376333,0.5626220703125,0.030947054686770493,0.5165205876220926,0.007905825864504223,54,6,0.35782136051034885,0.5697479248046875,sparse,2,3.0,0.03851519588407176,-0.0071258544921875,3.830880775143854,1.0,1.0
C_sparse_d50_featq2,4000,200,50,0.43722347817423063,0.024546272767731966,0.585693359375,0.0328995883787596,0.47326251714854506,0.008243934822503365,58,7,0.35782136051034885,0.5697479248046875,sparse,2,3.0,0.07940211766388178,0.0159454345703125,4.329531661967255,0.0,1.0
C_sparse_d50_featq2,4000,200,50,0.42281261124276903,0.024170238624480762,0.5872802734375,0.03194309931739011,0.46889568543008897,0.007994461198817329,55,8,0.35782136051034885,0.5697479248046875,sparse,2,3.0,0.06499125073242018,0.0175323486328125,4.081446376002594,0.0,1.0
C_sparse_d50_featq2,4000,200,50,0.4251673306187288,0.02482479520420091,0.56689453125,0.03601773120134433,0.519123821896546,0.008514652900357694,67,9,0.35782136051034885,0.5697479248046875,sparse,2,3.0,0.06734597010837995,-0.0028533935546875,5.18910784356917,0.0,1.0
C_sparse_d50_featq2,4000,200,50,0.4355878002108624,0.023625665271632835,0.580810546875,0.03061020575516243,0.5091347558921375,0.008395229771978895,66,10,0.35782136051034885,0.5697479248046875,sparse,2,3.0,0.07776643970051356,0.0110626220703125,3.747938785493517,0.0,1.0
C_sparse_d50_featq2,4000,200,50,0.47312521280891096,0.025628173154710315,0.6077880859375,0.028785495593162326,0.5347324355080824,0.008688548054447989,52,11,0.35782136051034885,0.5697479248046875,sparse,2,3.0,0.1153038522985621,0.0380401611328125,3.314419026175871,0.0,1.0
C_sparse_d50_featq2,4000,200,50,0.43986730444980504,0.026338308810246246,0.5745849609375,0.028674343779309625,0.5508845236581487,0.008793985824416517,51,12,0.35782136051034885,0.5697479248046875,sparse,2,3.0,0.08204594393945619,0.0048370361328125,3.2888719646961304,0.0,1.0
C_sparse_d50_featq2,4000,200,50,0.38693402267296484,0.024721970342950376,0.55078125,0.03586958852593617,0.48195544523696426,0.008094133472143833,67,13,0.35782136051034885,0.5697479248046875,sparse,2,3.0,0.029112662162615988,-0.0189666748046875,5.146509524079887,1.0,1.0
C_sparse_d50_featq2,4000,200,50,0.4019448661847978,0.024365296352273236,0.56689453125,0.03310529712305479,0.49874605316858656,0.008077876526917776,61,14,0.35782136051034885,0.5697479248046875,sparse,2,3.0,0.04412350567444895,-0.0028533935546875,4.383842790422959,1.0,1.0
C_sparse_d50_featq2,4000,200,50,0.36323989487103386,0.02349165655429191,0.531494140625,0.031025620257051873,0.5056520066297214,0.008023688100708944,62,15,0.35782136051034885,0.5697479248046875,sparse,2,3.0,0.005418534360685012,-0.0382537841796875,3.85035644933915,1.0,1.0
C_sparse_d50_featq2,4000,200,50,0.4740444979750081,0.02370933217483431,0.587890625,0.03659589052491117,0.5489371911355956,0.008858379409326565,76,16,0.35782136051034885,0.5697479248046875,sparse,2,3.0,0.11622313746465923,0.0181427001953125,5.3570368132451325,0.0,1.0
C_sparse_d50_featq2,4000,200,50,0.4428418667157742,0.02470854130892241,0.5550537109375,0.028216966275311426,0.5348181905900012,0.009115335176074746,53,17,0.35782136051034885,0.5697479248046875,sparse,2,3.0,0.08502050620542534,-0.0146942138671875,3.1847887431282493,0.0,1.0
C_sparse_d50_featq2,4000,200,50,0.4701948794960106,0.02578475914417305,0.5994873046875,0.033052079458270205,0.5812270391928026,0.008850319896656505,63,18,0.35782136051034885,0.5697479248046875,sparse,2,3.0,0.11237351898566172,0.0297393798828125,4.369759826063229,0.0,1.0
C_sparse_d50_featq2,4000,200,50,0.417761086947553,0.024698314676492427,0.554443359375,0.03278707535178191,0.5699720245703322,0.0086770258181997,67,19,0.35782136051034885,0.5697479248046875,sparse,2,3.0,0.05993972643720413,-0.0153045654296875,4.299969240493699,0.0,1.0
C_sparse_d50_featq2,4000,200,50,0.4209580077986109,0.02453244369385515,0.5694580078125,0.030169061629471187,0.5461780084143041,0.008533223573468628,60,20,0.35782136051034885,0.5697479248046875,sparse,2,3.0,0.06313664728826207,-0.0002899169921875,3.6406891184113226,0.0,1.0
C_sparse_d50_featq2,4000,200,50,0.37670894643757086,0.024673949364959123,0.55224609375,0.03692633365175257,0.5244693036363118,0.007962799143372971,61,21,0.35782136051034885,0.5697479248046875,sparse,2,3.0,0.018887585927222006,-0.0175018310546875,5.454216467842216,1.0,1.0
C_sparse_d50_featq2,4000,200,50,0.40793971584478883,0.02489123115353505,0.5789794921875,0.03712020921129329,0.5303647241568952,0.008041346355500283,77,22,0.35782136051034885,0.5697479248046875,sparse,2,3.0,0.05011835533443998,0.0092315673828125,5.511639727560732,0.0,1.0
C_sparse_d50_featq2,4000,200,50,0.43663392743256335,0.024634806046433776,0.5654296875,0.03508202132710647,0.543408132522297,0.008601497644163262,73,23,0.35782136051034885,0.5697479248046875,sparse,2,3.0,0.0788125669222145,-0.0043182373046875,4.922992881582213,0.0,1.0
C_sparse_d50_featq2,4000,200,50,0.46564182334922083,0.024448590402754457,0.59228515625,0.02929052435763459,0.4882267813348593,0.008564870962714653,58,24,0.35782136051034885,0.5697479248046875,sparse,2,3.0,0.10782046283887198,0.0225372314453125,3.431739268580741,0.0,1.0
C_sparse_d50_featq2,4000,200,50,0.47620307397654776,0.027477952411010965,0.6190185546875,0.03540192142786966,0.5663001721423583,0.008448461034584616,57,25,0.35782136051034885,0.5697479248046875,sparse,2,3.0,0.11838171346619891,0.0492706298828125,5.013184163140227,0.0,1.0
C_sparse_d50_featq2,4000,200,50,0.4357112689311621,0.02400520239460475,0.5682373046875,0.027433675482968756,0.5055311354976806,0.008627629327846453,55,26,0.35782136051034885,0.5697479248046875,sparse,2,3.0,0.07788990842081323,-0.0015106201171875,3.010426202019364,0.0,1.0
C_sparse_d50_featq2,4000,200,50,0.4325863920137133,0.026309544497131018,0.5921630859375,0.034693178155504115,0.6088612079989856,0.008356324958916231,67,27,0.35782136051034885,0.5697479248046875,sparse,2,3.0,0.07476503150336444,0.0224151611328125,4.814466442118192,0.0,1.0
C_sparse_d50_featq2,4000,200,50,0.4155655162860585,0.025834021900149558,0.5799560546875,0.030198186113283197,0.5344063117957696,0.008121808365051178,47,28,0.35782136051034885,0.5697479248046875,sparse,2,3.0,0.05774415577570963,0.0102081298828125,3.6477217781299607,0.0,1.0
C_sparse_d50_featq2,4000,200,50,0.4458022598910224,0.02519454686965625,0.5885009765625,0.03254076670846928,0.5444588067131427,0.008539651625838359,61,29,0.35782136051034885,0.5697479248046875,sparse,2,3.0,0.08798089938067355,0.0187530517578125,4.235605991900091,0.0,1.0
C_sparse_d50_featq2,4000,200,50,0.6147401876672621,0.039268193481892096,0.688720703125,0.04335268927956194,0.9526101633069067,0.00882395198946574,63,30,0.35782136051034885,0.5697479248046875,sparse,2,3.0,0.2569188271569133,0.1189727783203125,7.51782267108098,0.0,0.0
C_sparse_d50_featq2,4000,200,50,0.4201101868973304,0.024670800854718965,0.5777587890625,0.027857544322655935,0.5382933296508114,0.008369135634313126,45,31,0.35782136051034885,0.5697479248046875,sparse,2,3.0,0.06228882638698152,0.0080108642578125,3.1041711027549597,0.0,1.0
C_sparse_d50_featq2,4000,200,50,0.3974412239754902,0.02399560937959599,0.5537109375,0.032458445232397264,0.5433704241372878,0.008414386881592734,62,32,0.35782136051034885,0.5697479248046875,sparse,2,3.0,0.03961986346514135,-0.0160369873046875,4.21420266761813,1.0,1.0
C_sparse_d50_featq2,4000,200,50,0.43084850172639655,0.025761673088828062,0.56787109375,0.031202546786371813,0.5757177510283078,0.008679713565394206,57,33,0.35782136051034885,0.5697479248046875,sparse,2,3.0,0.0730271412160477,-0.0018768310546875,3.894395703822888,0.0,1.0
C_sparse_d50_featq2,4000,200,50,0.39242125775419323,0.023029114335898677,0.5496826171875,0.03443663011738047,0.5007034074183794,0.008145384494617098,66,34,0.35782136051034885,0.5697479248046875,sparse,2,3.0,0.03459989724384438,-0.0200653076171875,4.7435259753651025,1.0,1.0
C_sparse_d50_featq2,4000,200,50,0.4218498343065815,0.024839973878290796,0.55615234375,0.03309274502147739,0.5386428998181793,0.00873166460739226,66,35,0.35782136051034885,0.5697479248046875,sparse,2,3.0,0.06402847379623267,-0.0135955810546875,4.380519092226066,0.0,1.0
C_sparse_d50_featq2,4000,200,50,0.44589084118202127,0.024077975592796026,0.59716796875,0.03297096816382852,0.4994997410073842,0.008238618436702603,63,36,0.35782136051034885,0.5697479248046875,sparse,2,3.0,0.08806948067167242,0.0274200439453125,4.348338966640776,0.0,1.0
C_sparse_d50_featq2,4000,200,50,0.4099339780037499,0.02622874031741759,0.569580078125,0.031081467790377685,0.508237181589571,0.008241664528687164,63,37,0.35782136051034885,0.5697479248046875,sparse,2,3.0,0.05211261749340107,-0.0001678466796875,3.8642305600171416,0.0,1.0
C_sparse_d50_featq2,4000,200,50,0.42769823270517665,0.024312758260439115,0.5692138671875,0.030011466160074732,0.4952350602407637,0.008531695549044389,67,38,0.35782136051034885,0.5697479248046875,sparse,2,3.0,0.0698768721948278,-0.0005340576171875,3.602752404309243,0.0,1.0
C_sparse_d50_featq2,4000,200,50,0.4128381771573836,0.024315617449933824,0.5673828125,0.029979185005376677,0.5323118716376594,0.008496680709414442,55,39,0.35782136051034885,0.5697479248046875,sparse,2,3.0,0.05501681664703473,-0.0023651123046875,3.595006134346407,0.0,1.0
C_sparse_d50_featq2,4000,200,50,0.3926354399368881,0.023434810243682415,0.5550537109375,0.03008139533651666,0.5191069473661649,0.008273191585502711,52,40,0.35782136051034885,0.5697479248046875,sparse,2,3.0,0.034814079426539246,-0.0146942138671875,3.619561381567225,1.0,1.0
C_sparse_d50_featq2,4000,200,50,0.4342292085434319,0.024595704454033866,0.5872802734375,0.03436255012926683,0.5419012965460476,0.008352966945811774,64,41,0.35782136051034885,0.5697479248046875,sparse,2,3.0,0.07640784803308304,0.0175323486328125,4.723139405545504,0.0,1.0
C_sparse_d50_featq2,4000,200,50,0.40168276237513223,0.024244155364018766,0.546875,0.028544300545767284,0.503630939411044,0.008416570288948513,55,42,0.35782136051034885,0.5697479248046875,sparse,2,3.0,0.04386140186478338,-0.0228729248046875,3.2591083745883616,1.0,1.0
C_sparse_d50_featq2,4000,200,50,0.37406495704954323,0.02334713097787895,0.544677734375,0.02931576663866897,0.46753523942287967,0.008007837672182707,57,43,0.35782136051034885,0.5697479248046875,sparse,2,3.0,0.016243596539194383,-0.0250701904296875,3.437656694451586,1.0,1.0
C_sparse_d50_featq2,4000,200,50,0.4126558318169229,0.02496412254809048,0.5701904296875,0.031137837780597383,0.47714237788226216,0.008067799133580453,54,44,0.35782136051034885,0.5697479248046875,sparse,2,3.0,0.05483447130657404,0.0004425048828125,3.8782597666031915,0.0,1.0
C_sparse_d50_featq2,4000,200,50,0.40084526898945766,0.0247466741035024,0.5552978515625,0.03417998448654856,0.4946794998820416,0.008285274153729143,62,45,0.35782136051034885,0.5697479248046875,sparse,2,3.0,0.04302390847910881,-0.0144500732421875,4.673085358002801,1.0,1.0
C_sparse_d50_featq2,4000,200,50,0.44553839881180857,0.02487082082274555,0.5714111328125,0.031985741984189194,0.5309672945899092,0.008847045940178945,60,46,0.35782136051034885,0.5697479248046875,sparse,2,3.0,0.08771703830145972,0.0016632080078125,4.092350761116492,0.0,1.0
C_sparse_d50_featq2,4000,200,50,0.41972792067647524,0.024701509961860425,0.559814453125,0.028736691379729833,0.516642101604596,0.008563612541322254,51,47,0.35782136051034885,0.5697479248046875,sparse,2,3.0,0.06190656016612639,-0.0099334716796875,3.3031897258153555,0.0,1.0
C_sparse_d50_featq2,4000,200,50,0.39265458717551865,0.02458738667708826,0.570556640625,0.034474471444781885,0.5378481099365261,0.007915254790914964,64,48,0.35782136051034885,0.5697479248046875,sparse,2,3.0,0.0348332266651698,0.0008087158203125,4.753956725588327,1.0,1.0
C_sparse_d50_featq2,4000,200,50,0.42894618856387384,0.024690447659554058,0.5765380859375,0.036362456261844714,0.5564009992908338,0.008522937080481425,74,49,0.35782136051034885,0.5697479248046875,sparse,2,3.0,0.07112482805352499,0.0067901611328125,5.288912901578279,0.0,1.0
C_sparse_d50_featq2,4000,200,50,0.4124061469725647,0.025555079958137595,0.5863037109375,0.032481619874459564,0.5307551618960654,0.0078065044400529165,55,50,0.35782136051034885,0.5697479248046875,sparse,2,3.0,0.05458478646221587,0.0165557861328125,4.220222518675546,0.0,1.0
C_sparse_d50_featq2,4000,200,50,0.42852226261159476,0.024592066399100526,0.5616455078125,0.03303250068014554,0.5182134379112722,0.008455284162796234,63,51,0.35782136051034885,0.5697479248046875,sparse,2,3.0,0.07070090210124591,-0.0081024169921875,4.364584404735263,0.0,1.0
C_sparse_d50_featq2,4000,200,50,0.4162895160546889,0.02435827495006762,0.5599365234375,0.0292324910527746,0.5537720078152936,0.008455786152837198,52,52,0.35782136051034885,0.5697479248046875,sparse,2,3.0,0.05846815554434004,-0.0098114013671875,3.418154132602188,0.0,1.0
C_sparse_d50_featq2,4000,200,50,0.4335700941715852,0.024608414703790132,0.5499267578125,0.028261949838441956,0.5437757334054724,0.009162772488326937,56,53,0.35782136051034885,0.5697479248046875,sparse,2,3.0,0.07574873366123636,-0.0198211669921875,3.194951234682437,0.0,1.0
C_sparse_d50_featq2,4000,200,50,0.39417445877901763,0.025923973757624817,0.5675048828125,0.03215524754691267,0.5555421410780793,0.007902427897259649,54,54,0.35782136051034885,0.5697479248046875,sparse,2,3.0,0.03635309826866878,-0.0022430419921875,4.135839779212933,1.0,1.0
C_sparse_d50_featq2,4000,200,50,0.4001436184594811,0.02472972978730641,0.5635986328125,0.035905803297000716,0.5509774793429877,0.008142037368565946,66,55,0.35782136051034885,0.5697479248046875,sparse,2,3.0,0.04232225794913225,-0.0061492919921875,5.1569068416116295,1.0,1.0
C_sparse_d50_featq2,4000,200,50,0.42819652377138634,0.023772105824168624,0.572265625,0.03531886843252529,0.4912608858956175,0.00838882290569955,79,56,0.35782136051034885,0.5697479248046875,sparse,2,3.0,0.07037516326103749,0.0025177001953125,4.989689869416125,0.0,1.0
C_sparse_d50_featq2,4000,200,50,0.45789753137441724,0.024552966147553295,0.576416015625,0.030738072912331185,0.5608604780993736,0.008880427459038154,58,57,0.35782136051034885,0.5697479248046875,sparse,2,3.0,0.10007617086406839,0.0066680908203125,3.7793165054551525,0.0,1.0
C_sparse_d50_featq2,4000,200,50,0.4139674559067692,0.024114621126595587,0.579345703125,0.03951108123032082,0.5466215679494164,0.007942073693168527,69,58,0.35782136051034885,0.5697479248046875,sparse,2,3.0,0.05614609539642035,0.0095977783203125,6.244502159956041,0.0,1.0
C_sparse_d50_featq2,4000,200,50,0.3976928539776872,0.024789066806393464,0.5594482421875,0.043647837248183094,0.5034120381292784,0.007743961373665648,81,59,0.35782136051034885,0.5697479248046875,sparse,2,3.0,0.03987149346733837,-0.0102996826171875,7.620534785775519,1.0,1.0
C_sparse_d50_featq2,4000,200,50,0.38687404582206897,0.024597216758260463,0.5411376953125,0.03207137154011398,0.5286561950778793,0.008179063453811277,58,60,0.35782136051034885,0.5697479248046875,sparse,2,3.0,0.029052685311720117,-0.0286102294921875,4.114291489856132,1.0,1.0
C_sparse_d50_featq2,4000,200,50,0.4363954842037322,0.024804486648221196,0.590576171875,0.029176413558062907,0.47276180449472466,0.007982642609672496,54,61,0.35782136051034885,0.5697479248046875,sparse,2,3.0,0.07857412369338335,0.0208282470703125,3.4050524324444678,0.0,1.0
C_sparse_d50_featq2,4000,200,50,0.41912918955032646,0.025137815468483447,0.5631103515625,0.0285973868556499,0.5431035097290013,0.008487664527694802,52,62,0.35782136051034885,0.5697479248046875,sparse,2,3.0,0.06130782903997761,-0.0066375732421875,3.2712421398867906,0.0,1.0
C_sparse_d50_featq2,4000,200,50,0.4282174349226565,0.02386251278853112,0.5865478515625,0.030977385345312036,0.5198108461573685,0.008230593819371686,60,63,0.35782136051034885,0.5697479248046875,sparse,2,3.0,0.07039607441230766,0.0167999267578125,3.8383936113278114,0.0,1.0
C_sparse_d50_featq2,4000,200,50,0.4225941375528407,0.02339385548995119,0.553955078125,0.03411412805097298,0.5094431655049637,0.008832559512969202,78,64,0.35782136051034885,0.5697479248046875,sparse,2,3.0,0.06477277704249185,-0.0157928466796875,4.6550949307127265,0.0,1.0
C_sparse_d50_featq2,4000,200,50,0.38832999077880115,0.02447619932818868,0.542724609375,0.03226429370768283,0.5271795300159596,0.00845969295333782,63,65,0.35782136051034885,0.5697479248046875,sparse,2,3.0,0.030508630268452297,-0.0270233154296875,4.163938593822487,1.0,1.0
C_sparse_d50_featq2,4000,200,50,0.4299973650357973,0.023930556372536296,0.554931640625,0.02878413624051849,0.5547943139043969,0.008785879324480283,63,66,0.35782136051034885,0.5697479248046875,sparse,2,3.0,0.07217600452544842,-0.0148162841796875,3.3141059964509196,0.0,1.0
C_sparse_d50_featq2,4000,200,50,0.4541529454360482,0.025537429613753524,0.58349609375,0.030717625991857286,0.5532414110044952,0.008784381035011238,60,67,0.35782136051034885,0.5697479248046875,sparse,2,3.0,0.09633158492569938,0.0137481689453125,3.774290186302505,0.0,1.0
C_sparse_d50_featq2,4000,200,50,0.41979509686778405,0.023925993016268077,0.55419921875,0.034452971335027484,0.5097376763527686,0.008585968389274584,68,68,0.35782136051034885,0.5697479248046875,sparse,2,3.0,0.061973736357435194,-0.0155487060546875,4.748028935248902,0.0,1.0
C_sparse_d50_featq2,4000,200,50,0.4304201511994903,0.025265719792154903,0.59423828125,0.03479609292718883,0.5206931037623662,0.007956553431432922,60,69,0.35782136051034885,0.5697479248046875,sparse,2,3.0,0.07259879068914143,0.0244903564453125,4.843072331990243,0.0,1.0
C_sparse_d50_featq2,4000,200,50,0.4058918366466254,0.023941237923003893,0.5616455078125,0.03322564085647711,0.48283943517647393,0.00818222975867899,64,70,0.35782136051034885,0.5697479248046875,sparse,2,3.0,0.048070476136276574,-0.0081024169921875,4.415772841294405,0.0,1.0
C_sparse_d50_featq2,4000,200,50,0.42790873703036003,0.023172059593030238,0.57421875,0.030062157663671558,0.5019060267198707,0.008431074479040943,58,71,0.35782136051034885,0.5697479248046875,sparse,2,3.0,0.07008737652001118,0.0044708251953125,3.614933293581786,0.0,1.0
C_sparse_d50_featq2,4000,200,50,0.45862790343941046,0.024344538297663212,0.5859375,0.03650759743089531,0.5350781888715125,0.00858714305700397,72,72,0.35782136051034885,0.5697479248046875,sparse,2,3.0,0.1008065429290616,0.0161895751953125,5.331218680705255,0.0,1.0
C_sparse_d50_featq2,4000,200,50,0.3686231302013271,0.022760216256743085,0.5699462890625,0.027299339185181907,0.4746984118895792,0.007429070511225251,47,73,0.35782136051034885,0.5697479248046875,sparse,2,3.0,0.010801769690978236,0.0001983642578125,2.981015679790433,1.0,1.0
C_sparse_d50_featq2,4000,200,50,0.4168365597307131,0.02484050172719225,0.5662841796875,0.02928782114259337,0.5210800878623721,0.008435667868708528,56,74,0.35782136051034885,0.5697479248046875,sparse,2,3.0,0.059015199220364245,-0.0034637451171875,3.431105869122157,0.0,1.0
C_sparse_d50_featq2,4000,200,50,0.42479878276786043,0.024429590552971753,0.5509033203125,0.03553535121143642,0.5565946545375917,0.008771567819552411,77,75,0.35782136051034885,0.5697479248046875,sparse,2,3.0,0.06697742225751158,-0.0188446044921875,5.051044742880543,0.0,1.0
C_sparse_d50_featq2,4000,200,50,0.47293098730620037,0.028372255584796616,0.606201171875,0.03341274801415975,0.6626420016422928,0.008280799947122776,48,76,0.35782136051034885,0.5697479248046875,sparse,2,3.0,0.11510962679585152,0.0364532470703125,4.465646919430945,0.0,1.0
C_sparse_d50_featq2,4000,200,50,0.40545625384368245,0.02384305305427675,0.5743408203125,0.03228196515821241,0.5085982867023259,0.00793515215333173,58,77,0.35782136051034885,0.5697479248046875,sparse,2,3.0,0.047634893333333594,0.0045928955078125,4.16850109790416,0.0,1.0
C_sparse_d50_featq2,4000,200,50,0.4996948219319114,0.027313280188713426,0.6031494140625,0.034141203202756855,0.625731306733887,0.009130308735262086,64,78,0.35782136051034885,0.5697479248046875,sparse,2,3.0,0.14187346142156254,0.0334014892578125,4.66248702452774,0.0,1.0
C_sparse_d50_featq2,4000,200,50,0.43991047315642684,0.025207079955994173,0.5677490234375,0.034901114343279194,0.53578586699643,0.008606686928805417,69,79,0.35782136051034885,0.5697479248046875,sparse,2,3.0,0.08208911264607799,-0.0019989013671875,4.872351129610594,0.0,1.0
C_sparse_d50_featq2,4000,200,50,0.439228773510137,0.024355898000451535,0.5902099609375,0.032562242872930885,0.4964750113743455,0.0081832653309244,66,80,0.35782136051034885,0.5697479248046875,sparse,2,3.0,0.08140741299978815,0.0204620361328125,4.241198643662953,0.0,1.0
C_sparse_d50_featq2,4000,200,50,0.4137425316365416,0.023857880185351208,0.5584716796875,0.028535261035419777,0.5333900434315114,0.00842931652005713,58,81,0.35782136051034885,0.5697479248046875,sparse,2,3.0,0.05592117112619277,-0.0112762451171875,3.2570444894381847,0.0,1.0
C_sparse_d50_featq2,4000,200,50,0.46162570902681244,0.025460783599227415,0.604248046875,0.032995610353997895,0.5595886730107261,0.00838287258131084,64,82,0.35782136051034885,0.5697479248046875,sparse,2,3.0,0.10380434851646358,0.0345001220703125,4.354841210531412,0.0,1.0
C_sparse_d50_featq2,4000,200,50,0.4700560990088406,0.025723529449278637,0.5955810546875,0.027020318745762714,0.5569075270145433,0.00874859048458897,46,83,0.35782136051034885,0.5697479248046875,sparse,2,3.0,0.11223473849849175,0.0258331298828125,2.9203905004904636,0.0,1.0
C_sparse_d50_featq2,4000,200,50,0.4689071735501458,0.02529200157809241,0.5858154296875,0.02771082420901825,0.535363278841657,0.008787736485605975,51,84,0.35782136051034885,0.5697479248046875,sparse,2,3.0,0.11108581303979692,0.0160675048828125,3.0715591133724476,0.0,1.0
C_sparse_d50_featq2,4000,200,50,0.38434241624206344,0.023859557055361826,0.5552978515625,0.030256909908299445,0.5172449174209771,0.00809532997530389,49,85,0.35782136051034885,0.5697479248046875,sparse,2,3.0,0.026521055731714593,-0.0144500732421875,3.6619223887957966,1.0,1.0
C_sparse_d50_featq2,4000,200,50,0.41342446451054854,0.023004651258171648,0.55419921875,0.029693120684164104,0.4690876734125948,0.008421017591433523,57,86,0.35782136051034885,0.5697479248046875,sparse,2,3.0,0.05560310400019969,-0.0155487060546875,3.5267256638573365,0.0,1.0
C_sparse_d50_featq2,4000,200,50,0.4343580119479815,0.024766550937415473,0.5919189453125,0.02779068170044299,0.5097768504197896,0.008224545501391912,51,87,0.35782136051034885,0.5697479248046875,sparse,2,3.0,0.07653665143763266,0.0221710205078125,3.089287957501347,0.0,1.0
C_sparse_d50_featq2,4000,200,50,0.38829032470259317,0.0252296817314766,0.5584716796875,0.03187867863208096,0.5052621583171842,0.007820558947022873,56,88,0.35782136051034885,0.5697479248046875,sparse,2,3.0,0.03046896419224432,-0.0112762451171875,4.06500060530998,1.0,1.0
C_sparse_d50_featq2,4000,200,50,0.45659849447160156,0.02398405725731234,0.5625,0.02745040240809669,0.573143674258963,0.009183386109834806,56,89,0.35782136051034885,0.5697479248046875,sparse,2,3.0,0.0987771339612527,-0.0072479248046875,3.0140983694657626,0.0,1.0
C_sparse_d50_featq2,4000,200,50,0.41107001879098515,0.02371377845157414,0.5684814453125,0.03039320135496064,0.5025453516671986,0.008231497114218804,56,90,0.35782136051034885,0.5697479248046875,sparse,2,3.0,0.053248658280636296,-0.0012664794921875,3.694986754412725,0.0,1.0
C_sparse_d50_featq2,4000,200,50,0.4281483453410828,0.024982139214030964,0.5712890625,0.034213173800290736,0.5397372081514797,0.00835817382685845,63,91,0.35782136051034885,0.5697479248046875,sparse,2,3.0,0.07032698483073396,0.0015411376953125,4.6821650459556015,0.0,1.0
C_sparse_d50_featq2,4000,200,50,0.4195857105335259,0.0236457887121325,0.557861328125,0.029611883795296157,0.563285396692681,0.008746559507737341,60,92,0.35782136051034885,0.5697479248046875,sparse,2,3.0,0.06176435002317704,-0.0118865966796875,3.5074546476244928,0.0,1.0
C_sparse_d50_featq2,4000,200,50,0.41313134760992376,0.023810742951527793,0.5645751953125,0.0348292964361357,0.5228071090444935,0.008368306599685713,66,93,0.35782136051034885,0.5697479248046875,sparse,2,3.0,0.05530998709957491,-0.0051727294921875,4.85231956094486,0.0,1.0
C_sparse_d50_featq2,4000,200,50,0.46137471830572346,0.02516611649340217,0.599365234375,0.0263358247633889,0.5267173816376435,0.00847278652394482,52,94,0.35782136051034885,0.5697479248046875,sparse,2,3.0,0.10355335779537461,0.0296173095703125,2.7743026638717123,0.0,1.0
C_sparse_d50_featq2,4000,200,50,0.401018054211697,0.0250500423243631,0.56884765625,0.03172980729953839,0.505932144438743,0.007965463345964749,56,95,0.35782136051034885,0.5697479248046875,sparse,2,3.0,0.043196693701348154,-0.0009002685546875,4.027122685063359,1.0,1.0
C_sparse_d50_featq2,4000,200,50,0.4132978175880341,0.024195471224802822,0.5699462890625,0.03465540430512609,0.5220140128491209,0.008179887248154808,66,96,0.35782136051034885,0.5697479248046875,sparse,2,3.0,0.055476457077685226,0.0001983642578125,4.803988190207009,0.0,1.0
C_sparse_d50_featq2,4000,200,50,0.4077956506692709,0.02367914819157395,0.5543212890625,0.030355945118339916,0.5608711207230366,0.008658403217559623,69,97,0.35782136051034885,0.5697479248046875,sparse,2,3.0,0.049974290158922074,-0.0154266357421875,3.68593361611066,0.0,1.0
C_sparse_d50_featq2,4000,200,50,0.4159659037277762,0.02369233270377876,0.555419921875,0.033320276742972804,0.5324219342356294,0.008417367225003641,74,98,0.35782136051034885,0.5697479248046875,sparse,2,3.0,0.05814454321742735,-0.0143280029296875,4.440963368913177,0.0,1.0
C_sparse_d50_featq2,4000,200,50,0.392248033546413,0.02449685035560704,0.5596923828125,0.03617752618170232,0.5433020513405626,0.008100816403558852,68,99,0.35782136051034885,0.5697479248046875,sparse,2,3.0,0.03442667303606417,-0.0100555419921875,5.235253602511028,1.0,1.0
C_sparse_d50_featq2,4000,200,50,0.4028526999250652,0.02482275686015646,0.5714111328125,0.032679323824233504,0.5235394267233148,0.007920735119403933,54,100,0.35782136051034885,0.5697479248046875,sparse,2,3.0,0.045031339414716376,0.0016632080078125,4.271752822436462,1.0,1.0
C_sparse_d50_featq2,4000,200,50,0.5115854773061026,0.02902448386986111,0.627685546875,0.03077108093919863,0.6297378565642654,0.009137908182749687,60,101,0.35782136051034885,0.5697479248046875,sparse,2,3.0,0.15376411679575375,0.0579376220703125,3.7874376886668535,0.0,1.0
C_sparse_d50_featq2,4000,200,50,0.4129162399408923,0.02341792282821228,0.5643310546875,0.03421970653071785,0.5207705907375552,0.00848176814061169,67,102,0.35782136051034885,0.5697479248046875,sparse,2,3.0,0.055094879430543475,-0.0054168701171875,4.683953260193815,0.0,1.0
C_sparse_d50_featq2,4000,200,50,0.4495685677984297,0.024262752016637888,0.5986328125,0.02737469941973756,0.5244626776296999,0.00841079635653511,51,103,0.35782136051034885,0.5697479248046875,sparse,2,3.0,0.09174720728808083,0.0288848876953125,2.9974966732839197,0.0,1.0
C_sparse_d50_featq2,4000,200,50,0.45001242012139553,0.025969307015981016,0.5953369140625,0.031035877269687772,0.6135663458846745,0.00872517643523413,52,104,0.35782136051034885,0.5697479248046875,sparse,2,3.0,0.09219105961104668,0.0255889892578125,3.8529027115964882,0.0,1.0
C_sparse_d50_featq2,4000,200,50,0.49311449739529756,0.02518864458876793,0.59326171875,0.03040806805533335,0.5309450037741085,0.009019486346605992,60,105,0.35782136051034885,0.5697479248046875,sparse,2,3.0,0.1352931368849487,0.0235137939453125,3.6986024114311378,0.0,1.0
C_sparse_d50_featq2,4000,200,50,0.39437253576371256,0.024601477042590327,0.56298828125,0.03386103591290776,0.4969867560317931,0.00813118808682544,65,106,0.35782136051034885,0.5697479248046875,sparse,2,3.0,0.03655117525336371,-0.0067596435546875,4.586279012380916,1.0,1.0
C_sparse_d50_featq2,4000,200,50,0.4455216631756195,0.02661707650476779,0.589599609375,0.038636201263694867,0.5812795274517306,0.008314875526490975,76,107,0.35782136051034885,0.5697479248046875,sparse,2,3.0,0.08770030266527062,0.0198516845703125,5.971024192354947,0.0,1.0
C_sparse_d50_featq2,4000,200,50,0.4323843493126313,0.02621521461662002,0.5960693359375,0.034835938651788065,0.5478335173354862,0.008015804153411918,62,108,0.35782136051034885,0.5697479248046875,sparse,2,3.0,0.07456298880228246,0.0263214111328125,4.854170487004566,0.0,1.0
C_sparse_d50_featq2,4000,200,50,0.45425772843285067,0.026291536083146595,0.6009521484375,0.03201460906644374,0.5372227450396592,0.008157125505702247,50,109,0.35782136051034885,0.5697479248046875,sparse,2,3.0,0.09643636792250182,0.0312042236328125,4.099740774708887,0.0,1.0
C_sparse_d50_featq2,4000,200,50,0.4631173866474786,0.025650561393457703,0.5933837890625,0.031260470003178734,0.5402902587495408,0.008612581896210567,59,110,0.35782136051034885,0.5697479248046875,sparse,2,3.0,0.10529602613712974,0.0236358642578125,3.90886793927855,0.0,1.0
C_sparse_d50_featq2,4000,200,50,0.4461063497607646,0.025275724482413733,0.5780029296875,0.037788146072870364,0.546386842947113,0.008375214194920783,76,111,0.35782136051034885,0.5697479248046875,sparse,2,3.0,0.08828498925041572,0.0082550048828125,5.711775934498352,0.0,1.0
C_sparse_d50_featq2,4000,200,50,0.39869384361344595,0.024907228195905278,0.54931640625,0.03224504865997632,0.54537335480205,0.008360523096458081,62,112,0.35782136051034885,0.5697479248046875,sparse,2,3.0,0.0408724831030971,-0.0204315185546875,4.1589726523369634,1.0,1.0
C_sparse_d50_featq2,4000,200,50,0.37355277005307497,0.023152381886771982,0.54052734375,0.03578096346296024,0.5237901395806174,0.007876262930987931,81,113,0.35782136051034885,0.5697479248046875,sparse,2,3.0,0.015731409542726116,-0.0292205810546875,5.121109385350782,1.0,1.0
C_sparse_d50_featq2,4000,200,50,0.4334912627250551,0.026188614042524448,0.58251953125,0.026173084519249462,0.5396733053269612,0.008414726159347982,47,114,0.35782136051034885,0.5697479248046875,sparse,2,3.0,0.07566990221470626,0.0127716064453125,2.7401214130071034,0.0,1.0
C_sparse_d50_featq2,4000,200,50,0.4274527385692637,0.023769523316909465,0.550537109375,0.029430321741994492,0.49171270150540847,0.008585003977303291,58,115,0.35782136051034885,0.5697479248046875,sparse,2,3.0,0.06963137805891484,-0.0192108154296875,3.464575351349255,0.0,1.0
C_sparse_d50_featq2,4000,200,50,0.4171275229611914,0.025473359587985252,0.5810546875,0.029800147859863915,0.5654468522283084,0.00821422652185037,52,116,0.35782136051034885,0.5697479248046875,sparse,2,3.0,0.059306162450842526,0.0113067626953125,3.5521952498790075,0.0,1.0
C_sparse_d50_featq2,4000,200,50,0.41487030001857006,0.02379523162793445,0.56005859375,0.03643977956057325,0.4751062583052346,0.008363610942837217,67,117,0.35782136051034885,0.5697479248046875,sparse,2,3.0,0.05704893950822121,-0.0096893310546875,5.311430137692689,0.0,1.0
C_sparse_d50_featq2,4000,200,50,0.4558574698508153,0.02515776279010743,0.6153564453125,0.026881312190306945,0.5363924499936735,0.008043180655318418,47,118,0.35782136051034885,0.5697479248046875,sparse,2,3.0,0.09803610934046647,0.0456085205078125,2.890419780290979,0.0,1.0
C_sparse_d50_featq2,4000,200,50,0.47377067637778725,0.024523171032077268,0.585693359375,0.031898141432860946,0.5657125676577235,0.008900498054131338,63,119,0.35782136051034885,0.5697479248046875,sparse,2,3.0,0.1159493158674384,0.0159454345703125,4.069965707483201,0.0,1.0
C_sparse_d50_featq2,4000,200,50,0.3947111723966841,0.02537826597312278,0.5618896484375,0.035765187441314454,0.5288678099717686,0.00818307443380373,63,120,0.35782136051034885,0.5697479248046875,sparse,2,3.0,0.03688981188633522,-0.0078582763671875,5.116594530849429,1.0,1.0
C_sparse_d50_featq2,4000,200,50,0.40742448898512607,0.02505598947020846,0.54931640625,0.03548763759409409,0.5233869821642381,0.008495866895150367,67,121,0.35782136051034885,0.5697479248046875,sparse,2,3.0,0.049603128474777214,-0.0204315185546875,5.037489688039041,0.0,1.0
C_sparse_d50_featq2,4000,200,50,0.4058394654598019,0.026239629929067868,0.5810546875,0.038040991984752234,0.5907068630987155,0.008107270704982296,69,122,0.35782136051034885,0.5697479248046875,sparse,2,3.0,0.04801810494945302,0.0113067626953125,5.788468284735935,1.0,1.0
C_sparse_d50_featq2,4000,200,50,0.40153109477598276,0.02439455864582682,0.5673828125,0.03771826709191468,0.5174222560527372,0.007801816878629958,65,123,0.35782136051034885,0.5697479248046875,sparse,2,3.0,0.043709734265633904,-0.0023651123046875,5.690670689668054,1.0,1.0
C_sparse_d50_featq2,4000,200,50,0.43762650515584167,0.02500689878939015,0.562255859375,0.027849587256731815,0.5036019317210939,0.008593411792473218,51,124,0.35782136051034885,0.5697479248046875,sparse,2,3.0,0.07980514464549282,-0.0074920654296875,3.1023980414812766,0.0,1.0
C_sparse_d50_featq2,4000,200,50,0.4297043800825387,0.02427998006486648,0.5516357421875,0.025865982808650646,0.5386998715578,0.009120724282795947,48,125,0.35782136051034885,0.5697479248046875,sparse,2,3.0,0.07188301957218984,-0.0181121826171875,2.676196266629643,0.0,1.0
C_sparse_d50_featq2,4000,200,50,0.4110379299150977,0.024473597790019647,0.564453125,0.03606657100091735,0.5384212609493308,0.008291648710635006,73,126,0.35782136051034885,0.5697479248046875,sparse,2,3.0,0.05321656940474884,-0.0052947998046875,5.203190175056849,0.0,1.0
C_sparse_d50_featq2,4000,200,50,0.400429088327912,0.023638538650281714,0.56591796875,0.03383869437163056,0.4989694723682621,0.00802834596248118,60,127,0.35782136051034885,0.5697479248046875,sparse,2,3.0,0.04260772781756317,-0.0038299560546875,4.580228947106487,1.0,1.0
C_sparse_d50_featq2,4000,200,50,0.4007405294704016,0.024674906142185662,0.5531005859375,0.029053391042128642,0.5654076562957757,0.008484727791252835,54,128,0.35782136051034885,0.5697479248046875,sparse,2,3.0,0.04291916896005277,-0.0166473388671875,3.376398124187363,1.0,1.0
C_sparse_d50_featq2,4000,200,50,0.4202044225290512,0.024442150743147466,0.5682373046875,0.03398348483641119,0.5339125200567487,0.008374399884610013,63,129,0.35782136051034885,0.5697479248046875,sparse,2,3.0,0.06238306201870236,-0.0015106201171875,4.619508966506357,0.0,1.0
C_sparse_d50_featq2,4000,200,50,0.4452514464131341,0.025074898044448797,0.58447265625,0.0393292988549941,0.5497310526415324,0.008627563521820059,83,130,0.35782136051034885,0.5697479248046875,sparse,2,3.0,0.08743008590278523,0.0147247314453125,6.1871749937017615,0.0,1.0
C_sparse_d50_featq2,4000,200,50,0.4586187202015706,0.025400864891481613,0.588623046875,0.029573537905462553,0.5550652972194895,0.008742263902784379,61,131,0.35782136051034885,0.5697479248046875,sparse,2,3.0,0.10079735969122172,0.0188751220703125,3.498376576983322,0.0,1.0
C_sparse_d50_featq2,4000,200,50,0.41938277543794444,0.024560515011719082,0.563232421875,0.031588240906672775,0.5418881059202945,0.008464168301566469,60,132,0.35782136051034885,0.5697479248046875,sparse,2,3.0,0.06156141492759559,-0.0065155029296875,3.9912678543119813,0.0,1.0
C_sparse_d50_featq2,4000,200,50,0.3699348305528772,0.023881284479303717,0.5516357421875,0.031586493916488,0.5286644137258061,0.00794082577627696,54,133,0.35782136051034885,0.5697479248046875,sparse,2,3.0,0.01211347004252833,-0.0181121826171875,3.990826391745333,1.0,1.0
C_sparse_d50_featq2,4000,200,50,0.43493104268322275,0.02467390342638929,0.5755615234375,0.03323953311615205,0.5154172325669439,0.008189526146208602,66,134,0.35782136051034885,0.5697479248046875,sparse,2,3.0,0.0771096821728739,0.0058135986328125,4.419466247119074,0.0,1.0
C_sparse_d50_featq2,4000,200,50,0.4591916546883066,0.024268697328618548,0.5716552734375,0.025656816037876302,0.47936558394513473,0.008754733981498236,47,135,0.35782136051034885,0.5697479248046875,sparse,2,3.0,0.10137029417795773,0.0019073486328125,2.6330888368057064,0.0,1.0
C_sparse_d50_featq2,4000,200,50,0.41167343346714425,0.024400162983072415,0.5465087890625,0.027158062711812227,0.49046465149689183,0.008674434002440876,53,136,0.35782136051034885,0.5697479248046875,sparse,2,3.0,0.053852072956795394,-0.0232391357421875,2.950241481034903,0.0,1.0
C_sparse_d50_featq2,4000,200,50,0.46041287694284233,0.02644588901334298,0.6051025390625,0.0314463055661692,0.5790404952122526,0.008488969493383812,54,137,0.35782136051034885,0.5697479248046875,sparse,2,3.0,0.10259151643249348,0.0353546142578125,3.9554805350435362,0.0,1.0
C_sparse_d50_featq2,4000,200,50,0.39260339750635037,0.024285545285370108,0.555419921875,0.03783059032191974,0.596245001243518,0.00822532335621982,66,138,0.35782136051034885,0.5697479248046875,sparse,2,3.0,0.03478203699600152,-0.0143280029296875,5.724614256419709,1.0,1.0
C_sparse_d50_featq2,4000,200,50,0.3854350786141848,0.02438434543622928,0.560546875,0.03992336843442631,0.5148853691020765,0.007651110339046541,68,139,0.35782136051034885,0.5697479248046875,sparse,2,3.0,0.02761371810383595,-0.0092010498046875,6.375501388603787,1.0,1.0
C_sparse_d50_featq2,4000,200,50,0.4488489374877066,0.02579935058215123,0.5914306640625,0.03467135627449669,0.5950748470892556,0.008558223811645931,65,140,0.35782136051034885,0.5697479248046875,sparse,2,3.0,0.09102757697735775,0.0216827392578125,4.808411783652324,0.0,1.0
C_sparse_d50_featq2,4000,200,50,0.36883239245391464,0.023667237208943124,0.5469970703125,0.03615221540007287,0.4887234141212411,0.007805941675098704,62,141,0.35782136051034885,0.5697479248046875,sparse,2,3.0,0.011011031943565786,-0.0227508544921875,5.227930713333065,1.0,1.0
C_sparse_d50_featq2,4000,200,50,0.41284255141906295,0.02491928898216591,0.5540771484375,0.03713779763388781,0.5186745450052785,0.008568637488707401,79,142,0.35782136051034885,0.5697479248046875,sparse,2,3.0,0.0550211909087141,-0.0156707763671875,5.516864052382412,0.0,1.0
C_sparse_d50_featq2,4000,200,50,0.43499742647626094,0.024511280283933443,0.5572509765625,0.033920692113145766,0.5362909069388817,0.00894527777272689,64,143,0.35782136051034885,0.5697479248046875,sparse,2,3.0,0.07717606596591209,-0.0124969482421875,4.602453413739317,0.0,1.0
C_sparse_d50_featq2,4000,200,50,0.45235788690389256,0.024447134754889247,0.567626953125,0.031074021061610963,0.5389804268150825,0.008736906308255762,68,144,0.35782136051034885,0.5697479248046875,sparse,2,3.0,0.09453652639354371,-0.0021209716796875,3.8623791397497667,0.0,1.0
C_sparse_d50_featq2,4000,200,50,0.41441090897570193,0.023661250710715606,0.548095703125,0.03158741171471261,0.5299971972712713,0.008660694777589307,65,145,0.35782136051034885,0.5697479248046875,sparse,2,3.0,0.05658954846535308,-0.0216522216796875,3.9910583153390538,0.0,1.0
C_sparse_d50_featq2,4000,200,50,0.4102674839112611,0.02535160884714385,0.5711669921875,0.03372531357776009,0.5092733795354853,0.007940718872832615,64,146,0.35782136051034885,0.5697479248046875,sparse,2,3.0,0.05244612340091226,0.0014190673828125,4.549587103672996,0.0,1.0
C_sparse_d50_featq2,4000,200,50,0.3968938812405719,0.024630771564096987,0.566650390625,0.0330691814737651,0.5346079098369227,0.007946525135111243,54,147,0.35782136051034885,0.5697479248046875,sparse,2,3.0,0.03907252073022305,-0.0030975341796875,4.374283053379235,1.0,1.0
C_sparse_d50_featq2,4000,200,50,0.4243587801741643,0.024484016087716748,0.5545654296875,0.03161446011529453,0.5499556655902172,0.0091151615468659,61,148,0.35782136051034885,0.5697479248046875,sparse,2,3.0,0.06653741966381543,-0.0151824951171875,3.9978963535261944,0.0,1.0
C_sparse_d50_featq2,4000,200,50,0.43401230905412413,0.02924580967048052,0.5966796875,0.0385793776208573,0.6200021996590309,0.007820535438735302,66,149,0.35782136051034885,0.5697479248046875,sparse,2,3.0,0.07619094854377528,0.0269317626953125,5.95347351045082,0.0,1.0
C_sparse_d50_featq2,4000,200,50,0.43861431068291756,0.02528376050708477,0.57763671875,0.026473386396988322,0.5843113966294811,0.00847913454824825,47,150,0.35782136051034885,0.5697479248046875,sparse,2,3.0,0.08079295017256871,0.0078887939453125,2.8033607492969854,0.0,1.0
C_sparse_d50_featq2,4000,200,50,0.41925175541710835,0.02390905033395469,0.568603515625,0.03073814309412082,0.576592039477438,0.008473912236762833,58,151,0.35782136051034885,0.5697479248046875,sparse,2,3.0,0.0614303949067595,-0.0011444091796875,3.77933376349859,0.0,1.0
C_sparse_d50_featq2,4000,200,50,0.4509982037017565,0.026535496947469855,0.59326171875,0.03475887414112545,0.5844026484044167,0.0085640219014126,60,152,0.35782136051034885,0.5697479248046875,sparse,2,3.0,0.09317684319140762,0.0235137939453125,4.832717326234397,0.0,1.0
C_sparse_d50_featq2,4000,200,50,0.4687013714280608,0.025050376240938244,0.57568359375,0.03651075567430554,0.5666975925561836,0.009006426053082125,76,153,0.35782136051034885,0.5697479248046875,sparse,2,3.0,0.11088001091771194,0.0059356689453125,5.332141119635336,0.0,1.0
C_sparse_d50_featq2,4000,200,50,0.4554130966336677,0.0265500411467483,0.6009521484375,0.03245066199162956,0.6136725215828669,0.00849167441491723,64,154,0.35782136051034885,0.5697479248046875,sparse,2,3.0,0.09759173612331884,0.0312042236328125,4.212181854779966,0.0,1.0
C_sparse_d50_featq2,4000,200,50,0.4115871514776952,0.02456660236388241,0.5633544921875,0.030409328789578756,0.5082872035349987,0.00843255255075163,52,155,0.35782136051034885,0.5697479248046875,sparse,2,3.0,0.05376579096734635,-0.0063934326171875,3.6989091097308138,0.0,1.0
C_sparse_d50_featq2,4000,200,50,0.4045004557255949,0.024366618160872495,0.5577392578125,0.032481806733591585,0.5396316026382758,0.008150483077381043,57,156,0.35782136051034885,0.5697479248046875,sparse,2,3.0,0.04667909521524605,-0.0120086669921875,4.220271074713583,1.0,1.0
C_sparse_d50_featq2,4000,200,50,0.4483032982383887,0.025649919490481638,0.59521484375,0.032436975660064975,0.5144853568892155,0.008437370013653895,59,157,0.35782136051034885,0.5697479248046875,sparse,2,3.0,0.09048193772803986,0.0254669189453125,4.208629559886591,0.0,1.0
C_sparse_d50_featq2,4000,200,50,0.4255070853051519,0.02513091047300304,0.554931640625,0.03141652763122637,0.5555634234718603,0.008584647518753354,63,158,0.35782136051034885,0.5697479248046875,sparse,2,3.0,0.06768572479480306,-0.0148162841796875,3.9479928336144394,0.0,1.0
C_sparse_d50_featq2,4000,200,50,0.38936785091397835,0.024234777389656337,0.5511474609375,0.032654090995307736,0.5734402163226516,0.007807934044537416,54,159,0.35782136051034885,0.5697479248046875,sparse,2,3.0,0.0315464904036295,-0.0186004638671875,4.265158634919351,1.0,1.0
C_sparse_d50_featq2,4000,200,50,0.4120756995259402,0.02471965886765402,0.571533203125,0.03346333660499993,0.5677491781257737,0.008112772577355262,57,160,0.35782136051034885,0.5697479248046875,sparse,2,3.0,0.054254339015591346,0.0017852783203125,4.479179586958112,0.0,1.0
C_sparse_d50_featq2,4000,200,50,0.4232175064840913,0.025103047493330505,0.5750732421875,0.03079461082187285,0.5153556259156449,0.008439949605134684,65,161,0.35782136051034885,0.5697479248046875,sparse,2,3.0,0.06539614597374244,0.0053253173828125,3.7932322226824344,0.0,1.0
C_sparse_d50_featq2,4000,200,50,0.42057695318342525,0.023221277812973503,0.562744140625,0.023307645662980467,0.49382404240422506,0.008566460390045749,41,162,0.35782136051034885,0.5697479248046875,sparse,2,3.0,0.0627555926730764,-0.0070037841796875,2.1729853854042087,0.0,1.0
C_sparse_d50_featq2,4000,200,50,0.4911928579998012,0.027781998463615426,0.59423828125,0.03351730859194148,0.6611071021493325,0.008977043297347217,64,163,0.35782136051034885,0.5697479248046875,sparse,2,3.0,0.13337149748945237,0.0244903564453125,4.493639900989736,0.0,1.0
C_sparse_d50_featq2,4000,200,50,0.4015108792838207,0.024591464411010542,0.5572509765625,0.03419433189415974,0.495378579886323,0.00790097295939069,63,164,0.35782136051034885,0.5697479248046875,sparse,2,3.0,0.043689518773471825,-0.0124969482421875,4.6770093347518005,1.0,1.0
C_sparse_d50_featq2,4000,200,50,0.42743807618431057,0.026283507449470972,0.592529296875,0.02978260278310504,0.5607197111018518,0.008362210864816338,51,165,0.35782136051034885,0.5697479248046875,sparse,2,3.0,0.06961671567396172,0.0227813720703125,3.548013714144864,0.0,1.0
C_sparse_d50_featq2,4000,200,50,0.4315551208945884,0.024588322127445234,0.561767578125,0.03128803864185354,0.5032995897635886,0.008580082873473534,58,166,0.35782136051034885,0.5697479248046875,sparse,2,3.0,0.07373376038423957,-0.0079803466796875,3.915765448216481,0.0,1.0
C_sparse_d50_featq2,4000,200,50,0.4214053417184717,0.02404575664492906,0.5533447265625,0.029229057818905464,0.5602281552495104,0.008642490641654834,57,167,0.35782136051034885,0.5697479248046875,sparse,2,3.0,0.06358398120812286,-0.0164031982421875,3.4173512839236744,0.0,1.0
C_sparse_d50_featq2,4000,200,50,0.4017154326687542,0.023588158480972343,0.5509033203125,0.03300551150927859,0.5067904156723371,0.008366561778845212,56,168,0.35782136051034885,0.5697479248046875,sparse,2,3.0,0.04389407215840535,-0.0188446044921875,4.357455159956487,1.0,1.0
C_sparse_d50_featq2,4000,200,50,0.4181156109303483,0.02545635644707936,0.5513916015625,0.03849121078361094,0.5988903225605986,0.008610886319739781,78,169,0.35782136051034885,0.5697479248046875,sparse,2,3.0,0.06029425041999947,-0.0183563232421875,5.926293230353468,0.0,1.0
C_sparse_d50_featq2,4000,200,50,0.3651994633739504,0.02370173614371283,0.5361328125,0.030979592151030272,0.4792887312998616,0.007931431099765695,60,170,0.35782136051034885,0.5697479248046875,sparse,2,3.0,0.007378102863601521,-0.0336151123046875,3.8389405193767057,1.0,1.0
C_sparse_d50_featq2,4000,200,50,0.3937472725253537,0.024178317753407726,0.5523681640625,0.032592269246243144,0.5126662522045838,0.008161314731640498,64,171,0.35782136051034885,0.5697479248046875,sparse,2,3.0,0.035925912015004835,-0.0173797607421875,4.249024058478427,1.0,1.0
C_sparse_d50_featq2,4000,200,50,0.4428629559881412,0.025763572697661014,0.5877685546875,0.03275029178010064,0.5795093741663623,0.00841189633222652,60,172,0.35782136051034885,0.5697479248046875,sparse,2,3.0,0.08504159547779233,0.0180206298828125,4.290326446726909,0.0,1.0
C_sparse_d50_featq2,4000,200,50,0.4439107359191372,0.025920547516442217,0.5816650390625,0.037714875692422226,0.5377776841883317,0.008419065126476055,74,173,0.35782136051034885,0.5697479248046875,sparse,2,3.0,0.08608937540878836,0.0119171142578125,5.689647393979444,0.0,1.0
C_sparse_d50_featq2,4000,200,50,0.4283324762858778,0.024612027691248803,0.5587158203125,0.033430625067318365,0.4989595956215053,0.008699237020473526,69,174,0.35782136051034885,0.5697479248046875,sparse,2,3.0,0.07051111577552893,-0.0110321044921875,4.47042676956646,0.0,1.0
C_sparse_d50_featq2,4000,200,50,0.42150688363505207,0.023537261751236552,0.5545654296875,0.029565571964120282,0.5189292439573763,0.008483313175685885,56,175,0.35782136051034885,0.5697479248046875,sparse,2,3.0,0.06368552312470321,-0.0151824951171875,3.496492182262301,0.0,1.0
C_sparse_d50_featq2,4000,200,50,0.44557384695338054,0.02525663299761385,0.5806884765625,0.032313749421364626,0.5151965921925501,0.00875136113095793,61,176,0.35782136051034885,0.5697479248046875,sparse,2,3.0,0.08775248644303169,0.0109405517578125,4.176713606666971,0.0,1.0
C_sparse_d50_featq2,4000,200,50,0.43133831610201745,0.024753684605169652,0.5731201171875,0.030565582128129497,0.49698910619349385,0.008390303272050217,58,177,0.35782136051034885,0.5697479248046875,sparse,2,3.0,0.0735169555916686,0.0033721923828125,3.7370192433257174,0.0,1.0
C_sparse_d50_featq2,4000,200,50,0.41950900685373343,0.02430161229045764,0.5648193359375,0.029644043509036846,0.5423871344324064,0.008538280720324476,60,178,0.35782136051034885,0.5697479248046875,sparse,2,3.0,0.06168764634338458,-0.0049285888671875,3.5150772622626785,0.0,1.0
C_sparse_d50_featq2,4000,200,50,0.4151442555236052,0.023598585435500044,0.55517578125,0.036179374601055206,0.5388783238049426,0.00863019400650993,81,179,0.35782136051034885,0.5697479248046875,sparse,2,3.0,0.057322895013256325,-0.0145721435546875,5.235788586093914,0.0,1.0
C_sparse_d50_featq2,4000,200,50,0.40406734680279854,0.026015182329478265,0.6004638671875,0.04045817102102766,0.4990279753602499,0.007382666602712945,73,180,0.35782136051034885,0.5697479248046875,sparse,2,3.0,0.04624598629244969,0.0307159423828125,6.54745440946689,1.0,1.0
C_sparse_d50_featq2,4000,200,50,0.4021499885562489,0.024591415000034707,0.546142578125,0.02844796522339161,0.49577587421029623,0.008679812642086981,56,181,0.35782136051034885,0.5697479248046875,sparse,2,3.0,0.04432862804590004,-0.0236053466796875,3.2371469014051937,1.0,1.0
C_sparse_d50_featq2,4000,200,50,0.44735330230383147,0.02437929520319652,0.58544921875,0.02498476536250174,0.5623322825188847,0.008696855923970861,43,182,0.35782136051034885,0.5697479248046875,sparse,2,3.0,0.08953194179348262,0.0157012939453125,2.4969540008770665,0.0,1.0
C_sparse_d50_featq2,4000,200,50,0.4063390920381646,0.0240176419928206,0.5499267578125,0.028012509884781024,0.5517471285226336,0.008912157340370559,55,183,0.35782136051034885,0.5697479248046875,sparse,2,3.0,0.048517731527815744,-0.0198211669921875,3.1388028401798187,0.0,1.0
C_sparse_d50_featq2,4000,200,50,0.4795768717989164,0.02506892554830599,0.6048583984375,0.029542565255942982,0.5679117013465508,0.008809942494535398,58,184,0.35782136051034885,0.5697479248046875,sparse,2,3.0,0.12175551128856754,0.0351104736328125,3.491052647606598,0.0,1.0
C_sparse_d50_featq2,4000,200,50,0.44435702162708735,0.025867083700111197,0.587646484375,0.02620793532758955,0.5073044194883917,0.008519629724527536,44,185,0.35782136051034885,0.5697479248046875,sparse,2,3.0,0.0865356611167385,0.0178985595703125,2.7474234965404656,0.0,1.0
C_sparse_d50_featq2,4000,200,50,0.4517242503396587,0.02479792131028326,0.5819091796875,0.03445400001883468,0.5300561029205518,0.008555020385975751,64,186,0.35782136051034885,0.5697479248046875,sparse,2,3.0,0.09390288982930983,0.0121612548828125,4.748312469191441,0.0,1.0
C_sparse_d50_featq2,4000,200,50,0.4260782326214152,0.025345660807532484,0.556884765625,0.026586788847887465,0.5459021005625603,0.008793169170659918,48,187,0.35782136051034885,0.5697479248046875,sparse,2,3.0,0.06825687211106635,-0.0128631591796875,2.827429364968613,0.0,1.0
C_sparse_d50_featq2,4000,200,50,0.41417813005188875,0.024108607632806332,0.5887451171875,0.0368545438675574,0.5305521622376902,0.007600192503894914,66,188,0.35782136051034885,0.5697479248046875,sparse,2,3.0,0.0563567695415399,0.0189971923828125,5.43302961474285,0.0,1.0
C_sparse_d50_featq2,4000,200,50,0.3894629830959889,0.02513521037829932,0.5709228515625,0.037194954396388806,0.4956873206390076,0.007845830731856338,67,189,0.35782136051034885,0.5697479248046875,sparse,2,3.0,0.03164162258564007,0.0011749267578125,5.533858530197772,1.0,1.0
C_sparse_d50_featq2,4000,200,50,0.40097769221439805,0.02272678732636638,0.53173828125,0.024803573518824732,0.5181138585929448,0.00878597075456884,51,190,0.35782136051034885,0.5697479248046875,sparse,2,3.0,0.0431563317040492,-0.0380096435546875,2.460869037214974,1.0,1.0
C_sparse_d50_featq2,4000,200,50,0.43796369216167086,0.02521809811154039,0.5694580078125,0.03190221364894317,0.543667570816945,0.008796280475003746,61,191,0.35782136051034885,0.5697479248046875,sparse,2,3.0,0.08014233165132201,-0.0002899169921875,4.071004942811263,0.0,1.0
C_sparse_d50_featq2,4000,200,50,0.41169047228226757,0.0248698690690196,0.5657958984375,0.03261039923286518,0.5475823790750027,0.008490310485973592,59,192,0.35782136051034885,0.5697479248046875,sparse,2,3.0,0.05386911177191872,-0.0039520263671875,4.253752552507415,0.0,1.0
C_sparse_d50_featq2,4000,200,50,0.4275067800649205,0.023993475209001074,0.5567626953125,0.03261878897996006,0.5745904550607025,0.009013601910733145,69,193,0.35782136051034885,0.5697479248046875,sparse,2,3.0,0.06968541955457164,-0.0129852294921875,4.255941578076655,0.0,1.0
C_sparse_d50_featq2,4000,200,50,0.4116982357662421,0.02400464628220465,0.5589599609375,0.030230177593966755,0.5556888720690297,0.008140402339739687,57,194,0.35782136051034885,0.5697479248046875,sparse,2,3.0,0.05387687525589324,-0.0107879638671875,3.655454549451078,0.0,1.0
C_sparse_d50_featq2,4000,200,50,0.4280801857838611,0.026136475375038565,0.5921630859375,0.03873503108511445,0.5313417671048382,0.007983770599256576,69,195,0.35782136051034885,0.5697479248046875,sparse,2,3.0,0.07025882527351224,0.0224151611328125,6.001610532659132,0.0,1.0
C_sparse_d50_featq2,4000,200,50,0.41519450449650624,0.025785278299170537,0.592529296875,0.03519438868138193,0.4802181055937892,0.00782361381677799,64,196,0.35782136051034885,0.5697479248046875,sparse,2,3.0,0.05737314398615739,0.0227813720703125,4.954579978624738,0.0,1.0
C_sparse_d50_featq2,4000,200,50,0.42730127015168456,0.025240293133329737,0.5767822265625,0.03304922785782133,0.5592759717057657,0.008574515658232178,67,197,0.35782136051034885,0.5697479248046875,sparse,2,3.0,0.06947990964133571,0.0070343017578125,4.369005847992773,0.0,1.0
C_sparse_d50_featq2,4000,200,50,0.38342562228837174,0.02318359638604144,0.550048828125,0.033026589195629126,0.5010837140769681,0.007980121597829664,62,198,0.35782136051034885,0.5697479248046875,sparse,2,3.0,0.025604261778022885,-0.0196990966796875,4.363022375587386,1.0,1.0
C_sparse_d50_featq2,4000,200,50,0.42297590362893017,0.024787751425961704,0.5843505859375,0.03099587682335813,0.486474053838925,0.007930939931483354,53,199,0.35782136051034885,0.5697479248046875,sparse,2,3.0,0.06515454311858132,0.0146026611328125,3.842977520195159,0.0,1.0
C_sparse_d50_featq1,4000,200,50,0.42372130946342923,0.02334062166609128,0.5860595703125,0.02449524492274412,0.44613806730097544,0.007652092390467633,46,0,0.35782136051034885,0.5697479248046875,sparse,1,3.0,0.06589994895308038,0.0163116455078125,2.4000680953008864,0.0,1.0
C_sparse_d50_featq1,4000,200,50,0.37951129453354204,0.022819711321450307,0.5723876953125,0.031604672641335756,0.4137931189087858,0.007112437501223144,68,1,0.35782136051034885,0.5697479248046875,sparse,1,3.0,0.02168993402319319,0.0026397705078125,3.995421331063987,1.0,1.0
C_sparse_d50_featq1,4000,200,50,0.4160725830163744,0.022023510305546817,0.5758056640625,0.02568650216137046,0.4062327703549911,0.007967932629613754,62,2,0.35782136051034885,0.5697479248046875,sparse,1,3.0,0.058251222506025546,0.0060577392578125,2.639185573144357,0.0,1.0
C_sparse_d50_featq1,4000,200,50,0.35665292040766594,0.02264863380981966,0.564697265625,0.03592007128088852,0.36732480477857177,0.007023744420137533,64,3,0.35782136051034885,0.5697479248046875,sparse,1,3.0,-0.0011684401026829105,-0.0050506591796875,5.161006083296449,1.0,1.0
C_sparse_d50_featq1,4000,200,50,0.3896319909203786,0.023226371340792307,0.580810546875,0.03054732992237211,0.4266026527155518,0.007548450010913654,65,4,0.35782136051034885,0.5697479248046875,sparse,1,3.0,0.03181063041002974,0.0110626220703125,3.732557461545002,1.0,1.0
C_sparse_d50_featq1,4000,200,50,0.3911320225918328,0.02250924387224773,0.5792236328125,0.029816280391615498,0.4376268255417374,0.00760283334944369,59,5,0.35782136051034885,0.5697479248046875,sparse,1,3.0,0.03331066208148392,0.0094757080078125,3.556042305565739,1.0,1.0
C_sparse_d50_featq1,4000,200,50,0.4050534194698493,0.022416642401930864,0.5723876953125,0.030117227266539183,0.45461394052433735,0.008051828604698736,64,6,0.35782136051034885,0.5697479248046875,sparse,1,3.0,0.047232058959500445,0.0026397705078125,3.628189512897485,0.0,1.0
C_sparse_d50_featq1,4000,200,50,0.4323817238325701,0.024098306039276096,0.5767822265625,0.03062714917704129,0.5045765276760733,0.008410342712396221,71,7,0.35782136051034885,0.5697479248046875,sparse,1,3.0,0.07456036332222127,0.0070343017578125,3.752089066850964,0.0,1.0
C_sparse_d50_featq1,4000,200,50,0.38860889161500345,0.021787950081100113,0.5345458984375,0.0268761468729388,0.426426668046253,0.008124920140893348,50,8,0.35782136051034885,0.5697479248046875,sparse,1,3.0,0.030787531104654597,-0.0352020263671875,2.8893090829431127,1.0,1.0
C_sparse_d50_featq1,4000,200,50,0.3972924133305218,0.022455504584497934,0.56494140625,0.026890634557261636,0.37410597980865157,0.007890318073908126,51,9,0.35782136051034885,0.5697479248046875,sparse,1,3.0,0.039471052820172936,-0.0048065185546875,2.892424907568775,1.0,1.0
C_sparse_d50_featq1,4000,200,50,0.3829305233722945,0.027984331453852544,0.5806884765625,0.032687212121805344,0.558944564935655,0.007387917897937888,51,10,0.35782136051034885,0.5697479248046875,sparse,1,3.0,0.025109162861945644,0.0109405517578125,4.273815345183593,1.0,1.0
C_sparse_d50_featq1,4000,200,50,0.3551532506390678,0.022681222098267045,0.5723876953125,0.03902699510915167,0.4160000443279504,0.007141922563113388,75,11,0.35782136051034885,0.5697479248046875,sparse,1,3.0,-0.002668109871281077,0.0026397705078125,6.092425388998993,1.0,1.0
C_sparse_d50_featq1,4000,200,50,0.39575550285586647,0.023981895314833475,0.55029296875,0.028760437849951106,0.5008003500214805,0.008193206588538922,51,12,0.35782136051034885,0.5697479248046875,sparse,1,3.0,0.03793414234551762,-0.0194549560546875,3.308651141283601,1.0,1.0
C_sparse_d50_featq1,4000,200,50,0.35347588138640235,0.022106878514182603,0.5484619140625,0.032589620353620785,0.43770319374677485,0.0072813292613050605,63,13,0.35782136051034885,0.5697479248046875,sparse,1,3.0,-0.004345479123946505,-0.0212860107421875,4.248333419172537,1.0,1.0
C_sparse_d50_featq1,4000,200,50,0.449183347638835,0.02602042088350029,0.6240234375,0.03180322627240384,0.44621013970824486,0.0076243888839730226,56,14,0.35782136051034885,0.5697479248046875,sparse,1,3.0,0.09136198712848614,0.0542755126953125,4.045780805334871,0.0,1.0
C_sparse_d50_featq1,4000,200,50,0.4065188679462741,0.024986357133917243,0.5526123046875,0.037510922326347736,0.4514147014248277,0.008195490237853889,71,15,0.35782136051034885,0.5697479248046875,sparse,1,3.0,0.04869750743592527,-0.0171356201171875,5.628277175093172,1.0,1.0
C_sparse_d50_featq1,4000,200,50,0.451783621777616,0.03343089006931747,0.6285400390625,0.033107728425825246,0.6317214669367914,0.008074212941261115,50,16,0.35782136051034885,0.5697479248046875,sparse,1,3.0,0.09396226126726714,0.0587921142578125,4.3844867260727876,0.0,1.0
C_sparse_d50_featq1,4000,200,50,0.3760544725719339,0.02722671146563902,0.5626220703125,0.03512514504603797,0.5481058715472442,0.007293900183771756,54,17,0.35782136051034885,0.5697479248046875,sparse,1,3.0,0.018233112061585066,-0.0071258544921875,4.935103258020822,1.0,1.0
C_sparse_d50_featq1,4000,200,50,0.4450003045461288,0.02568402456324716,0.5762939453125,0.030249378596356794,0.4650929283565037,0.008287904513042876,67,18,0.35782136051034885,0.5697479248046875,sparse,1,3.0,0.08717894403577997,0.0065460205078125,3.660099621862914,0.0,1.0
C_sparse_d50_featq1,4000,200,50,0.36359359906658767,0.022340661533830953,0.5859375,0.032894586956119416,0.41913319895083695,0.0068964162416919675,66,19,0.35782136051034885,0.5697479248046875,sparse,1,3.0,0.005772238556238818,0.0161895751953125,4.328215404054807,1.0,1.0
C_sparse_d50_featq1,4000,200,50,0.3973135801967709,0.025239995645618615,0.5797119140625,0.0347848779935024,0.4539892609489854,0.007660520157344524,61,20,0.35782136051034885,0.5697479248046875,sparse,1,3.0,0.039492219686422025,0.0099639892578125,4.839950948091389,1.0,1.0
C_sparse_d50_featq1,4000,200,50,0.38202969113433105,0.0225146644289347,0.555908203125,0.02677816993499391,0.42792225864617983,0.0077236671996542,56,21,0.35782136051034885,0.5697479248046875,sparse,1,3.0,0.0242083306239822,-0.0138397216796875,2.868281540269647,1.0,1.0
C_sparse_d50_featq1,4000,200,50,0.39630349494096495,0.026655900785943005,0.567138671875,0.03111224895563412,0.4817345269135667,0.007636277245043511,54,22,0.35782136051034885,0.5697479248046875,sparse,1,3.0,0.0384821344306161,-0.0026092529296875,3.8718881403094256,1.0,1.0
C_sparse_d50_featq1,4000,200,50,0.4030687085693385,0.023559017926144465,0.548095703125,0.029489299766139093,0.4875844670603847,0.0083957231448939,64,23,0.35782136051034885,0.5697479248046875,sparse,1,3.0,0.04524734805898967,-0.0216522216796875,3.478475202788845,1.0,1.0
C_sparse_d50_featq1,4000,200,50,0.44023583715315473,0.025470565094807874,0.5718994140625,0.03720216582257999,0.40262404798217466,0.008260440520007106,80,24,0.35782136051034885,0.5697479248046875,sparse,1,3.0,0.08241447664280588,0.0021514892578125,5.536004567562956,0.0,1.0
C_sparse_d50_featq1,4000,200,50,0.3818264957822892,0.022730546603617036,0.577880859375,0.028940156623741102,0.39493322010973303,0.007419728576749938,57,25,0.35782136051034885,0.5697479248046875,sparse,1,3.0,0.02400513527194037,0.0081329345703125,3.3501306616266637,1.0,1.0
C_sparse_d50_featq1,4000,200,50,0.33438141162442236,0.022476306899829136,0.506591796875,0.027418436184726017,0.4637270002840153,0.007866049014825672,56,26,0.35782136051034885,0.5697479248046875,sparse,1,3.0,-0.023439948885926487,-0.0631561279296875,3.007082571263572,1.0,0.0
C_sparse_d50_featq1,4000,200,50,0.3974374610856485,0.02400652334366403,0.5975341796875,0.03249077819729758,0.4062135156601433,0.0070254122005035426,57,27,0.35782136051034885,0.5697479248046875,sparse,1,3.0,0.03961610057529963,0.0277862548828125,4.222602671463951,1.0,1.0
C_sparse_d50_featq1,4000,200,50,0.36488338691404576,0.02209746166328802,0.559326171875,0.029550413697060806,0.38751064849399736,0.007168304118375411,59,28,0.35782136051034885,0.5697479248046875,sparse,1,3.0,0.007062026403696908,-0.0104217529296875,3.492907798669756,1.0,1.0
C_sparse_d50_featq1,4000,200,50,0.40642335592040696,0.024465420093731503,0.5799560546875,0.030168831627103803,0.4483989932573523,0.007679537406073482,62,29,0.35782136051034885,0.5697479248046875,sparse,1,3.0,0.04860199541005811,0.0102081298828125,3.6406336069781546,0.0,1.0
C_sparse_d50_featq1,4000,200,50,0.3942468229350862,0.023078728628598923,0.5810546875,0.027501930243335016,0.3854500273130108,0.007494890038818987,54,30,0.35782136051034885,0.5697479248046875,sparse,1,3.0,0.036425462424737376,0.0113067626953125,3.025424668437061,1.0,1.0
C_sparse_d50_featq1,4000,200,50,0.4195243454744355,0.02244272914063184,0.5789794921875,0.03720375799281797,0.4851584185434054,0.008112627829645693,85,31,0.35782136051034885,0.5697479248046875,sparse,1,3.0,0.06170298496408666,0.0092315673828125,5.536478435152668,0.0,1.0
C_sparse_d50_featq1,4000,200,50,0.38466942686315986,0.021426409447563764,0.5526123046875,0.026746677226500263,0.39692934014375336,0.008004631831601631,60,32,0.35782136051034885,0.5697479248046875,sparse,1,3.0,0.026848066352811006,-0.0171356201171875,2.8615389706343515,1.0,1.0
C_sparse_d50_featq1,4000,200,50,0.4272125582461286,0.02239901149159827,0.59130859375,0.03343725477132348,0.43535384414386513,0.007677577513508316,66,33,0.35782136051034885,0.5697479248046875,sparse,1,3.0,0.06939119773577973,0.0215606689453125,4.4722000265695785,0.0,1.0
C_sparse_d50_featq1,4000,200,50,0.4315070372285532,0.02484368296832106,0.5673828125,0.030034523145458833,0.45791093675453237,0.008500005562855701,60,34,0.35782136051034885,0.5697479248046875,sparse,1,3.0,0.07368567671820436,-0.0023651123046875,3.6082903223004097,0.0,1.0
C_sparse_d50_featq1,4000,200,50,0.38814187347495077,0.022210660843274863,0.5657958984375,0.03453045444743267,0.4306693963760247,0.007984075357842551,76,35,0.35782136051034885,0.5697479248046875,sparse,1,3.0,0.03032051296460192,-0.0039520263671875,4.769409137384891,1.0,1.0
C_sparse_d50_featq1,4000,200,50,0.3858507639011176,0.022730089193024883,0.5692138671875,0.028043031996211252,0.4161752475394129,0.007554955644074473,52,36,0.35782136051034885,0.5697479248046875,sparse,1,3.0,0.02802940339076876,-0.0005340576171875,3.1456465741621122,1.0,1.0
C_sparse_d50_featq1,4000,200,50,0.3878515121823902,0.022561154567239384,0.5633544921875,0.030112493494620557,0.41125748111885396,0.007559852843872889,62,37,0.35782136051034885,0.5697479248046875,sparse,1,3.0,0.030030151672041372,-0.0063934326171875,3.6270490578542613,1.0,1.0
C_sparse_d50_featq1,4000,200,50,0.4470045017175759,0.029654172187867554,0.6253662109375,0.040379417630312525,0.6642560701586403,0.007489244512854153,68,38,0.35782136051034885,0.5697479248046875,sparse,1,3.0,0.08918314120722703,0.0556182861328125,6.521989472652776,0.0,1.0
C_sparse_d50_featq1,4000,200,50,0.39959036947477167,0.022351060147592763,0.561767578125,0.027716921036832345,0.41771497238288385,0.007894004961554086,57,39,0.35782136051034885,0.5697479248046875,sparse,1,3.0,0.041769008964422816,-0.0079803466796875,3.0729108470479978,1.0,1.0
C_sparse_d50_featq1,4000,200,50,0.3637235518241782,0.02176243902301234,0.545654296875,0.03192327422751679,0.3971696718265863,0.007554033067184932,68,40,0.35782136051034885,0.5697479248046875,sparse,1,3.0,0.0059021913138293525,-0.0240936279296875,4.076381749620951,1.0,1.0
C_sparse_d50_featq1,4000,200,50,0.40970143378708246,0.02283740663458694,0.5770263671875,0.029491325863427408,0.3986789053430666,0.007917069456434635,63,41,0.35782136051034885,0.5697479248046875,sparse,1,3.0,0.05188007327673361,0.0072784423828125,3.4789532047314498,0.0,1.0
C_sparse_d50_featq1,4000,200,50,0.39262815512326815,0.02272513717587411,0.55615234375,0.02619403657189415,0.37709236688875436,0.007894326384450647,54,42,0.35782136051034885,0.5697479248046875,sparse,1,3.0,0.0348067946129193,-0.0135955810546875,2.744510207718913,1.0,1.0
C_sparse_d50_featq1,4000,200,50,0.4124447636873627,0.022210434272400912,0.5657958984375,0.02910258108228181,0.5006747902432527,0.008288679909414728,60,43,0.35782136051034885,0.5697479248046875,sparse,1,3.0,0.05462340317701386,-0.0039520263671875,3.387840902603148,0.0,1.0
C_sparse_d50_featq1,4000,200,50,0.4402900535868792,0.022033832922324876,0.57421875,0.02414644887380091,0.4371670772658792,0.008406752818551104,51,44,0.35782136051034885,0.5697479248046875,sparse,1,3.0,0.08246869307653037,0.0044708251953125,2.332203972860325,0.0,1.0
C_sparse_d50_featq1,4000,200,50,0.34889363753436586,0.022464715442848802,0.56103515625,0.028547345791956617,0.43429142970998436,0.00714013293805756,53,45,0.35782136051034885,0.5697479248046875,sparse,1,3.0,-0.008927722975982988,-0.0087127685546875,3.2598038070621724,1.0,1.0
C_sparse_d50_featq1,4000,200,50,0.6119984325941557,0.03968428140648778,0.7479248046875,0.03930743674300854,0.8426398691563523,0.007460674610267607,49,46,0.35782136051034885,0.5697479248046875,sparse,1,3.0,0.2541770720838068,0.1781768798828125,6.180298333222471,0.0,0.0
C_sparse_d50_featq1,4000,200,50,0.38296849311168735,0.023290335812278014,0.56982421875,0.031118275057104208,0.38865132858759915,0.007457002169042063,62,47,0.35782136051034885,0.5697479248046875,sparse,1,3.0,0.025147132601338495,7.62939453125e-05,3.873388170118375,1.0,1.0
C_sparse_d50_featq1,4000,200,50,0.4069420807881271,0.022450481753475856,0.5794677734375,0.03669833074504739,0.43718187182424123,0.007718687799633741,77,48,0.35782136051034885,0.5697479248046875,sparse,1,3.0,0.04912072027777825,0.0097198486328125,5.387069917891562,0.0,1.0
C_sparse_d50_featq1,4000,200,50,0.38774790112280055,0.02308300161650133,0.5888671875,0.03209978794193197,0.39902416998674684,0.007035653500534479,58,49,0.35782136051034885,0.5697479248046875,sparse,1,3.0,0.029926540612451702,0.0191192626953125,4.121585543668004,1.0,1.0
C_sparse_d50_featq1,4000,200,50,0.4098801314963485,0.0222544541219533,0.56494140625,0.022325451507527176,0.4385717652626325,0.00818796097842134,48,50,0.35782136051034885,0.5697479248046875,sparse,1,3.0,0.05205877098599965,-0.0048065185546875,1.99370314005979,0.0,1.0
C_sparse_d50_featq1,4000,200,50,0.40071151502504143,0.023991015956082544,0.58056640625,0.031236085992566092,0.4210875131998408,0.007572145528201981,55,51,0.35782136051034885,0.5697479248046875,sparse,1,3.0,0.04289015451469258,0.0108184814453125,3.9027722725399343,1.0,1.0
C_sparse_d50_featq1,4000,200,50,0.44125130456484224,0.030375593450212287,0.604248046875,0.03515163287963985,0.5799183230611116,0.007816199174454275,58,52,0.35782136051034885,0.5697479248046875,sparse,1,3.0,0.08342994405449339,0.0345001220703125,4.942549176419909,0.0,1.0
C_sparse_d50_featq1,4000,200,50,0.4546241306630927,0.02241873597498294,0.59912109375,0.028639026674480275,0.46893889505004066,0.008101103178877769,57,53,0.35782136051034885,0.5697479248046875,sparse,1,3.0,0.09680277015274386,0.0293731689453125,3.280775395446371,0.0,1.0
C_sparse_d50_featq1,4000,200,50,0.40254279100551926,0.023951114153379475,0.569580078125,0.02809070477459164,0.42595005666760893,0.007986065015826611,59,54,0.35782136051034885,0.5697479248046875,sparse,1,3.0,0.04472143049517041,-0.0001678466796875,3.156350778933062,1.0,1.0
C_sparse_d50_featq1,4000,200,50,0.41372542774426835,0.027635890894773685,0.58349609375,0.033354240203372736,0.5230044626519146,0.007713432445311219,55,55,0.35782136051034885,0.5697479248046875,sparse,1,3.0,0.0559040672339195,0.0137481689453125,4.450021358177144,0.0,1.0
C_sparse_d50_featq1,4000,200,50,0.3824635216417037,0.02243085888836774,0.5694580078125,0.027676055302717155,0.40436812753433926,0.007432294406339606,54,56,0.35782136051034885,0.5697479248046875,sparse,1,3.0,0.024642161131354867,-0.0002899169921875,3.0638561484762334,1.0,1.0
C_sparse_d50_featq1,4000,200,50,0.38246387327401843,0.02276029047637807,0.5594482421875,0.03140125403928469,0.3972428225360407,0.007775219595305234,61,57,0.35782136051034885,0.5697479248046875,sparse,1,3.0,0.024642512763669577,-0.0102996826171875,3.9441550209587724,1.0,1.0
C_sparse_d50_featq1,4000,200,50,0.42176914893484413,0.027468931387009187,0.5863037109375,0.02887952305702488,0.5389824472102055,0.00812389858361317,44,58,0.35782136051034885,0.5697479248046875,sparse,1,3.0,0.06394778842449528,0.0165557861328125,3.3361074080049264,0.0,1.0
C_sparse_d50_featq1,4000,200,50,0.4267520948798003,0.022770394714775988,0.5650634765625,0.026360564332697293,0.40839654724269064,0.008382274718953338,56,59,0.35782136051034885,0.5697479248046875,sparse,1,3.0,0.06893073436945146,-0.0046844482421875,2.7795174077530906,0.0,1.0
C_sparse_d50_featq1,4000,200,50,0.4050329806475734,0.022749962308581322,0.573974609375,0.03408068049782999,0.37842689901148346,0.007827302801305855,69,60,0.35782136051034885,0.5697479248046875,sparse,1,3.0,0.047211620137224575,0.0042266845703125,4.6459711327806765,0.0,1.0
C_sparse_d50_featq1,4000,200,50,0.3830832089697773,0.02248949905008949,0.5853271484375,0.03492652345004465,0.42378076753437294,0.007103871205644516,66,61,0.35782136051034885,0.5697479248046875,sparse,1,3.0,0.02526184845942847,0.0155792236328125,4.879448161226075,1.0,1.0
C_sparse_d50_featq1,4000,200,50,0.37189992100989666,0.022725561096986882,0.558837890625,0.024025403690100283,0.4280467757229148,0.007490164227783617,45,62,0.35782136051034885,0.5697479248046875,sparse,1,3.0,0.01407856049954781,-0.0109100341796875,2.3088800898891373,1.0,1.0
C_sparse_d50_featq1,4000,200,50,0.3995742211552245,0.02171306669485071,0.5513916015625,0.02801448644470711,0.3838022793195706,0.007918733854179587,62,63,0.35782136051034885,0.5697479248046875,sparse,1,3.0,0.041752860644875656,-0.0183563232421875,3.1392458030427135,1.0,1.0
C_sparse_d50_featq1,4000,200,50,0.38705118407986794,0.022481115867164655,0.5537109375,0.03350329535005413,0.3673581440022441,0.007544779321853413,65,64,0.35782136051034885,0.5697479248046875,sparse,1,3.0,0.029229823569519087,-0.0160369873046875,4.489883197251834,1.0,1.0
C_sparse_d50_featq1,4000,200,50,0.3923407066493122,0.023206361945823532,0.57763671875,0.03232664430717859,0.4327449043331031,0.007448871947153113,65,65,0.35782136051034885,0.5697479248046875,sparse,1,3.0,0.03451934613896335,0.0078887939453125,4.180047728651368,1.0,1.0
C_sparse_d50_featq1,4000,200,50,0.4355588081195043,0.026487374440058775,0.560546875,0.026521930875355877,0.5724048897394326,0.008710985332943589,47,66,0.35782136051034885,0.5697479248046875,sparse,1,3.0,0.07773744760915546,-0.0092010498046875,2.8136512694286213,0.0,1.0
C_sparse_d50_featq1,4000,200,50,0.36250826056576335,0.021917804343472416,0.5550537109375,0.024685075734560052,0.4522355747811693,0.007669635722943914,48,67,0.35782136051034885,0.5697479248046875,sparse,1,3.0,0.0046869000554145,-0.0146942138671875,2.437411856083862,1.0,1.0
C_sparse_d50_featq1,4000,200,50,0.42408727069759455,0.02252778257406658,0.59130859375,0.02529374894798931,0.41918635282072964,0.00766491521413542,54,68,0.35782136051034885,0.5697479248046875,sparse,1,3.0,0.0662659101872457,0.0215606689453125,2.559094943375641,0.0,1.0
C_sparse_d50_featq1,4000,200,50,0.493355743330926,0.02980873607551098,0.6126708984375,0.03317307503116797,0.6345240261908954,0.008477006021188184,53,69,0.35782136051034885,0.5697479248046875,sparse,1,3.0,0.13553438282057717,0.0429229736328125,4.4018116280939985,0.0,1.0
C_sparse_d50_featq1,4000,200,50,0.4008862077525747,0.025332078206252755,0.580322265625,0.02455881384468744,0.40920908484838175,0.007695411778673819,42,70,0.35782136051034885,0.5697479248046875,sparse,1,3.0,0.04306484724222587,0.0105743408203125,2.412541349832046,1.0,1.0
C_sparse_d50_featq1,4000,200,50,0.37772001403313804,0.022311116917103958,0.5662841796875,0.0276107276655253,0.4228669007287567,0.007534059657292531,56,71,0.35782136051034885,0.5697479248046875,sparse,1,3.0,0.01989865352278919,-0.0034637451171875,3.0494091288792164,1.0,1.0
C_sparse_d50_featq1,4000,200,50,0.3896946297531788,0.02346460314284407,0.55859375,0.03091386205833422,0.4508612014670919,0.007854305899488762,61,72,0.35782136051034885,0.5697479248046875,sparse,1,3.0,0.03187326924282996,-0.0111541748046875,3.822667469446864,1.0,1.0
C_sparse_d50_featq1,4000,200,50,0.4156230907021361,0.02257584885648542,0.55908203125,0.026353745194878094,0.4142075611257045,0.008267863261326168,56,73,0.35782136051034885,0.5697479248046875,sparse,1,3.0,0.05780173019178725,-0.0106658935546875,2.778079543186241,0.0,1.0
C_sparse_d50_featq1,4000,200,50,0.392918495125397,0.023235320413567295,0.55029296875,0.026681048564790238,0.4158408077357652,0.008103331122164013,55,74,0.35782136051034885,0.5697479248046875,sparse,1,3.0,0.03509713461504815,-0.0194549560546875,2.8475134100667807,1.0,1.0
C_sparse_d50_featq1,4000,200,50,0.3871963479054419,0.02453040537882671,0.572021484375,0.033532131207019374,0.5042596480939081,0.007624729106098582,57,75,0.35782136051034885,0.5697479248046875,sparse,1,3.0,0.029374987395093033,0.0022735595703125,4.4976152931390505,1.0,1.0
C_sparse_d50_featq1,4000,200,50,0.46423491446308407,0.023710562239948656,0.646484375,0.030876979451166176,0.4440266647084354,0.00739522936510976,61,76,0.35782136051034885,0.5697479248046875,sparse,1,3.0,0.10641355395273522,0.0767364501953125,3.813551440110953,0.0,0.0
C_sparse_d50_featq1,4000,200,50,0.4558567436289309,0.02746853439117821,0.58447265625,0.03521914980427239,0.5394423734431343,0.008250555066615118,62,77,0.35782136051034885,0.5697479248046875,sparse,1,3.0,0.09803538311858206,0.0147247314453125,4.96155405174312,0.0,1.0
C_sparse_d50_featq1,4000,200,50,0.41929283652194255,0.02516855802995886,0.588134765625,0.027141673068331037,0.47800131046527844,0.008031625429492453,48,78,0.35782136051034885,0.5697479248046875,sparse,1,3.0,0.061471476011593695,0.0183868408203125,2.9466816677926655,0.0,1.0
C_sparse_d50_featq1,4000,200,50,0.36425695914989514,0.021820880280955933,0.5379638671875,0.02875421236282926,0.3913748504722523,0.007681222033298262,57,79,0.35782136051034885,0.5697479248046875,sparse,1,3.0,0.006435598639546292,-0.0317840576171875,3.3072189144267323,1.0,1.0
C_sparse_d50_featq1,4000,200,50,0.36218424791028225,0.02257815703459733,0.5526123046875,0.03153386934521994,0.43121173508416016,0.007579917484296463,68,80,0.35782136051034885,0.5697479248046875,sparse,1,3.0,0.004362887399933402,-0.0171356201171875,3.977539663525608,1.0,1.0
C_sparse_d50_featq1,4000,200,50,0.376906391510207,0.02221155204179274,0.571533203125,0.021633769364840145,0.4143882161704663,0.007601319196113656,40,81,0.35782136051034885,0.5697479248046875,sparse,1,3.0,0.019085030999858144,0.0017852783203125,1.872079907724384,1.0,1.0
C_sparse_d50_featq1,4000,200,50,0.35412342149221077,0.022178454792325802,0.544677734375,0.031155383937474683,0.40039253930909874,0.007643772705039279,58,82,0.35782136051034885,0.5697479248046875,sparse,1,3.0,-0.0036979390181380856,-0.0250701904296875,3.882631793165822,1.0,1.0
C_sparse_d50_featq1,4000,200,50,0.37984984435899494,0.022266729598020438,0.5511474609375,0.02221763212425156,0.4124669341152696,0.007717882520770692,39,83,0.35782136051034885,0.5697479248046875,sparse,1,3.0,0.022028483848646085,-0.0186004638671875,1.9744927088342998,1.0,1.0
C_sparse_d50_featq1,4000,200,50,0.4078911688406922,0.023504678566372762,0.577880859375,0.025288087101617167,0.45030639225093644,0.007820735714580088,47,84,0.35782136051034885,0.5697479248046875,sparse,1,3.0,0.05006980833034336,0.0081329345703125,2.557949397035906,0.0,1.0
C_sparse_d50_featq1,4000,200,50,0.43149665332658765,0.02317389932539001,0.5819091796875,0.02786444226280348,0.4413267244619753,0.008094259712280146,61,85,0.35782136051034885,0.5697479248046875,sparse,1,3.0,0.0736752928162388,0.0121612548828125,3.105708570468435,0.0,1.0
C_sparse_d50_featq1,4000,200,50,0.42746372966148116,0.024936460988694776,0.59814453125,0.02540174323093361,0.44071522056574053,0.00762805787486436,47,86,0.35782136051034885,0.5697479248046875,sparse,1,3.0,0.06964236915113231,0.0283966064453125,2.580994236681126,0.0,1.0
C_sparse_d50_featq1,4000,200,50,0.4149075969901393,0.02283504304220898,0.585205078125,0.03107388268439285,0.3855501117815487,0.007642755029450755,63,87,0.35782136051034885,0.5697479248046875,sparse,1,3.0,0.05708623647979044,0.0154571533203125,3.8623447403336386,0.0,1.0
C_sparse_d50_featq1,4000,200,50,0.4300116159484862,0.022732766815335762,0.552734375,0.030011175280450577,0.41875448556298395,0.008350695738958447,65,88,0.35782136051034885,0.5697479248046875,sparse,1,3.0,0.07219025543813734,-0.0170135498046875,3.602682566855711,0.0,1.0
C_sparse_d50_featq1,4000,200,50,0.391537896302316,0.023154004339817784,0.5654296875,0.02827002621858532,0.3934700785151849,0.007714593822691874,54,89,0.35782136051034885,0.5697479248046875,sparse,1,3.0,0.03371653579196715,-0.0043182373046875,3.196777529598006,1.0,1.0
C_sparse_d50_featq1,4000,200,50,0.4382395004791275,0.02478843157505503,0.5887451171875,0.031599370746129986,0.47191274208580275,0.008169764400826214,59,90,0.35782136051034885,0.5697479248046875,sparse,1,3.0,0.08041813996877867,0.0189971923828125,3.994080926205502,0.0,1.0
C_sparse_d50_featq1,4000,200,50,0.38379515985547774,0.02289602604511999,0.5648193359375,0.03238443254662589,0.40917138332656366,0.007529831283148095,62,91,0.35782136051034885,0.5697479248046875,sparse,1,3.0,0.02597379934512889,-0.0049285888671875,4.1950058854678485,1.0,1.0
C_sparse_d50_featq1,4000,200,50,0.35741921718335984,0.02222357387272488,0.5413818359375,0.03377645324108419,0.4061638959891286,0.007536931453218038,62,92,0.35782136051034885,0.5697479248046875,sparse,1,3.0,-0.0004021433269890129,-0.0283660888671875,4.563395174188588,1.0,1.0
C_sparse_d50_featq1,4000,200,50,0.3754452044824168,0.022764418094624143,0.539794921875,0.02827925364094677,0.4177874312831393,0.007851955890764659,53,93,0.35782136051034885,0.5697479248046875,sparse,1,3.0,0.017623843972067954,-0.0299530029296875,3.1988647459560045,1.0,1.0
C_sparse_d50_featq1,4000,200,50,0.40416172930488015,0.025259478443938558,0.584716796875,0.027972069508504442,0.42286632980974337,0.007752358595934012,50,94,0.35782136051034885,0.5697479248046875,sparse,1,3.0,0.046340368794531295,0.0149688720703125,3.1297466903544158,1.0,1.0
C_sparse_d50_featq1,4000,200,50,0.43537825763370874,0.025382705599841418,0.619384765625,0.033890863730798505,0.4657810568539996,0.007436088322971796,57,95,0.35782136051034885,0.5697479248046875,sparse,1,3.0,0.07755689712335989,0.0496368408203125,4.594362577678215,0.0,1.0
C_sparse_d50_featq1,4000,200,50,0.6763202972656516,0.043934906732141975,0.7637939453125,0.043906046495062245,1.0154937294995532,0.007838594138671032,50,96,0.35782136051034885,0.5697479248046875,sparse,1,3.0,0.3184989367553027,0.1940460205078125,7.710963675306271,0.0,0.0
C_sparse_d50_featq1,4000,200,50,0.4307747277588111,0.023184247521417272,0.5906982421875,0.02924860203285696,0.4185078518733458,0.007834438532724577,63,97,0.35782136051034885,0.5697479248046875,sparse,1,3.0,0.07295336724846224,0.0209503173828125,3.421922883505777,0.0,1.0
C_sparse_d50_featq1,4000,200,50,0.41133366216320644,0.024971473539398072,0.58056640625,0.0306868940053272,0.4625448517092779,0.007809990372405245,61,98,0.35782136051034885,0.5697479248046875,sparse,1,3.0,0.053512301652857586,0.0108184814453125,3.7667418547767455,0.0,1.0
C_sparse_d50_featq1,4000,200,50,0.353505999126699,0.021857549168528723,0.5382080078125,0.026711730356683127,0.45557599259500375,0.00786138412954057,53,99,0.35782136051034885,0.5697479248046875,sparse,1,3.0,-0.004315361383649852,-0.0315399169921875,2.8540661545925876,1.0,1.0
C_sparse_d50_featq1,4000,200,50,0.42089966545793334,0.023325359076597954,0.6043701171875,0.026247059203960275,0.45017213293871194,0.007698264607612525,53,100,0.35782136051034885,0.5697479248046875,sparse,1,3.0,0.06307830494758448,0.0346221923828125,2.755632467424783,0.0,1.0
C_sparse_d50_featq1,4000,200,50,0.3807995914647548,0.021611119615461197,0.559814453125,0.029875457187815424,0.40567508812694647,0.007809114350472779,60,101,0.35782136051034885,0.5697479248046875,sparse,1,3.0,0.02297823095440593,-0.0099334716796875,3.570171768723969,1.0,1.0
C_sparse_d50_featq1,4000,200,50,0.3772501499869195,0.02174076981167586,0.5440673828125,0.025673801706303876,0.3941852710168363,0.007793248421703666,53,102,0.35782136051034885,0.5697479248046875,sparse,1,3.0,0.019428789476570674,-0.0256805419921875,2.6365763762184473,1.0,1.0
C_sparse_d50_featq1,4000,200,50,0.3597218961648383,0.02084683839489088,0.536376953125,0.025385459100453648,0.3941163535911754,0.007471378449267967,48,103,0.35782136051034885,0.5697479248046875,sparse,1,3.0,0.0019005356544894436,-0.0333709716796875,2.57768613496322,1.0,1.0
C_sparse_d50_featq1,4000,200,50,0.40754226658242,0.02274756020610974,0.5723876953125,0.02400292903899214,0.3874346700042154,0.008052955492152148,51,104,0.35782136051034885,0.5697479248046875,sparse,1,3.0,0.049720906072071136,0.0026397705078125,2.304562409803568,0.0,1.0
C_sparse_d50_featq1,4000,200,50,0.43869170368920696,0.02195629795023801,0.572021484375,0.020909651951220864,0.39071843970718334,0.0082287213806482,44,105,0.35782136051034885,0.5697479248046875,sparse,1,3.0,0.0808703431788581,0.0022735595703125,1.7488541788847778,0.0,1.0
C_sparse_d50_featq1,4000,200,50,0.44240915793910046,0.023567327029036574,0.6055908203125,0.02647319137502644,0.48777738385447555,0.008270097144407306,58,106,0.35782136051034885,0.5697479248046875,sparse,1,3.0,0.08458779742875161,0.0358428955078125,2.803319446315097,0.0,1.0
C_sparse_d50_featq1,4000,200,50,0.3971039433942988,0.023035584142037723,0.5611572265625,0.02859534413411269,0.4413519565870381,0.007959261330500745,65,107,0.35782136051034885,0.5697479248046875,sparse,1,3.0,0.039282582883949924,-0.0085906982421875,3.2707748245933326,1.0,1.0
C_sparse_d50_featq1,4000,200,50,0.3511821978502311,0.022874423686630275,0.5618896484375,0.03161037755170675,0.43052412445275456,0.006902156650970435,54,108,0.35782136051034885,0.5697479248046875,sparse,1,3.0,-0.00663916266011777,-0.0078582763671875,3.9968638758457846,1.0,1.0
C_sparse_d50_featq1,4000,200,50,0.3901261398766158,0.024532586801884554,0.578125,0.03323778050288336,0.40510650078717986,0.0073505424857623234,62,109,0.35782136051034885,0.5697479248046875,sparse,1,3.0,0.03230477936626697,0.0083770751953125,4.419000211031413,1.0,1.0
C_sparse_d50_featq1,4000,200,50,0.3987162296333785,0.02247814508315214,0.56396484375,0.027853389602961156,0.4394656065446219,0.007971881886621993,63,110,0.35782136051034885,0.5697479248046875,sparse,1,3.0,0.04089486912302964,-0.0057830810546875,3.1032452494973786,1.0,1.0
C_sparse_d50_featq1,4000,200,50,0.4198975474824366,0.023644995142125425,0.5838623046875,0.029271948613162763,0.43338757846952164,0.008053945483589576,62,111,0.35782136051034885,0.5697479248046875,sparse,1,3.0,0.06207618697208772,0.0141143798828125,3.4273879024465654,0.0,1.0
C_sparse_d50_featq1,4000,200,50,0.4106329657186159,0.023307641675664802,0.5673828125,0.02877238046297495,0.4554746970510758,0.00809084446714415,57,112,0.35782136051034885,0.5697479248046875,sparse,1,3.0,0.052811605208267054,-0.0023651123046875,3.31139951002473,0.0,1.0
C_sparse_d50_featq1,4000,200,50,0.37862440227100624,0.022791435392748895,0.5748291015625,0.02996446375495677,0.39247523994853095,0.007331533767294356,60,113,0.35782136051034885,0.5697479248046875,sparse,1,3.0,0.020803041760657393,0.0050811767578125,3.5914763524884723,1.0,1.0
C_sparse_d50_featq1,4000,200,50,0.4124909751428154,0.02414808983611295,0.574462890625,0.02451574227134921,0.40478488579086463,0.008030191005581675,52,114,0.35782136051034885,0.5697479248046875,sparse,1,3.0,0.05466961463246656,0.0047149658203125,2.4040864764608743,0.0,1.0
C_sparse_d50_featq1,4000,200,50,0.4134525230398618,0.023274857912615105,0.5701904296875,0.025245067076207117,0.4608252958808999,0.008254161880421522,56,115,0.35782136051034885,0.5697479248046875,sparse,1,3.0,0.055631162529512945,0.0004425048828125,2.549253646728786,0.0,1.0
C_sparse_d50_featq1,4000,200,50,0.3404871203767381,0.021403380946310075,0.5576171875,0.033456539127889234,0.3958386089199277,0.006914421597783214,56,116,0.35782136051034885,0.5697479248046875,sparse,1,3.0,-0.017334240133610734,-0.0121307373046875,4.477360041663934,1.0,1.0
C_sparse_d50_featq1,4000,200,50,0.5005136758965054,0.026777493560280877,0.6114501953125,0.02599148807088968,0.523607089259103,0.009174183822032866,55,117,0.35782136051034885,0.5697479248046875,sparse,1,3.0,0.14269231538615657,0.0417022705078125,2.7022298085568024,0.0,1.0
C_sparse_d50_featq1,4000,200,50,0.43022068231544497,0.022783302206324175,0.56884765625,0.022122330632257513,0.41724826393114656,0.008286867033588996,42,118,0.35782136051034885,0.5697479248046875,sparse,1,3.0,0.07239932180509612,-0.0009002685546875,1.9575900504116766,0.0,1.0
C_sparse_d50_featq1,4000,200,50,0.38322437544007387,0.02224701746890205,0.5565185546875,0.025817842922143036,0.4290256078508865,0.007426997254804144,51,119,0.35782136051034885,0.5697479248046875,sparse,1,3.0,0.02540301492972502,-0.0132293701171875,2.666244052609805,1.0,1.0
C_sparse_d50_featq1,4000,200,50,0.38034897014117164,0.023368182617038852,0.553466796875,0.024281002732994682,0.41301128310691226,0.007693463880072392,44,120,0.35782136051034885,0.5697479248046875,sparse,1,3.0,0.022527609630822787,-0.0162811279296875,2.358268374878781,1.0,1.0
C_sparse_d50_featq1,4000,200,50,0.4001406377580237,0.025828286182873698,0.5826416015625,0.033077347397157196,0.4731043722787709,0.007584851589770699,48,121,0.35782136051034885,0.5697479248046875,sparse,1,3.0,0.04231927724767487,0.0128936767578125,4.376443643328887,1.0,1.0
C_sparse_d50_featq1,4000,200,50,0.40674662529287375,0.022448406671150865,0.562744140625,0.031474807134519056,0.4299983850318324,0.007874587324048906,69,122,0.35782136051034885,0.5697479248046875,sparse,1,3.0,0.0489252647825249,-0.0070037841796875,3.9626539366206863,0.0,1.0
C_sparse_d50_featq1,4000,200,50,0.41247725132510055,0.024101774459536006,0.579345703125,0.02548647676291875,0.4428354488444505,0.0078107644342062885,45,123,0.35782136051034885,0.5697479248046875,sparse,1,3.0,0.054655890814751695,0.0095977783203125,2.59824199114719,0.0,1.0
C_sparse_d50_featq1,4000,200,50,0.3642237532477214,0.023306020037165077,0.531982421875,0.03171159667774632,0.41424284132099637,0.007910648156838585,62,124,0.35782136051034885,0.5697479248046875,sparse,1,3.0,0.006402392737372531,-0.0377655029296875,4.0225014554082055,1.0,1.0
C_sparse_d50_featq1,4000,200,50,0.4667728311568612,0.02315231307062294,0.6094970703125,0.026368273737045946,0.4096420260339878,0.008046988225049552,58,125,0.35782136051034885,0.5697479248046875,sparse,1,3.0,0.10895147064651234,0.0397491455078125,2.7811434394871477,0.0,1.0
C_sparse_d50_featq1,4000,200,50,0.4166119862390245,0.023102423517802895,0.5614013671875,0.028117675047302917,0.48950820471199546,0.008515626597861094,60,126,0.35782136051034885,0.5697479248046875,sparse,1,3.0,0.05879062572867566,-0.0083465576171875,3.1624146002628843,0.0,1.0
C_sparse_d50_featq1,4000,200,50,0.43020850199646865,0.022339451032238274,0.5828857421875,0.028605624660284497,0.4006928077265512,0.007926647875030803,59,127,0.35782136051034885,0.5697479248046875,sparse,1,3.0,0.0723871414861198,0.0131378173828125,3.273127048820306,0.0,1.0
C_sparse_d50_featq1,4000,200,50,0.4387172387445649,0.025149382570674263,0.6033935546875,0.02865467848053184,0.4303765128235626,0.007953153219275852,50,128,0.35782136051034885,0.5697479248046875,sparse,1,3.0,0.08089587823421607,0.0336456298828125,3.284362395290618,0.0,1.0
C_sparse_d50_featq1,4000,200,50,0.4238732035135067,0.028041010239082714,0.5860595703125,0.029709902729216798,0.5984695435475308,0.008119024787742367,52,129,0.35782136051034885,0.5697479248046875,sparse,1,3.0,0.06605184300315786,0.0163116455078125,3.530713280718095,0.0,1.0
C_sparse_d50_featq1,4000,200,50,0.44649221451487153,0.029172201919468007,0.58154296875,0.03412270234835392,0.6134688669262516,0.008426904763330146,65,130,0.35782136051034885,0.5697479248046875,sparse,1,3.0,0.08867085400452268,0.0117950439453125,4.657435262217432,0.0,1.0
C_sparse_d50_featq1,4000,200,50,0.403802088719833,0.022813288078718342,0.558349609375,0.03210561020655238,0.4416951043666689,0.008140576895742574,70,131,0.35782136051034885,0.5697479248046875,sparse,1,3.0,0.04598072820948412,-0.0113983154296875,4.123080826940321,0.0,1.0
C_sparse_d50_featq1,4000,200,50,0.3460092892497015,0.022253346234490188,0.5245361328125,0.028575946375050305,0.4346306575658974,0.007696549290977873,53,132,0.35782136051034885,0.5697479248046875,sparse,1,3.0,-0.011812071260647372,-0.0452117919921875,3.2663388449190025,1.0,1.0
C_sparse_d50_featq1,4000,200,50,0.42997440467141523,0.02464181889037665,0.599609375,0.027376934452356224,0.4687896489536917,0.008232893976416597,55,133,0.35782136051034885,0.5697479248046875,sparse,1,3.0,0.07215304416106638,0.0298614501953125,2.997986160034437,0.0,1.0
C_sparse_d50_featq1,4000,200,50,0.4749283514347521,0.030501554919140205,0.64501953125,0.040053234119247785,0.6677080903824876,0.007798398520801759,65,134,0.35782136051034885,0.5697479248046875,sparse,1,3.0,0.11710699092440324,0.0752716064453125,6.4170462536451,0.0,1.0
C_sparse_d50_featq1,4000,200,50,0.4123236913806947,0.023011365508496237,0.5828857421875,0.029007867585217534,0.3691782577673191,0.007703972828063775,65,135,0.35782136051034885,0.5697479248046875,sparse,1,3.0,0.05450233087034584,0.0131378173828125,3.3658255273660567,0.0,1.0
C_sparse_d50_featq1,4000,200,50,0.3764408324410293,0.021718677640340918,0.5557861328125,0.024439853423672046,0.37185675200160195,0.007740504683526337,52,136,0.35782136051034885,0.5697479248046875,sparse,1,3.0,0.018619471930680476,-0.0139617919921875,2.389225741482297,1.0,1.0
C_sparse_d50_featq1,4000,200,50,0.3885256882146313,0.022373287585012395,0.5784912109375,0.027971786848894602,0.39288073025677445,0.007423606135248677,57,137,0.35782136051034885,0.5697479248046875,sparse,1,3.0,0.03070432770428244,0.0087432861328125,3.1296834380799723,1.0,1.0
C_sparse_d50_featq1,4000,200,50,0.37615958155045737,0.022650289486699497,0.5792236328125,0.03448173945023587,0.3817884535282526,0.007141999456415592,70,138,0.35782136051034885,0.5697479248046875,sparse,1,3.0,0.018338221040108516,0.0094757080078125,4.75596142205581,1.0,1.0
C_sparse_d50_featq1,4000,200,50,0.6486410420034717,0.04075002094585008,0.72021484375,0.04476983412992465,0.9330343394174361,0.008472129856811618,62,139,0.35782136051034885,0.5697479248046875,sparse,1,3.0,0.2908196814931229,0.1504669189453125,8.017352192083864,0.0,0.0
C_sparse_d50_featq1,4000,200,50,0.5204652806973679,0.030099766056592973,0.632080078125,0.026644230096090685,0.6455720580211289,0.008397018580395089,35,140,0.35782136051034885,0.5697479248046875,sparse,1,3.0,0.162643920187019,0.0623321533203125,2.8396599896536983,0.0,0.0
C_sparse_d50_featq1,4000,200,50,0.40136712391724905,0.022902859937192047,0.5889892578125,0.02996506006097449,0.42829746346264264,0.007553543079513525,59,141,0.35782136051034885,0.5697479248046875,sparse,1,3.0,0.043545763406900195,0.0192413330078125,3.5916192978312345,1.0,1.0
C_sparse_d50_featq1,4000,200,50,0.402453188196495,0.023581743960906818,0.5880126953125,0.027380830554588266,0.3960287016518755,0.007390143890805614,51,142,0.35782136051034885,0.5697479248046875,sparse,1,3.0,0.04463182768614615,0.0182647705078125,2.9988395274362976,1.0,1.0
C_sparse_d50_featq1,4000,200,50,0.4113292807048341,0.023051716522150684,0.5770263671875,0.032962622609128744,0.46896662379843995,0.007998154259049395,78,143,0.35782136051034885,0.5697479248046875,sparse,1,3.0,0.05350792019448525,0.0072784423828125,4.3461379570873815,0.0,1.0
C_sparse_d50_featq1,4000,200,50,0.44752805450735395,0.02510755883408771,0.6046142578125,0.025481853968626674,0.4286624218877034,0.008336056569745209,59,144,0.35782136051034885,0.5697479248046875,sparse,1,3.0,0.0897066939970051,0.0348663330078125,2.5972995267136603,0.0,1.0
C_sparse_d50_featq1,4000,200,50,0.3777610954116839,0.022118760271312505,0.5726318359375,0.029917814212544226,0.403268364398004,0.007372826452567411,65,145,0.35782136051034885,0.5697479248046875,sparse,1,3.0,0.01993973490133505,0.0028839111328125,3.580302429025253,1.0,1.0
C_sparse_d50_featq1,4000,200,50,0.39113018925033893,0.022546964472727516,0.5736083984375,0.03320822638949228,0.4103799582970475,0.007528084281340342,60,146,0.35782136051034885,0.5697479248046875,sparse,1,3.0,0.03330882873999008,0.0038604736328125,4.4111451997430855,1.0,1.0
C_sparse_d50_featq1,4000,200,50,0.43501388351552417,0.02197044547301996,0.578857421875,0.023331517201346987,0.40497689218475746,0.007997197803117662,43,147,0.35782136051034885,0.5697479248046875,sparse,1,3.0,0.07719252300517532,0.0091094970703125,2.1774387796670016,0.0,1.0
C_sparse_d50_featq1,4000,200,50,0.3690240298485084,0.0239958739478539,0.5621337890625,0.037125476496219716,0.4447691132533418,0.007274654897401933,75,148,0.35782136051034885,0.5697479248046875,sparse,1,3.0,0.011202669338159554,-0.0076141357421875,5.513204020285451,1.0,1.0
C_sparse_d50_featq1,4000,200,50,0.37915957686909574,0.024570333601577624,0.570068359375,0.027436618358055997,0.41729568770581316,0.0074708021121471235,52,149,0.35782136051034885,0.5697479248046875,sparse,1,3.0,0.021338216358746886,0.0003204345703125,3.0110721077024616,1.0,1.0
C_sparse_d50_featq1,4000,200,50,0.4162670143111903,0.024341843170038683,0.55419921875,0.02736111622855597,0.4592048198060166,0.008268552789984802,52,150,0.35782136051034885,0.5697479248046875,sparse,1,3.0,0.058445653800841435,-0.0155487060546875,2.994522725090196,0.0,1.0
C_sparse_d50_featq1,4000,200,50,0.3924740248423784,0.022267440372964114,0.559814453125,0.024192368368347164,0.4100400776563356,0.00781528872543175,45,151,0.35782136051034885,0.5697479248046875,sparse,1,3.0,0.03465266433202957,-0.0099334716796875,2.341082749079218,1.0,1.0
C_sparse_d50_featq1,4000,200,50,0.4331488038952295,0.023042662675989194,0.5693359375,0.026289939617592264,0.4463457359857407,0.008384723613338472,50,152,0.35782136051034885,0.5697479248046875,sparse,1,3.0,0.07532744338488062,-0.0004119873046875,2.764643700386589,0.0,1.0
C_sparse_d50_featq1,4000,200,50,0.4130685495247916,0.022903723446298648,0.5875244140625,0.023729851197505387,0.4452406201825641,0.007601527529366107,49,153,0.35782136051034885,0.5697479248046875,sparse,1,3.0,0.055247189014442755,0.0177764892578125,2.2524233514229914,0.0,1.0
C_sparse_d50_featq1,4000,200,50,0.4115490661669543,0.02222509420063887,0.56787109375,0.025590095073379403,0.41534405681049974,0.008046955462761221,51,154,0.35782136051034885,0.5697479248046875,sparse,1,3.0,0.05372770565660545,-0.0018768310546875,2.619411863458387,0.0,1.0
C_sparse_d50_featq1,4000,200,50,0.36390449838708916,0.023002874399783824,0.5594482421875,0.028853217760193145,0.37841174672855293,0.007243795221230941,56,155,0.35782136051034885,0.5697479248046875,sparse,1,3.0,0.006083137876740308,-0.0102996826171875,3.3300327004685006,1.0,1.0
C_sparse_d50_featq1,4000,200,50,0.4016483748925618,0.02252877866139596,0.5665283203125,0.026813007289891156,0.44513438331913846,0.007838815214233411,65,156,0.35782136051034885,0.5697479248046875,sparse,1,3.0,0.043827014382212925,-0.0032196044921875,2.875749439711025,1.0,1.0
C_sparse_d50_featq1,4000,200,50,0.4151583043693642,0.022360717219263207,0.5677490234375,0.033655499422189,0.41212043004503607,0.00807527663843222,73,157,0.35782136051034885,0.5697479248046875,sparse,1,3.0,0.05733694385901533,-0.0019989013671875,4.530770565427855,0.0,1.0
C_sparse_d50_featq1,4000,200,50,0.4299237989147681,0.023789918764652192,0.5682373046875,0.0313344945741271,0.45492522005642355,0.008328304984277179,67,158,0.35782136051034885,0.5697479248046875,sparse,1,3.0,0.07210243840441927,-0.0015106201171875,3.9274022008640017,0.0,1.0
C_sparse_d50_featq1,4000,200,50,0.3581153336137144,0.02202576698470318,0.53271484375,0.03102662949416271,0.4226349055423791,0.007577737846431046,60,159,0.35782136051034885,0.5697479248046875,sparse,1,3.0,0.0002939731033655413,-0.0370330810546875,3.85060695107219,1.0,1.0
C_sparse_d50_featq1,4000,200,50,0.4012673596591334,0.023147275487328478,0.5860595703125,0.03260540655219199,0.4310362331641857,0.007603398643851783,68,160,0.35782136051034885,0.5697479248046875,sparse,1,3.0,0.04344599914878455,0.0163116455078125,4.2524501457348975,1.0,1.0
C_sparse_d50_featq1,4000,200,50,0.3844839667141978,0.023001741350695017,0.5712890625,0.030802411784075456,0.42264811538569763,0.00764180009280838,67,161,0.35782136051034885,0.5697479248046875,sparse,1,3.0,0.02666260620384897,0.0015411376953125,3.795154286863002,1.0,1.0
C_sparse_d50_featq1,4000,200,50,0.4321459834850944,0.023442150354706433,0.56689453125,0.025939938902069887,0.4352946230126538,0.008264898387784124,51,162,0.35782136051034885,0.5697479248046875,sparse,1,3.0,0.07432462297474557,-0.0028533935546875,2.6915217209724744,0.0,1.0
C_sparse_d50_featq1,4000,200,50,0.43382822562821,0.022842778693083397,0.5751953125,0.025878938894648405,0.43139139355410205,0.00823866650654515,56,163,0.35782136051034885,0.5697479248046875,sparse,1,3.0,0.07600686511786114,0.0054473876953125,2.6788779132517844,0.0,1.0
C_sparse_d50_featq1,4000,200,50,0.4107687402211394,0.02323693797578657,0.5775146484375,0.029450299446178073,0.4187284254721736,0.008090375164414203,62,164,0.35782136051034885,0.5697479248046875,sparse,1,3.0,0.052947379710790554,0.0077667236328125,3.4692805498782264,0.0,1.0
C_sparse_d50_featq1,4000,200,50,0.4211033705668427,0.024309493522945758,0.58544921875,0.027569518304765537,0.44534242745932934,0.00787411151759296,58,165,0.35782136051034885,0.5697479248046875,sparse,1,3.0,0.06328201005649386,0.0157012939453125,3.040313358227208,0.0,1.0
C_sparse_d50_featq1,4000,200,50,0.38927552519787284,0.023202212454485963,0.5721435546875,0.02421429363493541,0.41758374358641354,0.007627507639953033,44,166,0.35782136051034885,0.5697479248046875,sparse,1,3.0,0.03145416468752399,0.0023956298828125,2.345328064955494,1.0,1.0
C_sparse_d50_featq1,4000,200,50,0.4364859745730567,0.02264125088555223,0.5972900390625,0.03073797746179749,0.4064362475374364,0.007696614307712683,61,167,0.35782136051034885,0.5697479248046875,sparse,1,3.0,0.07866461406270786,0.0275421142578125,3.779293033767882,0.0,1.0
C_sparse_d50_featq1,4000,200,50,0.35016351546925084,0.02258192985601621,0.5430908203125,0.031892897787933326,0.42729459216352944,0.007510315575152233,67,168,0.35782136051034885,0.5697479248046875,sparse,1,3.0,-0.00765784504109801,-0.0266571044921875,4.068627717246249,1.0,1.0
C_sparse_d50_featq1,4000,200,50,0.40759822848937827,0.0236778702406002,0.5657958984375,0.03028661638939179,0.4638694758433553,0.007937544632823808,60,169,0.35782136051034885,0.5697479248046875,sparse,1,3.0,0.049776867979029416,-0.0039520263671875,3.669116529272701,0.0,1.0
C_sparse_d50_featq1,4000,200,50,0.38760656277244687,0.022873039885553826,0.577392578125,0.033160809782910576,0.37324787691064953,0.00727024714520026,66,170,0.35782136051034885,0.5697479248046875,sparse,1,3.0,0.02978520226209802,0.0076446533203125,4.398557221833511,1.0,1.0
C_sparse_d50_featq1,4000,200,50,0.39605898393059624,0.022394788852406852,0.555908203125,0.025761296733676362,0.37496789106736583,0.008090470966790494,51,171,0.35782136051034885,0.5697479248046875,sparse,1,3.0,0.03823762342024739,-0.0138397216796875,2.654577637602098,1.0,1.0
C_sparse_d50_featq1,4000,200,50,0.39068740795355383,0.02271580273193367,0.5509033203125,0.025147743361216925,0.43742179183853525,0.008004615132549712,50,172,0.35782136051034885,0.5697479248046875,sparse,1,3.0,0.03286604744320498,-0.0188446044921875,2.5296359846465197,1.0,1.0
C_sparse_d50_featq1,4000,200,50,0.3920918428538351,0.02224837112479452,0.56494140625,0.03110832622698451,0.4439028419088092,0.007731453535490608,70,173,0.35782136051034885,0.5697479248046875,sparse,1,3.0,0.03427048234348623,-0.0048065185546875,3.870911842577969,1.0,1.0
C_sparse_d50_featq1,4000,200,50,0.5455017287691494,0.0333444854976636,0.6905517578125,0.03879380884906436,0.7484267803814586,0.007718727754753927,57,174,0.35782136051034885,0.5697479248046875,sparse,1,3.0,0.18768036825880052,0.1208038330078125,6.019838420070977,0.0,0.0
C_sparse_d50_featq1,4000,200,50,0.40036760327526655,0.0225636895912339,0.56982421875,0.02873395939793831,0.39048004385556734,0.007701782505268936,59,175,0.35782136051034885,0.5697479248046875,sparse,1,3.0,0.0425462427649177,7.62939453125e-05,3.3025616907294695,1.0,1.0
C_sparse_d50_featq1,4000,200,50,0.38255740653542514,0.020701989433924498,0.5340576171875,0.030969880513230092,0.41932162738006445,0.008203963015004603,71,176,0.35782136051034885,0.5697479248046875,sparse,1,3.0,0.024736046025076286,-0.0356903076171875,3.836533996014996,1.0,1.0
C_sparse_d50_featq1,4000,200,50,0.4651916133752932,0.0279114520704378,0.5888671875,0.031237663818877666,0.6046059702254155,0.009436460596743617,62,177,0.35782136051034885,0.5697479248046875,sparse,1,3.0,0.10737025286494434,0.0191192626953125,3.9031665634448753,0.0,1.0
C_sparse_d50_featq1,4000,200,50,0.3921516711552099,0.022822543909579485,0.5908203125,0.03452073591021177,0.4030501846340706,0.007341892208452974,68,178,0.35782136051034885,0.5697479248046875,sparse,1,3.0,0.03433031064486103,0.0210723876953125,4.766724831130338,1.0,1.0
C_sparse_d50_featq1,4000,200,50,0.4017832440263961,0.022670850812833477,0.5697021484375,0.03409560001140451,0.48441435170983804,0.0080043798093855,72,179,0.35782136051034885,0.5697479248046875,sparse,1,3.0,0.04396188351604724,-4.57763671875e-05,4.65003976055075,1.0,1.0
C_sparse_d50_featq1,4000,200,50,0.4038741766638178,0.023835687068112895,0.591064453125,0.029761693703169178,0.3957074126932134,0.007683713852621231,62,180,0.35782136051034885,0.5697479248046875,sparse,1,3.0,0.046052816153468956,0.0213165283203125,3.5430336483250398,1.0,1.0
C_sparse_d50_featq1,4000,200,50,0.44143340674454623,0.024789638384254423,0.5997314453125,0.02534290797639992,0.44888780283245994,0.007833178863791033,43,181,0.35782136051034885,0.5697479248046875,sparse,1,3.0,0.08361204623419738,0.0299835205078125,2.569051938801099,0.0,1.0
C_sparse_d50_featq1,4000,200,50,0.40151850584057597,0.024480754611257458,0.577392578125,0.030930628263269346,0.4148970857294367,0.007867127989836808,58,182,0.35782136051034885,0.5697479248046875,sparse,1,3.0,0.043697145330227116,0.0076446533203125,3.826815059042226,1.0,1.0
C_sparse_d50_featq1,4000,200,50,0.37711820368198457,0.02247689815989783,0.5526123046875,0.03242052256130561,0.4693699525448398,0.007704651179314907,70,183,0.35782136051034885,0.5697479248046875,sparse,1,3.0,0.019296843171635714,-0.0171356201171875,4.2043611325925045,1.0,1.0
C_sparse_d50_featq1,4000,200,50,0.40637316967513304,0.022654883328843148,0.572509765625,0.03148588617938195,0.4307001379918343,0.007945234391386067,61,184,0.35782136051034885,0.5697479248046875,sparse,1,3.0,0.04855180916478419,0.0027618408203125,3.965444114003982,0.0,1.0
C_sparse_d50_featq1,4000,200,50,0.45041962126734914,0.02393415003263557,0.602783203125,0.02478906909521098,0.39603825103383733,0.008019953358243058,48,185,0.35782136051034885,0.5697479248046875,sparse,1,3.0,0.09259826075700028,0.0330352783203125,2.457991786428576,0.0,1.0
C_sparse_d50_featq1,4000,200,50,0.4352059370434348,0.0248929543702396,0.5638427734375,0.026666033991091423,0.4729032047856896,0.008739302119987802,58,186,0.35782136051034885,0.5697479248046875,sparse,1,3.0,0.07738457653308595,-0.0059051513671875,2.8443094752561726,0.0,1.0
C_sparse_d50_featq1,4000,200,50,0.40235061344047773,0.02416826204642078,0.5506591796875,0.029502992323802314,0.4820155276314665,0.00832306285710829,55,187,0.35782136051034885,0.5697479248046875,sparse,1,3.0,0.04452925293012888,-0.0190887451171875,3.481706224233353,1.0,1.0
C_sparse_d50_featq1,4000,200,50,0.395275430508272,0.02256765294723032,0.5697021484375,0.03069379321412392,0.3905163436382171,0.007754123319167732,60,188,0.35782136051034885,0.5697479248046875,sparse,1,3.0,0.03745406999792317,-4.57763671875e-05,3.768435767485599,1.0,1.0
C_sparse_d50_featq1,4000,200,50,0.44105996371695133,0.023136502449575103,0.583984375,0.0280993087144158,0.44437450631790865,0.008090141756513144,60,189,0.35782136051034885,0.5697479248046875,sparse,1,3.0,0.08323860320660248,0.0142364501953125,3.1582846009121748,0.0,1.0
C_sparse_d50_featq1,4000,200,50,0.3814951753121384,0.025342290991764414,0.5491943359375,0.03401892071857107,0.48530505244903815,0.0077660424918604785,64,190,0.35782136051034885,0.5697479248046875,sparse,1,3.0,0.02367381480178954,-0.0205535888671875,4.629147867425696,1.0,1.0
C_sparse_d50_featq1,4000,200,50,0.42109214664585515,0.022744784331861605,0.5716552734375,0.027644329210209102,0.41837249672906734,0.007959522176148363,54,191,0.35782136051034885,0.5697479248046875,sparse,1,3.0,0.0632707861355063,0.0019073486328125,3.056835749929681,0.0,1.0
C_sparse_d50_featq1,4000,200,50,0.37096095411635077,0.02160584404923808,0.553466796875,0.03199835113844286,0.4016930090174037,0.0073929316671369006,68,192,0.35782136051034885,0.5697479248046875,sparse,1,3.0,0.01313959360600192,-0.0162811279296875,4.09557790231635,1.0,1.0
C_sparse_d50_featq1,4000,200,50,0.41512668818140197,0.02317414768111985,0.57861328125,0.03403820732607086,0.41750587573195896,0.007963048656324941,64,193,0.35782136051034885,0.5697479248046875,sparse,1,3.0,0.05730532767105312,0.0088653564453125,4.634398231890335,0.0,1.0
C_sparse_d50_featq1,4000,200,50,0.39393232622547225,0.021639244904265997,0.5540771484375,0.026638423215611027,0.4256399424871228,0.0078111920322585585,52,194,0.35782136051034885,0.5697479248046875,sparse,1,3.0,0.0361109657151234,-0.0156707763671875,2.8384223656560184,1.0,1.0
C_sparse_d50_featq1,4000,200,50,0.39794280585567443,0.02352447272103807,0.5965576171875,0.026786661168349823,0.40751242046069475,0.007532350639573636,55,195,0.35782136051034885,0.5697479248046875,sparse,1,3.0,0.04012144534532558,0.0268096923828125,2.870100866191921,1.0,1.0
C_sparse_d50_featq1,4000,200,50,0.4172023114214609,0.022855637921457842,0.5751953125,0.025255330615965108,0.44061164203292935,0.008013318507763075,54,196,0.35782136051034885,0.5697479248046875,sparse,1,3.0,0.05938095091111206,0.0054473876953125,2.5513268980868182,0.0,1.0
C_sparse_d50_featq1,4000,200,50,0.41188231993167246,0.021157415911631325,0.5474853515625,0.02620569522055058,0.41687008016074517,0.008166109878249696,65,197,0.35782136051034885,0.5697479248046875,sparse,1,3.0,0.05406095942132361,-0.0222625732421875,2.74695384796955,0.0,1.0
C_sparse_d50_featq1,4000,200,50,0.39275165439388565,0.022897770669997035,0.56982421875,0.03242774989832376,0.3957606720639072,0.007853221483107282,62,198,0.35782136051034885,0.5697479248046875,sparse,1,3.0,0.0349302938835368,7.62939453125e-05,4.206235853872947,1.0,1.0
C_sparse_d50_featq1,4000,200,50,0.36663490635619345,0.021873166738365007,0.5672607421875,0.030267305300962964,0.4106825020006786,0.007491951030166349,57,199,0.35782136051034885,0.5697479248046875,sparse,1,3.0,0.008813545845844595,-0.0024871826171875,3.6644390807268032,1.0,1.0
C_sparse_d50_featq2_K50,4000,50,50,0.5978429506534079,0.04385238522976319,0.7958984375,0.02849191605490023,0.7527540014998689,0.006176491563475252,33,0,0.35782136051034885,0.5697479248046875,sparse,2,3.0,0.24002159014305902,0.2261505126953125,3.247157121917926,0.0,0.0
C_sparse_d50_featq2_K50,4000,50,50,0.4030648339008367,0.03521656885345196,0.7237548828125,0.05598239912199581,0.5041129971058775,0.004875315026937199,66,1,0.35782136051034885,0.5697479248046875,sparse,2,3.0,0.04524347339048784,0.1540069580078125,12.53611604581775,1.0,0.0
C_sparse_d50_featq2_K50,4000,50,50,0.44718488374234167,0.03302453618762273,0.702880859375,0.037596214661713874,0.5300553806108018,0.0060372849293451845,65,2,0.35782136051034885,0.5697479248046875,sparse,2,3.0,0.08936352323199281,0.1331329345703125,5.653901427558677,0.0,0.0
C_sparse_d50_featq2_K50,4000,50,50,0.4986211443140041,0.037110471316553664,0.744140625,0.03391881672210007,0.5854754293963776,0.006023562121134331,49,3,0.35782136051034885,0.5697479248046875,sparse,2,3.0,0.14079978380365527,0.1743927001953125,4.601944511309662,0.0,0.0
C_sparse_d50_featq2_K50,4000,50,50,0.598041901453775,0.05279001170359215,0.9149169921875,0.03439823059872642,0.8656856589027325,0.004228274234161215,17,4,0.35782136051034885,0.5697479248046875,sparse,2,3.0,0.24022054094342615,0.3451690673828125,4.732953073292634,0.0,0.0
C_sparse_d50_featq2_K50,4000,50,50,0.3943569321328884,0.03059485045630887,0.6578369140625,0.027435149917631484,0.40346067016657133,0.006610165459307847,54,5,0.35782136051034885,0.5697479248046875,sparse,2,3.0,0.036535571622539564,0.0880889892578125,3.0107498040116596,1.0,0.0
C_sparse_d50_featq2_K50,4000,50,50,0.6323051502250783,0.04933599459324757,0.914794921875,0.027394713686299088,0.8582799717837122,0.0044500826452664385,14,6,0.35782136051034885,0.5697479248046875,sparse,2,3.0,0.2744837897147294,0.3450469970703125,3.0018813518172105,0.0,0.0
C_sparse_d50_featq2_K50,4000,50,50,0.38573030876767067,0.036252735512687505,0.7286376953125,0.04997392336856002,0.5627035878973556,0.0049520645607221475,59,7,0.35782136051034885,0.5697479248046875,sparse,2,3.0,0.02790894825732182,0.1588897705078125,9.989572067386836,1.0,0.0
C_sparse_d50_featq2_K50,4000,50,50,0.46260518050371546,0.035270429348450684,0.724365234375,0.029792789951824064,0.510949828079227,0.006242369983479893,45,8,0.35782136051034885,0.5697479248046875,sparse,2,3.0,0.10478381999336661,0.1546173095703125,3.5504413324540356,0.0,0.0
C_sparse_d50_featq2_K50,4000,50,50,0.5672999170702049,0.05071493195159235,0.93701171875,0.05309636427966662,0.8131194234174469,0.0036359839392397005,23,9,0.35782136051034885,0.5697479248046875,sparse,2,3.0,0.20947855655985603,0.3672637939453125,11.27689559887623,0.0,0.0
C_sparse_d50_featq2_K50,4000,50,50,0.617785643242954,0.05025123039949324,0.896240234375,0.04069500043884094,0.8443849523267836,0.004586366692261208,25,10,0.35782136051034885,0.5697479248046875,sparse,2,3.0,0.2599642827326052,0.3264923095703125,6.624332242869056,0.0,0.0
C_sparse_d50_featq2_K50,4000,50,50,0.410909826101492,0.03360421525202927,0.6820068359375,0.034588407844792626,0.5562524735267623,0.005959881394567818,52,11,0.35782136051034885,0.5697479248046875,sparse,2,3.0,0.053088465591143164,0.1122589111328125,4.785431828950848,1.0,0.0
C_sparse_d50_featq2_K50,4000,50,50,0.42346272716328,0.034211527775996495,0.68212890625,0.04522066106418334,0.5618031039690101,0.006131067379830851,75,12,0.35782136051034885,0.5697479248046875,sparse,2,3.0,0.06564136665293113,0.1123809814453125,8.17963274832699,1.0,0.0
C_sparse_d50_featq2_K50,4000,50,50,0.4972386092393617,0.04263254467095463,0.8116455078125,0.039993600681734326,0.730068014372563,0.005025105100473697,38,13,0.35782136051034885,0.5697479248046875,sparse,2,3.0,0.13941724872901284,0.2418975830078125,6.397952381960081,0.0,0.0
C_sparse_d50_featq2_K50,4000,50,50,0.41936209837515,0.02601773972246705,0.6063232421875,0.02360694855659434,0.2744303922247478,0.006988444740648698,43,14,0.35782136051034885,0.5697479248046875,sparse,2,3.0,0.06154073786480113,0.0365753173828125,2.229152080614766,0.0,1.0
C_sparse_d50_featq2_K50,4000,50,50,0.42770238863956817,0.03405477657367328,0.710693359375,0.03709830991647728,0.5440095792050035,0.006194582162954627,53,15,0.35782136051034885,0.5697479248046875,sparse,2,3.0,0.06988102812921931,0.1409454345703125,5.505138394635986,0.0,0.0
C_sparse_d50_featq2_K50,4000,50,50,0.5903053863311871,0.04602323305654552,0.851318359375,0.03574285246926658,0.7970425700991222,0.005299468361729288,35,16,0.35782136051034885,0.5697479248046875,sparse,2,3.0,0.23248402582083827,0.2815704345703125,5.110206010559025,0.0,0.0
C_sparse_d50_featq2_K50,4000,50,50,0.490957180392084,0.03785863018222295,0.745361328125,0.04318673498655109,0.5970204552149395,0.005828205226665624,61,17,0.35782136051034885,0.5697479248046875,sparse,2,3.0,0.13313581988173517,0.1756134033203125,7.460376315194383,0.0,0.0
C_sparse_d50_featq2_K50,4000,50,50,0.5262274081429281,0.047801447135554495,0.8466796875,0.05204730314747506,0.759618198302974,0.004701170750675115,43,18,0.35782136051034885,0.5697479248046875,sparse,2,3.0,0.16840604763257927,0.2769317626953125,10.83568705970067,0.0,0.0
C_sparse_d50_featq2_K50,4000,50,50,0.356306038182834,0.031253198706055606,0.6064453125,0.03630182495391891,0.45741119615047177,0.005743447860267815,53,19,0.35782136051034885,0.5697479248046875,sparse,2,3.0,-0.0015153223275148342,0.0366973876953125,5.27128997993988,1.0,1.0
C_sparse_d50_featq2_K50,4000,50,50,0.5667847098487947,0.04680710586871949,0.8359375,0.051171918023326934,0.790891700506452,0.00510302897024186,41,20,0.35782136051034885,0.5697479248046875,sparse,2,3.0,0.20896334933844585,0.2661895751953125,10.474260776744368,0.0,0.0
C_sparse_d50_featq2_K50,4000,50,50,0.6614981007863662,0.049903327233053185,0.8995361328125,0.03268416510131486,0.8586525627717675,0.00475541474182801,20,21,0.35782136051034885,0.5697479248046875,sparse,2,3.0,0.3036767402760173,0.3297882080078125,4.2730185934800335,0.0,0.0
C_sparse_d50_featq2_K50,4000,50,50,0.636955697810772,0.0530073404165057,0.905029296875,0.041748946746548984,0.9294589051175121,0.004803906595496233,30,22,0.35782136051034885,0.5697479248046875,sparse,2,3.0,0.27913433730042314,0.3352813720703125,6.971898217784732,0.0,0.0
C_sparse_d50_featq2_K50,4000,50,50,0.3588835222767894,0.028497458169360727,0.6221923828125,0.025466971609629897,0.333278891717266,0.006522690908505035,52,23,0.35782136051034885,0.5697479248046875,sparse,2,3.0,0.001062161766440528,0.0524444580078125,2.594266571862781,1.0,0.0
C_sparse_d50_featq2_K50,4000,50,50,0.36429169353490837,0.02926599116545759,0.5933837890625,0.028776848034805586,0.4356229787173777,0.006377923961924806,52,24,0.35782136051034885,0.5697479248046875,sparse,2,3.0,0.006470333024559516,0.0236358642578125,3.3124279312731764,1.0,1.0
C_sparse_d50_featq2_K50,4000,50,50,0.4282920337070404,0.02870612623872442,0.63134765625,0.01757790640545961,0.3794576917504919,0.00757438581776476,36,25,0.35782136051034885,0.5697479248046875,sparse,2,3.0,0.07047067319669154,0.0615997314453125,1.235931174396392,0.0,0.0
C_sparse_d50_featq2_K50,4000,50,50,0.7129871309821636,0.055498415056014876,0.9581298828125,0.03217018955509781,0.9491926608067075,0.004137353858578276,15,26,0.35782136051034885,0.5697479248046875,sparse,2,3.0,0.35516577047181475,0.3883819580078125,4.139684384043697,0.0,0.0
C_sparse_d50_featq2_K50,4000,50,50,0.4693282715497373,0.045130203343867886,0.8560791015625,0.05416110756435879,0.6910334816281305,0.004216741151886998,39,27,0.35782136051034885,0.5697479248046875,sparse,2,3.0,0.11150691103938842,0.2863311767578125,11.73370229039217,0.0,0.0
C_sparse_d50_featq2_K50,4000,50,50,0.5366231868033424,0.0465497736059867,0.8602294921875,0.04292268969744503,0.7679168124405937,0.004611949551737189,30,28,0.35782136051034885,0.5697479248046875,sparse,2,3.0,0.17880182629299357,0.2904815673828125,7.369429163452615,0.0,0.0
C_sparse_d50_featq2_K50,4000,50,50,0.4691823427802852,0.03411375995751412,0.7578125,0.04382949866043659,0.5763322457799781,0.005498886709822355,56,29,0.35782136051034885,0.5697479248046875,sparse,2,3.0,0.11136098226993635,0.1880645751953125,7.684099811300851,0.0,0.0
C_sparse_d50_featq2_K50,4000,50,50,0.6975166621361704,0.05082259635434694,0.8983154296875,0.032422408510830523,0.907530881161175,0.005051786703903847,19,30,0.35782136051034885,0.5697479248046875,sparse,2,3.0,0.3396953016258215,0.3285675048828125,4.204850294572703,0.0,0.0
C_sparse_d50_featq2_K50,4000,50,50,0.7024503752950221,0.04807307654403305,0.8734130859375,0.03167377148867017,0.9056798289842892,0.005503087480185533,26,31,0.35782136051034885,0.5697479248046875,sparse,2,3.0,0.3446290147846732,0.3036651611328125,4.0129112012659816,0.0,0.0
C_sparse_d50_featq2_K50,4000,50,50,0.6919638903148913,0.04673234401447532,0.836669921875,0.02625658371111852,0.8991570713834315,0.006359106950172007,27,32,0.35782136051034885,0.5697479248046875,sparse,2,3.0,0.3341425298045424,0.2669219970703125,2.7576327527158977,0.0,0.0
C_sparse_d50_featq2_K50,4000,50,50,0.37371155912044296,0.029573096189416368,0.5919189453125,0.028802017569662396,0.36646076209874584,0.006216464101485892,53,33,0.35782136051034885,0.5697479248046875,sparse,2,3.0,0.01589019861009411,0.0221710205078125,3.3182248643325654,1.0,1.0
C_sparse_d50_featq2_K50,4000,50,50,0.36959887137502023,0.029797552816480468,0.6197509765625,0.03535619126190538,0.4571658956511342,0.005871837716850771,56,34,0.35782136051034885,0.5697479248046875,sparse,2,3.0,0.011777510864671381,0.0500030517578125,5.000241042193738,1.0,1.0
C_sparse_d50_featq2_K50,4000,50,50,0.39219627196876017,0.028260626444666877,0.5887451171875,0.023569259500043394,0.392735619177,0.006835620370449744,44,35,0.35782136051034885,0.5697479248046875,sparse,2,3.0,0.03437491145841132,0.0189971923828125,2.222039973521543,1.0,1.0
C_sparse_d50_featq2_K50,4000,50,50,0.38191212188315377,0.025066646529508005,0.581787109375,0.027200876674433973,0.29591956675771103,0.006609413740020499,60,36,0.35782136051034885,0.5697479248046875,sparse,2,3.0,0.024090761372804914,0.0120391845703125,2.959550767431065,1.0,1.0
C_sparse_d50_featq2_K50,4000,50,50,0.6560420082883003,0.051447663851681695,0.909423828125,0.046657966848335744,0.8766211035017325,0.004845443232620432,35,37,0.35782136051034885,0.5697479248046875,sparse,2,3.0,0.29822064777795143,0.3396759033203125,8.707863481681589,0.0,0.0
C_sparse_d50_featq2_K50,4000,50,50,0.36662855997861316,0.03358107825949954,0.642578125,0.036706118914084325,0.4628731910153003,0.005669431840918776,54,38,0.35782136051034885,0.5697479248046875,sparse,2,3.0,0.008807199468264304,0.0728302001953125,5.389356662939596,1.0,0.0
C_sparse_d50_featq2_K50,4000,50,50,0.6611173082957478,0.05424270035942519,0.93310546875,0.04329716994056916,0.930032207124169,0.00443931276852642,22,39,0.35782136051034885,0.5697479248046875,sparse,2,3.0,0.3032959477853989,0.3633575439453125,7.498579699450103,0.0,0.0
C_sparse_d50_featq2_K50,4000,50,50,0.4276204465440433,0.0320776537844444,0.671875,0.027960608351669202,0.38761171069777844,0.006513759690423773,46,40,0.35782136051034885,0.5697479248046875,sparse,2,3.0,0.06979908603369445,0.1021270751953125,3.127182477581734,0.0,0.0
C_sparse_d50_featq2_K50,4000,50,50,0.6188053483778244,0.05289362079299019,0.92333984375,0.036787788323719484,0.8442937381526194,0.0041471820745256,19,41,0.35782136051034885,0.5697479248046875,sparse,2,3.0,0.26098398786747556,0.3535919189453125,5.413365479003166,0.0,0.0
C_sparse_d50_featq2_K50,4000,50,50,0.39308100109305666,0.0288780520105667,0.5469970703125,0.033701957640443404,0.4152647298705671,0.0065047614749219355,59,42,0.35782136051034885,0.5697479248046875,sparse,2,3.0,0.03525964058270781,-0.0227508544921875,4.543287795192966,1.0,1.0
C_sparse_d50_featq2_K50,4000,50,50,0.712485900678139,0.04750473960783949,0.8883056640625,0.04387159895972373,0.9189425126583297,0.005602161475848437,38,43,0.35782136051034885,0.5697479248046875,sparse,2,3.0,0.35466454016779014,0.3185577392578125,7.6988687811313286,0.0,0.0
C_sparse_d50_featq2_K50,4000,50,50,0.5226678179227485,0.049296447367245165,0.8489990234375,0.054270635469312614,0.783482330684972,0.004729449626387233,43,44,0.35782136051034885,0.5697479248046875,sparse,2,3.0,0.16484645741239967,0.2792510986328125,11.78120749697205,0.0,0.0
C_sparse_d50_featq2_K50,4000,50,50,0.58507433353557,0.0471487428400721,0.8126220703125,0.043411758845167285,0.793590297969043,0.0059056289821277485,53,45,0.35782136051034885,0.5697479248046875,sparse,2,3.0,0.22725297302522118,0.2428741455078125,7.53832322412384,0.0,0.0
C_sparse_d50_featq2_K50,4000,50,50,0.37055592166733153,0.02630585712990545,0.571044921875,0.024962679523244304,0.2798169239181358,0.007055753144900675,59,46,0.35782136051034885,0.5697479248046875,sparse,2,3.0,0.012734561156982682,0.0012969970703125,2.492541475920802,1.0,1.0
C_sparse_d50_featq2_K50,4000,50,50,0.5326793570682968,0.0468396293117028,0.863037109375,0.06704265778139708,0.7613018513632529,0.004583370398844258,51,47,0.35782136051034885,0.5697479248046875,sparse,2,3.0,0.17485799655794798,0.2932891845703125,17.978871849574087,0.0,0.0
C_sparse_d50_featq2_K50,4000,50,50,0.44745174707405616,0.03502582006292048,0.6776123046875,0.03589655653374122,0.5167612015409484,0.0062084042052087405,51,48,0.35782136051034885,0.5697479248046875,sparse,2,3.0,0.08963038656370731,0.1078643798828125,5.154251083920318,0.0,0.0
C_sparse_d50_featq2_K50,4000,50,50,0.5089317352240645,0.03709914831737157,0.7276611328125,0.02444473037249221,0.6025374248483463,0.006566736381071113,36,49,0.35782136051034885,0.5697479248046875,sparse,2,3.0,0.1511103747137157,0.1579132080078125,2.3901793719353726,0.0,0.0
C_sparse_d50_featq2_K50,4000,50,50,0.3579361505248718,0.03103776167880543,0.6356201171875,0.05048482211769664,0.4542012287467687,0.0052771522686902664,64,50,0.35782136051034885,0.5697479248046875,sparse,2,3.0,0.00011479001452296966,0.0658721923828125,10.194869057021888,1.0,1.0
C_sparse_d50_featq2_K50,4000,50,50,0.4733894659462524,0.034062520483414634,0.66748046875,0.028735934964295835,0.4877525059349902,0.006767945506379126,52,51,0.35782136051034885,0.5697479248046875,sparse,2,3.0,0.11556810543590357,0.0977325439453125,3.30301583308896,0.0,0.0
C_sparse_d50_featq2_K50,4000,50,50,0.5351063003428838,0.0433324674257043,0.803955078125,0.047475508129790976,0.7527683389508378,0.005454906078138092,47,52,0.35782136051034885,0.5697479248046875,sparse,2,3.0,0.1772849398325349,0.2342071533203125,9.015695488727395,0.0,0.0
C_sparse_d50_featq2_K50,4000,50,50,0.3889158390192735,0.031765004472091664,0.6190185546875,0.030577061318368053,0.46889061220537137,0.006585489021325684,58,53,0.35782136051034885,0.5697479248046875,sparse,2,3.0,0.03109447850892466,0.0492706298828125,3.7398267154689595,1.0,1.0
C_sparse_d50_featq2_K50,4000,50,50,0.5072886520062031,0.032476058238137415,0.6583251953125,0.01972094917278225,0.5274159413979771,0.007854743654937083,41,54,0.35782136051034885,0.5697479248046875,sparse,2,3.0,0.14946729149585425,0.0885772705078125,1.5556633451018436,0.0,0.0
C_sparse_d50_featq2_K50,4000,50,50,0.4422252614278907,0.03653658029302172,0.7373046875,0.046086124154887914,0.5824589170174511,0.005456648494263425,55,55,0.35782136051034885,0.5697479248046875,sparse,2,3.0,0.08440390091754185,0.1675567626953125,8.495723358478973,0.0,0.0
C_sparse_d50_featq2_K50,4000,50,50,0.48732969886796745,0.03532394703984436,0.6876220703125,0.028186403215159247,0.5445437898950982,0.00650920720156398,44,56,0.35782136051034885,0.5697479248046875,sparse,2,3.0,0.1295083383576186,0.1178741455078125,3.177893304830158,0.0,0.0
C_sparse_d50_featq2_K50,4000,50,50,0.528371850805601,0.045980981109170295,0.8179931640625,0.04307473379286371,0.746062097167363,0.0051427632338521346,37,57,0.35782136051034885,0.5697479248046875,sparse,2,3.0,0.17055049029525216,0.2482452392578125,7.421730765304298,0.0,0.0
C_sparse_d50_featq2_K50,4000,50,50,0.44626780344551237,0.03684556488022873,0.701904296875,0.0319478439772317,0.6032775322986601,0.006321105759390744,48,58,0.35782136051034885,0.5697479248046875,sparse,2,3.0,0.08844644293516352,0.1321563720703125,4.08265893917416,0.0,0.0
C_sparse_d50_featq2_K50,4000,50,50,0.431326820859404,0.03154037903928345,0.5958251953125,0.031837198746680444,0.45873269050562443,0.007273481481321018,63,59,0.35782136051034885,0.5697479248046875,sparse,2,3.0,0.07350546034905514,0.0260772705078125,4.054428896142523,0.0,1.0
C_sparse_d50_featq2_K50,4000,50,50,0.4793067432773028,0.04213064718714428,0.780517578125,0.04536227455093579,0.6508412709625457,0.005187964666310449,48,60,0.35782136051034885,0.5697479248046875,sparse,2,3.0,0.12148538276695398,0.2107696533203125,8.230943809737909,0.0,0.0
C_sparse_d50_featq2_K50,4000,50,50,0.38000442084228236,0.030024693800460897,0.633544921875,0.030213981488702996,0.36032713743166306,0.005972441037419978,56,61,0.35782136051034885,0.5697479248046875,sparse,2,3.0,0.022183060331933513,0.0637969970703125,3.6515387095987495,1.0,0.0
C_sparse_d50_featq2_K50,4000,50,50,0.5410949505336486,0.03978849159786372,0.794921875,0.04175068345770018,0.6710774440165715,0.005806384571514284,52,62,0.35782136051034885,0.5697479248046875,sparse,2,3.0,0.1832735900232998,0.2251739501953125,6.972478276740318,0.0,0.0
C_sparse_d50_featq2_K50,4000,50,50,0.5854156145765713,0.05181273200199682,0.90625,0.041432305310215446,0.8709088971476066,0.004373906734270296,28,63,0.35782136051034885,0.5697479248046875,sparse,2,3.0,0.22759425406622247,0.3365020751953125,6.866543693275628,0.0,0.0
C_sparse_d50_featq2_K50,4000,50,50,0.595192144966039,0.05296003747191799,0.919189453125,0.05628523030498859,0.8471680304343234,0.004192209158419573,31,64,0.35782136051034885,0.5697479248046875,sparse,2,3.0,0.23737078445569015,0.3494415283203125,12.672108601942423,0.0,0.0
C_sparse_d50_featq2_K50,4000,50,50,0.4096759461243257,0.029006320703746414,0.62451171875,0.02262576325744816,0.4010233943347092,0.006752936531152788,43,65,0.35782136051034885,0.5697479248046875,sparse,2,3.0,0.05185458561397682,0.0547637939453125,2.0477006519283645,1.0,0.0
C_sparse_d50_featq2_K50,4000,50,50,0.3619035361008719,0.026199455685116464,0.583251953125,0.026328199965520334,0.3134145779506359,0.00648223656134247,49,66,0.35782136051034885,0.5697479248046875,sparse,2,3.0,0.004082175590523041,0.0135040283203125,2.7726964536976997,1.0,1.0
C_sparse_d50_featq2_K50,4000,50,50,0.4589749431416754,0.037063767387931115,0.699462890625,0.02861380731626501,0.5726558804213219,0.0063772215628214455,45,67,0.35782136051034885,0.5697479248046875,sparse,2,3.0,0.10115358263132657,0.1297149658203125,3.2749998765293635,0.0,0.0
C_sparse_d50_featq2_K50,4000,50,50,0.6571941911861574,0.053070010130166566,0.9488525390625,0.033039126263672725,0.8931955292922927,0.003953148912267559,15,68,0.35782136051034885,0.5697479248046875,sparse,2,3.0,0.29937283067580855,0.3791046142578125,4.366335457067636,0.0,0.0
C_sparse_d50_featq2_K50,4000,50,50,0.46465442613037455,0.032539926207835676,0.6932373046875,0.02669012475426663,0.5701159742049086,0.006379318696761604,47,69,0.35782136051034885,0.5697479248046875,sparse,2,3.0,0.1068330656200257,0.1234893798828125,2.8494510375932656,0.0,0.0
C_sparse_d50_featq2_K50,4000,50,50,0.6241176345101751,0.054289713325473644,0.938232421875,0.04973555855906995,0.8961820280535508,0.003978726527367269,22,70,0.35782136051034885,0.5697479248046875,sparse,2,3.0,0.26629627399982625,0.3684844970703125,9.894503140730704,0.0,0.0
C_sparse_d50_featq2_K50,4000,50,50,0.6306191431004939,0.04816311457719428,0.8975830078125,0.04491448415247361,0.859303109732499,0.00490912485837879,34,71,0.35782136051034885,0.5697479248046875,sparse,2,3.0,0.2727977825901451,0.3278350830078125,8.069243546731212,0.0,0.0
C_sparse_d50_featq2_K50,4000,50,50,0.480610243498414,0.0354105468466234,0.71875,0.031105017792126006,0.5240411307268472,0.006360633803504486,57,72,0.35782136051034885,0.5697479248046875,sparse,2,3.0,0.12278888298806517,0.1490020751953125,3.8700885273939014,0.0,0.0
C_sparse_d50_featq2_K50,4000,50,50,0.3680992828489877,0.024811286368966307,0.5821533203125,0.023269080661278047,0.2612739803153981,0.006795302100474307,53,73,0.35782136051034885,0.5697479248046875,sparse,2,3.0,0.010277922338638834,0.0124053955078125,2.165800459284256,1.0,1.0
C_sparse_d50_featq2_K50,4000,50,50,0.3209947247390895,0.03419226684150957,0.6466064453125,0.05699169933221141,0.5211722534767114,0.004849316192363517,68,74,0.35782136051034885,0.5697479248046875,sparse,2,3.0,-0.03682663577125933,0.0768585205078125,12.992215171092745,1.0,1.0
C_sparse_d50_featq2_K50,4000,50,50,0.4096655140706975,0.04115556440369695,0.72265625,0.05507659792064011,0.6514877792904628,0.005418358158635712,66,75,0.35782136051034885,0.5697479248046875,sparse,2,3.0,0.05184415356034866,0.1529083251953125,12.133726554047433,1.0,0.0
C_sparse_d50_featq2_K50,4000,50,50,0.3691618795646877,0.028703463646434623,0.5574951171875,0.024342228328708644,0.36248211978224143,0.006907059665964134,46,76,0.35782136051034885,0.5697479248046875,sparse,2,3.0,0.01134051905433886,-0.0122528076171875,2.370176320027942,1.0,1.0
C_sparse_d50_featq2_K50,4000,50,50,0.3687601756737408,0.024479673412976067,0.5665283203125,0.020834151267213403,0.2786773550414175,0.0070743589905179465,50,77,0.35782136051034885,0.5697479248046875,sparse,2,3.0,0.010938815163391957,-0.0032196044921875,1.7362474361005193,1.0,1.0
C_sparse_d50_featq2_K50,4000,50,50,0.44047062242598567,0.03551145485188103,0.6998291015625,0.039927262696647946,0.5758102882232838,0.006291233429016843,64,78,0.35782136051034885,0.5697479248046875,sparse,2,3.0,0.08264926191563682,0.1300811767578125,6.376745225788539,0.0,0.0
C_sparse_d50_featq2_K50,4000,50,50,0.6382573157284182,0.04920415267134067,0.89208984375,0.03707904505212601,0.8512907586060978,0.004916827566359062,25,79,0.35782136051034885,0.5697479248046875,sparse,2,3.0,0.2804359552180693,0.3223419189453125,5.499422327910361,0.0,0.0
C_sparse_d50_featq2_K50,4000,50,50,0.4674617900662329,0.039211855956431396,0.6968994140625,0.027398883444235064,0.6183502848331555,0.006727709603462348,41,80,0.35782136051034885,0.5697479248046875,sparse,2,3.0,0.10964042955588404,0.1271514892578125,3.0027952559631133,0.0,0.0
C_sparse_d50_featq2_K50,4000,50,50,0.41007418745156443,0.029255294949065553,0.6524658203125,0.037431860558125356,0.4170790866642561,0.006273609592808142,71,81,0.35782136051034885,0.5697479248046875,sparse,2,3.0,0.05225282694121558,0.0827178955078125,5.604576739371763,1.0,0.0
C_sparse_d50_featq2_K50,4000,50,50,0.6528931071779884,0.055457732861909755,0.9656982421875,0.03121381444413846,0.8772263410770573,0.003648885193744807,10,82,0.35782136051034885,0.5697479248046875,sparse,2,3.0,0.2950717466676396,0.3959503173828125,3.8972088486124274,0.0,0.0
C_sparse_d50_featq2_K50,4000,50,50,0.5291234436417515,0.038946180914234886,0.780029296875,0.03760877596414616,0.6015033485184399,0.00575591389595305,46,83,0.35782136051034885,0.5697479248046875,sparse,2,3.0,0.1713020831314026,0.2102813720703125,5.657680118085352,0.0,0.0
C_sparse_d50_featq2_K50,4000,50,50,0.4570096989150936,0.03431184505416902,0.697021484375,0.040389889277340524,0.5727423566872102,0.0061216990909166505,61,84,0.35782136051034885,0.5697479248046875,sparse,2,3.0,0.09918833840474472,0.1272735595703125,6.5253726233433085,0.0,0.0
C_sparse_d50_featq2_K50,4000,50,50,0.49662207148677934,0.03567986421740853,0.7042236328125,0.0331955390336867,0.575869476425012,0.0068283807974541776,64,85,0.35782136051034885,0.5697479248046875,sparse,2,3.0,0.13880071097643049,0.1344757080078125,4.40777524694807,0.0,0.0
C_sparse_d50_featq2_K50,4000,50,50,0.5587874004111799,0.04491036027885541,0.8564453125,0.04588330531612785,0.7735245344921117,0.004950283247104123,38,86,0.35782136051034885,0.5697479248046875,sparse,2,3.0,0.20096603990083106,0.2866973876953125,8.421110826932026,0.0,0.0
C_sparse_d50_featq2_K50,4000,50,50,0.3645871668189067,0.02674780195559608,0.5950927734375,0.030928527537276138,0.29350580901662277,0.006397945244804346,66,87,0.35782136051034885,0.5697479248046875,sparse,2,3.0,0.006765806308557831,0.0253448486328125,3.8262952624961937,1.0,1.0
C_sparse_d50_featq2_K50,4000,50,50,0.5938169017534866,0.047603436486456756,0.8477783203125,0.044025424658710996,0.8104766882867754,0.005200244705186504,40,88,0.35782136051034885,0.5697479248046875,sparse,2,3.0,0.2359955412431377,0.2780303955078125,7.752952065519352,0.0,0.0
C_sparse_d50_featq2_K50,4000,50,50,0.5746408870111194,0.04868335291410015,0.89697265625,0.04402136554556157,0.8109719552828161,0.004359649493763887,29,89,0.35782136051034885,0.5697479248046875,sparse,2,3.0,0.21681952650077052,0.3272247314453125,7.75152249798382,0.0,0.0
C_sparse_d50_featq2_K50,4000,50,50,0.5659727653309495,0.04730874250878476,0.8372802734375,0.05458614895907773,0.8130812681705768,0.005245383100888088,51,90,0.35782136051034885,0.5697479248046875,sparse,2,3.0,0.20815140482060068,0.2675323486328125,11.918590632730488,0.0,0.0
C_sparse_d50_featq2_K50,4000,50,50,0.3784850455894534,0.02878595405305479,0.627197265625,0.03208911081759887,0.375654847508838,0.0061740549470351205,58,91,0.35782136051034885,0.5697479248046875,sparse,2,3.0,0.020663685079104543,0.0574493408203125,4.118844132256562,1.0,1.0
C_sparse_d50_featq2_K50,4000,50,50,0.6247121982676964,0.05243160841155326,0.8946533203125,0.050446670775749304,0.9334995301484704,0.004962120667252084,35,92,0.35782136051034885,0.5697479248046875,sparse,2,3.0,0.26689083775734757,0.3249053955078125,10.179466369427354,0.0,0.0
C_sparse_d50_featq2_K50,4000,50,50,0.387291608737999,0.03038418109478311,0.6427001953125,0.036561681567222566,0.39285615807545515,0.005927369800027825,68,93,0.35782136051034885,0.5697479248046875,sparse,2,3.0,0.029470248227650153,0.0729522705078125,5.34702623609193,1.0,0.0
C_sparse_d50_featq2_K50,4000,50,50,0.5118394936194147,0.03518137037348759,0.6954345703125,0.027613467060853297,0.573319059667198,0.0072553264161120505,50,94,0.35782136051034885,0.5697479248046875,sparse,2,3.0,0.15401813310906587,0.1256866455078125,3.05001425248332,0.0,0.0
C_sparse_d50_featq2_K50,4000,50,50,0.449182461194101,0.03241271305450243,0.63720703125,0.03817168228354175,0.501600484144921,0.006870364027169795,63,95,0.35782136051034885,0.5697479248046875,sparse,2,3.0,0.09136110068375214,0.0674591064453125,5.82830931342262,0.0,1.0
C_sparse_d50_featq2_K50,4000,50,50,0.4958817158877954,0.03404058198769164,0.703369140625,0.032476431339566035,0.5176256795256376,0.00688402881967159,59,96,0.35782136051034885,0.5697479248046875,sparse,2,3.0,0.13806035537744654,0.1336212158203125,4.218874370214188,0.0,0.0
C_sparse_d50_featq2_K50,4000,50,50,0.45561963670947225,0.0357168102797729,0.6951904296875,0.04393095240926702,0.5595544755945902,0.006156137490132192,70,97,0.35782136051034885,0.5697479248046875,sparse,2,3.0,0.0977982761991234,0.1254425048828125,7.7197143183411345,0.0,0.0
C_sparse_d50_featq2_K50,4000,50,50,0.3851625210125345,0.02751668010187064,0.6160888671875,0.027833109579064944,0.35115834256814843,0.006144672994180982,45,98,0.35782136051034885,0.5697479248046875,sparse,2,3.0,0.027341160502185657,0.0463409423828125,3.098727955360947,1.0,1.0
C_sparse_d50_featq2_K50,4000,50,50,0.4258916270818544,0.028083465380749326,0.626708984375,0.020084431961719513,0.3851069538291179,0.007430372447374637,38,99,0.35782136051034885,0.5697479248046875,sparse,2,3.0,0.06807026657150556,0.0569610595703125,1.6135376288997612,0.0,0.0
C_sparse_d50_featq2_K50,4000,50,50,0.4330421799276295,0.03305223606366105,0.690185546875,0.04631295041791253,0.5180327687340764,0.0060212035873154724,74,100,0.35782136051034885,0.5697479248046875,sparse,2,3.0,0.07522081941728065,0.1204376220703125,8.579557505648097,0.0,0.0
C_sparse_d50_featq2_K50,4000,50,50,0.4150794749785655,0.030841430289116345,0.66552734375,0.03358948372990813,0.42776445632862264,0.006265180845891533,58,101,0.35782136051034885,0.5697479248046875,sparse,2,3.0,0.05725811446821666,0.0957794189453125,4.5130136689670515,1.0,0.0
C_sparse_d50_featq2_K50,4000,50,50,0.4671344021425511,0.034815178120853524,0.70166015625,0.028084491650348337,0.5259391218178886,0.006506946396439843,45,102,0.35782136051034885,0.5697479248046875,sparse,2,3.0,0.10931304163220223,0.1319122314453125,3.154954685033942,0.0,0.0
C_sparse_d50_featq2_K50,4000,50,50,0.3609640979648534,0.027182134372697484,0.604248046875,0.029810610132929547,0.3321476034600282,0.006233979071093425,59,103,0.35782136051034885,0.5697479248046875,sparse,2,3.0,0.0031427374545045517,0.0345001220703125,3.554689905990087,1.0,1.0
C_sparse_d50_featq2_K50,4000,50,50,0.4270000544296809,0.03793959947890416,0.7796630859375,0.04431037767863386,0.6270013203738803,0.0047148030273218115,45,104,0.35782136051034885,0.5697479248046875,sparse,2,3.0,0.06917869391933207,0.2099151611328125,7.853638280092697,1.0,0.0
C_sparse_d50_featq2_K50,4000,50,50,0.46440073886331235,0.03407792096978802,0.68115234375,0.027222962227650763,0.5334561601655275,0.0065974899973236445,42,105,0.35782136051034885,0.5697479248046875,sparse,2,3.0,0.1065793783529635,0.1114044189453125,2.9643586897924004,0.0,0.0
C_sparse_d50_featq2_K50,4000,50,50,0.43581328869894753,0.03882949774242718,0.72265625,0.0558791334346181,0.6319439104048084,0.005490216401847657,70,106,0.35782136051034885,0.5697479248046875,sparse,2,3.0,0.07799192818859868,0.1529083251953125,12.489910213615419,0.0,0.0
C_sparse_d50_featq2_K50,4000,50,50,0.743259486954363,0.05157620691148697,0.9615478515625,0.024122514966779716,0.9212227939765675,0.004278210516414679,11,107,0.35782136051034885,0.5697479248046875,sparse,2,3.0,0.3854381264440141,0.3917999267578125,2.3275829132900454,0.0,0.0
C_sparse_d50_featq2_K50,4000,50,50,0.40690649230974596,0.03144294113479355,0.5775146484375,0.02405155860677905,0.44395805638462105,0.007341685669611143,41,108,0.35782136051034885,0.5697479248046875,sparse,2,3.0,0.04908513179939711,0.0077667236328125,2.31390988566131,1.0,1.0
C_sparse_d50_featq2_K50,4000,50,50,0.4023921352611021,0.029375084501542203,0.6278076171875,0.02623899638796998,0.37761354078440107,0.006730591297625167,51,109,0.35782136051034885,0.5697479248046875,sparse,2,3.0,0.04457077475075327,0.0580596923828125,2.7539397257916063,1.0,0.0
C_sparse_d50_featq2_K50,4000,50,50,0.500374755874091,0.03652534848694319,0.7454833984375,0.024778846373634873,0.5324878464657861,0.006481669659966752,38,110,0.35782136051034885,0.5697479248046875,sparse,2,3.0,0.14255339536374212,0.1757354736328125,2.455964910432792,0.0,0.0
C_sparse_d50_featq2_K50,4000,50,50,0.6291149678900625,0.04904997619547189,0.8681640625,0.03659035243107083,0.8712961614207546,0.005361903261859074,32,111,0.35782136051034885,0.5697479248046875,sparse,2,3.0,0.27129360737971364,0.2984161376953125,5.355415564119884,0.0,0.0
C_sparse_d50_featq2_K50,4000,50,50,0.6661917216829475,0.053640063227425865,0.9190673828125,0.04281918753416906,0.9422838038213692,0.004572762620333992,24,112,0.35782136051034885,0.5697479248046875,sparse,2,3.0,0.30837036117259864,0.3493194580078125,7.333931284345356,0.0,0.0
C_sparse_d50_featq2_K50,4000,50,50,0.38387245310507895,0.033075006146710544,0.6605224609375,0.02987091489718261,0.4598646461649326,0.005993425138893334,46,113,0.35782136051034885,0.5697479248046875,sparse,2,3.0,0.026051092594730096,0.0907745361328125,3.569086227178904,1.0,0.0
C_sparse_d50_featq2_K50,4000,50,50,0.40291001335400095,0.03388779589878159,0.631103515625,0.03726806170376335,0.4985918254353667,0.006348378795774298,59,114,0.35782136051034885,0.5697479248046875,sparse,2,3.0,0.0450886528436521,0.0613555908203125,5.55563369262205,1.0,1.0
C_sparse_d50_featq2_K50,4000,50,50,0.4318730601019365,0.03126809103110891,0.6385498046875,0.03034164241708906,0.48329412161856855,0.006444438513954813,53,115,0.35782136051034885,0.5697479248046875,sparse,2,3.0,0.07405169959158764,0.0688018798828125,3.682461058265992,0.0,0.0
C_sparse_d50_featq2_K50,4000,50,50,0.6291264516912898,0.05097694022784453,0.915283203125,0.0366270728101896,0.8484817808564866,0.004641719015938664,25,116,0.35782136051034885,0.5697479248046875,sparse,2,3.0,0.2713050911809409,0.3455352783203125,5.366169850571721,0.0,0.0
C_sparse_d50_featq2_K50,4000,50,50,0.6665061412801804,0.05319232753002688,0.9400634765625,0.03379551488860517,0.9264460844954171,0.0042324108172885,17,117,0.35782136051034885,0.5697479248046875,sparse,2,3.0,0.3086847807698315,0.3703155517578125,4.568547306343734,0.0,0.0
C_sparse_d50_featq2_K50,4000,50,50,0.6042225346985627,0.05272304872524419,0.9302978515625,0.048794253680057166,0.8614930421113796,0.003964999993635994,24,118,0.35782136051034885,0.5697479248046875,sparse,2,3.0,0.24640117418821383,0.3605499267578125,9.52351676877509,0.0,0.0
C_sparse_d50_featq2_K50,4000,50,50,0.40143717782609045,0.027916655886917274,0.5948486328125,0.024230856358492807,0.38206792111367816,0.007268880608888702,49,119,0.35782136051034885,0.5697479248046875,sparse,2,3.0,0.0436158173157416,0.0251007080078125,2.3485375994636453,1.0,1.0
C_sparse_d50_featq2_K50,4000,50,50,0.3731596043621195,0.025977966434481296,0.6087646484375,0.03457694089345769,0.29571077809654955,0.006316455948102242,69,120,0.35782136051034885,0.5697479248046875,sparse,2,3.0,0.015338243851770628,0.0390167236328125,4.782259366198667,1.0,1.0
C_sparse_d50_featq2_K50,4000,50,50,0.4808298635146308,0.03607240517447599,0.7110595703125,0.03481786121515589,0.5555022580341776,0.006713271019852156,62,121,0.35782136051034885,0.5697479248046875,sparse,2,3.0,0.12300850300428195,0.1413116455078125,4.8491338383914275,0.0,0.0
C_sparse_d50_featq2_K50,4000,50,50,0.6419379436947548,0.0483815541994312,0.8746337890625,0.035010366497916334,0.8717793976181983,0.005300957963671371,29,122,0.35782136051034885,0.5697479248046875,sparse,2,3.0,0.2841165831844059,0.3048858642578125,4.902903049273689,0.0,0.0
C_sparse_d50_featq2_K50,4000,50,50,0.3507070356714915,0.027285514310634116,0.59765625,0.032334566142598095,0.3257031267619074,0.006161930964163177,65,123,0.35782136051034885,0.5697479248046875,sparse,2,3.0,-0.007114324838857378,0.0279083251953125,4.182096670520204,1.0,1.0
C_sparse_d50_featq2_K50,4000,50,50,0.60848357499773,0.04383777625347641,0.7557373046875,0.021314272589373247,0.7951474333982606,0.007257110869274929,32,124,0.35782136051034885,0.5697479248046875,sparse,2,3.0,0.25066221448738113,0.1859893798828125,1.817192864056431,0.0,0.0
C_sparse_d50_featq2_K50,4000,50,50,0.4889235672967679,0.03545105358516657,0.6689453125,0.028198911498847252,0.5928470448926295,0.0073253761726200595,53,125,0.35782136051034885,0.5697479248046875,sparse,2,3.0,0.13110220678641904,0.0991973876953125,3.180714438879279,0.0,0.0
C_sparse_d50_featq2_K50,4000,50,50,0.6627628540502408,0.04929070459757872,0.886474609375,0.03918517953983884,0.868221389972578,0.005192724198367977,29,126,0.35782136051034885,0.5697479248046875,sparse,2,3.0,0.304941493539892,0.3167266845703125,6.141913182277618,0.0,0.0
C_sparse_d50_featq2_K50,4000,50,50,0.4125793834780239,0.0315799034628042,0.6336669921875,0.028122707112384644,0.4849408484002107,0.007187896896231044,59,127,0.35782136051034885,0.5697479248046875,sparse,2,3.0,0.05475802296767507,0.0639190673828125,3.163546621315879,1.0,0.0
C_sparse_d50_featq2_K50,4000,50,50,0.34006131437346937,0.025444769225166287,0.5679931640625,0.03307278682394146,0.38485751275984825,0.006749298525744471,72,128,0.35782136051034885,0.5697479248046875,sparse,2,3.0,-0.01776004613687948,-0.0017547607421875,4.375236913207503,1.0,1.0
C_sparse_d50_featq2_K50,4000,50,50,0.46588592595068384,0.03765263258724054,0.730712890625,0.02889475892870415,0.6026444291480985,0.00607195758064609,43,129,0.35782136051034885,0.5697479248046875,sparse,2,3.0,0.10806456544033499,0.1609649658203125,3.339628374191713,0.0,0.0
C_sparse_d50_featq2_K50,4000,50,50,0.6941081646904006,0.05252946087150864,0.9482421875,0.03214363149549355,0.8984556027605656,0.004247792582677225,17,130,0.35782136051034885,0.5697479248046875,sparse,2,3.0,0.33628680418005175,0.3784942626953125,4.132852182872339,0.0,0.0
C_sparse_d50_featq2_K50,4000,50,50,0.5415991988456641,0.04417951474479184,0.818115234375,0.0470799962649582,0.7505292438075393,0.005264597018607414,45,131,0.35782136051034885,0.5697479248046875,sparse,2,3.0,0.18377783833531525,0.2483673095703125,8.866104193233912,0.0,0.0
C_sparse_d50_featq2_K50,4000,50,50,0.34936116738520917,0.023777191312582224,0.5384521484375,0.018977354003455193,0.3151166570928826,0.0071152620607337225,39,132,0.35782136051034885,0.5697479248046875,sparse,2,3.0,-0.008460193125139681,-0.0312957763671875,1.4405598598898275,1.0,1.0
C_sparse_d50_featq2_K50,4000,50,50,0.6078610992693745,0.04730307456146297,0.872314453125,0.04451881444393399,0.833428662602194,0.005131083337376029,36,133,0.35782136051034885,0.5697479248046875,sparse,2,3.0,0.25003973875902563,0.3025665283203125,7.927699357973703,0.0,0.0
C_sparse_d50_featq2_K50,4000,50,50,0.3870726050130894,0.030439928632516433,0.596435546875,0.04062293210342251,0.4270016961441163,0.006191233234943186,64,134,0.35782136051034885,0.5697479248046875,sparse,2,3.0,0.029251244502740525,0.0266876220703125,6.6008904507171,1.0,1.0
C_sparse_d50_featq2_K50,4000,50,50,0.3633992369136514,0.03168214957713884,0.6417236328125,0.04841595499746846,0.45973946603696453,0.005637425886914313,73,135,0.35782136051034885,0.5697479248046875,sparse,2,3.0,0.00557787640330254,0.0719757080078125,9.376418793267563,1.0,1.0
C_sparse_d50_featq2_K50,4000,50,50,0.40119211237406216,0.03133250890768589,0.6378173828125,0.03612745351543424,0.4424707534268187,0.006122164743295109,63,136,0.35782136051034885,0.5697479248046875,sparse,2,3.0,0.04337075186371331,0.0680694580078125,5.220771590039448,1.0,1.0
C_sparse_d50_featq2_K50,4000,50,50,0.4119164301131795,0.029254167473253812,0.6173095703125,0.027335867161427673,0.38251347632923755,0.007011254520413349,52,137,0.35782136051034885,0.5697479248046875,sparse,2,3.0,0.05409506960283067,0.0475616455078125,2.9889985338688794,1.0,1.0
C_sparse_d50_featq2_K50,4000,50,50,0.5193900774358402,0.042876201940794695,0.8031005859375,0.03311761179946818,0.6957604627818585,0.005277208953654403,33,138,0.35782136051034885,0.5697479248046875,sparse,2,3.0,0.16156871692549135,0.2333526611328125,4.387104845201095,0.0,0.0
C_sparse_d50_featq2_K50,4000,50,50,0.39302716737332444,0.026883646112233043,0.5821533203125,0.027726188213229686,0.3262020816042652,0.007099590754159921,64,139,0.35782136051034885,0.5697479248046875,sparse,2,3.0,0.035205806862975586,0.0124053955078125,3.074966051341747,1.0,1.0
C_sparse_d50_featq2_K50,4000,50,50,0.3571085862533807,0.02544379290981405,0.5684814453125,0.024895672448870566,0.2880861761656427,0.00663392395664195,58,140,0.35782136051034885,0.5697479248046875,sparse,2,3.0,-0.0007127742569681406,-0.0012664794921875,2.479178026725812,1.0,1.0
C_sparse_d50_featq2_K50,4000,50,50,0.4419081027920413,0.038792832866215834,0.770751953125,0.046137002278884835,0.6055287340995432,0.005005467844382843,51,141,0.35782136051034885,0.5697479248046875,sparse,2,3.0,0.08408674228169244,0.2010040283203125,8.514491917127298,0.0,0.0
C_sparse_d50_featq2_K50,4000,50,50,0.46989344894062135,0.03421163259953916,0.704833984375,0.037612036484518115,0.5444789971143892,0.006465297086833972,67,142,0.35782136051034885,0.5697479248046875,sparse,2,3.0,0.1120720884302725,0.1350860595703125,5.658661154050887,0.0,0.0
C_sparse_d50_featq2_K50,4000,50,50,0.422102180127203,0.02979154503355245,0.6146240234375,0.04527818464499206,0.41631168401652696,0.0067562222243615945,83,143,0.35782136051034885,0.5697479248046875,sparse,2,3.0,0.06428081961685417,0.0448760986328125,8.20045601898398,0.0,1.0
C_sparse_d50_featq2_K50,4000,50,50,0.6293351803858621,0.050564321170865005,0.9259033203125,0.040682626176193525,0.8573262731294525,0.004245657715566693,24,144,0.35782136051034885,0.5697479248046875,sparse,2,3.0,0.27151381987551326,0.3561553955078125,6.620304290367626,0.0,0.0
C_sparse_d50_featq2_K50,4000,50,50,0.4046882413581917,0.03383834159484817,0.6630859375,0.03466741624497025,0.529482074669154,0.005836202162520418,51,145,0.35782136051034885,0.5697479248046875,sparse,2,3.0,0.04686688084784285,0.0933380126953125,4.807318996408109,1.0,0.0
C_sparse_d50_featq2_K50,4000,50,50,0.4250660915982439,0.03614732406519296,0.677734375,0.03164889398176957,0.5577385661238162,0.006704891315959099,56,146,0.35782136051034885,0.5697479248046875,sparse,2,3.0,0.06724473108789503,0.1079864501953125,4.006609961077161,1.0,0.0
C_sparse_d50_featq2_K50,4000,50,50,0.4937011406628599,0.03660174293746235,0.7210693359375,0.046232404904394016,0.6234228334484939,0.006303196446239223,77,147,0.35782136051034885,0.5697479248046875,sparse,2,3.0,0.13587978015251106,0.1513214111328125,8.549741052975344,0.0,0.0
C_sparse_d50_featq2_K50,4000,50,50,0.6071862971348447,0.04916676577243597,0.88671875,0.04421583663052359,0.8412083906145893,0.004639104993415811,31,148,0.35782136051034885,0.5697479248046875,sparse,2,3.0,0.24936493662449588,0.3169708251953125,7.820160835748607,0.0,0.0
C_sparse_d50_featq2_K50,4000,50,50,0.6513052930884304,0.04520567514130185,0.8565673828125,0.03581836384999463,0.8404764620668483,0.005621217667140433,35,149,0.35782136051034885,0.5697479248046875,sparse,2,3.0,0.2934839325780816,0.2868194580078125,5.1318207555624085,0.0,0.0
C_sparse_d50_featq2_K50,4000,50,50,0.6759972264326748,0.05596424687858868,0.9874267578125,0.008569971817508052,0.8927452052691146,0.0030098980803891524,1,150,0.35782136051034885,0.5697479248046875,sparse,2,3.0,0.31817586592232594,0.4176788330078125,0.2937776678115291,0.0,0.0
C_sparse_d50_featq2_K50,4000,50,50,0.5353814681992428,0.04273856424761025,0.7926025390625,0.03893164139512533,0.697197298205428,0.00591256642940822,45,151,0.35782136051034885,0.5697479248046875,sparse,2,3.0,0.17756010768889396,0.2228546142578125,6.062690806874546,0.0,0.0
C_sparse_d50_featq2_K50,4000,50,50,0.5593914117878664,0.044016797759416394,0.79150390625,0.03689333699259866,0.7302314476084822,0.005987718819367053,44,152,0.35782136051034885,0.5697479248046875,sparse,2,3.0,0.2015700512775176,0.2217559814453125,5.444473257797795,0.0,0.0
C_sparse_d50_featq2_K50,4000,50,50,0.6279303231222323,0.04776253372372499,0.88232421875,0.040442915147971555,0.8469768536122141,0.004858173303238414,29,153,0.35782136051034885,0.5697479248046875,sparse,2,3.0,0.27010896261188344,0.3125762939453125,6.5425175426641085,0.0,0.0
C_sparse_d50_featq2_K50,4000,50,50,0.6229429414658678,0.04770212821012238,0.87353515625,0.0369984643937823,0.8384049415181493,0.005016776403060479,27,154,0.35782136051034885,0.5697479248046875,sparse,2,3.0,0.26512158095551897,0.3037872314453125,5.475545469991906,0.0,0.0
C_sparse_d50_featq2_K50,4000,50,50,0.5899823653506767,0.04867481253738341,0.87646484375,0.04650644878160227,0.8441686805879309,0.004732875393712167,32,155,0.35782136051034885,0.5697479248046875,sparse,2,3.0,0.23216100484032787,0.3067169189453125,8.65139911310318,0.0,0.0
C_sparse_d50_featq2_K50,4000,50,50,0.47269476845494734,0.03260099681931255,0.682861328125,0.026673802674784867,0.4531631234995789,0.006651784782834046,53,156,0.35782136051034885,0.5697479248046875,sparse,2,3.0,0.1148734079445985,0.1131134033203125,2.8459669965334413,0.0,0.0
C_sparse_d50_featq2_K50,4000,50,50,0.7002230484508136,0.05020147540186374,0.915283203125,0.0333582095278625,0.9163181382872171,0.005033510956965054,22,157,0.35782136051034885,0.5697479248046875,sparse,2,3.0,0.34240168794046477,0.3455352783203125,4.451080571619105,0.0,0.0
C_sparse_d50_featq2_K50,4000,50,50,0.6968589511743029,0.048794706429412554,0.9310302734375,0.03460061731918608,0.8851914679185301,0.004427683562526184,20,158,0.35782136051034885,0.5697479248046875,sparse,2,3.0,0.339037590663954,0.3612823486328125,4.788810875475039,0.0,0.0
C_sparse_d50_featq2_K50,4000,50,50,0.6541732308226553,0.05304940923510742,0.9593505859375,0.033287389592227115,0.8555376084211651,0.003944736190992986,15,159,0.35782136051034885,0.5697479248046875,sparse,2,3.0,0.2963518703123065,0.3896026611328125,4.43220122345884,0.0,0.0
C_sparse_d50_featq2_K50,4000,50,50,0.5971370774522873,0.04802790861479279,0.8626708984375,0.04773307192922216,0.7951732049166919,0.004963177673593793,40,160,0.35782136051034885,0.5697479248046875,sparse,2,3.0,0.23931571694193843,0.2929229736328125,9.113784623201187,0.0,0.0
C_sparse_d50_featq2_K50,4000,50,50,0.6613314995876032,0.056075691937691526,0.97314453125,0.02806953720017188,0.8977161174244044,0.003523894045472633,8,161,0.35782136051034885,0.5697479248046875,sparse,2,3.0,0.3035101390772543,0.4033966064453125,3.1515956745273326,0.0,0.0
C_sparse_d50_featq2_K50,4000,50,50,0.6670590253353947,0.04993821720862373,0.93115234375,0.05027020821518475,0.8750736803874481,0.004402914332821688,32,162,0.35782136051034885,0.5697479248046875,sparse,2,3.0,0.3092376648250459,0.3614044189453125,10.108375335992113,0.0,0.0
C_sparse_d50_featq2_K50,4000,50,50,0.6098546481717196,0.044947860750074446,0.8507080078125,0.0400533116568678,0.7645402465258682,0.00530872243657765,33,163,0.35782136051034885,0.5697479248046875,sparse,2,3.0,0.2520332876613708,0.2809600830078125,6.417071098728727,0.0,0.0
C_sparse_d50_featq2_K50,4000,50,50,0.4395971412122734,0.03548362721303781,0.7171630859375,0.03798702713459071,0.5428652213444154,0.005686415086503158,53,164,0.35782136051034885,0.5697479248046875,sparse,2,3.0,0.08177578070192454,0.1474151611328125,5.7720569220965245,0.0,0.0
C_sparse_d50_featq2_K50,4000,50,50,0.4736940868595133,0.03890959593878543,0.75244140625,0.04266544283107262,0.5895345701927909,0.005623871221163472,57,165,0.35782136051034885,0.5697479248046875,sparse,2,3.0,0.11587272634916446,0.1826934814453125,7.281360047886103,0.0,0.0
C_sparse_d50_featq2_K50,4000,50,50,0.49320108199116697,0.03380192925096975,0.70703125,0.028887683212243543,0.5671092332269931,0.0065911762125524884,48,166,0.35782136051034885,0.5697479248046875,sparse,2,3.0,0.13537972148081812,0.1372833251953125,3.3379929654837497,0.0,0.0
C_sparse_d50_featq2_K50,4000,50,50,0.4514069885006805,0.034442460572101846,0.6976318359375,0.033944306029296996,0.5580655858457191,0.006275596003377141,57,167,0.35782136051034885,0.5697479248046875,sparse,2,3.0,0.09358562799033165,0.1278839111328125,4.6088636472422735,0.0,0.0
C_sparse_d50_featq2_K50,4000,50,50,0.48508698567454,0.038559835253890916,0.7039794921875,0.02656991017151352,0.5486583579048046,0.00696295557413136,37,168,0.35782136051034885,0.5697479248046875,sparse,2,3.0,0.12726562516419115,0.1342315673828125,2.8238405060891907,0.0,0.0
C_sparse_d50_featq2_K50,4000,50,50,0.5380918105870915,0.04345848964784119,0.763427734375,0.036889934341105754,0.7052237910224942,0.006295193605722612,50,169,0.35782136051034885,0.5697479248046875,sparse,2,3.0,0.1802704500767427,0.1936798095703125,5.443469022764375,0.0,0.0
C_sparse_d50_featq2_K50,4000,50,50,0.5645813378537456,0.04729635738238049,0.9063720703125,0.05398162640344398,0.7758850219696404,0.004164658942785632,38,170,0.35782136051034885,0.5697479248046875,sparse,2,3.0,0.2067599773433968,0.3366241455078125,11.656063956644,0.0,0.0
C_sparse_d50_featq2_K50,4000,50,50,0.5736915624331794,0.045932689576754414,0.8453369140625,0.0326756526890041,0.8437143585918381,0.005294376008455996,28,171,0.35782136051034885,0.5697479248046875,sparse,2,3.0,0.21587020192283057,0.2755889892578125,4.270793114609685,0.0,0.0
C_sparse_d50_featq2_K50,4000,50,50,0.4624426472018926,0.03449936859632414,0.6959228515625,0.0304469364179616,0.5417189303363816,0.00639218989468239,50,172,0.35782136051034885,0.5697479248046875,sparse,2,3.0,0.10462128669154375,0.1261749267578125,3.7080637489575854,0.0,0.0
C_sparse_d50_featq2_K50,4000,50,50,0.37237697758771937,0.024945991716045408,0.5736083984375,0.026535897065047255,0.2905009206028506,0.007282044422439947,62,173,0.35782136051034885,0.5697479248046875,sparse,2,3.0,0.01455561707737052,0.0038604736328125,2.816615332187134,1.0,1.0
C_sparse_d50_featq2_K50,4000,50,50,0.5697886583729979,0.03949120904509686,0.7838134765625,0.03199876118888976,0.696572968740503,0.0061653120867097445,36,174,0.35782136051034885,0.5697479248046875,sparse,2,3.0,0.211967297862649,0.2140655517578125,4.0956828704943895,0.0,0.0
C_sparse_d50_featq2_K50,4000,50,50,0.4179783877322276,0.03106591337995582,0.5791015625,0.025292909410701492,0.42018895034604437,0.007326802740464562,51,175,0.35782136051034885,0.5697479248046875,sparse,2,3.0,0.06015702722187877,0.0093536376953125,2.5589250658318083,1.0,1.0
C_sparse_d50_featq2_K50,4000,50,50,0.40481283513701866,0.028340571920917185,0.674072265625,0.03125412357777525,0.3691214177473451,0.005669841719953177,49,176,0.35782136051034885,0.5697479248046875,sparse,2,3.0,0.046991474626669805,0.1043243408203125,3.9072809624593883,1.0,0.0
C_sparse_d50_featq2_K50,4000,50,50,0.387650396119378,0.026421184777766216,0.588134765625,0.026276999464129768,0.31161169694259694,0.007000061331457438,53,177,0.35782136051034885,0.5697479248046875,sparse,2,3.0,0.029829035609029164,0.0183868408203125,2.7619228033515046,1.0,1.0
C_sparse_d50_featq2_K50,4000,50,50,0.521862271531526,0.04114531165187413,0.754150390625,0.0279329713972349,0.6487308888169141,0.006369667946293024,34,178,0.35782136051034885,0.5697479248046875,sparse,2,3.0,0.16404091102117713,0.1844024658203125,3.1210035643149716,0.0,0.0
C_sparse_d50_featq2_K50,4000,50,50,0.6125353318922961,0.05036589865957014,0.8653564453125,0.05055841984331446,0.8738643680023529,0.005206155010965573,40,179,0.35782136051034885,0.5697479248046875,sparse,2,3.0,0.2547139713819473,0.2956085205078125,10.224615268211414,0.0,0.0
C_sparse_d50_featq2_K50,4000,50,50,0.36443329488201315,0.028606100956766967,0.5924072265625,0.04354146782283959,0.38094463141554225,0.005924968736102658,77,180,0.35782136051034885,0.5697479248046875,sparse,2,3.0,0.006611934371664296,0.0226593017578125,7.583437680669501,1.0,1.0
C_sparse_d50_featq2_K50,4000,50,50,0.4903155991013455,0.03575692084195061,0.7099609375,0.024662164967275774,0.5797606797765813,0.0067629777519062975,44,181,0.35782136051034885,0.5697479248046875,sparse,2,3.0,0.13249423859099663,0.1402130126953125,2.4328895234924977,0.0,0.0
C_sparse_d50_featq2_K50,4000,50,50,0.7310543564068981,0.0553952404650999,0.9825439453125,0.030885068419572562,0.9089019090695599,0.0037661893002026705,12,182,0.35782136051034885,0.5697479248046875,sparse,2,3.0,0.37323299589654924,0.4127960205078125,3.8155498051267136,0.0,0.0
C_sparse_d50_featq2_K50,4000,50,50,0.3915459123885427,0.033021538339080385,0.6854248046875,0.04859964249814611,0.519351398846998,0.0056482901060707635,75,183,0.35782136051034885,0.5697479248046875,sparse,2,3.0,0.03372455187819384,0.1156768798828125,9.44770100379044,1.0,0.0
C_sparse_d50_featq2_K50,4000,50,50,0.693968381841218,0.0551243018687143,0.96142578125,0.034327317949281275,0.9228875742052759,0.003965208945762705,14,184,0.35782136051034885,0.5697479248046875,sparse,2,3.0,0.33614702133086916,0.3916778564453125,4.713459030364193,0.0,0.0
C_sparse_d50_featq2_K50,4000,50,50,0.5246826789606098,0.03982798926831956,0.7686767578125,0.03670288642373784,0.6308696866601677,0.005936767127566379,48,185,0.35782136051034885,0.5697479248046875,sparse,2,3.0,0.16686131845026098,0.1989288330078125,5.388407487335198,0.0,0.0
C_sparse_d50_featq2_K50,4000,50,50,0.6073759487932429,0.045114256450356,0.86865234375,0.0401692790442792,0.7827379790137635,0.005156780625941594,32,186,0.35782136051034885,0.5697479248046875,sparse,2,3.0,0.249554588282894,0.2989044189453125,6.454283915748672,0.0,0.0
C_sparse_d50_featq2_K50,4000,50,50,0.7022737183418253,0.05032148756454194,0.9447021484375,0.04173161523906769,0.8567650918323872,0.004222058841718999,21,187,0.35782136051034885,0.5697479248046875,sparse,2,3.0,0.34445235783147643,0.3749542236328125,6.966110841846346,0.0,0.0
C_sparse_d50_featq2_K50,4000,50,50,0.3931044004672194,0.02592949647400391,0.5706787109375,0.02462051251745214,0.34372267037215903,0.007420306108422459,55,188,0.35782136051034885,0.5697479248046875,sparse,2,3.0,0.03528303995687054,0.0009307861328125,2.42467854648807,1.0,1.0
C_sparse_d50_featq2_K50,4000,50,50,0.6511210634539242,0.048552499185047976,0.8721923828125,0.04629497788661257,0.8769561007968626,0.0053415568173349375,39,189,0.35782136051034885,0.5697479248046875,sparse,2,3.0,0.2932997029435753,0.3024444580078125,8.572899910087786,0.0,0.0
C_sparse_d50_featq2_K50,4000,50,50,0.6121254956157773,0.049152425985254926,0.8486328125,0.03749218757964517,0.8488255777315953,0.0055013824497280464,34,190,0.35782136051034885,0.5697479248046875,sparse,2,3.0,0.2543041351054285,0.2788848876953125,5.622656518029197,0.0,0.0
C_sparse_d50_featq2_K50,4000,50,50,0.511696352838829,0.04539710650759028,0.845703125,0.05015491885548418,0.702457938711851,0.0046565122260271005,40,191,0.35782136051034885,0.5697479248046875,sparse,2,3.0,0.15387499232848012,0.2759552001953125,10.06206354160081,0.0,0.0
C_sparse_d50_featq2_K50,4000,50,50,0.3962239743717265,0.02598561052366849,0.583740234375,0.029650577812501574,0.2658941384491535,0.006883895053659371,69,192,0.35782136051034885,0.5697479248046875,sparse,2,3.0,0.038402613861377666,0.0139923095703125,3.5166270584608426,1.0,1.0
C_sparse_d50_featq2_K50,4000,50,50,0.5863730902566375,0.048922347357155616,0.8912353515625,0.04716402495611948,0.8112636427127808,0.004687829490954786,34,193,0.35782136051034885,0.5697479248046875,sparse,2,3.0,0.22855172974628868,0.3214874267578125,8.897781000245846,0.0,0.0
C_sparse_d50_featq2_K50,4000,50,50,0.4085444336710442,0.030916399091983175,0.6229248046875,0.03638922136902068,0.44366892526766094,0.006636229557994216,62,194,0.35782136051034885,0.5697479248046875,sparse,2,3.0,0.05072307316069535,0.0531768798828125,5.296701727374366,1.0,1.0
C_sparse_d50_featq2_K50,4000,50,50,0.39588343230893763,0.025019558353794123,0.6009521484375,0.02749720935058143,0.2933958554139739,0.006683598429864837,56,195,0.35782136051034885,0.5697479248046875,sparse,2,3.0,0.03806207179858878,0.0312042236328125,3.024386088278811,1.0,1.0
C_sparse_d50_featq2_K50,4000,50,50,0.3605625738152606,0.02988239110577821,0.5797119140625,0.030490412991523292,0.4124477253214752,0.006266618538602001,52,196,0.35782136051034885,0.5697479248046875,sparse,2,3.0,0.002741213304911727,0.0099639892578125,3.7186611375746095,1.0,1.0
C_sparse_d50_featq2_K50,4000,50,50,0.4886234497967604,0.03431554386586759,0.673828125,0.027858647077082698,0.533857240107084,0.007359609179451368,47,197,0.35782136051034885,0.5697479248046875,sparse,2,3.0,0.13080208928641157,0.1040802001953125,3.104416867861793,0.0,0.0
C_sparse_d50_featq2_K50,4000,50,50,0.4501382572238818,0.029933169407004443,0.6600341796875,0.026352432664511503,0.36100525517047405,0.00649589192272879,50,198,0.35782136051034885,0.5697479248046875,sparse,2,3.0,0.09231689671353294,0.0902862548828125,2.7778028293504513,0.0,0.0
C_sparse_d50_featq2_K50,4000,50,50,0.3617804108873231,0.02987723450312821,0.627197265625,0.03366294489003814,0.40970151602436583,0.005835018016812851,57,199,0.35782136051034885,0.5697479248046875,sparse,2,3.0,0.003959050376974249,0.0574493408203125,4.53277543467898,1.0,1.0
C_sparse_d50_oracle_K50,4000,50,50,0.3564306507266819,0.02357984128045688,0.56591796875,0.03526306219976468,0.11610554467953052,0.006588363057773707,65,0,0.35782136051034885,0.5697479248046875,sparse,oracle2,3.0,-0.0013907097836669546,-0.0038299560546875,4.973934222817891,1.0,1.0
C_sparse_d50_oracle_K50,4000,50,50,0.3433842864191424,0.023968884353895194,0.59228515625,0.036713136478669625,0.15686435424691114,0.006335957905637163,55,1,0.35782136051034885,0.5697479248046875,sparse,oracle2,3.0,-0.014437074091206425,0.0225372314453125,5.3914175604056895,1.0,1.0
C_sparse_d50_oracle_K50,4000,50,50,0.33767840855225467,0.024179030106692798,0.5609130859375,0.03585979304612864,0.16900550334567616,0.006650843652340344,66,2,0.35782136051034885,0.5697479248046875,sparse,oracle2,3.0,-0.02014295195809418,-0.0088348388671875,5.1436990292447025,1.0,1.0
C_sparse_d50_oracle_K50,4000,50,50,0.3640886946110874,0.023750078938562395,0.5872802734375,0.027629208709549605,0.21379251875474234,0.007068593250343378,54,3,0.35782136051034885,0.5697479248046875,sparse,oracle2,3.0,0.006267334100738542,0.0175323486328125,3.053492695663407,1.0,1.0
C_sparse_d50_oracle_K50,4000,50,50,0.3243538805829096,0.023929856555516195,0.57080078125,0.03768757002930983,0.15844174476693473,0.005801954890357895,57,4,0.35782136051034885,0.5697479248046875,sparse,oracle2,3.0,-0.03346747992743926,0.0010528564453125,5.6814117388565295,1.0,1.0
C_sparse_d50_oracle_K50,4000,50,50,0.35086946317706846,0.023088492613101842,0.56884765625,0.036042745257518306,0.1455470266352025,0.006711651901978441,55,5,0.35782136051034885,0.5697479248046875,sparse,oracle2,3.0,-0.006951897333280388,-0.0009002685546875,5.196317942793433,1.0,1.0
C_sparse_d50_oracle_K50,4000,50,50,0.36898558343479515,0.023697244959763338,0.55126953125,0.03660956913751385,0.15006959383311558,0.006795278044715644,58,6,0.35782136051034885,0.5697479248046875,sparse,oracle2,3.0,0.011164222924446299,-0.0184783935546875,5.361042209737627,1.0,1.0
C_sparse_d50_oracle_K50,4000,50,50,0.3637325880358311,0.023566288000256386,0.5802001953125,0.032426948562487394,0.1361122413703689,0.00668214725620077,50,7,0.35782136051034885,0.5697479248046875,sparse,oracle2,3.0,0.005911227525482232,0.0104522705078125,4.206027972296813,1.0,1.0
C_sparse_d50_oracle_K50,4000,50,50,0.3828361391519954,0.023455510936565775,0.57568359375,0.03489893851320904,0.1650547872590468,0.007062061593403077,58,8,0.35782136051034885,0.5697479248046875,sparse,oracle2,3.0,0.02501477864164653,0.0059356689453125,4.871743637394981,1.0,1.0
C_sparse_d50_oracle_K50,4000,50,50,0.3221528388043965,0.023774793037163015,0.581787109375,0.04086936257673374,0.19719987364933633,0.006178143188816855,68,9,0.35782136051034885,0.5697479248046875,sparse,oracle2,3.0,-0.03566852170595236,0.0120391845703125,6.681219189714098,1.0,1.0
C_sparse_d50_oracle_K50,4000,50,50,0.3441960354655751,0.023260010625769306,0.557861328125,0.024951990221099306,0.21611528621973378,0.007482918465377896,47,10,0.35782136051034885,0.5697479248046875,sparse,oracle2,3.0,-0.013625325044773762,-0.0118865966796875,2.4904072639753414,1.0,1.0
C_sparse_d50_oracle_K50,4000,50,50,0.3136124604878077,0.023414664513268686,0.5716552734375,0.03145788271828769,0.18767012730675828,0.0059210430392266705,52,11,0.35782136051034885,0.5697479248046875,sparse,oracle2,3.0,-0.04420890002254113,0.0019073486328125,3.958393540470174,1.0,1.0
C_sparse_d50_oracle_K50,4000,50,50,0.3220791091528275,0.023309549207100776,0.572998046875,0.047046815933464624,0.13840892215157,0.006626180822764818,77,12,0.35782136051034885,0.5697479248046875,sparse,oracle2,3.0,-0.03574225135752135,0.0032501220703125,8.853611557909204,1.0,1.0
C_sparse_d50_oracle_K50,4000,50,50,0.3763496482284747,0.023161467094825954,0.56591796875,0.023447555975902215,0.1785077424008479,0.007009402738878369,45,13,0.35782136051034885,0.5697479248046875,sparse,oracle2,3.0,0.01852828771812587,-0.0038299560546875,2.1991515249722706,1.0,1.0
C_sparse_d50_oracle_K50,4000,50,50,0.40811564532843553,0.02521977584984773,0.6151123046875,0.02355829092963803,0.18527694770216777,0.00701742469329233,48,14,0.35782136051034885,0.5697479248046875,sparse,oracle2,3.0,0.050294284818086676,0.0453643798828125,2.2199722861018616,0.0,1.0
C_sparse_d50_oracle_K50,4000,50,50,0.4043677250313358,0.02380440776725167,0.583740234375,0.025389060258477654,0.1381538469980638,0.00690477778903175,50,15,0.35782136051034885,0.5697479248046875,sparse,oracle2,3.0,0.04654636452098693,0.0139923095703125,2.5784175232344375,1.0,1.0
C_sparse_d50_oracle_K50,4000,50,50,0.3611120908833164,0.023672849846314802,0.5777587890625,0.030292365258072627,0.1534878764546645,0.0067855582304581635,56,16,0.35782136051034885,0.5697479248046875,sparse,oracle2,3.0,0.003290730372967565,0.0080108642578125,3.670509571713942,1.0,1.0
C_sparse_d50_oracle_K50,4000,50,50,0.39469189084060197,0.024032625628742293,0.59814453125,0.026417123374671767,0.13492820336448402,0.006909616593869018,49,17,0.35782136051034885,0.5697479248046875,sparse,oracle2,3.0,0.036870530330253115,0.0283966064453125,2.7914576295705174,1.0,1.0
C_sparse_d50_oracle_K50,4000,50,50,0.376220534486133,0.023735926736730806,0.5751953125,0.031793539064526144,0.1627808122476386,0.006800664361959259,56,18,0.35782136051034885,0.5697479248046875,sparse,oracle2,3.0,0.018399173975784167,0.0054473876953125,4.0433165049902,1.0,1.0
C_sparse_d50_oracle_K50,4000,50,50,0.3722078226764544,0.02457816384371811,0.5887451171875,0.01876784780033777,0.14618180422850097,0.006278318771753942,32,19,0.35782136051034885,0.5697479248046875,sparse,oracle2,3.0,0.014386462166105562,0.0189971923828125,1.4089284442265728,1.0,1.0
C_sparse_d50_oracle_K50,4000,50,50,0.36849829140444407,0.025223417222085414,0.623291015625,0.03049554196278071,0.1378994028904295,0.006647553200532567,53,20,0.35782136051034885,0.5697479248046875,sparse,oracle2,3.0,0.010676930894095216,0.0535430908203125,3.7199123184148766,1.0,1.0
C_sparse_d50_oracle_K50,4000,50,50,0.35616258636668136,0.023026479908492978,0.5709228515625,0.031898971619713286,0.1366362852839072,0.00660334486260372,54,21,0.35782136051034885,0.5697479248046875,sparse,oracle2,3.0,-0.0016587741436674963,0.0011749267578125,4.070177561581095,1.0,1.0
C_sparse_d50_oracle_K50,4000,50,50,0.3828905193631483,0.022993792813005533,0.572021484375,0.031865821536192745,0.13524494883001104,0.006849986327897727,57,22,0.35782136051034885,0.5697479248046875,sparse,oracle2,3.0,0.025069158852799422,0.0022735595703125,4.061722328705941,1.0,1.0
C_sparse_d50_oracle_K50,4000,50,50,0.3753621215637507,0.024162228272645976,0.6016845703125,0.03541273463721991,0.1646391197848197,0.00654467398598403,66,23,0.35782136051034885,0.5697479248046875,sparse,oracle2,3.0,0.017540761053401854,0.0319366455078125,5.016247097944619,1.0,1.0
C_sparse_d50_oracle_K50,4000,50,50,0.3609430869930611,0.023294882808385844,0.552001953125,0.021742198203638208,0.2163127357106038,0.007040562163614583,42,24,0.35782136051034885,0.5697479248046875,sparse,oracle2,3.0,0.0031217264827122504,-0.0177459716796875,1.890892730905154,1.0,1.0
C_sparse_d50_oracle_K50,4000,50,50,0.38070567521041515,0.02242198752969911,0.549560546875,0.031647679625250544,0.1695093643347702,0.007011569400677099,59,25,0.35782136051034885,0.5697479248046875,sparse,oracle2,3.0,0.0228843147000663,-0.0201873779296875,4.006302502649993,1.0,1.0
C_sparse_d50_oracle_K50,4000,50,50,0.39773025663077477,0.023750682706023093,0.5938720703125,0.023890774257469525,0.14902092609769796,0.007151092277057451,48,26,0.35782136051034885,0.5697479248046875,sparse,oracle2,3.0,0.03990889612042592,0.0241241455078125,2.283076378485474,1.0,1.0
C_sparse_d50_oracle_K50,4000,50,50,0.3409614126214664,0.024570766519415175,0.565673828125,0.02338572318908216,0.1442707175987349,0.006836548155252254,45,27,0.35782136051034885,0.5697479248046875,sparse,oracle2,3.0,-0.016859947888882454,-0.0040740966796875,2.1875681963055005,1.0,1.0
C_sparse_d50_oracle_K50,4000,50,50,0.3641627084881048,0.02427139089860849,0.5899658203125,0.019117225558586658,0.13996254345490797,0.00654599862519374,32,28,0.35782136051034885,0.5697479248046875,sparse,oracle2,3.0,0.006341347977755929,0.0202178955078125,1.4618732522315159,1.0,1.0
C_sparse_d50_oracle_K50,4000,50,50,0.3714540671518144,0.022498181784867618,0.5303955078125,0.02534391217899842,0.1356364635343059,0.007143162832331261,49,29,0.35782136051034885,0.5697479248046875,sparse,oracle2,3.0,0.013632706641465542,-0.0393524169921875,2.569255538147138,1.0,1.0
C_sparse_d50_oracle_K50,4000,50,50,0.36810622446533714,0.024717979007854208,0.6148681640625,0.03675459708206831,0.17596875874847553,0.006427011421568418,53,30,0.35782136051034885,0.5697479248046875,sparse,oracle2,3.0,0.010284863954988288,0.0451202392578125,5.403601626660738,1.0,1.0
C_sparse_d50_oracle_K50,4000,50,50,0.31349218732424233,0.02418239444151794,0.5556640625,0.03896893708127392,0.13298159525908682,0.006088645815657982,64,31,0.35782136051034885,0.5697479248046875,sparse,oracle2,3.0,-0.04432917318610652,-0.0140838623046875,6.074312228977142,1.0,1.0
C_sparse_d50_oracle_K50,4000,50,50,0.3928526077069723,0.02287186896511767,0.5478515625,0.023593874113274654,0.18548356880631722,0.007588996106599565,48,32,0.35782136051034885,0.5697479248046875,sparse,oracle2,3.0,0.03503124719662343,-0.0218963623046875,2.2266835826922073,1.0,1.0
C_sparse_d50_oracle_K50,4000,50,50,0.3727540862015743,0.024974814394718256,0.6241455078125,0.027363877690261898,0.17552863282701167,0.007082649588008621,53,33,0.35782136051034885,0.5697479248046875,sparse,oracle2,3.0,0.014932725691225446,0.0543975830078125,2.9951272089904513,1.0,0.0
C_sparse_d50_oracle_K50,4000,50,50,0.35633625762375143,0.02410494857944426,0.5889892578125,0.041763713606093975,0.1526190726283784,0.006731390678744107,77,34,0.35782136051034885,0.5697479248046875,sparse,oracle2,3.0,-0.0014851028865974225,0.0192413330078125,6.976831096687357,1.0,1.0
C_sparse_d50_oracle_K50,4000,50,50,0.3573336949786568,0.02390576812723261,0.5631103515625,0.033271477895941114,0.17213779097635,0.007068755775104382,62,35,0.35782136051034885,0.5697479248046875,sparse,oracle2,3.0,-0.00048766553169204974,-0.0066375732421875,4.427964965520392,1.0,1.0
C_sparse_d50_oracle_K50,4000,50,50,0.371005569793347,0.02363055366736544,0.5748291015625,0.032219200649958965,0.16542184382315211,0.006872660255786348,59,36,0.35782136051034885,0.5697479248046875,sparse,oracle2,3.0,0.013184209282998127,0.0050811767578125,4.152307562089265,1.0,1.0
C_sparse_d50_oracle_K50,4000,50,50,0.39129657212200913,0.02353375399312514,0.57177734375,0.023105579974818078,0.17849223197714842,0.007072906476364633,44,37,0.35782136051034885,0.5697479248046875,sparse,oracle2,3.0,0.03347521161166028,0.0020294189453125,2.135471303890857,1.0,1.0
C_sparse_d50_oracle_K50,4000,50,50,0.39166971231242503,0.023533065071803114,0.5626220703125,0.022993911397180534,0.15640823531098283,0.007092555177170333,43,38,0.35782136051034885,0.5697479248046875,sparse,oracle2,3.0,0.03384835180207618,-0.0071258544921875,2.1148798453655555,1.0,1.0
C_sparse_d50_oracle_K50,4000,50,50,0.36049741232792554,0.025668894167164696,0.61328125,0.025557602805748324,0.18254386669677397,0.006279811070001619,41,39,0.35782136051034885,0.5697479248046875,sparse,oracle2,3.0,0.0026760518175766856,0.0435333251953125,2.6127642447055783,1.0,1.0
C_sparse_d50_oracle_K50,4000,50,50,0.3265906107317147,0.023390595515852538,0.582763671875,0.04079186845596321,0.17126450471708535,0.00622266562161298,70,40,0.35782136051034885,0.5697479248046875,sparse,oracle2,3.0,-0.03123074977863416,0.0130157470703125,6.655906128514425,1.0,1.0
C_sparse_d50_oracle_K50,4000,50,50,0.3880612142164132,0.024164551772645686,0.5941162109375,0.0218770157033462,0.1590578217100302,0.0067061059117279175,37,41,0.35782136051034885,0.5697479248046875,sparse,oracle2,3.0,0.030239853706064357,0.0243682861328125,1.914415264337825,1.0,1.0
C_sparse_d50_oracle_K50,4000,50,50,0.3680208849209857,0.022677094109965143,0.5587158203125,0.02971258648092876,0.17015328486586861,0.0061544295392506245,56,42,0.35782136051034885,0.5697479248046875,sparse,oracle2,3.0,0.010199524410636873,-0.0110321044921875,3.5313511815466825,1.0,1.0
C_sparse_d50_oracle_K50,4000,50,50,0.3024137644663778,0.023104999604568376,0.5640869140625,0.02761512495551457,0.17875325588432497,0.006459198933908837,49,43,0.35782136051034885,0.5697479248046875,sparse,oracle2,3.0,-0.05540759604397105,-0.0056610107421875,3.0503805052347346,0.0,1.0
C_sparse_d50_oracle_K50,4000,50,50,0.3654242901124779,0.02466675675221442,0.61279296875,0.02511681938996082,0.17375895800214636,0.006807376150413232,45,44,0.35782136051034885,0.5697479248046875,sparse,oracle2,3.0,0.007602929602129049,0.0430450439453125,2.523418465071647,1.0,1.0
C_sparse_d50_oracle_K50,4000,50,50,0.34404073363423116,0.02404708314107596,0.5882568359375,0.05467624973106637,0.1654691455039328,0.006295042254041416,87,45,0.35782136051034885,0.5697479248046875,sparse,oracle2,3.0,-0.013780626876117696,0.0185089111328125,11.957969138615741,1.0,1.0
C_sparse_d50_oracle_K50,4000,50,50,0.36050857103470285,0.025111166075393706,0.619873046875,0.022535372241738228,0.17951767504267596,0.006236430845724492,40,46,0.35782136051034885,0.5697479248046875,sparse,oracle2,3.0,0.002687210524354,0.0501251220703125,2.0313720082948232,1.0,0.0
C_sparse_d50_oracle_K50,4000,50,50,0.37153404171839244,0.022982489292768638,0.5714111328125,0.031681951223643826,0.15672109385569158,0.007317774672890065,59,47,0.35782136051034885,0.5697479248046875,sparse,oracle2,3.0,0.013712681208043587,0.0016632080078125,4.014984133349387,1.0,1.0
C_sparse_d50_oracle_K50,4000,50,50,0.3482381380185788,0.023147807276560736,0.56787109375,0.023742778417542004,0.14503021485190287,0.006664455325324649,44,48,0.35782136051034885,0.5697479248046875,sparse,oracle2,3.0,-0.009583222491770071,-0.0018768310546875,2.2548781079379934,1.0,1.0
C_sparse_d50_oracle_K50,4000,50,50,0.336732389744206,0.022567166204327613,0.5576171875,0.042320276994065036,0.1476127812949019,0.006150686474368371,72,49,0.35782136051034885,0.5697479248046875,sparse,oracle2,3.0,-0.021088970766142856,-0.0121307373046875,7.164023379417561,1.0,1.0
C_sparse_d50_oracle_K50,4000,50,50,0.38807705626341055,0.023929615845569813,0.5943603515625,0.024407139328622398,0.17630137129013052,0.0073012071969166545,47,50,0.35782136051034885,0.5697479248046875,sparse,oracle2,3.0,0.030255695753061695,0.0246124267578125,2.382833800827145,1.0,1.0
C_sparse_d50_oracle_K50,4000,50,50,0.3678836037963263,0.024918226247423753,0.6365966796875,0.028925535279229808,0.1913292388803886,0.006495103483935005,54,51,0.35782136051034885,0.5697479248046875,sparse,oracle2,3.0,0.010062243285977435,0.0668487548828125,3.346746364759873,1.0,0.0
C_sparse_d50_oracle_K50,4000,50,50,0.334779074721115,0.02308946290581145,0.564453125,0.028071891414858944,0.16414301536573625,0.006392040063210793,52,52,0.35782136051034885,0.5697479248046875,sparse,oracle2,3.0,-0.02304228578923384,-0.0052947998046875,3.1521243504305247,1.0,1.0
C_sparse_d50_oracle_K50,4000,50,50,0.3892649540331268,0.022811797224354658,0.5499267578125,0.0219874066425295,0.20365639517895076,0.007460342601174146,45,53,0.35782136051034885,0.5697479248046875,sparse,oracle2,3.0,0.031443593522777924,-0.0198211669921875,1.9337842034558015,1.0,1.0
C_sparse_d50_oracle_K50,4000,50,50,0.3370862436566544,0.024044831332255434,0.5867919921875,0.02395843548790752,0.16558426066190873,0.006418626170273748,41,54,0.35782136051034885,0.5697479248046875,sparse,oracle2,3.0,-0.020735116853694446,0.0170440673828125,2.296026524112906,1.0,1.0
C_sparse_d50_oracle_K50,4000,50,50,0.36550896785254594,0.02524228554634706,0.6103515625,0.023834398309662674,0.14324821831397205,0.0063938249638824185,40,55,0.35782136051034885,0.5697479248046875,sparse,oracle2,3.0,0.007687607342197089,0.0406036376953125,2.2723141711346035,1.0,1.0
C_sparse_d50_oracle_K50,4000,50,50,0.3677008115900068,0.024159014024898798,0.60986328125,0.03069748844870522,0.1748024371161104,0.0065849305755850416,54,56,0.35782136051034885,0.5697479248046875,sparse,oracle2,3.0,0.00987945107965793,0.0401153564453125,3.7693431882335617,1.0,1.0
C_sparse_d50_oracle_K50,4000,50,50,0.3519924434014561,0.023769257195786438,0.5772705078125,0.032662448493698815,0.13468614512068625,0.006587602946251594,58,57,0.35782136051034885,0.5697479248046875,sparse,oracle2,3.0,-0.005828917108892773,0.0075225830078125,4.267342166414112,1.0,1.0
C_sparse_d50_oracle_K50,4000,50,50,0.3376337191654527,0.023278818316053808,0.5750732421875,0.03437474222321845,0.14034887132448517,0.006123668466113223,62,58,0.35782136051034885,0.5697479248046875,sparse,oracle2,3.0,-0.020187641344896146,0.0053253173828125,4.726491611650869,1.0,1.0
C_sparse_d50_oracle_K50,4000,50,50,0.3229705888249973,0.02205634860217669,0.523193359375,0.03225689347638393,0.180686355072494,0.006613974094550338,60,59,0.35782136051034885,0.5697479248046875,sparse,oracle2,3.0,-0.034850771685351556,-0.0465545654296875,4.16202870698712,1.0,1.0
C_sparse_d50_oracle_K50,4000,50,50,0.36182866087193666,0.024408916284397095,0.605224609375,0.02202605496448932,0.16360537615997703,0.006871179937512948,39,60,0.35782136051034885,0.5697479248046875,sparse,oracle2,3.0,0.004007300361587807,0.0354766845703125,1.9405883891948188,1.0,1.0
C_sparse_d50_oracle_K50,4000,50,50,0.3694124575732821,0.02250299813201765,0.5562744140625,0.02169914868717522,0.1347827773356753,0.006482489631025086,39,61,0.35782136051034885,0.5697479248046875,sparse,oracle2,3.0,0.011591097062933264,-0.0134735107421875,1.8834122149925525,1.0,1.0
C_sparse_d50_oracle_K50,4000,50,50,0.3954050111690741,0.02404148749949016,0.60009765625,0.027325947185486095,0.17804594224939688,0.006598290119453627,50,62,0.35782136051034885,0.5697479248046875,sparse,oracle2,3.0,0.037583650658725265,0.0303497314453125,2.9868295583359017,1.0,1.0
C_sparse_d50_oracle_K50,4000,50,50,0.3966141814287012,0.025005490623859206,0.608642578125,0.025454037556214917,0.14827427910641153,0.007522661937420698,52,63,0.35782136051034885,0.5697479248046875,sparse,oracle2,3.0,0.038792820918352344,0.0388946533203125,2.591632111652798,1.0,1.0
C_sparse_d50_oracle_K50,4000,50,50,0.4074149402761402,0.023518317043122884,0.58984375,0.024534516433657463,0.15078790411468568,0.007128535378197525,49,64,0.35782136051034885,0.5697479248046875,sparse,oracle2,3.0,0.049593579765791374,0.0200958251953125,2.4077699865336326,0.0,1.0
C_sparse_d50_oracle_K50,4000,50,50,0.3748710212481041,0.023042419980049272,0.546142578125,0.030166647310096956,0.13965480154341395,0.007026703985437635,56,65,0.35782136051034885,0.5697479248046875,sparse,oracle2,3.0,0.017049660737755268,-0.0236053466796875,3.64010643972712,1.0,1.0
C_sparse_d50_oracle_K50,4000,50,50,0.3381197467009806,0.023505225060209037,0.56103515625,0.02883896270444541,0.17634119128202086,0.006280728705837457,49,66,0.35782136051034885,0.5697479248046875,sparse,oracle2,3.0,-0.019701613809368246,-0.0087127685546875,3.3267430794735735,1.0,1.0
C_sparse_d50_oracle_K50,4000,50,50,0.3782346170408645,0.02274071898126648,0.56396484375,0.02635715735382304,0.1333913728641982,0.0066873814449859076,46,67,0.35782136051034885,0.5697479248046875,sparse,oracle2,3.0,0.020413256530515622,-0.0057830810546875,2.778798975096752,1.0,1.0
C_sparse_d50_oracle_K50,4000,50,50,0.41237907931417944,0.023534450622833186,0.5697021484375,0.022144362399170378,0.181140127624701,0.007493500529514895,44,68,0.35782136051034885,0.5697479248046875,sparse,oracle2,3.0,0.05455771880383059,-4.57763671875e-05,1.9614911442631635,0.0,1.0
C_sparse_d50_oracle_K50,4000,50,50,0.35431094550945097,0.02193539326645257,0.515380859375,0.04100928641511807,0.161624794812636,0.006775560825776622,69,69,0.35782136051034885,0.5697479248046875,sparse,oracle2,3.0,-0.003510415000897882,-0.0543670654296875,6.727046289108751,1.0,1.0
C_sparse_d50_oracle_K50,4000,50,50,0.3287312453197111,0.023134054421629354,0.5562744140625,0.024604156018278325,0.19418305698204155,0.006576788863060805,43,70,0.35782136051034885,0.5697479248046875,sparse,oracle2,3.0,-0.029090115190637755,-0.0134735107421875,2.421457973487126,1.0,1.0
C_sparse_d50_oracle_K50,4000,50,50,0.35871518861660745,0.02338199702628037,0.571044921875,0.029549211482233145,0.1340403285083111,0.00652529190257388,49,71,0.35782136051034885,0.5697479248046875,sparse,oracle2,3.0,0.0008938281062585984,0.0012969970703125,3.4926235968869563,1.0,1.0
C_sparse_d50_oracle_K50,4000,50,50,0.3604458033906892,0.02436019414043318,0.592041015625,0.03188184843754602,0.13273932468487618,0.006635483075009714,59,72,0.35782136051034885,0.5697479248046875,sparse,oracle2,3.0,0.0026244428803403608,0.0222930908203125,4.065809039178621,1.0,1.0
C_sparse_d50_oracle_K50,4000,50,50,0.36682310841759214,0.02180426645924147,0.5189208984375,0.04836916811885453,0.14619387850593613,0.0068868482452477875,57,73,0.35782136051034885,0.5697479248046875,sparse,oracle2,3.0,0.009001747907243285,-0.0508270263671875,9.358305698040054,1.0,1.0
C_sparse_d50_oracle_K50,4000,50,50,0.3547494399353176,0.024002512347631157,0.583251953125,0.03147829499346015,0.10089396319429116,0.006431423554323268,57,74,0.35782136051034885,0.5697479248046875,sparse,oracle2,3.0,-0.0030719205750312506,0.0135040283203125,3.9635322227811933,1.0,1.0
C_sparse_d50_oracle_K50,4000,50,50,0.37887698756617366,0.023208882464848382,0.578125,0.03325304390802282,0.1606241392746295,0.007376369798098557,65,75,0.35782136051034885,0.5697479248046875,sparse,oracle2,3.0,0.02105562705582481,0.0083770751953125,4.423059716595574,1.0,1.0
C_sparse_d50_oracle_K50,4000,50,50,0.3520322981635569,0.023086959988003433,0.5615234375,0.06787026076010973,0.1319021017654389,0.006202590326680761,86,76,0.35782136051034885,0.5697479248046875,sparse,oracle2,3.0,-0.00578906234679194,-0.0082244873046875,18.425489182581163,1.0,1.0
C_sparse_d50_oracle_K50,4000,50,50,0.3471037623942024,0.022957975733980306,0.5650634765625,0.020577567299406054,0.17662542204309103,0.006962137422088784,41,77,0.35782136051034885,0.5697479248046875,sparse,oracle2,3.0,-0.010717598116146476,-0.0046844482421875,1.6937451038463414,1.0,1.0
C_sparse_d50_oracle_K50,4000,50,50,0.35640170924539316,0.023641105348492463,0.586181640625,0.024251730078659287,0.12561912636019426,0.006736422067530591,45,78,0.35782136051034885,0.5697479248046875,sparse,oracle2,3.0,-0.0014196512649556903,0.0164337158203125,2.3525856472325906,1.0,1.0
C_sparse_d50_oracle_K50,4000,50,50,0.3247766685778788,0.022332531722771283,0.5606689453125,0.03432730681178435,0.13533265832365035,0.006342218996342373,59,79,0.35782136051034885,0.5697479248046875,sparse,oracle2,3.0,-0.03304469193247006,-0.0090789794921875,4.713455971801505,1.0,1.0
C_sparse_d50_oracle_K50,4000,50,50,0.3966690580924453,0.024231179596922177,0.5845947265625,0.017786247902091788,0.13195830477906267,0.006874653501647584,34,80,0.35782136051034885,0.5697479248046875,sparse,oracle2,3.0,0.03884769758209644,0.0148468017578125,1.265402457738658,1.0,1.0
C_sparse_d50_oracle_K50,4000,50,50,0.3167051693719716,0.023086524686293155,0.56005859375,0.02507827992338653,0.16255212304824385,0.006371134422653252,44,81,0.35782136051034885,0.5697479248046875,sparse,oracle2,3.0,-0.04111619113837728,-0.0096893310546875,2.5156804956629277,1.0,1.0
C_sparse_d50_oracle_K50,4000,50,50,0.3652904710146401,0.023438652120661648,0.56689453125,0.02702079947821183,0.14472291062306822,0.0067603906363225335,47,82,0.35782136051034885,0.5697479248046875,sparse,oracle2,3.0,0.007469110504291221,-0.0028533935546875,2.9204944177669305,1.0,1.0
C_sparse_d50_oracle_K50,4000,50,50,0.3670963450317758,0.023710826256778218,0.5792236328125,0.023052284734538308,0.14098523438153968,0.006781484689619718,43,83,0.35782136051034885,0.5697479248046875,sparse,oracle2,3.0,0.009274984521426943,0.0094757080078125,2.1256313259289117,1.0,1.0
C_sparse_d50_oracle_K50,4000,50,50,0.3811243558223288,0.024538718518626507,0.5888671875,0.029372859681617944,0.15302156713794365,0.006974792907376775,55,84,0.35782136051034885,0.5697479248046875,sparse,oracle2,3.0,0.023302995311979935,0.0191192626953125,3.451059543504068,1.0,1.0
C_sparse_d50_oracle_K50,4000,50,50,0.3347021107530117,0.02296810611791011,0.53662109375,0.025947770677421583,0.12633423877933603,0.006597464783217373,45,85,0.35782136051034885,0.5697479248046875,sparse,oracle2,3.0,-0.023119249757337146,-0.0331268310546875,2.6931472125122373,1.0,1.0
C_sparse_d50_oracle_K50,4000,50,50,0.4042769224177519,0.023799474143119455,0.60595703125,0.028140378311665257,0.15023778208826533,0.006584650430265083,40,86,0.35782136051034885,0.5697479248046875,sparse,oracle2,3.0,0.046455561907403076,0.0362091064453125,3.1675235660945615,1.0,1.0
C_sparse_d50_oracle_K50,4000,50,50,0.35344096046239887,0.024082441157401137,0.603759765625,0.02629554144302506,0.19189154118960594,0.00671255918663214,49,87,0.35782136051034885,0.5697479248046875,sparse,oracle2,3.0,-0.004380400047949984,0.0340118408203125,2.7658219991273936,1.0,1.0
C_sparse_d50_oracle_K50,4000,50,50,0.32775872339653156,0.023058930123608257,0.540771484375,0.03631070002347598,0.14092342414256548,0.006633461349466605,64,88,0.35782136051034885,0.5697479248046875,sparse,oracle2,3.0,-0.030062637113817292,-0.0289764404296875,5.273867744779434,1.0,1.0
C_sparse_d50_oracle_K50,4000,50,50,0.38205754816424836,0.022163131015918228,0.522705078125,0.028188767637331826,0.17800598869711004,0.007369973118296617,54,89,0.35782136051034885,0.5697479248046875,sparse,oracle2,3.0,0.02423618765389951,-0.0470428466796875,3.178426483645944,1.0,1.0
C_sparse_d50_oracle_K50,4000,50,50,0.376754785143449,0.02446676300242098,0.597900390625,0.03355353507128919,0.21251054215348542,0.006630000926188189,58,90,0.35782136051034885,0.5697479248046875,sparse,oracle2,3.0,0.01893342463310016,0.0281524658203125,4.503358863120936,1.0,1.0
C_sparse_d50_oracle_K50,4000,50,50,0.36544173673027747,0.023946741037275763,0.599365234375,0.027598234467263227,0.18686236195419043,0.0070645597529186265,56,91,0.35782136051034885,0.5697479248046875,sparse,oracle2,3.0,0.007620376219928615,0.0296173095703125,3.0466501828401436,1.0,1.0
C_sparse_d50_oracle_K50,4000,50,50,0.33845798024410284,0.022805321656540086,0.5582275390625,0.030220500827003678,0.17442720084624375,0.006708448144208689,53,92,0.35782136051034885,0.5697479248046875,sparse,oracle2,3.0,-0.01936338026624601,-0.0115203857421875,3.6531146809397197,1.0,1.0
C_sparse_d50_oracle_K50,4000,50,50,0.34731907026794145,0.02325289574043414,0.58544921875,0.03405429838118895,0.13437398749724272,0.0066987299333717614,68,93,0.35782136051034885,0.5697479248046875,sparse,oracle2,3.0,-0.010502290242407397,0.0157012939453125,4.638780952940194,1.0,1.0
C_sparse_d50_oracle_K50,4000,50,50,0.3777924054851267,0.024089277690232058,0.546875,0.02509224195086567,0.17664024921718732,0.007097187308121988,49,94,0.35782136051034885,0.5697479248046875,sparse,oracle2,3.0,0.019971044974777863,-0.0228729248046875,2.518482424483132,1.0,1.0
C_sparse_d50_oracle_K50,4000,50,50,0.3485953920880968,0.02388408889894584,0.5933837890625,0.021348667120365653,0.1557307617245831,0.006306268107362573,38,95,0.35782136051034885,0.5697479248046875,sparse,oracle2,3.0,-0.00922596842225204,0.0236358642578125,1.8230623512647262,1.0,1.0
C_sparse_d50_oracle_K50,4000,50,50,0.31698391203233267,0.022852851773642296,0.5439453125,0.029716874633182417,0.137626746073656,0.006827798960600627,57,96,0.35782136051034885,0.5697479248046875,sparse,oracle2,3.0,-0.04083744847801618,-0.0258026123046875,3.5323705518571225,1.0,1.0
C_sparse_d50_oracle_K50,4000,50,50,0.38095733664900866,0.02551063307539754,0.6136474609375,0.019777105874342272,0.15755524639579538,0.007052824837351608,39,97,0.35782136051034885,0.5697479248046875,sparse,oracle2,3.0,0.02313597613865981,0.0438995361328125,1.5645356670597743,1.0,0.0
C_sparse_d50_oracle_K50,4000,50,50,0.3524969730934443,0.023164912053962334,0.5704345703125,0.02621321772059566,0.1419739715705088,0.006533430586926048,46,98,0.35782136051034885,0.5697479248046875,sparse,oracle2,3.0,-0.005324387416904552,0.0006866455078125,2.748531133069401,1.0,1.0
C_sparse_d50_oracle_K50,4000,50,50,0.3679132950090458,0.024149291281721944,0.610595703125,0.026891721947504464,0.14733186834161227,0.0063014798766781845,47,99,0.35782136051034885,0.5697479248046875,sparse,oracle2,3.0,0.010091934498696942,0.0408477783203125,2.892658837207573,1.0,1.0
C_sparse_d50_oracle_K50,4000,50,50,0.37059693185856085,0.023617809360658416,0.6019287109375,0.07521448472464211,0.18694429304364032,0.007094151053062054,97,100,0.35782136051034885,0.5697479248046875,sparse,oracle2,3.0,0.012775571348212,0.0321807861328125,22.628874849573688,1.0,1.0
C_sparse_d50_oracle_K50,4000,50,50,0.3618176115067122,0.023662202098524335,0.581787109375,0.031509345146472204,0.1345431737532652,0.006342946299113415,51,101,0.35782136051034885,0.5697479248046875,sparse,oracle2,3.0,0.00399625099636336,0.0120391845703125,3.9713553262380454,1.0,1.0
C_sparse_d50_oracle_K50,4000,50,50,0.3627897670178636,0.023565990550128642,0.571533203125,0.03603869431278134,0.11519693628473604,0.006953672097326791,60,102,0.35782136051034885,0.5697479248046875,sparse,oracle2,3.0,0.004968406507514733,0.0017852783203125,5.195149951080392,1.0,1.0
C_sparse_d50_oracle_K50,4000,50,50,0.36897042484998666,0.02343454166283617,0.5482177734375,0.027959860513436758,0.13885393220398667,0.00663676327095693,51,103,0.35782136051034885,0.5697479248046875,sparse,oracle2,3.0,0.011149064339637804,-0.0215301513671875,3.12701519972336,1.0,1.0
C_sparse_d50_oracle_K50,4000,50,50,0.33636815613196047,0.023084583252923462,0.5482177734375,0.027963678470711826,0.13656903485863092,0.006898086097350241,51,104,0.35782136051034885,0.5697479248046875,sparse,oracle2,3.0,-0.02145320437838838,-0.0215301513671875,3.127869254453408,1.0,1.0
C_sparse_d50_oracle_K50,4000,50,50,0.3479659392514794,0.023234929397395316,0.54345703125,0.022553665602152807,0.13286608116549747,0.006616316804582875,42,105,0.35782136051034885,0.5697479248046875,sparse,oracle2,3.0,-0.009855421258869457,-0.0262908935546875,2.034671328374923,1.0,1.0
C_sparse_d50_oracle_K50,4000,50,50,0.353797726269279,0.024343842117511092,0.591796875,0.035337521304343054,0.12932382222908465,0.006581494951032542,52,106,0.35782136051034885,0.5697479248046875,sparse,oracle2,3.0,-0.004023634241069829,0.0220489501953125,4.994961647739597,1.0,1.0
C_sparse_d50_oracle_K50,4000,50,50,0.3462712728328758,0.02419866211239781,0.56982421875,0.020118634034473157,0.15659248715968613,0.00666357021054367,36,107,0.35782136051034885,0.5697479248046875,sparse,oracle2,3.0,-0.011550087677473064,7.62939453125e-05,1.6190377416522466,1.0,1.0
C_sparse_d50_oracle_K50,4000,50,50,0.37673046634573537,0.024622540958983443,0.61279296875,0.029151819397648826,0.14864533079843067,0.006812142505658619,53,108,0.35782136051034885,0.5697479248046875,sparse,oracle2,3.0,0.01890910583538652,0.0430450439453125,3.3993142967725376,1.0,1.0
C_sparse_d50_oracle_K50,4000,50,50,0.37333729776300484,0.022677839981266993,0.540283203125,0.03379421335878233,0.15272074257173363,0.00708496085578722,66,109,0.35782136051034885,0.5697479248046875,sparse,oracle2,3.0,0.015515937252655987,-0.0294647216796875,4.568195426155608,1.0,1.0
C_sparse_d50_oracle_K50,4000,50,50,0.3193494084309889,0.023380992964524224,0.54638671875,0.04615984257461767,0.1639070577346902,0.0060233387023434695,70,110,0.35782136051034885,0.5697479248046875,sparse,oracle2,3.0,-0.03847195207935994,-0.0233612060546875,8.522924266053945,1.0,1.0
C_sparse_d50_oracle_K50,4000,50,50,0.38616092077649694,0.023901703847783236,0.5660400390625,0.022188851432759626,0.16891844566287825,0.006991243945046542,43,111,0.35782136051034885,0.5697479248046875,sparse,oracle2,3.0,0.02833956026614809,-0.0037078857421875,1.9693805116203158,1.0,1.0
C_sparse_d50_oracle_K50,4000,50,50,0.3753788343786634,0.024383209759449985,0.572509765625,0.03005845612317534,0.13713699462910847,0.006672952103866925,52,112,0.35782136051034885,0.5697479248046875,sparse,oracle2,3.0,0.01755747386831452,0.0027618408203125,3.614043138035428,1.0,1.0
C_sparse_d50_oracle_K50,4000,50,50,0.3685865818902871,0.02417355126921004,0.56982421875,0.02283461655027839,0.1803917432714586,0.0070804541594050386,46,113,0.35782136051034885,0.5697479248046875,sparse,oracle2,3.0,0.010765221379938239,7.62939453125e-05,2.085678851992991,1.0,1.0
C_sparse_d50_oracle_K50,4000,50,50,0.36051947149740693,0.024350528453268242,0.619873046875,0.025285937414105557,0.13276320711592696,0.0067494545002323774,45,114,0.35782136051034885,0.5697479248046875,sparse,oracle2,3.0,0.0026981109870580777,0.0501251220703125,2.5575145236402532,1.0,0.0
C_sparse_d50_oracle_K50,4000,50,50,0.3106375783511217,0.023315259271908254,0.549072265625,0.022400037762978206,0.1491873007021116,0.006593346144115858,40,115,0.35782136051034885,0.5697479248046875,sparse,oracle2,3.0,-0.04718378215922714,-0.0206756591796875,2.0070467671313983,0.0,1.0
C_sparse_d50_oracle_K50,4000,50,50,0.3833122821889188,0.023501007746490752,0.5810546875,0.023446382011329796,0.18056299198094125,0.006639606421145626,41,116,0.35782136051034885,0.5697479248046875,sparse,oracle2,3.0,0.025490921678569922,0.0113067626953125,2.198931317684838,1.0,1.0
C_sparse_d50_oracle_K50,4000,50,50,0.3434279797184985,0.02251934121098548,0.5430908203125,0.030322752408816024,0.20406811075709858,0.00677010035720184,59,117,0.35782136051034885,0.5697479248046875,sparse,oracle2,3.0,-0.014393380791850374,-0.0266571044921875,3.6778772545854324,1.0,1.0
C_sparse_d50_oracle_K50,4000,50,50,0.4132753380811963,0.02368648100745941,0.5753173828125,0.018927110661766864,0.20047080084734967,0.007120517599977556,36,118,0.35782136051034885,0.5697479248046875,sparse,oracle2,3.0,0.05545397757084747,0.0055694580078125,1.4329420720110757,0.0,1.0
C_sparse_d50_oracle_K50,4000,50,50,0.35686274803932067,0.022635984290872452,0.5556640625,0.027222643975308575,0.14593529088862306,0.006520057047601386,48,119,0.35782136051034885,0.5697479248046875,sparse,oracle2,3.0,-0.0009586124710281863,-0.0140838623046875,2.964289380025617,1.0,1.0
C_sparse_d50_oracle_K50,4000,50,50,0.38553758902668245,0.024632782484262393,0.606201171875,0.03063340767796418,0.14516308146955129,0.006734117182160834,55,120,0.35782136051034885,0.5697479248046875,sparse,oracle2,3.0,0.027716228516333596,0.0364532470703125,3.753622663857419,1.0,1.0
C_sparse_d50_oracle_K50,4000,50,50,0.3718412221861859,0.02375035471300059,0.574951171875,0.02537019132477832,0.19854174945274985,0.006842981577579327,49,121,0.35782136051034885,0.5697479248046875,sparse,oracle2,3.0,0.014019861675837075,0.0052032470703125,2.5745864314234286,1.0,1.0
C_sparse_d50_oracle_K50,4000,50,50,0.3538892228415522,0.02389491874402083,0.5994873046875,0.03137633507741297,0.16971665086902415,0.006928557401870652,65,122,0.35782136051034885,0.5697479248046875,sparse,oracle2,3.0,-0.003932137668796631,0.0297393798828125,3.9378976115603823,1.0,1.0
C_sparse_d50_oracle_K50,4000,50,50,0.32114076071516673,0.024857316875962526,0.571533203125,0.035105268770378006,0.15772357221056432,0.006379210289998504,62,123,0.35782136051034885,0.5697479248046875,sparse,oracle2,3.0,-0.03668059979518212,0.0017852783203125,4.92951958176191,1.0,1.0
C_sparse_d50_oracle_K50,4000,50,50,0.3427016713859512,0.023269266573625283,0.5391845703125,0.02868511890701552,0.17901154458520527,0.0068691634847240415,54,124,0.35782136051034885,0.5697479248046875,sparse,oracle2,3.0,-0.01511968912439765,-0.0305633544921875,3.291344186838477,1.0,1.0
C_sparse_d50_oracle_K50,4000,50,50,0.3667081098696917,0.02279421255769012,0.5025634765625,0.03400856997749324,0.17466997960591005,0.00728854804204523,59,125,0.35782136051034885,0.5697479248046875,sparse,oracle2,3.0,0.00888674935934286,-0.0671844482421875,4.626331327656219,1.0,0.0
C_sparse_d50_oracle_K50,4000,50,50,0.37636374362423736,0.023957241049560256,0.606689453125,0.033420351433633075,0.20580396505608597,0.007266798520779952,59,126,0.35782136051034885,0.5697479248046875,sparse,oracle2,3.0,0.018542383113888505,0.0369415283203125,4.467679559790161,1.0,1.0
C_sparse_d50_oracle_K50,4000,50,50,0.3684393776909094,0.02290559297774857,0.560791015625,0.028977769798047552,0.17672460354943534,0.00726476802913149,57,127,0.35782136051034885,0.5697479248046875,sparse,oracle2,3.0,0.010618017180560546,-0.0089569091796875,3.3588445698745475,1.0,1.0
C_sparse_d50_oracle_K50,4000,50,50,0.34416158917549033,0.02338708899740676,0.5491943359375,0.043037364301081044,0.15669871784194572,0.006495407578315666,68,128,0.35782136051034885,0.5697479248046875,sparse,oracle2,3.0,-0.013659771334858517,-0.0205535888671875,7.40885890393586,1.0,1.0
C_sparse_d50_oracle_K50,4000,50,50,0.37927874480714263,0.02375412985893969,0.573486328125,0.0303919575607178,0.19658430960241116,0.007711073828187138,62,129,0.35782136051034885,0.5697479248046875,sparse,oracle2,3.0,0.02145738429679378,0.0037384033203125,3.6946843374898872,1.0,1.0
C_sparse_d50_oracle_K50,4000,50,50,0.41611108813104475,0.023863299650561696,0.6090087890625,0.021821277716189736,0.2022325009978484,0.007042900218892319,39,130,0.35782136051034885,0.5697479248046875,sparse,oracle2,3.0,0.0582897276206959,0.0392608642578125,1.9046726446683149,0.0,1.0
C_sparse_d50_oracle_K50,4000,50,50,0.36468935219879867,0.024456377687834097,0.573974609375,0.02801465107659627,0.14443439388232213,0.006493862936088861,49,131,0.35782136051034885,0.5697479248046875,sparse,oracle2,3.0,0.006867991688449815,0.0042266845703125,3.139282699773746,1.0,1.0
C_sparse_d50_oracle_K50,4000,50,50,0.40593860218317956,0.023582707486606663,0.591064453125,0.017912051032854346,0.17934893934489174,0.007678228913747952,35,132,0.35782136051034885,0.5697479248046875,sparse,oracle2,3.0,0.04811724167283071,0.0213165283203125,1.2833662888143138,0.0,1.0
C_sparse_d50_oracle_K50,4000,50,50,0.37500402682528755,0.023945943998594912,0.5732421875,0.033875415250381895,0.16889889361611832,0.0069088706111674935,64,133,0.35782136051034885,0.5697479248046875,sparse,oracle2,3.0,0.0171826663149387,0.0034942626953125,4.5901750335432245,1.0,1.0
C_sparse_d50_oracle_K50,4000,50,50,0.37042893964305645,0.02295769014071904,0.55322265625,0.025368817746801806,0.1564476054111555,0.006906838404072362,51,134,0.35782136051034885,0.5697479248046875,sparse,oracle2,3.0,0.012607579132707603,-0.0165252685546875,2.5743076554817854,1.0,1.0
C_sparse_d50_oracle_K50,4000,50,50,0.38969493657118714,0.023515301673451592,0.5672607421875,0.02186728157134399,0.14595117468323815,0.007298102559255265,44,135,0.35782136051034885,0.5697479248046875,sparse,oracle2,3.0,0.03187357606083829,-0.0024871826171875,1.9127120132817614,1.0,1.0
C_sparse_d50_oracle_K50,4000,50,50,0.35103873789771334,0.02325095623401932,0.5679931640625,0.02617407705177922,0.16140768092769214,0.0065511727048611626,50,136,0.35782136051034885,0.5697479248046875,sparse,oracle2,3.0,-0.006782622612635514,-0.0017547607421875,2.7403292380499025,1.0,1.0
C_sparse_d50_oracle_K50,4000,50,50,0.3605176806104363,0.02190025834599215,0.5006103515625,0.04159387319693537,0.1908436496022289,0.0070485572027472925,70,137,0.35782136051034885,0.5697479248046875,sparse,oracle2,3.0,0.002696320100087468,-0.0691375732421875,6.9202011500909535,1.0,1.0
C_sparse_d50_oracle_K50,4000,50,50,0.35920497622904973,0.0239266775511639,0.578125,0.03119013828657541,0.1609391254985599,0.006605744417763666,55,138,0.35782136051034885,0.5697479248046875,sparse,oracle2,3.0,0.0013836157187008813,0.0083770751953125,3.8912989053427887,1.0,1.0
C_sparse_d50_oracle_K50,4000,50,50,0.322529181224822,0.023467476317817742,0.570068359375,0.028429804991330597,0.18281006733609,0.006167599420463112,44,139,0.35782136051034885,0.5697479248046875,sparse,oracle2,3.0,-0.03529217928552686,0.0003204345703125,3.2330152473803446,1.0,1.0
C_sparse_d50_oracle_K50,4000,50,50,0.3584340821509968,0.023296868209177996,0.587890625,0.029373350515721854,0.11874524718643992,0.006625861245431133,54,140,0.35782136051034885,0.5697479248046875,sparse,oracle2,3.0,0.0006127216406479619,0.0181427001953125,3.451174882077829,1.0,1.0
C_sparse_d50_oracle_K50,4000,50,50,0.39861532068069316,0.024815842789788954,0.61181640625,0.028758026371216206,0.1892983140878458,0.007004062803541929,53,141,0.35782136051034885,0.5697479248046875,sparse,oracle2,3.0,0.04079396017034431,0.0420684814453125,3.308096323070267,1.0,1.0
C_sparse_d50_oracle_K50,4000,50,50,0.3591371384138391,0.02394853030724126,0.5689697265625,0.03092562807822632,0.15842192695353666,0.006631381340835333,50,142,0.35782136051034885,0.5697479248046875,sparse,oracle2,3.0,0.001315777903490245,-0.0007781982421875,3.8255778881311207,1.0,1.0
C_sparse_d50_oracle_K50,4000,50,50,0.3648086216917101,0.02353865358513256,0.583740234375,0.027729274032502582,0.13607804017905392,0.006936457883341624,47,143,0.35782136051034885,0.5697479248046875,sparse,oracle2,3.0,0.006987261181361226,0.0139923095703125,3.075650553478488,1.0,1.0
C_sparse_d50_oracle_K50,4000,50,50,0.39073324272406307,0.023988486083552453,0.5816650390625,0.04240867018232123,0.1450811955347617,0.0067304691483243565,78,144,0.35782136051034885,0.5697479248046875,sparse,oracle2,3.0,0.032911882213714216,0.0119171142578125,7.193981226531607,1.0,1.0
C_sparse_d50_oracle_K50,4000,50,50,0.38715750667890303,0.023756417711282972,0.575439453125,0.02485825812825659,0.12352606813029333,0.007167116987395461,49,145,0.35782136051034885,0.5697479248046875,sparse,oracle2,3.0,0.029336146168554178,0.0056915283203125,2.471731988684139,1.0,1.0
C_sparse_d50_oracle_K50,4000,50,50,0.3707996137261781,0.024284817000862255,0.5843505859375,0.020951556035624944,0.15369088667528968,0.006643087313123262,38,146,0.35782136051034885,0.5697479248046875,sparse,oracle2,3.0,0.012978253215829239,0.0146026611328125,1.755870801255728,1.0,1.0
C_sparse_d50_oracle_K50,4000,50,50,0.37681045936048946,0.023744165674887466,0.5595703125,0.026186982862264105,0.15488999311815962,0.00702187763527532,47,147,0.35782136051034885,0.5697479248046875,sparse,oracle2,3.0,0.018989098850140607,-0.0101776123046875,2.7430322857140554,1.0,1.0
C_sparse_d50_oracle_K50,4000,50,50,0.3553488456521526,0.022792518407616345,0.531982421875,0.096264394829316,0.17928221083577883,0.0070135070056305615,124,148,0.35782136051034885,0.5697479248046875,sparse,oracle2,3.0,-0.002472514858196273,-0.0377655029296875,37.06733484741776,1.0,1.0
C_sparse_d50_oracle_K50,4000,50,50,0.3181318008658043,0.024293884135674106,0.5721435546875,0.02632805718842021,0.15569723994582432,0.006397954347188519,43,149,0.35782136051034885,0.5697479248046875,sparse,oracle2,3.0,-0.03968955964454457,0.0023956298828125,2.7726663812669,1.0,1.0
C_sparse_d50_oracle_K50,4000,50,50,0.3854040150029866,0.02332257085443583,0.5662841796875,0.01916264556637711,0.154772965211773,0.007197426288798814,37,150,0.35782136051034885,0.5697479248046875,sparse,oracle2,3.0,0.027582654492637748,-0.0034637451171875,1.4688279404103695,1.0,1.0
C_sparse_d50_oracle_K50,4000,50,50,0.37184290442812545,0.02179758288417179,0.5030517578125,0.02433818191054791,0.18091513444371318,0.0073926299125899745,49,151,0.35782136051034885,0.5697479248046875,sparse,oracle2,3.0,0.014021543917776602,-0.0666961669921875,2.3693883948436856,1.0,0.0
C_sparse_d50_oracle_K50,4000,50,50,0.38171962529426773,0.023638413437610837,0.5770263671875,0.036710223716549806,0.19218212535933482,0.007080946082720018,67,152,0.35782136051034885,0.5697479248046875,sparse,oracle2,3.0,0.023898264783918877,0.0072784423828125,5.390562101276544,1.0,1.0
C_sparse_d50_oracle_K50,4000,50,50,0.38687581762871426,0.02335254580408672,0.56298828125,0.02433893603625567,0.19083984653799294,0.007046596993287661,44,153,0.35782136051034885,0.5697479248046875,sparse,oracle2,3.0,0.029054457118365407,-0.0067596435546875,2.3695352295077794,1.0,1.0
C_sparse_d50_oracle_K50,4000,50,50,0.3906351123053947,0.023591125607163217,0.58203125,0.03663149843363638,0.13874815762936002,0.007027709561296226,55,154,0.35782136051034885,0.5697479248046875,sparse,oracle2,3.0,0.032813751795045865,0.0122833251953125,5.367466709974019,1.0,1.0
C_sparse_d50_oracle_K50,4000,50,50,0.31083465879136846,0.02283662548356598,0.548583984375,0.029316103009845645,0.1976033783215079,0.0062010114697756795,52,155,0.35782136051034885,0.5697479248046875,sparse,oracle2,3.0,-0.046986701718980395,-0.0211639404296875,3.4377355827355234,0.0,1.0
C_sparse_d50_oracle_K50,4000,50,50,0.37573505254679507,0.022875249912905432,0.5640869140625,0.026014747841524855,0.15860436593889982,0.006688208439961404,45,156,0.35782136051034885,0.5697479248046875,sparse,oracle2,3.0,0.017913692036446216,-0.0056610107421875,2.7070684210324885,1.0,1.0
C_sparse_d50_oracle_K50,4000,50,50,0.33525164606778746,0.02337118169303465,0.586181640625,0.029055104492499984,0.15464294796070105,0.006822257436190625,57,157,0.35782136051034885,0.5697479248046875,sparse,oracle2,3.0,-0.022569714442561395,0.0164337158203125,3.376796388280371,1.0,1.0
C_sparse_d50_oracle_K50,4000,50,50,0.348906951521898,0.023789728243085548,0.5843505859375,0.03538042857676356,0.1448370549274402,0.006628952135497131,68,158,0.35782136051034885,0.5697479248046875,sparse,oracle2,3.0,-0.008914408988450861,0.0146026611328125,5.00709890510187,1.0,1.0
C_sparse_d50_oracle_K50,4000,50,50,0.35331020895875487,0.02297336576358466,0.567626953125,0.029745477299415218,0.17148648337896713,0.006904947993666612,58,159,0.35782136051034885,0.5697479248046875,sparse,oracle2,3.0,-0.004511151551593984,-0.0021209716796875,3.539173679080104,1.0,1.0
C_sparse_d50_oracle_K50,4000,50,50,0.36553327115105994,0.022866989765084892,0.551513671875,0.029864406429287987,0.17285028828684249,0.006951143413653888,58,160,0.35782136051034885,0.5697479248046875,sparse,oracle2,3.0,0.007711910640711084,-0.0182342529296875,3.5675310854947906,1.0,1.0
C_sparse_d50_oracle_K50,4000,50,50,0.35259878171309,0.023096293052645597,0.53955078125,0.026138040683186273,0.12264300038899444,0.0070916750642517805,50,161,0.35782136051034885,0.5697479248046875,sparse,oracle2,3.0,-0.005222578797258848,-0.0301971435546875,2.732788683023603,1.0,1.0
C_sparse_d50_oracle_K50,4000,50,50,0.3468924959941405,0.0232240525793098,0.5604248046875,0.02979977766283277,0.18866053440962324,0.006899694219934823,59,162,0.35782136051034885,0.5697479248046875,sparse,oracle2,3.0,-0.010928864516208336,-0.0093231201171875,3.5521069950170676,1.0,1.0
C_sparse_d50_oracle_K50,4000,50,50,0.371931275532841,0.02300329060540103,0.539306640625,0.02114874586581891,0.17881786780017808,0.007092529506012921,43,163,0.35782136051034885,0.5697479248046875,sparse,oracle2,3.0,0.014109915022492148,-0.0304412841796875,1.7890778067879698,1.0,1.0
C_sparse_d50_oracle_K50,4000,50,50,0.33278465183697314,0.022853483298101024,0.5504150390625,0.02152438946337695,0.12596969560716406,0.0067470991807744105,36,164,0.35782136051034885,0.5697479248046875,sparse,oracle2,3.0,-0.025036708673375707,-0.0193328857421875,1.8531973670845305,1.0,1.0
C_sparse_d50_oracle_K50,4000,50,50,0.38499621120582006,0.023735437224805405,0.569091796875,0.02432054783774262,0.1668342901902629,0.0070308058268502465,46,165,0.35782136051034885,0.5697479248046875,sparse,oracle2,3.0,0.02717485069547121,-0.0006561279296875,2.365956188511709,1.0,1.0
C_sparse_d50_oracle_K50,4000,50,50,0.34134437262918743,0.0237893993638057,0.5589599609375,0.02060324794088322,0.11389008270176258,0.006448208369612968,35,166,0.35782136051034885,0.5697479248046875,sparse,oracle2,3.0,-0.01647698788116142,-0.0107879638671875,1.6979753028540345,1.0,1.0
C_sparse_d50_oracle_K50,4000,50,50,0.3593372405428959,0.02378409970910534,0.57958984375,0.03197032145105517,0.22813984044972624,0.007459661739319071,66,167,0.35782136051034885,0.5697479248046875,sparse,oracle2,3.0,0.0015158800325470456,0.0098419189453125,4.088405814735193,1.0,1.0
C_sparse_d50_oracle_K50,4000,50,50,0.38892412910230717,0.023820689640417562,0.5906982421875,0.035681955776186075,0.15571554141096228,0.007094996839909994,67,168,0.35782136051034885,0.5697479248046875,sparse,oracle2,3.0,0.03110276859195832,0.0209503173828125,5.092807872054795,1.0,1.0
C_sparse_d50_oracle_K50,4000,50,50,0.3645184454755326,0.02272914077270047,0.5166015625,0.02514828222124825,0.1817032446277347,0.0071149532482457055,51,169,0.35782136051034885,0.5697479248046875,sparse,oracle2,3.0,0.0066970849651837305,-0.0531463623046875,2.5297443947182034,1.0,0.0
C_sparse_d50_oracle_K50,4000,50,50,0.3617977194220069,0.024179002846123402,0.59765625,0.029453026830286444,0.16795529135645865,0.006656410407518969,55,170,0.35782136051034885,0.5697479248046875,sparse,oracle2,3.0,0.00397635891165804,0.0279083251953125,3.4699231578622927,1.0,1.0
C_sparse_d50_oracle_K50,4000,50,50,0.3287891504910036,0.023221996703823237,0.53662109375,0.03152817884016894,0.19306636776587013,0.006379152608569884,59,171,0.35782136051034885,0.5697479248046875,sparse,oracle2,3.0,-0.02903221001934525,-0.0331268310546875,3.9761042439107053,1.0,1.0
C_sparse_d50_oracle_K50,4000,50,50,0.3734587613204847,0.023749952093265324,0.58447265625,0.025084085799357357,0.16923107863525938,0.0068194688704592546,51,172,0.35782136051034885,0.5697479248046875,sparse,oracle2,3.0,0.01563740081013587,0.0147247314453125,2.5168454415580856,1.0,1.0
C_sparse_d50_oracle_K50,4000,50,50,0.4114064546059354,0.024518615976683776,0.59765625,0.030946928089078802,0.18841092067871834,0.007414437079690907,60,173,0.35782136051034885,0.5697479248046875,sparse,oracle2,3.0,0.05358509409558654,0.0279083251953125,3.830849432602458,0.0,1.0
C_sparse_d50_oracle_K50,4000,50,50,0.3668486858432883,0.022893916060371836,0.5626220703125,0.025479725693460985,0.15693745918073784,0.007179561184146369,49,174,0.35782136051034885,0.5697479248046875,sparse,oracle2,3.0,0.009027325332939429,-0.0071258544921875,2.5968656856560637,1.0,1.0
C_sparse_d50_oracle_K50,4000,50,50,0.38738759108665516,0.022977471421528957,0.5755615234375,0.02758488466080529,0.19271213009560012,0.006787603061811837,47,175,0.35782136051034885,0.5697479248046875,sparse,oracle2,3.0,0.029566230576306307,0.0058135986328125,3.0437034469997237,1.0,1.0
C_sparse_d50_oracle_K50,4000,50,50,0.3509556353524541,0.022360873043515844,0.5311279296875,0.01982055761339992,0.1512782909335132,0.007155397635905649,36,176,0.35782136051034885,0.5697479248046875,sparse,oracle2,3.0,-0.006865725157894742,-0.0386199951171875,1.5714180164244222,1.0,1.0
C_sparse_d50_oracle_K50,4000,50,50,0.3266845136925931,0.022837155043290713,0.5972900390625,0.035395289911469494,0.1667506505906287,0.006607672905707185,61,177,0.35782136051034885,0.5697479248046875,sparse,oracle2,3.0,-0.031136846817755748,0.0275421142578125,5.011306191667896,1.0,1.0
C_sparse_d50_oracle_K50,4000,50,50,0.36242431446744944,0.02340989032773921,0.5340576171875,0.022041505960243696,0.22424418325079304,0.006468033950724401,40,178,0.35782136051034885,0.5697479248046875,sparse,oracle2,3.0,0.004602953957100586,-0.0356903076171875,1.9433119399818335,1.0,1.0
C_sparse_d50_oracle_K50,4000,50,50,0.3386742669291912,0.023642447869743972,0.55126953125,0.026399963411726134,0.13063388822720423,0.006560564997516297,46,179,0.35782136051034885,0.5697479248046875,sparse,oracle2,3.0,-0.019147093581157626,-0.0184783935546875,2.7878322725619147,1.0,1.0
C_sparse_d50_oracle_K50,4000,50,50,0.37043867404118586,0.023975278602250544,0.575439453125,0.0245924774938488,0.14294881267217416,0.006859911404445556,45,180,0.35782136051034885,0.5697479248046875,sparse,oracle2,3.0,0.012617313530837004,0.0056915283203125,2.4191597971418393,1.0,1.0
C_sparse_d50_oracle_K50,4000,50,50,0.32597776972732806,0.0238739770891147,0.5567626953125,0.023265114542715036,0.1464243409708695,0.006494176531546229,41,181,0.35782136051034885,0.5697479248046875,sparse,oracle2,3.0,-0.03184359078302079,-0.0129852294921875,2.1650622187426025,1.0,1.0
C_sparse_d50_oracle_K50,4000,50,50,0.393272535037515,0.024560174406414084,0.5848388671875,0.024841345351692794,0.14769518567217055,0.006738291208963405,44,182,0.35782136051034885,0.5697479248046875,sparse,oracle2,3.0,0.035451174527166174,0.0150909423828125,2.468369755528277,1.0,1.0
C_sparse_d50_oracle_K50,4000,50,50,0.36058254984164007,0.02363873405444835,0.5401611328125,0.033818453827515915,0.14185331349501998,0.006926254138087007,62,183,0.35782136051034885,0.5697479248046875,sparse,oracle2,3.0,0.002761189331291214,-0.0295867919921875,4.574751277135303,1.0,1.0
C_sparse_d50_oracle_K50,4000,50,50,0.38478311344348554,0.02493091625684238,0.62646484375,0.019954737624396937,0.18806691999730674,0.006752439577974909,38,184,0.35782136051034885,0.5697479248046875,sparse,oracle2,3.0,0.026961752933136685,0.0567169189453125,1.5927662146340908,1.0,0.0
C_sparse_d50_oracle_K50,4000,50,50,0.31400004375058754,0.023229143209406992,0.5523681640625,0.03129748822125212,0.13543359695811313,0.006384991777146836,53,185,0.35782136051034885,0.5697479248046875,sparse,oracle2,3.0,-0.04382131675976131,-0.0173797607421875,3.918131075837661,1.0,1.0
C_sparse_d50_oracle_K50,4000,50,50,0.3889283760271278,0.024071102901051987,0.5908203125,0.027042939276411965,0.16109506144035124,0.007127112390768063,53,186,0.35782136051034885,0.5697479248046875,sparse,oracle2,3.0,0.03110701551677897,0.0210723876953125,2.9252822588308196,1.0,1.0
C_sparse_d50_oracle_K50,4000,50,50,0.35399173354825025,0.024679834920394644,0.615234375,0.029684063621583084,0.18172889084830396,0.006530776554062383,50,187,0.35782136051034885,0.5697479248046875,sparse,oracle2,3.0,-0.003829626962098598,0.0454864501953125,3.5245745323607687,1.0,1.0
C_sparse_d50_oracle_K50,4000,50,50,0.3533053517913524,0.022434940219570484,0.5048828125,0.025541169333071843,0.2076350188620485,0.006912422387124655,45,188,0.35782136051034885,0.5697479248046875,sparse,oracle2,3.0,-0.004516008718996434,-0.0648651123046875,2.6094053236025982,1.0,0.0
C_sparse_d50_oracle_K50,4000,50,50,0.37772460865377055,0.022250638160363954,0.5694580078125,0.03154316024532501,0.15714034034910168,0.00704271621089509,59,189,0.35782136051034885,0.5697479248046875,sparse,oracle2,3.0,0.019903248143421703,-0.0002899169921875,3.979883833049009,1.0,1.0
C_sparse_d50_oracle_K50,4000,50,50,0.3458521241660155,0.024091442203907007,0.58984375,0.024571619985518305,0.15652548830444535,0.006237073922041436,40,190,0.35782136051034885,0.5697479248046875,sparse,oracle2,3.0,-0.011969236344333334,0.0200958251953125,2.4150580348508903,1.0,1.0
C_sparse_d50_oracle_K50,4000,50,50,0.35616582133519814,0.022644441942880726,0.5528564453125,0.027497929754117967,0.15303928716540793,0.007097670792008276,49,191,0.35782136051034885,0.5697479248046875,sparse,oracle2,3.0,-0.001655539175150711,-0.0168914794921875,3.024544563049625,1.0,1.0
C_sparse_d50_oracle_K50,4000,50,50,0.36985232035014926,0.02402275928988811,0.5438232421875,0.020831423891798956,0.1470306843889871,0.006537454371627869,35,192,0.35782136051034885,0.5697479248046875,sparse,oracle2,3.0,0.012030959839800404,-0.0259246826171875,1.7357928854392495,1.0,1.0
C_sparse_d50_oracle_K50,4000,50,50,0.3602492270055554,0.023640202092810886,0.56494140625,0.021562499701915788,0.16637508491365854,0.006950110862607831,42,193,0.35782136051034885,0.5697479248046875,sparse,oracle2,3.0,0.002427866495206543,-0.0048065185546875,1.859765573580474,1.0,1.0
C_sparse_d50_oracle_K50,4000,50,50,0.3822080581808612,0.02372845119851779,0.5648193359375,0.02746043004511697,0.18436306267156102,0.006514443654946982,48,194,0.35782136051034885,0.5697479248046875,sparse,oracle2,3.0,0.024386697670512325,-0.0049285888671875,3.016300873051051,1.0,1.0
C_sparse_d50_oracle_K50,4000,50,50,0.33483164674722365,0.02386141862202173,0.5892333984375,0.020702409305402545,0.1507726447266668,0.0062773444695461466,36,195,0.35782136051034885,0.5697479248046875,sparse,oracle2,3.0,-0.022989713763125197,0.0194854736328125,1.7143590041936716,1.0,1.0
C_sparse_d50_oracle_K50,4000,50,50,0.32305624622456586,0.024653321418824297,0.6026611328125,0.0404297947049057,0.18009482962913362,0.005865436204699218,66,196,0.35782136051034885,0.5697479248046875,sparse,oracle2,3.0,-0.034765114285782994,0.0329132080078125,6.538273199523284,1.0,1.0
C_sparse_d50_oracle_K50,4000,50,50,0.3501523111204343,0.02543196319636814,0.6396484375,0.03468995838658677,0.16303466741194297,0.006206886214112051,58,197,0.35782136051034885,0.5697479248046875,sparse,oracle2,3.0,-0.0076690493899145284,0.0699005126953125,4.813572851452487,1.0,0.0
C_sparse_d50_oracle_K50,4000,50,50,0.33797801028487245,0.0233693942194359,0.5462646484375,0.024598252755672956,0.17954339320458382,0.0067200193187272,47,198,0.35782136051034885,0.5697479248046875,sparse,oracle2,3.0,-0.019843350225476397,-0.0234832763671875,2.4202961545278883,1.0,1.0
C_sparse_d50_oracle_K50,4000,50,50,0.3520619551539985,0.023408803152627406,0.5859375,0.02303578998245105,0.2209398052549041,0.006571105820159324,39,199,0.35782136051034885,0.5697479248046875,sparse,oracle2,3.0,-0.005759405356350333,0.0161895751953125,2.1225904804623683,1.0,1.0
A_dense_d50_n16000_K400,16000,400,50,0.3694173429142842,0.014288192341647998,0.5909423828125,0.027369176218021055,0.4195410531979058,0.007281480936458411,60,0,0.33960013695911856,0.58599853515625,dense,-1,3.0,0.029817205955165627,0.00494384765625,11.985148909649428,0.0,1.0
A_dense_d50_n16000_K400,16000,400,50,0.3704965792834499,0.014203479748774213,0.6090087890625,0.03221622587351269,0.418027808021585,0.006970063209093256,75,1,0.33960013695911856,0.58599853515625,dense,-1,3.0,0.030896442324331364,0.02301025390625,16.606163352531013,0.0,1.0
A_dense_d50_n16000_K400,16000,400,50,0.3808778261416472,0.014497378988622685,0.600830078125,0.02742497031499762,0.4197949190368007,0.007507262009031916,60,2,0.33960013695911856,0.58599853515625,dense,-1,3.0,0.041277689182528665,0.01483154296875,12.034063948456012,0.0,1.0
A_dense_d50_n16000_K400,16000,400,50,0.3833784229604995,0.014249065806904425,0.595703125,0.030896442036920702,0.4173671322004493,0.00734727955124467,83,3,0.33960013695911856,0.58599853515625,dense,-1,3.0,0.04377828600138095,0.00970458984375,15.27344208865281,0.0,1.0
A_dense_d50_n16000_K400,16000,400,50,0.3825223184706774,0.014204464888883684,0.5936279296875,0.0272676675493923,0.4324226488067706,0.007427424694825696,70,4,0.33960013695911856,0.58599853515625,dense,-1,3.0,0.042922181511558855,0.00762939453125,11.896411097346911,0.0,1.0
A_dense_d50_n16000_K400,16000,400,50,0.3643647498649222,0.014052437556224746,0.5728759765625,0.025495241795151388,0.4373265522136417,0.007481174925433235,58,5,0.33960013695911856,0.58599853515625,dense,-1,3.0,0.024764612905803618,-0.01312255859375,10.400117667091747,1.0,1.0
A_dense_d50_n16000_K400,16000,400,50,0.37231248244595305,0.014403769487653106,0.59375,0.02780049609585679,0.41899908636336214,0.0072012433403062836,62,6,0.33960013695911856,0.58599853515625,dense,-1,3.0,0.03271234548683449,0.00775146484375,12.365881330811977,0.0,1.0
A_dense_d50_n16000_K400,16000,400,50,0.3840053047044176,0.014420752190674499,0.6065673828125,0.025226602359484807,0.45270238950816405,0.00716857545860631,51,7,0.33960013695911856,0.58599853515625,dense,-1,3.0,0.04440516774529907,0.02056884765625,10.18210346565703,0.0,1.0
A_dense_d50_n16000_K400,16000,400,50,0.37367983992577203,0.014166403502050897,0.59521484375,0.031302850667043004,0.44914496399321313,0.007295747838731384,76,8,0.33960013695911856,0.58599853515625,dense,-1,3.0,0.03407970296665347,0.00921630859375,15.677895358131115,0.0,1.0
A_dense_d50_n16000_K400,16000,400,50,0.3927696884699275,0.014130012370889258,0.593994140625,0.02660413744037679,0.44249066917232854,0.007613667859064618,63,9,0.33960013695911856,0.58599853515625,dense,-1,3.0,0.05316955151080893,0.00799560546875,11.32448206314333,0.0,1.0
A_dense_d50_n16000_K400,16000,400,50,0.37183512446952666,0.01416183520510838,0.58984375,0.024692419596674772,0.4381819663965872,0.007255882318767487,56,10,0.33960013695911856,0.58599853515625,dense,-1,3.0,0.0322349875104081,0.00384521484375,9.755449368611973,0.0,1.0
A_dense_d50_n16000_K400,16000,400,50,0.38795068731163185,0.014470522739717603,0.6068115234375,0.02820445747276463,0.44796440345443944,0.007361584792634533,68,11,0.33960013695911856,0.58599853515625,dense,-1,3.0,0.04835055035251329,0.02081298828125,12.727862741327817,0.0,1.0
A_dense_d50_n16000_K400,16000,400,50,0.4060162753838954,0.014560225641169199,0.5908203125,0.02614724316055085,0.44785591459928714,0.007719646450651593,63,12,0.33960013695911856,0.58599853515625,dense,-1,3.0,0.06641613842477684,0.00482177734375,10.938853198351572,0.0,1.0
A_dense_d50_n16000_K400,16000,400,50,0.37993066354142063,0.014577696321629842,0.5948486328125,0.024175247437360547,0.4359010510034462,0.007424141035558363,50,13,0.33960013695911856,0.58599853515625,dense,-1,3.0,0.04033052658230207,0.00885009765625,9.351081418521723,0.0,1.0
A_dense_d50_n16000_K400,16000,400,50,0.38720227547146424,0.014325696565688816,0.6087646484375,0.02697736270343266,0.43626330158401894,0.00741002590714656,64,14,0.33960013695911856,0.58599853515625,dense,-1,3.0,0.04760213851234568,0.02276611328125,11.644449574920952,0.0,1.0
A_dense_d50_n16000_K400,16000,400,50,0.3988826478125618,0.014284102283125051,0.60546875,0.027055044894751423,0.4487800844251522,0.007473295530386753,60,15,0.33960013695911856,0.58599853515625,dense,-1,3.0,0.059282510853443215,0.01947021484375,11.711607268112239,0.0,1.0
A_dense_d50_n16000_K400,16000,400,50,0.3836837134669056,0.014629047292306062,0.5941162109375,0.027593174384976132,0.43219158492052895,0.007384177950321238,63,16,0.33960013695911856,0.58599853515625,dense,-1,3.0,0.04408357650778705,0.00811767578125,12.182132362235247,0.0,1.0
A_dense_d50_n16000_K400,16000,400,50,0.37487109680227704,0.014111838453313449,0.5716552734375,0.02774897115882993,0.4256565141975865,0.007599456015423809,62,17,0.33960013695911856,0.58599853515625,dense,-1,3.0,0.03527095984315848,-0.01434326171875,12.320086405977204,0.0,1.0
A_dense_d50_n16000_K400,16000,400,50,0.3931870108290251,0.014258530256217037,0.5933837890625,0.022757334571719218,0.4543064728572134,0.007662148677610759,51,18,0.33960013695911856,0.58599853515625,dense,-1,3.0,0.053586873869906515,0.00738525390625,8.286340428946668,0.0,1.0
A_dense_d50_n16000_K400,16000,400,50,0.37280564675316114,0.014147377066025965,0.5897216796875,0.03149620276540282,0.42965982044103573,0.007125049948818152,78,19,0.33960013695911856,0.58599853515625,dense,-1,3.0,0.033205509794042576,0.00372314453125,15.872172618229891,0.0,1.0
A_dense_d50_n16000_K400,16000,400,50,0.37184380722469246,0.01420285325071059,0.5777587890625,0.02705378790295206,0.43331243546848663,0.0073855291098236025,61,20,0.33960013695911856,0.58599853515625,dense,-1,3.0,0.0322436702655739,-0.00823974609375,11.710519038366645,0.0,1.0
A_dense_d50_n16000_K400,16000,400,50,0.37936765601652433,0.014321580672926682,0.5880126953125,0.029052540382896164,0.439286549089954,0.007393221812030617,65,21,0.33960013695911856,0.58599853515625,dense,-1,3.0,0.039767519057405776,0.00201416015625,13.504801643196998,0.0,1.0
A_dense_d50_n16000_K400,16000,400,50,0.40445501625234814,0.01459908334981441,0.612548828125,0.027088314906927084,0.4493887341509042,0.00753026451201983,64,22,0.33960013695911856,0.58599853515625,dense,-1,3.0,0.06485487929322958,0.02655029296875,11.740428871949568,0.0,1.0
A_dense_d50_n16000_K400,16000,400,50,0.3784555353483857,0.014725580760159425,0.611083984375,0.027794303875030523,0.4119742598490192,0.006879671892212723,52,23,0.33960013695911856,0.58599853515625,dense,-1,3.0,0.03885539838926716,0.02508544921875,12.360373246360588,0.0,1.0
A_dense_d50_n16000_K400,16000,400,50,0.3705123881712948,0.01427748628344815,0.582763671875,0.02935071259177736,0.43541530821494995,0.007500757145851745,77,24,0.33960013695911856,0.58599853515625,dense,-1,3.0,0.030912251212176223,-0.00323486328125,13.78342927432189,0.0,1.0
A_dense_d50_n16000_K400,16000,400,50,0.38945963629010805,0.014073085656483094,0.595703125,0.021283092066053808,0.45212624409008473,0.007569698707381844,46,25,0.33960013695911856,0.58599853515625,dense,-1,3.0,0.04985949933098949,0.00970458984375,7.247520126273962,0.0,1.0
A_dense_d50_n16000_K400,16000,400,50,0.38696151168820037,0.014284667824465072,0.608154296875,0.028017449247445977,0.42180139269479866,0.007172578829995361,62,26,0.33960013695911856,0.58599853515625,dense,-1,3.0,0.04736137472908181,0.02215576171875,12.55963939733138,0.0,1.0
A_dense_d50_n16000_K400,16000,400,50,0.36588934416973545,0.01405928973290414,0.5732421875,0.025736959074379895,0.40203744025981997,0.0073351271466988565,61,27,0.33960013695911856,0.58599853515625,dense,-1,3.0,0.026289207210616894,-0.01275634765625,10.59825699834089,1.0,1.0
A_dense_d50_n16000_K400,16000,400,50,0.40739760083998555,0.014627563641653846,0.612060546875,0.028557213585313008,0.4679822102439446,0.0076786162835720505,75,28,0.33960013695911856,0.58599853515625,dense,-1,3.0,0.06779746388086699,0.02606201171875,13.048231164114974,0.0,1.0
A_dense_d50_n16000_K400,16000,400,50,0.37349240049468474,0.014445369599109845,0.6011962890625,0.0277093049663369,0.43025109107872567,0.007223319580296296,65,29,0.33960013695911856,0.58599853515625,dense,-1,3.0,0.03389226353556618,0.01519775390625,12.284889307479405,0.0,1.0
A_dense_d50_n16000_K400,16000,400,50,0.37645631811405855,0.014194452709565247,0.6072998046875,0.02622339976890663,0.4219034494849958,0.007009403993587105,57,30,0.33960013695911856,0.58599853515625,dense,-1,3.0,0.03685618115493999,0.02130126953125,11.002667127038277,0.0,1.0
A_dense_d50_n16000_K400,16000,400,50,0.3825366020308867,0.01426700286892182,0.6029052734375,0.0250644413011527,0.42400188341797224,0.007280315751989933,57,31,0.33960013695911856,0.58599853515625,dense,-1,3.0,0.042936465071768126,0.01690673828125,10.051619483822869,0.0,1.0
A_dense_d50_n16000_K400,16000,400,50,0.37781010142739013,0.014437598858505553,0.6026611328125,0.028465168428459312,0.43587847294351173,0.007155360244117857,62,32,0.33960013695911856,0.58599853515625,dense,-1,3.0,0.03820996446827157,0.01666259765625,12.96425301856891,0.0,1.0
A_dense_d50_n16000_K400,16000,400,50,0.38813271808856475,0.014512268356889596,0.6109619140625,0.02680526016093853,0.4400988480708519,0.007140758007652495,65,33,0.33960013695911856,0.58599853515625,dense,-1,3.0,0.048532581129446195,0.02496337890625,11.496351556729573,0.0,1.0
A_dense_d50_n16000_K400,16000,400,50,0.39563257362984444,0.014498209566473597,0.6015625,0.026337003814014662,0.43603256801103313,0.007351987335990175,67,34,0.33960013695911856,0.58599853515625,dense,-1,3.0,0.05603243667072588,0.01556396484375,11.098204318390765,0.0,1.0
A_dense_d50_n16000_K400,16000,400,50,0.37847714981301406,0.014193494738380009,0.5858154296875,0.0258292555919763,0.440297906224024,0.007563233496821181,60,35,0.33960013695911856,0.58599853515625,dense,-1,3.0,0.0388770128538955,-0.00018310546875,10.674407110970224,0.0,1.0
A_dense_d50_n16000_K400,16000,400,50,0.398451108656414,0.01455287634900655,0.607421875,0.028058313586323717,0.44608180471094366,0.007380418703851297,55,36,0.33960013695911856,0.58599853515625,dense,-1,3.0,0.05885097169729542,0.02142333984375,12.596303380935648,0.0,1.0
A_dense_d50_n16000_K400,16000,400,50,0.36973981533199474,0.014236955819429834,0.5928955078125,0.027667530805253727,0.42102628016180044,0.007205596562770476,64,37,0.33960013695911856,0.58599853515625,dense,-1,3.0,0.030139678372876177,0.00689697265625,12.247876173754623,0.0,1.0
A_dense_d50_n16000_K400,16000,400,50,0.3833158971014793,0.01425992900324239,0.598876953125,0.029276507891996508,0.44245960744206625,0.007524749496923522,80,38,0.33960013695911856,0.58599853515625,dense,-1,3.0,0.04371576014236073,0.01287841796875,13.713822629602141,0.0,1.0
A_dense_d50_n16000_K400,16000,400,50,0.39169460395577227,0.01442428593440403,0.6048583984375,0.027467932561337824,0.4206004577367566,0.007402769248790263,66,39,0.33960013695911856,0.58599853515625,dense,-1,3.0,0.05209446699665371,0.01885986328125,12.071797107107242,0.0,1.0
A_dense_d50_n16000_K400,16000,400,50,0.394569815096928,0.01483358943769912,0.6094970703125,0.02265799003804066,0.4297999234509711,0.007220210199319449,49,40,0.33960013695911856,0.58599853515625,dense,-1,3.0,0.05496967813780945,0.02349853515625,8.214152201023197,0.0,1.0
A_dense_d50_n16000_K400,16000,400,50,0.3788378262183998,0.014482616273017087,0.613525390625,0.029703160228254123,0.4022897909043812,0.006900370170419056,64,41,0.33960013695911856,0.58599853515625,dense,-1,3.0,0.03923768925928123,0.02752685546875,14.1164436407254,0.0,1.0
A_dense_d50_n16000_K400,16000,400,50,0.3862165914527115,0.014676376115144952,0.6146240234375,0.026204952663467333,0.41571017009719385,0.007099864626077773,57,42,0.33960013695911856,0.58599853515625,dense,-1,3.0,0.04661645449359292,0.02862548828125,10.987192705513019,0.0,1.0
A_dense_d50_n16000_K400,16000,400,50,0.3783108610387062,0.014287329705921531,0.5859375,0.024230242832351846,0.4176849337342339,0.007395901353714267,52,43,0.33960013695911856,0.58599853515625,dense,-1,3.0,0.038710724079587644,-6.103515625e-05,9.393674683435808,0.0,1.0
A_dense_d50_n16000_K400,16000,400,50,0.3896714037087333,0.014187097369245814,0.6046142578125,0.022906939791561474,0.4778836560234793,0.007423181956200376,52,44,0.33960013695911856,0.58599853515625,dense,-1,3.0,0.05007126674961476,0.01861572265625,8.395646249827559,0.0,1.0
A_dense_d50_n16000_K400,16000,400,50,0.3879897738683184,0.01446615715872031,0.603271484375,0.027411609911611727,0.4327573912938087,0.007326719010912738,62,45,0.33960013695911856,0.58599853515625,dense,-1,3.0,0.04838963690919984,0.01727294921875,12.022341727141924,0.0,1.0
A_dense_d50_n16000_K400,16000,400,50,0.38382025132483055,0.014350883303536677,0.591796875,0.024931661412194068,0.4429185305663369,0.007568794341821589,56,46,0.33960013695911856,0.58599853515625,dense,-1,3.0,0.04422011436571199,0.00579833984375,9.945403852356586,0.0,1.0
A_dense_d50_n16000_K400,16000,400,50,0.39120421019972895,0.014450783164259417,0.6143798828125,0.027398770615373748,0.40343552855751447,0.007190120007158456,59,47,0.33960013695911856,0.58599853515625,dense,-1,3.0,0.05160407324061039,0.02838134765625,12.011082099741888,0.0,1.0
A_dense_d50_n16000_K400,16000,400,50,0.3618316755307721,0.014013261256090927,0.5771484375,0.027984585279190143,0.42668385135206294,0.007320249372507081,60,48,0.33960013695911856,0.58599853515625,dense,-1,3.0,0.022231538571653553,-0.00885009765625,12.530192211972249,1.0,1.0
A_dense_d50_n16000_K400,16000,400,50,0.401719323032757,0.014359265825404642,0.5999755859375,0.024468501875050522,0.4638956506948797,0.007647817871691978,66,49,0.33960013695911856,0.58599853515625,dense,-1,3.0,0.06211918607363842,0.01397705078125,9.579321344149616,0.0,1.0
A_dense_d50_n16000_K400,16000,400,50,0.39247862926600763,0.014511603426286603,0.6025390625,0.024039726865081292,0.4438240595149896,0.007462177349341338,50,50,0.33960013695911856,0.58599853515625,dense,-1,3.0,0.05287849230688907,0.01654052734375,9.24653548396338,0.0,1.0
A_dense_d50_n16000_K400,16000,400,50,0.385963456639483,0.01458024537287359,0.6004638671875,0.029352325739234422,0.43181758385544816,0.007340412542362263,66,51,0.33960013695911856,0.58599853515625,dense,-1,3.0,0.046363319680364445,0.01446533203125,13.784944420833977,0.0,1.0
A_dense_d50_n16000_K400,16000,400,50,0.36371328802461633,0.014338045682125445,0.5830078125,0.026553343059704075,0.42945064070890265,0.007277330834388853,60,52,0.33960013695911856,0.58599853515625,dense,-1,3.0,0.024113151065497773,-0.00299072265625,11.281280442341354,1.0,1.0
A_dense_d50_n16000_K400,16000,400,50,0.36260668863389217,0.014220861105889965,0.592529296875,0.031358137733876655,0.419443855547437,0.007000478975302407,67,53,0.33960013695911856,0.58599853515625,dense,-1,3.0,0.023006551674773612,0.00653076171875,15.733324834188462,1.0,1.0
A_dense_d50_n16000_K400,16000,400,50,0.3779377976723467,0.014227480152325932,0.5936279296875,0.027204449719929205,0.4455261994105835,0.007380799057119397,60,54,0.33960013695911856,0.58599853515625,dense,-1,3.0,0.03833766071322814,0.00762939453125,11.8413133530265,0.0,1.0
A_dense_d50_n16000_K400,16000,400,50,0.39493146806756985,0.014533391235468643,0.616943359375,0.025968194966260388,0.43959592839226846,0.0072540640219946415,52,55,0.33960013695911856,0.58599853515625,dense,-1,3.0,0.05533133110845129,0.03094482421875,10.789554396891381,0.0,1.0
A_dense_d50_n16000_K400,16000,400,50,0.3741054094423715,0.013774123079572938,0.5797119140625,0.027617294596840238,0.437979079969521,0.007480313318396056,61,56,0.33960013695911856,0.58599853515625,dense,-1,3.0,0.03450527248325291,-0.00628662109375,12.203439373578576,0.0,1.0
A_dense_d50_n16000_K400,16000,400,50,0.39734403925185247,0.014456146887409342,0.61669921875,0.028674179966984386,0.4451086069252014,0.007248012962678784,70,57,0.33960013695911856,0.58599853515625,dense,-1,3.0,0.057743902292733906,0.03070068359375,13.155337548464137,0.0,1.0
A_dense_d50_n16000_K400,16000,400,50,0.3789023386952469,0.01438292559065697,0.60400390625,0.024877099671120617,0.43833736287687847,0.007080639517778022,48,58,0.33960013695911856,0.58599853515625,dense,-1,3.0,0.03930220173612836,0.01800537109375,9.901921408749912,0.0,1.0
A_dense_d50_n16000_K400,16000,400,50,0.38438879711484175,0.014518652912500603,0.58935546875,0.029362068378372918,0.4291252535743116,0.007702711868640947,77,59,0.33960013695911856,0.58599853515625,dense,-1,3.0,0.04478866015572319,0.00335693359375,13.794096951299949,0.0,1.0
A_dense_d50_n16000_K400,16000,400,50,0.3852673053729323,0.014548352238361336,0.6109619140625,0.02642004029010241,0.424473413696385,0.007153738021903574,60,60,0.33960013695911856,0.58599853515625,dense,-1,3.0,0.04566716841381374,0.02496337890625,11.168296462890154,0.0,1.0
A_dense_d50_n16000_K400,16000,400,50,0.3691813656895223,0.01418519690909191,0.582275390625,0.03253230119480889,0.45511218627082806,0.007389860461408548,74,61,0.33960013695911856,0.58599853515625,dense,-1,3.0,0.029581228730403752,-0.00372314453125,16.933609936476227,0.0,1.0
A_dense_d50_n16000_K400,16000,400,50,0.3903081471372666,0.014183102305806291,0.5926513671875,0.03186422678972298,0.452453604768684,0.007573904624110028,78,62,0.33960013695911856,0.58599853515625,dense,-1,3.0,0.05070801017814802,0.00665283203125,16.245263182510392,0.0,1.0
A_dense_d50_n16000_K400,16000,400,50,0.37480727976688355,0.014358797355697336,0.5889892578125,0.027359915550725318,0.4333102288397988,0.007314416876259161,66,63,0.33960013695911856,0.58599853515625,dense,-1,3.0,0.03520714280776499,0.00299072265625,11.977039663085137,0.0,1.0
A_dense_d50_n16000_K400,16000,400,50,0.39893319548584094,0.014576770049449513,0.61181640625,0.024227662594583355,0.4257912235372273,0.007387646445155081,54,64,0.33960013695911856,0.58599853515625,dense,-1,3.0,0.05933305852672238,0.02581787109375,9.391674156751575,0.0,1.0
A_dense_d50_n16000_K400,16000,400,50,0.3785312499044187,0.0136816204370478,0.5938720703125,0.03312074984682371,0.44427087982237823,0.007342987126132904,77,65,0.33960013695911856,0.58599853515625,dense,-1,3.0,0.03893111294530016,0.00787353515625,17.55174512665397,0.0,1.0
A_dense_d50_n16000_K400,16000,400,50,0.3946406808645539,0.014299901973701493,0.598876953125,0.02420861813312537,0.43349957279374807,0.007579368322218012,52,66,0.33960013695911856,0.58599853515625,dense,-1,3.0,0.055040543905435335,0.01287841796875,9.376915070647785,0.0,1.0
A_dense_d50_n16000_K400,16000,400,50,0.37726804088274957,0.014731989631782953,0.6087646484375,0.02965286542611769,0.46189864916771983,0.007128238252261717,74,67,0.33960013695911856,0.58599853515625,dense,-1,3.0,0.03766790392363101,0.02276611328125,14.068678847671134,0.0,1.0
A_dense_d50_n16000_K400,16000,400,50,0.38598416122765833,0.014264408726219055,0.58642578125,0.026371747826420874,0.4411314257315391,0.00761761826573148,62,68,0.33960013695911856,0.58599853515625,dense,-1,3.0,0.04638402426853977,0.00042724609375,11.127505334725345,0.0,1.0
A_dense_d50_n16000_K400,16000,400,50,0.38270658799098556,0.014095569457122465,0.5845947265625,0.027255410393384066,0.4250857197291598,0.007604991412707615,60,69,0.33960013695911856,0.58599853515625,dense,-1,3.0,0.043106451031867,-0.00140380859375,11.885718331388611,0.0,1.0
A_dense_d50_n16000_K400,16000,400,50,0.3803896570998859,0.014110274733981288,0.5859375,0.02592556169072764,0.42622787392650197,0.0075294748857240145,63,70,0.33960013695911856,0.58599853515625,dense,-1,3.0,0.040789520140767366,-6.103515625e-05,10.754155983675595,0.0,1.0
A_dense_d50_n16000_K400,16000,400,50,0.37872666386590575,0.014501763283288694,0.5894775390625,0.027664230890995064,0.4459491705987085,0.007265592681669225,65,71,0.33960013695911856,0.58599853515625,dense,-1,3.0,0.039126526906787196,0.00347900390625,12.244954732644569,0.0,1.0
A_dense_d50_n16000_K400,16000,400,50,0.408270288332017,0.014282118317519932,0.603271484375,0.028305989466247086,0.45192490505825794,0.007685279844012386,72,72,0.33960013695911856,0.58599853515625,dense,-1,3.0,0.06867015137289845,0.01727294921875,12.819664634612655,0.0,1.0
A_dense_d50_n16000_K400,16000,400,50,0.37422553050777113,0.014167481492831067,0.5870361328125,0.029723597019695545,0.4201627517646189,0.007499200321725471,71,73,0.33960013695911856,0.58599853515625,dense,-1,3.0,0.03462539354865257,0.00103759765625,14.135875516628062,0.0,1.0
A_dense_d50_n16000_K400,16000,400,50,0.3743066086238272,0.014256610526769364,0.592041015625,0.029400759230618752,0.4381744457808628,0.007375448061960427,70,74,0.33960013695911856,0.58599853515625,dense,-1,3.0,0.03470647166470864,0.00604248046875,13.83047429338902,0.0,1.0
A_dense_d50_n16000_K400,16000,400,50,0.37735342920796533,0.013790693417039687,0.5826416015625,0.0300366569292465,0.4374856759002249,0.0075680621006251675,80,75,0.33960013695911856,0.58599853515625,dense,-1,3.0,0.03775329224884677,-0.00335693359375,14.435212151764029,0.0,1.0
A_dense_d50_n16000_K400,16000,400,50,0.39183278787186515,0.01436099595427846,0.5989990234375,0.030136978925318376,0.44278529192573085,0.007550427314810235,78,76,0.33960013695911856,0.58599853515625,dense,-1,3.0,0.05223265091274659,0.01300048828125,14.531799979921344,0.0,1.0
A_dense_d50_n16000_K400,16000,400,50,0.376783586790829,0.014297154550225507,0.5872802734375,0.028949383276162432,0.4341571353628707,0.0074312254574254236,67,77,0.33960013695911856,0.58599853515625,dense,-1,3.0,0.03718344983171046,0.00128173828125,13.40906867312245,0.0,1.0
A_dense_d50_n16000_K400,16000,400,50,0.39771825469131245,0.014407815543387213,0.5972900390625,0.024575183390458485,0.44292331178816774,0.0076345293606406295,58,78,0.33960013695911856,0.58599853515625,dense,-1,3.0,0.058118117732193886,0.01129150390625,9.663034218794666,0.0,1.0
A_dense_d50_n16000_K400,16000,400,50,0.36957553272989846,0.013968540269516983,0.5814208984375,0.026522148457727896,0.46137734671314423,0.007420470904992838,63,79,0.33960013695911856,0.58599853515625,dense,-1,3.0,0.0299753957707799,-0.00457763671875,11.254789741020131,0.0,1.0
A_dense_d50_n16000_K400,16000,400,50,0.40946724324419803,0.014444637550925156,0.6051025390625,0.02546322259613454,0.4421634503144854,0.007741599566380952,59,80,0.33960013695911856,0.58599853515625,dense,-1,3.0,0.06986710628507947,0.01910400390625,10.374011279684746,0.0,1.0
A_dense_d50_n16000_K400,16000,400,50,0.36267905848144333,0.01418283521123719,0.587646484375,0.02598839450854792,0.4249740075528353,0.007222972812045545,57,81,0.33960013695911856,0.58599853515625,dense,-1,3.0,0.02307892152232477,0.00164794921875,10.80634638611078,1.0,1.0
A_dense_d50_n16000_K400,16000,400,50,0.39146198400598003,0.014266542398133856,0.5867919921875,0.0261170646060344,0.4562193164399113,0.007702656449750811,58,82,0.33960013695911856,0.58599853515625,dense,-1,3.0,0.051861847046861476,0.00079345703125,10.913617018172395,0.0,1.0
A_dense_d50_n16000_K400,16000,400,50,0.36954467479379427,0.013989710597098052,0.5787353515625,0.0240868950903009,0.44888872884887243,0.007503462019160111,52,83,0.33960013695911856,0.58599853515625,dense,-1,3.0,0.02994453783467571,-0.00726318359375,9.282856241458585,0.0,1.0
A_dense_d50_n16000_K400,16000,400,50,0.3681884467196476,0.014166229397772135,0.5875244140625,0.02604205893233104,0.46294442267173047,0.0074809058812629935,63,84,0.33960013695911856,0.58599853515625,dense,-1,3.0,0.028588309760529063,0.00152587890625,10.851021334960045,0.0,1.0
A_dense_d50_n16000_K400,16000,400,50,0.37884066445838027,0.014427049076992252,0.589111328125,0.022697542392983383,0.42563159184969696,0.007224914884435636,44,85,0.33960013695911856,0.58599853515625,dense,-1,3.0,0.03924052749926171,0.00311279296875,8.242854890900446,0.0,1.0
A_dense_d50_n16000_K400,16000,400,50,0.375881137288695,0.014406493483005474,0.591064453125,0.03031263995605878,0.44370344997681,0.007347928374707102,69,86,0.33960013695911856,0.58599853515625,dense,-1,3.0,0.03628100032957643,0.00506591796875,14.70169825769042,0.0,1.0
A_dense_d50_n16000_K400,16000,400,50,0.41402264531413535,0.0144363161372473,0.6015625,0.024188246473596353,0.432290789710335,0.007772802522936148,56,87,0.33960013695911856,0.58599853515625,dense,-1,3.0,0.07442250835501679,0.01556396484375,9.361140279479143,0.0,1.0
A_dense_d50_n16000_K400,16000,400,50,0.39570993877743355,0.014259229406344826,0.59765625,0.026339186794353212,0.46225823013430745,0.00757117141949685,70,88,0.33960013695911856,0.58599853515625,dense,-1,3.0,0.056109801818314986,0.01165771484375,11.10004417580529,0.0,1.0
A_dense_d50_n16000_K400,16000,400,50,0.36768690313577856,0.01381074384020611,0.5657958984375,0.02493793940856251,0.44566233378268677,0.007884278705307987,66,89,0.33960013695911856,0.58599853515625,dense,-1,3.0,0.028086766176660005,-0.02020263671875,9.95041315112216,0.0,1.0
A_dense_d50_n16000_K400,16000,400,50,0.4105484934724901,0.014431901193492754,0.6068115234375,0.027577586773639723,0.4520163919342809,0.007549130107395146,66,90,0.33960013695911856,0.58599853515625,dense,-1,3.0,0.07094835651337156,0.02081298828125,12.168372676122058,0.0,1.0
A_dense_d50_n16000_K400,16000,400,50,0.37995026399861626,0.01458566235628971,0.61865234375,0.03045574269996441,0.44320473980028324,0.006914660007977962,65,91,0.33960013695911856,0.58599853515625,dense,-1,3.0,0.040350127039497696,0.03265380859375,14.840836214502968,0.0,1.0
A_dense_d50_n16000_K400,16000,400,50,0.3669822615174899,0.014204579345214479,0.6021728515625,0.027961787838887052,0.43059625913193794,0.006924648164029004,58,92,0.33960013695911856,0.58599853515625,dense,-1,3.0,0.027382124558371357,0.01617431640625,12.509785266350908,1.0,1.0
A_dense_d50_n16000_K400,16000,400,50,0.37825471413581785,0.01409833444234629,0.5799560546875,0.02849359668565453,0.4400647005802048,0.007692497572355126,75,93,0.33960013695911856,0.58599853515625,dense,-1,3.0,0.03865457717669929,-0.00604248046875,12.990160833355885,0.0,1.0
A_dense_d50_n16000_K400,16000,400,50,0.3928549051131312,0.014531960955229371,0.6109619140625,0.027506000090815715,0.44335810069095066,0.007347502263183059,61,94,0.33960013695911856,0.58599853515625,dense,-1,3.0,0.053254768154012644,0.02496337890625,12.105280655935266,0.0,1.0
A_dense_d50_n16000_K400,16000,400,50,0.3676278994068982,0.014333562120969947,0.6021728515625,0.026107930228916772,0.43721438863578077,0.006970914629298441,57,95,0.33960013695911856,0.58599853515625,dense,-1,3.0,0.02802776244777966,0.01617431640625,10.90598433340778,1.0,1.0
A_dense_d50_n16000_K400,16000,400,50,0.35058561952782674,0.014209586383607543,0.5836181640625,0.02862895063575441,0.4364902481445561,0.007074332777026902,64,96,0.33960013695911856,0.58599853515625,dense,-1,3.0,0.010985482568708183,-0.00238037109375,13.113869032071406,1.0,1.0
A_dense_d50_n16000_K400,16000,400,50,0.3647381794199841,0.014052818188813139,0.5880126953125,0.024637397525551132,0.4341941861452093,0.006998961768959781,48,97,0.33960013695911856,0.58599853515625,dense,-1,3.0,0.02513804246086554,0.00201416015625,9.712021709312529,1.0,1.0
A_dense_d50_n16000_K400,16000,400,50,0.3656675145422247,0.014240983448565536,0.5836181640625,0.025873722016042842,0.4222793224184231,0.007234677179767048,65,98,0.33960013695911856,0.58599853515625,dense,-1,3.0,0.02606737758310612,-0.00238037109375,10.711191855415361,1.0,1.0
A_dense_d50_n16000_K400,16000,400,50,0.3861603273154018,0.013951368135681378,0.5931396484375,0.02408646319518554,0.4628585757403889,0.007710516486889667,54,99,0.33960013695911856,0.58599853515625,dense,-1,3.0,0.046560190356283226,0.00714111328125,9.282523348048441,0.0,1.0
A_dense_d50_n16000_K400,16000,400,50,0.39844893632214634,0.01428207343729492,0.60009765625,0.023417391399529388,0.4462849630157539,0.007627504545924511,53,100,0.33960013695911856,0.58599853515625,dense,-1,3.0,0.05884879936302778,0.01409912109375,8.773987519340047,0.0,1.0
A_dense_d50_n16000_K400,16000,400,50,0.3709652088758638,0.01416050849698726,0.5870361328125,0.02990857190650333,0.44952911499716375,0.007285880530248418,67,101,0.33960013695911856,0.58599853515625,dense,-1,3.0,0.03136507191674526,0.00103759765625,14.312362775783683,0.0,1.0
A_dense_d50_n16000_K400,16000,400,50,0.4035991151173556,0.014837892343791782,0.62060546875,0.028498467470533303,0.4657679924177397,0.007363072788377564,60,102,0.33960013695911856,0.58599853515625,dense,-1,3.0,0.06399897815823702,0.03460693359375,12.994602370704717,0.0,1.0
A_dense_d50_n16000_K400,16000,400,50,0.38303452909121705,0.014260300541855455,0.59912109375,0.02553534315921371,0.44222452632744463,0.0073346424184599045,60,103,0.33960013695911856,0.58599853515625,dense,-1,3.0,0.04343439213209849,0.01312255859375,10.432860004140839,0.0,1.0
A_dense_d50_n16000_K400,16000,400,50,0.38160530268747855,0.014181302680168446,0.6015625,0.025706280921302692,0.4423301208952504,0.007342692728330669,63,104,0.33960013695911856,0.58599853515625,dense,-1,3.0,0.042005165728359994,0.01556396484375,10.57300606087889,0.0,1.0
A_dense_d50_n16000_K400,16000,400,50,0.40160700073347594,0.01465816961473301,0.61083984375,0.02518492087651875,0.4541650639523972,0.00745414586811046,58,105,0.33960013695911856,0.58599853515625,dense,-1,3.0,0.06200686377435738,0.02484130859375,10.148483832904159,0.0,1.0
A_dense_d50_n16000_K400,16000,400,50,0.36716234568200895,0.014505286698767678,0.5982666015625,0.024014887233753696,0.4159409926446965,0.0070886503347883205,49,106,0.33960013695911856,0.58599853515625,dense,-1,3.0,0.02756220872289039,0.01226806640625,9.2274369415985,1.0,1.0
A_dense_d50_n16000_K400,16000,400,50,0.3890601479576952,0.01464400245981805,0.608642578125,0.026804833433566246,0.43563252287016085,0.007293572221709359,57,107,0.33960013695911856,0.58599853515625,dense,-1,3.0,0.049460010998576664,0.02264404296875,11.495985526419693,0.0,1.0
A_dense_d50_n16000_K400,16000,400,50,0.3888571016255648,0.014584678689302431,0.6043701171875,0.02697376357013746,0.43654690628852044,0.007310256001075346,59,108,0.33960013695911856,0.58599853515625,dense,-1,3.0,0.049256964666446246,0.01837158203125,11.641342738202797,0.0,1.0
A_dense_d50_n16000_K400,16000,400,50,0.41262815107623746,0.014898077932358098,0.6136474609375,0.025143276788112477,0.4549504847318177,0.007466296892694651,51,109,0.33960013695911856,0.58599853515625,dense,-1,3.0,0.0730280141171189,0.02764892578125,10.114949882298172,0.0,1.0
A_dense_d50_n16000_K400,16000,400,50,0.39102417402885326,0.014579935999895117,0.61669921875,0.030355816261012712,0.40807648114458234,0.007042258911587671,66,110,0.33960013695911856,0.58599853515625,dense,-1,3.0,0.051424037069734696,0.03070068359375,14.743609293957821,0.0,1.0
A_dense_d50_n16000_K400,16000,400,50,0.39928509283766545,0.014636894887904007,0.616455078125,0.025073326199173913,0.4354614459336274,0.0073615200204297715,56,111,0.33960013695911856,0.58599853515625,dense,-1,3.0,0.059684955878546886,0.03045654296875,10.058746987042896,0.0,1.0
A_dense_d50_n16000_K400,16000,400,50,0.39544844397373224,0.014584046471732835,0.60595703125,0.03078526765943487,0.4420897758669378,0.0075111788260398705,75,112,0.33960013695911856,0.58599853515625,dense,-1,3.0,0.055848307014613685,0.01995849609375,15.163723277808744,0.0,1.0
A_dense_d50_n16000_K400,16000,400,50,0.37062134988341766,0.014268212661841665,0.5911865234375,0.02921117240028026,0.42744110450703177,0.0073334989240104315,66,113,0.33960013695911856,0.58599853515625,dense,-1,3.0,0.031021212924299102,0.00518798828125,13.652681487982324,0.0,1.0
A_dense_d50_n16000_K400,16000,400,50,0.37050491819381715,0.01378777726879728,0.5858154296875,0.027670805997056947,0.43844095300169195,0.00748592772830021,66,114,0.33960013695911856,0.58599853515625,dense,-1,3.0,0.030904781234698586,-0.00018310546875,12.250776072428204,0.0,1.0
A_dense_d50_n16000_K400,16000,400,50,0.3989615347978679,0.014825389858703936,0.6156005859375,0.029343778318449455,0.4523678058029333,0.007184441140635316,67,115,0.33960013695911856,0.58599853515625,dense,-1,3.0,0.05936139783874933,0.02960205078125,13.77691721603687,0.0,1.0
A_dense_d50_n16000_K400,16000,400,50,0.3823983245954984,0.014246630394650218,0.597412109375,0.028450746035369595,0.4444478942507475,0.007470800027437175,75,116,0.33960013695911856,0.58599853515625,dense,-1,3.0,0.042798187636379825,0.01141357421875,12.951119199505579,0.0,1.0
A_dense_d50_n16000_K400,16000,400,50,0.37776686275937066,0.01425974416994487,0.5855712890625,0.026704715908731226,0.4592615794766457,0.007509904811067967,61,117,0.33960013695911856,0.58599853515625,dense,-1,3.0,0.0381667258002521,-0.00042724609375,11.410269628256682,0.0,1.0
A_dense_d50_n16000_K400,16000,400,50,0.38373738874273544,0.014443694416573099,0.58935546875,0.028698214640960985,0.43494914342882873,0.00746158388602054,71,118,0.33960013695911856,0.58599853515625,dense,-1,3.0,0.04413725178361688,0.00335693359375,13.17740037725868,0.0,1.0
A_dense_d50_n16000_K400,16000,400,50,0.40040620388809944,0.01473653558395842,0.616455078125,0.030231283595931045,0.4291841205077201,0.007316111928169135,70,119,0.33960013695911856,0.58599853515625,dense,-1,3.0,0.060806066928980884,0.03045654296875,14.622888125721753,0.0,1.0
A_dense_d50_n16000_K400,16000,400,50,0.367976612160754,0.014069229950053781,0.583984375,0.029344145499685913,0.4297487157377969,0.007440877606955969,73,120,0.33960013695911856,0.58599853515625,dense,-1,3.0,0.028376475201635443,-0.00201416015625,13.777262001707792,0.0,1.0
A_dense_d50_n16000_K400,16000,400,50,0.38491106010435494,0.014461487550161037,0.6015625,0.03193308300196601,0.425513099543645,0.0071750599021917555,73,121,0.33960013695911856,0.58599853515625,dense,-1,3.0,0.04531092314523638,0.01556396484375,16.31554864016721,0.0,1.0
A_dense_d50_n16000_K400,16000,400,50,0.38232677152639016,0.014218091907214778,0.5914306640625,0.022247867195025025,0.4465830023374055,0.007556817013656073,48,122,0.33960013695911856,0.58599853515625,dense,-1,3.0,0.042726634567271604,0.00543212890625,7.91948151563953,0.0,1.0
A_dense_d50_n16000_K400,16000,400,50,0.4042362701582108,0.014152498170031955,0.5955810546875,0.026730296702450914,0.46548506394086764,0.007862166557632406,72,123,0.33960013695911856,0.58599853515625,dense,-1,3.0,0.06463613319909223,0.00958251953125,11.43214018881693,0.0,1.0
A_dense_d50_n16000_K400,16000,400,50,0.3722260461295124,0.013971080534486266,0.5645751953125,0.024178587439360175,0.4409677621523525,0.007738006311815208,59,124,0.33960013695911856,0.58599853515625,dense,-1,3.0,0.03262590917039382,-0.02142333984375,9.35366544900457,0.0,1.0
A_dense_d50_n16000_K400,16000,400,50,0.3588726785154993,0.01400131892536192,0.5870361328125,0.028187322482411434,0.4113518820833966,0.007015395932451031,54,125,0.33960013695911856,0.58599853515625,dense,-1,3.0,0.01927254155638075,0.00103759765625,12.712402379639315,1.0,1.0
A_dense_d50_n16000_K400,16000,400,50,0.36729536004699836,0.014612698959743759,0.5948486328125,0.029916792363224642,0.42128769435090174,0.00698550580833596,69,126,0.33960013695911856,0.58599853515625,dense,-1,3.0,0.027695223087879806,0.00885009765625,14.32023144486874,1.0,1.0
A_dense_d50_n16000_K400,16000,400,50,0.36550976111751254,0.014403093774616562,0.5850830078125,0.02716183690701649,0.4582325143247722,0.007278454935164273,56,127,0.33960013695911856,0.58599853515625,dense,-1,3.0,0.025909624158393985,-0.00091552734375,11.80424614661381,1.0,1.0
A_dense_d50_n16000_K400,16000,400,50,0.3902536284964796,0.014469436308700229,0.6046142578125,0.025768423869286867,0.4351800006351072,0.007494029642947102,57,128,0.33960013695911856,0.58599853515625,dense,-1,3.0,0.05065349153736104,0.01861572265625,10.62418669931573,0.0,1.0
A_dense_d50_n16000_K400,16000,400,50,0.3813811269898002,0.014144702220121694,0.583251953125,0.02686960588977633,0.43377119095684313,0.007603595933817772,67,129,0.33960013695911856,0.58599853515625,dense,-1,3.0,0.04178099003068164,-0.00274658203125,11.551611530750446,0.0,1.0
A_dense_d50_n16000_K400,16000,400,50,0.3984610701766186,0.014453085395741699,0.607421875,0.021930874708507114,0.3994583689301118,0.007251769536757954,45,130,0.33960013695911856,0.58599853515625,dense,-1,3.0,0.05886093321750002,0.02142333984375,7.695412247683792,0.0,1.0
A_dense_d50_n16000_K400,16000,400,50,0.37095895246652566,0.01413096708173822,0.5941162109375,0.028405462389922517,0.4356481308437541,0.007180633191626646,56,131,0.33960013695911856,0.58599853515625,dense,-1,3.0,0.0313588155074071,0.00811767578125,12.909924697364843,0.0,1.0
A_dense_d50_n16000_K400,16000,400,50,0.3417605818580062,0.013901195823036628,0.5679931640625,0.029296727000376072,0.42322314448938014,0.0070925996039057325,70,132,0.33960013695911856,0.58599853515625,dense,-1,3.0,0.0021604448988876146,-0.01800537109375,13.73277140695303,1.0,1.0
A_dense_d50_n16000_K400,16000,400,50,0.3844127460484929,0.014316495419863821,0.6041259765625,0.02935386300081401,0.43267451591329464,0.007133541524655058,68,133,0.33960013695911856,0.58599853515625,dense,-1,3.0,0.044812609089374345,0.01812744140625,13.786388369128922,0.0,1.0
A_dense_d50_n16000_K400,16000,400,50,0.40346167186541365,0.014659030034235377,0.6104736328125,0.029610888651669026,0.47781641837303185,0.007561277742597561,72,134,0.33960013695911856,0.58599853515625,dense,-1,3.0,0.06386153490629509,0.02447509765625,14.028875627864664,0.0,1.0
A_dense_d50_n16000_K400,16000,400,50,0.3676479778360121,0.013873649219858893,0.57568359375,0.026553721325464155,0.43767972916465653,0.007534201428388116,67,135,0.33960013695911856,0.58599853515625,dense,-1,3.0,0.02804784087689355,-0.01031494140625,11.281601859686557,0.0,1.0
A_dense_d50_n16000_K400,16000,400,50,0.39205813719967086,0.014611820453437601,0.608154296875,0.02730919018851349,0.4202259726550403,0.007186298167175496,58,136,0.33960013695911856,0.58599853515625,dense,-1,3.0,0.052458000240552305,0.02215576171875,11.932669900038423,0.0,1.0
A_dense_d50_n16000_K400,16000,400,50,0.3942363481188407,0.014446573597341694,0.6033935546875,0.026507230977888357,0.4192271747411667,0.007398987732578974,53,137,0.33960013695911856,0.58599853515625,dense,-1,3.0,0.054636211159722115,0.01739501953125,11.242132705841986,0.0,1.0
A_dense_d50_n16000_K400,16000,400,50,0.3790884884072177,0.014353919773828935,0.59521484375,0.028180401384649063,0.4386364544047757,0.00730192640114726,70,138,0.33960013695911856,0.58599853515625,dense,-1,3.0,0.039488351448099146,0.00921630859375,12.706160355198893,0.0,1.0
A_dense_d50_n16000_K400,16000,400,50,0.3822039337314451,0.01444533151652103,0.5872802734375,0.025248274028749847,0.4447383699353088,0.007498479233806413,55,139,0.33960013695911856,0.58599853515625,dense,-1,3.0,0.04260379677232656,0.00128173828125,10.199605462893505,0.0,1.0
A_dense_d50_n16000_K400,16000,400,50,0.36256567366777426,0.014283041844151674,0.5885009765625,0.03103067715670004,0.43965071636382475,0.007115785557559366,69,140,0.33960013695911856,0.58599853515625,dense,-1,3.0,0.0229655367086557,0.00250244140625,15.406446796853531,1.0,1.0
A_dense_d50_n16000_K400,16000,400,50,0.3853566170041538,0.014229910662564316,0.5919189453125,0.029482029903808264,0.45040324491332073,0.007627151833590103,74,141,0.33960013695911856,0.58599853515625,dense,-1,3.0,0.04575648004503524,0.00592041015625,13.907041395984717,0.0,1.0
A_dense_d50_n16000_K400,16000,400,50,0.3922186989826534,0.014565618206076929,0.60302734375,0.027125550779557424,0.4505190551998366,0.007307371060790177,58,142,0.33960013695911856,0.58599853515625,dense,-1,3.0,0.05261856202353482,0.01702880859375,11.772728081509573,0.0,1.0
A_dense_d50_n16000_K400,16000,400,50,0.3670001542068859,0.01387024060710417,0.5948486328125,0.02605433978559645,0.4347778678853465,0.007095878232540469,55,143,0.33960013695911856,0.58599853515625,dense,-1,3.0,0.02740001724776736,0.00885009765625,10.861257946613023,0.0,1.0
A_dense_d50_n16000_K400,16000,400,50,0.394386505431591,0.014358939956967824,0.6083984375,0.022210559104420758,0.4538933752977833,0.0074381484714890755,39,144,0.33960013695911856,0.58599853515625,dense,-1,3.0,0.054786368472472424,0.02239990234375,7.892942971695485,0.0,1.0
A_dense_d50_n16000_K400,16000,400,50,0.38263904829315804,0.014245570333050463,0.5904541015625,0.02525685108703886,0.4158906425057232,0.007388647700452859,58,145,0.33960013695911856,0.58599853515625,dense,-1,3.0,0.043038911334039476,0.00445556640625,10.206536429325695,0.0,1.0
A_dense_d50_n16000_K400,16000,400,50,0.3656051942903824,0.014253897373384023,0.5927734375,0.026355760508297712,0.43383101938368995,0.007075597067002983,61,146,0.33960013695911856,0.58599853515625,dense,-1,3.0,0.026005057331263848,0.00677490234375,11.114017791531923,1.0,1.0
A_dense_d50_n16000_K400,16000,400,50,0.37157719335809597,0.014173298115383438,0.580322265625,0.02287088194169981,0.4373262457594998,0.007495473873557153,46,147,0.33960013695911856,0.58599853515625,dense,-1,3.0,0.03197705639897741,-0.00567626953125,8.369235852658727,0.0,1.0
A_dense_d50_n16000_K400,16000,400,50,0.3925424818974245,0.01424053199789711,0.591064453125,0.024513608770741713,0.44327138900587787,0.007690437842894851,52,148,0.33960013695911856,0.58599853515625,dense,-1,3.0,0.05294234493830596,0.00506591796875,9.614672239439761,0.0,1.0
A_dense_d50_n16000_K400,16000,400,50,0.3809248412125316,0.01428466081256718,0.5916748046875,0.026675011287445517,0.43902984318561133,0.007424686320665182,55,149,0.33960013695911856,0.58599853515625,dense,-1,3.0,0.04132470425341306,0.00567626953125,11.384899634965532,0.0,1.0
A_dense_d50_n16000_K400,16000,400,50,0.38258921536980905,0.014420857954569192,0.5938720703125,0.024309300983743887,0.4468599434245205,0.007287286543741237,48,150,0.33960013695911856,0.58599853515625,dense,-1,3.0,0.042989078410690496,0.00787353515625,9.455073829092024,0.0,1.0
A_dense_d50_n16000_K400,16000,400,50,0.3820541233454261,0.01485343413051568,0.615234375,0.027917471015835957,0.43463455911670673,0.007160844314351555,63,151,0.33960013695911856,0.58599853515625,dense,-1,3.0,0.04245398638630754,0.02923583984375,12.470163006720652,0.0,1.0
A_dense_d50_n16000_K400,16000,400,50,0.3823311330747079,0.01458770097209776,0.6025390625,0.02612690076618912,0.4034338963338234,0.007233495857203621,55,152,0.33960013695911856,0.58599853515625,dense,-1,3.0,0.04273099611558934,0.01654052734375,10.9218390983407,0.0,1.0
A_dense_d50_n16000_K400,16000,400,50,0.37639654714583765,0.014508333514406646,0.5992431640625,0.02525918529347093,0.4444610888837589,0.007137841371357836,55,153,0.33960013695911856,0.58599853515625,dense,-1,3.0,0.036796410186719086,0.01324462890625,10.208423067038371,0.0,1.0
A_dense_d50_n16000_K400,16000,400,50,0.42716881355914954,0.014526846697360369,0.631591796875,0.02254478434478659,0.4667050395420376,0.007546132497599556,52,154,0.33960013695911856,0.58599853515625,dense,-1,3.0,0.08756867660003098,0.04559326171875,8.132276818446952,0.0,0.0
A_dense_d50_n16000_K400,16000,400,50,0.3775884814916022,0.014251705591159486,0.5989990234375,0.027138333511746077,0.42948584180357324,0.0072189796812999665,65,155,0.33960013695911856,0.58599853515625,dense,-1,3.0,0.03798834453248362,0.01300048828125,11.783826332716163,0.0,1.0
A_dense_d50_n16000_K400,16000,400,50,0.38858154014324325,0.014596432849583382,0.608642578125,0.02630453883121112,0.4356452500078075,0.007270056737514689,62,156,0.33960013695911856,0.58599853515625,dense,-1,3.0,0.048981403184124694,0.02264404296875,11.070860209963099,0.0,1.0
A_dense_d50_n16000_K400,16000,400,50,0.3919295834196682,0.014407236854312982,0.60400390625,0.028987265477807733,0.4265927415064641,0.007431262040819576,67,157,0.33960013695911856,0.58599853515625,dense,-1,3.0,0.052329446460549656,0.01800537109375,13.444184958094462,0.0,1.0
A_dense_d50_n16000_K400,16000,400,50,0.36953047294189884,0.014494167981803238,0.592529296875,0.02788547863463666,0.4550633184972203,0.007221310259710566,66,158,0.33960013695911856,0.58599853515625,dense,-1,3.0,0.029930335982780276,0.00653076171875,12.441598698924443,0.0,1.0
A_dense_d50_n16000_K400,16000,400,50,0.39290190033743233,0.01443192007503894,0.5982666015625,0.0261715657864639,0.443834660131001,0.007658979182108244,65,159,0.33960013695911856,0.58599853515625,dense,-1,3.0,0.05330176337831377,0.01226806640625,10.959213691443324,0.0,1.0
A_dense_d50_n16000_K400,16000,400,50,0.4020979736940402,0.014424141549366836,0.6129150390625,0.02615155612465248,0.42941358356768894,0.007563293267323974,57,160,0.33960013695911856,0.58599853515625,dense,-1,3.0,0.06249783673492165,0.02691650390625,10.942462203853577,0.0,1.0
A_dense_d50_n16000_K400,16000,400,50,0.39356948857018076,0.014548279152503733,0.5968017578125,0.0235916462368705,0.4420281865937093,0.007437152142278359,53,161,0.33960013695911856,0.58599853515625,dense,-1,3.0,0.0539693516110622,0.01080322265625,8.905052354650337,0.0,1.0
A_dense_d50_n16000_K400,16000,400,50,0.3675179975650645,0.014370791915563928,0.5859375,0.02878084250839783,0.4375896006772762,0.0072926137037345184,68,162,0.33960013695911856,0.58599853515625,dense,-1,3.0,0.02791786060594592,-6.103515625e-05,13.253390327891193,1.0,1.0
A_dense_d50_n16000_K400,16000,400,50,0.3904985799018217,0.014570906876112745,0.61376953125,0.02635439250223682,0.4303813890155539,0.007278488439447288,61,163,0.33960013695911856,0.58599853515625,dense,-1,3.0,0.050898442942703126,0.02777099609375,11.1128640665913,0.0,1.0
A_dense_d50_n16000_K400,16000,400,50,0.39907294906793206,0.014561818966046138,0.6092529296875,0.028410238932707388,0.43295200966657504,0.007366299533420743,64,164,0.33960013695911856,0.58599853515625,dense,-1,3.0,0.0594728121088135,0.02325439453125,12.914266819416362,0.0,1.0
A_dense_d50_n16000_K400,16000,400,50,0.3912598961191978,0.014781388781785539,0.6104736328125,0.0236567378992241,0.40833363213808715,0.007191937227667452,51,165,0.33960013695911856,0.58599853515625,dense,-1,3.0,0.051659759160079255,0.02447509765625,8.954259968521374,0.0,1.0
A_dense_d50_n16000_K400,16000,400,50,0.3735728071458979,0.01419193737625739,0.6015625,0.025806967095587805,0.42055370645123075,0.007052941728681538,59,166,0.33960013695911856,0.58599853515625,dense,-1,3.0,0.03397267018677935,0.01556396484375,10.655992810764026,0.0,1.0
A_dense_d50_n16000_K400,16000,400,50,0.4095228406901173,0.014503401910650051,0.61376953125,0.027282983477751217,0.436978262798135,0.0074531016556344185,64,167,0.33960013695911856,0.58599853515625,dense,-1,3.0,0.06992270373099874,0.02777099609375,11.909778999155934,0.0,1.0
A_dense_d50_n16000_K400,16000,400,50,0.4076321761560363,0.014583153188503095,0.6256103515625,0.026817729085858097,0.44232862389370087,0.007263286721803922,60,168,0.33960013695911856,0.58599853515625,dense,-1,3.0,0.06803203919691775,0.03961181640625,11.50704949315967,0.0,1.0
A_dense_d50_n16000_K400,16000,400,50,0.40855010091980604,0.014229695387899982,0.5968017578125,0.02630697095051061,0.4609240674671466,0.00785505771252604,70,169,0.33960013695911856,0.58599853515625,dense,-1,3.0,0.06894996396068748,0.01080322265625,11.072907529456145,0.0,1.0
A_dense_d50_n16000_K400,16000,400,50,0.38954577042800786,0.014104104725394247,0.602294921875,0.027811685968949923,0.45039872474424425,0.007440669899308895,63,170,0.33960013695911856,0.58599853515625,dense,-1,3.0,0.049945633468889306,0.01629638671875,12.375838022967777,0.0,1.0
A_dense_d50_n16000_K400,16000,400,50,0.354480548258606,0.014056675204997763,0.583984375,0.0279927768092223,0.41571671336153837,0.006946153329840884,63,171,0.33960013695911856,0.58599853515625,dense,-1,3.0,0.014880411299487417,-0.00201416015625,12.537528855854942,1.0,1.0
A_dense_d50_n16000_K400,16000,400,50,0.37453678570592813,0.014277532688505746,0.5941162109375,0.022850919613719038,0.4321639846868784,0.0071839375273746835,47,172,0.33960013695911856,0.58599853515625,dense,-1,3.0,0.03493664874680957,0.00811767578125,8.35463243508239,0.0,1.0
A_dense_d50_n16000_K400,16000,400,50,0.3748596914386277,0.014391772406995336,0.5850830078125,0.025439414064888612,0.4277839974161622,0.007450302651242012,64,173,0.33960013695911856,0.58599853515625,dense,-1,3.0,0.035259554479509125,-0.00091552734375,10.35462060743764,0.0,1.0
A_dense_d50_n16000_K400,16000,400,50,0.36371050028774365,0.014152900564342905,0.5787353515625,0.02535157883742089,0.42976109838325716,0.007334741519837223,56,174,0.33960013695911856,0.58599853515625,dense,-1,3.0,0.024110363328625095,-0.00726318359375,10.283240792799468,1.0,1.0
A_dense_d50_n16000_K400,16000,400,50,0.38935399487943995,0.01437164153928688,0.5994873046875,0.022479803444982214,0.43662918655352584,0.007497320053170628,46,175,0.33960013695911856,0.58599853515625,dense,-1,3.0,0.04975385792032139,0.01348876953125,8.085465006800549,0.0,1.0
A_dense_d50_n16000_K400,16000,400,50,0.3868156973928903,0.014201035883760186,0.5994873046875,0.02531955429410917,0.45422708439721704,0.00744131859404927,55,176,0.33960013695911856,0.58599853515625,dense,-1,3.0,0.04721556043377173,0.01348876953125,10.257277274437474,0.0,1.0
A_dense_d50_n16000_K400,16000,400,50,0.3943586537542487,0.014335371904375206,0.60595703125,0.027308515909339765,0.44641712367629743,0.007557105008783723,62,177,0.33960013695911856,0.58599853515625,dense,-1,3.0,0.05475851679513016,0.01995849609375,11.932080658730609,0.0,1.0
A_dense_d50_n16000_K400,16000,400,50,0.3818921350776504,0.014324468669792891,0.5921630859375,0.02811408883527074,0.45774406769727066,0.007304460105211145,67,178,0.33960013695911856,0.58599853515625,dense,-1,3.0,0.04229199811853185,0.00616455078125,12.64643185659992,0.0,1.0
A_dense_d50_n16000_K400,16000,400,50,0.3787922131949025,0.014270657074904833,0.5972900390625,0.026634312794868106,0.4289758826264818,0.007282932592687918,64,179,0.33960013695911856,0.58599853515625,dense,-1,3.0,0.03919207623578397,0.01129150390625,11.350185888877999,0.0,1.0
A_dense_d50_n16000_K400,16000,400,50,0.38816911872485826,0.014360492697738451,0.605224609375,0.029018069666463055,0.42267837298542205,0.007480148631359837,64,180,0.33960013695911856,0.58599853515625,dense,-1,3.0,0.048568981765739705,0.01922607421875,13.472773874683254,0.0,1.0
A_dense_d50_n16000_K400,16000,400,50,0.3932577435875368,0.014319510376925165,0.5982666015625,0.026404714592556434,0.4216611243409896,0.007520430274727556,61,181,0.33960013695911856,0.58599853515625,dense,-1,3.0,0.05365760662841823,0.01226806640625,11.155343243429803,0.0,1.0
A_dense_d50_n16000_K400,16000,400,50,0.4079130101545164,0.014436959666825943,0.6051025390625,0.026268641366127714,0.45638673632750004,0.007767865242544235,62,182,0.33960013695911856,0.58599853515625,dense,-1,3.0,0.06831287319539786,0.01910400390625,11.040664307555778,0.0,1.0
A_dense_d50_n16000_K400,16000,400,50,0.38826350436060286,0.014292063207337703,0.58984375,0.029097195075450243,0.46053306886436685,0.007600913301897851,64,183,0.33960013695911856,0.58599853515625,dense,-1,3.0,0.0486633674014843,0.00384521484375,13.546348180140892,0.0,1.0
A_dense_d50_n16000_K400,16000,400,50,0.37966903158660326,0.014438732525409288,0.5867919921875,0.02865692279850886,0.42090077008419385,0.007444896229950088,63,184,0.33960013695911856,0.58599853515625,dense,-1,3.0,0.0400688946274847,0.00079345703125,13.139507588475151,0.0,1.0
A_dense_d50_n16000_K400,16000,400,50,0.352741554368672,0.013912062888993503,0.5765380859375,0.03126359694040342,0.43520310396338835,0.0073355709809440825,73,185,0.33960013695911856,0.58599853515625,dense,-1,3.0,0.013141417409553435,-0.00946044921875,15.638599898432034,1.0,1.0
A_dense_d50_n16000_K400,16000,400,50,0.3926803125359646,0.014382565654172074,0.592041015625,0.025461922019777924,0.4486978349934365,0.0076625939258155185,62,186,0.33960013695911856,0.58599853515625,dense,-1,3.0,0.05308017557684602,0.00604248046875,10.372951567060031,0.0,1.0
A_dense_d50_n16000_K400,16000,400,50,0.3786219893310542,0.014318238300273003,0.59814453125,0.021665158427071673,0.4407697178358044,0.0072766151006843464,43,187,0.33960013695911856,0.58599853515625,dense,-1,3.0,0.03902185237193562,0.01214599609375,7.510065434721835,0.0,1.0
A_dense_d50_n16000_K400,16000,400,50,0.391424609237993,0.014062047347273439,0.5894775390625,0.025109292103661092,0.4328412311200297,0.007571392888076403,62,188,0.33960013695911856,0.58599853515625,dense,-1,3.0,0.051824472278874434,0.00347900390625,10.087624799151635,0.0,1.0
A_dense_d50_n16000_K400,16000,400,50,0.38645244347376473,0.014401655992996767,0.60302734375,0.02510325841833149,0.4334778554352505,0.0072926540081706005,55,189,0.33960013695911856,0.58599853515625,dense,-1,3.0,0.04685230651464617,0.01702880859375,10.082777331480493,0.0,1.0
A_dense_d50_n16000_K400,16000,400,50,0.4000287391295875,0.01443389998785233,0.595703125,0.026350541994292268,0.43553686038133704,0.007680999696934975,62,190,0.33960013695911856,0.58599853515625,dense,-1,3.0,0.060428602170468915,0.00970458984375,11.109617014287366,0.0,1.0
A_dense_d50_n16000_K400,16000,400,50,0.3740048482003852,0.014235121607527892,0.586181640625,0.025487661658755333,0.41934494661716787,0.0074692790537266105,62,191,0.33960013695911856,0.58599853515625,dense,-1,3.0,0.03440471124126665,0.00018310546875,10.393934349298986,0.0,1.0
A_dense_d50_n16000_K400,16000,400,50,0.36724498507751213,0.014243807498741455,0.5830078125,0.02709159934665715,0.4390372186005676,0.007381947950506898,63,192,0.33960013695911856,0.58599853515625,dense,-1,3.0,0.027644848118393572,-0.00299072265625,11.743276082556704,1.0,1.0
A_dense_d50_n16000_K400,16000,400,50,0.4084248146499482,0.014373961717394397,0.5999755859375,0.0263082527388561,0.43691646935868284,0.007822488252559774,69,193,0.33960013695911856,0.58599853515625,dense,-1,3.0,0.06882467769082962,0.01397705078125,11.07398659474447,0.0,1.0
A_dense_d50_n16000_K400,16000,400,50,0.36864183911391724,0.014247170505915863,0.5850830078125,0.02850436445693041,0.45151743835446223,0.007225413013647233,60,194,0.33960013695911856,0.58599853515625,dense,-1,3.0,0.029041702154798676,-0.00091552734375,12.999980689496285,0.0,1.0
A_dense_d50_n16000_K400,16000,400,50,0.381455189769619,0.014341179943632203,0.5870361328125,0.027946325042401188,0.443729322883146,0.007397529499307731,67,195,0.33960013695911856,0.58599853515625,dense,-1,3.0,0.04185505281050045,0.00103759765625,12.495953334008636,0.0,1.0
A_dense_d50_n16000_K400,16000,400,50,0.42694820078151585,0.014807505748676899,0.6319580078125,0.025516997906775137,0.46993595196129007,0.007568687220268563,53,196,0.33960013695911856,0.58599853515625,dense,-1,3.0,0.08734806382239729,0.04595947265625,10.417874914789868,0.0,1.0
A_dense_d50_n16000_K400,16000,400,50,0.3823964842243215,0.01442430161938487,0.6043701171875,0.027444949553218776,0.45085542713256854,0.007194240354880952,60,197,0.33960013695911856,0.58599853515625,dense,-1,3.0,0.04279634726520293,0.01837158203125,12.051604095659576,0.0,1.0
A_dense_d50_n16000_K400,16000,400,50,0.3833584678218427,0.014226421977713438,0.5985107421875,0.025644411889332166,0.44049256228737776,0.007421220725697457,60,198,0.33960013695911856,0.58599853515625,dense,-1,3.0,0.043758330862724126,0.01251220703125,10.522173778395535,0.0,1.0
A_dense_d50_n16000_K400,16000,400,50,0.39282742830769735,0.013974167961065317,0.578369140625,0.027163464895547464,0.48059557769889827,0.007835171188887678,73,199,0.33960013695911856,0.58599853515625,dense,-1,3.0,0.05322729134857879,-0.00762939453125,11.805661202106231,0.0,1.0
