cell,rep,W_true,V_true,h_rmse,W_hat,V_hat,W_se,eps_band,n_band,V_se,W_loo,p_min,V_hat_dev,V_hat_cover,W_hat_dev,W_hat_cover,W_loo_dev,W_loo_cover
baseline,0,0.33960013695911856,0.58599853515625,0.6022398978331529,0.3538684245163531,0.5262451171875,0.024902600860724003,0.008467066589182918,73,0.035944623412756505,0.2648195068482851,0.21743332764070442,-0.05975341796875,1.0,0.014268287557234527,1.0,-0.07478063011083347,0.0
baseline,1,0.33960013695911856,0.58599853515625,0.5905844102153672,0.4224994950628175,0.5885009765625,0.028680366415215066,0.008330309652880945,63,0.03394124099398755,0.3381161027859481,0.2282041897997758,0.00250244140625,1.0,0.08289935810369892,0.0,-0.0014840341731704454,1.0
baseline,2,0.33960013695911856,0.58599853515625,0.6056713334527287,0.398534126156481,0.56884765625,0.02708295008330742,0.008085926630595978,55,0.03331114500452246,0.3125117220918815,0.19490181587854297,-0.01715087890625,1.0,0.058933989197362424,0.0,-0.027088414867237065,1.0
baseline,3,0.33960013695911856,0.58599853515625,0.6044230326192603,0.41438530446848054,0.56689453125,0.02741349631584423,0.008683969741738486,61,0.032418047362175934,0.3363177966038633,0.21605389955698148,-0.01910400390625,1.0,0.07478516750936198,0.0,-0.0032823403552552644,1.0
baseline,4,0.33960013695911856,0.58599853515625,0.5723297042819486,0.42485730452209364,0.5594482421875,0.028112896409874643,0.008794480560066457,66,0.03579136475385812,0.3438654294819166,0.25084020796822976,-0.02655029296875,1.0,0.08525716756297508,0.0,0.004265292522798059,1.0
baseline,5,0.33960013695911856,0.58599853515625,0.5871465600318979,0.3960243137367135,0.574951171875,0.02769187278140252,0.008069599013156995,63,0.03662668954562044,0.3112913779529871,0.22157331003233363,-0.01104736328125,1.0,0.056424176777594925,0.0,-0.028308759006131445,1.0
baseline,6,0.33960013695911856,0.58599853515625,0.571794263141202,0.4021120181936728,0.569580078125,0.02747649761575886,0.008280203997726793,56,0.03568209876673558,0.3177895491629647,0.23206790651082934,-0.01641845703125,1.0,0.06251188123455426,0.0,-0.021810587796153857,1.0
baseline,7,0.33960013695911856,0.58599853515625,0.6260938492071585,0.41917399394899973,0.57958984375,0.026856229153053492,0.008398279864436895,72,0.03501615395517986,0.33451771239498573,0.2216191176535846,-0.00640869140625,1.0,0.07957385698988118,0.0,-0.005082424564132826,1.0
baseline,8,0.33960013695911856,0.58599853515625,0.5499030399164226,0.4071188741184103,0.56689453125,0.027634644877451216,0.008448797434769876,64,0.035010321137541295,0.3180345914654375,0.21084415490777375,-0.01910400390625,1.0,0.06751873715929174,0.0,-0.02156554549368106,1.0
baseline,9,0.33960013695911856,0.58599853515625,0.6218882562883656,0.39984460741162486,0.5853271484375,0.027847210901537148,0.007960774180052957,71,0.041967631735337456,0.3085463644565598,0.20448153365885058,-0.00067138671875,1.0,0.060244470452506305,0.0,-0.031053772502558752,1.0
baseline,10,0.33960013695911856,0.58599853515625,0.6096894708421523,0.433501515265697,0.578125,0.0277509111482021,0.00880686409335859,68,0.03527567973119278,0.35037301400599546,0.22243125230639316,-0.00787353515625,1.0,0.09390137830657846,0.0,0.010772877046876905,1.0
baseline,11,0.33960013695911856,0.58599853515625,0.5961337639518238,0.41782032361831867,0.6162109375,0.029212429037736135,0.007619768795780588,61,0.040114498511923134,0.3282271574964394,0.2256342772568055,0.03021240234375,1.0,0.07822018665920011,0.0,-0.011372979462679178,1.0
baseline,12,0.33960013695911856,0.58599853515625,0.5628080465967324,0.42863627260678905,0.591064453125,0.027996409497470537,0.008289575358096515,64,0.040087563844700816,0.33747097892630334,0.23345880618774392,0.00506591796875,1.0,0.08903613564767049,0.0,-0.002129158032815215,1.0
baseline,13,0.33960013695911856,0.58599853515625,0.6244772627005161,0.4855197023657301,0.6328125,0.028525731838605,0.008363633469670947,67,0.038353159452741176,0.4040354922302335,0.215383431786742,0.04681396484375,1.0,0.14591956540661155,0.0,0.06443535527111494,0.0
baseline,14,0.33960013695911856,0.58599853515625,0.6186996558550671,0.4098421797381361,0.576904296875,0.028004260372511927,0.00828856374866963,63,0.03653760887134107,0.32234944055446435,0.20872506960561327,-0.00909423828125,1.0,0.07024204277901752,0.0,-0.01725069640465421,1.0
baseline,15,0.33960013695911856,0.58599853515625,0.5987497664027325,0.4307972440204508,0.59765625,0.027531534125399045,0.00834466779980102,66,0.03426447234549207,0.3511503694100392,0.21176333971755665,0.01165771484375,1.0,0.09119710706133222,0.0,0.011550232450920628,1.0
baseline,16,0.33960013695911856,0.58599853515625,0.5913301099141192,0.4098578368298038,0.5609130859375,0.026424209371429058,0.008674948023910434,61,0.03426257503497448,0.3251049576841698,0.21192888974227972,-0.02508544921875,1.0,0.07025769987068525,0.0,-0.014495179274948755,1.0
baseline,17,0.33960013695911856,0.58599853515625,0.6248011140534868,0.39657183950143815,0.5633544921875,0.02732978463473079,0.008329317761365373,77,0.04342203705881328,0.3068551838592445,0.21342641608422808,-0.02264404296875,1.0,0.05697170254231959,0.0,-0.032744953099874075,1.0
baseline,18,0.33960013695911856,0.58599853515625,0.5959239484562722,0.44032482929887284,0.62060546875,0.028481414085939613,0.007889537231572761,69,0.04100208673897536,0.3512122186147825,0.22996696239070635,0.03460693359375,1.0,0.10072469233975428,0.0,0.011612081655663964,1.0
baseline,19,0.33960013695911856,0.58599853515625,0.62881260582334,0.4612317089388296,0.5787353515625,0.02766324246670902,0.00920044651557147,54,0.027749892600505713,0.38442640894103414,0.2190058208465768,-0.00726318359375,1.0,0.12163157197971103,0.0,0.04482627198191558,1.0
baseline,20,0.33960013695911856,0.58599853515625,0.5864751121219177,0.4414810782147246,0.5941162109375,0.028183033738010142,0.008507867593815806,61,0.03436050029111642,0.3639373259695453,0.21528094143360332,0.00811767578125,1.0,0.10188094125560604,0.0,0.024337189010426752,1.0
baseline,21,0.33960013695911856,0.58599853515625,0.595286050702602,0.46008123744145435,0.6031494140625,0.027567478690274223,0.008715441331803105,59,0.03337531452643516,0.3859139495087919,0.25765100910233535,0.01715087890625,1.0,0.12048110048233579,0.0,0.04631381254967332,1.0
baseline,22,0.33960013695911856,0.58599853515625,0.6504143503619805,0.462317734723121,0.601806640625,0.02774541322381033,0.008710798838319527,58,0.031779327440459845,0.3828725152311727,0.2348694790045483,0.01580810546875,1.0,0.12271759776400243,0.0,0.04327237827205416,1.0
baseline,23,0.33960013695911856,0.58599853515625,0.5584367139982919,0.39374699755742903,0.5479736328125,0.026755273947243346,0.008550709204722073,69,0.03809561740010836,0.31100602635368313,0.20322055157541427,-0.03802490234375,1.0,0.054146860598310476,0.0,-0.02859411060543543,1.0
baseline,24,0.33960013695911856,0.58599853515625,0.6063951053193518,0.43235602425608854,0.592041015625,0.028925514249534285,0.008270292239197886,61,0.034779071760582564,0.34750441380462554,0.2013731063969335,0.00604248046875,1.0,0.09275588729696999,0.0,0.007904276845506986,1.0
baseline,25,0.33960013695911856,0.58599853515625,0.5455070765400337,0.3930850114618709,0.6014404296875,0.02860824347776844,0.007456094769589082,71,0.04524211723321852,0.29695909448005403,0.22123604671511227,0.01544189453125,1.0,0.053484874502752355,1.0,-0.04264104247906453,1.0
baseline,26,0.33960013695911856,0.58599853515625,0.6098754955396547,0.4278382170613416,0.5804443359375,0.0273797809283392,0.00841539790197565,63,0.03504552245921088,0.3389723396568055,0.22237937066781469,-0.00555419921875,1.0,0.08823808010222306,0.0,-0.000627797302313049,1.0
baseline,27,0.33960013695911856,0.58599853515625,0.612754344811876,0.45979192031050964,0.5797119140625,0.027963219170623554,0.008989127014700359,62,0.03272565907058428,0.3759243504733113,0.2276654002966751,-0.00628662109375,1.0,0.12019178335139108,0.0,0.03632421351419274,1.0
baseline,28,0.33960013695911856,0.58599853515625,0.5829619784373614,0.4312240160415162,0.6029052734375,0.02889829327140083,0.008053055885814751,77,0.04172504967369404,0.3384311648885841,0.24749063733219212,0.01690673828125,1.0,0.09162387908239766,0.0,-0.0011689720705344575,1.0
baseline,29,0.33960013695911856,0.58599853515625,0.5819162332639313,0.4071419010132421,0.557861328125,0.027277224988282053,0.008645350020657272,58,0.031083701323299587,0.3291778295539438,0.17099276581216039,-0.02813720703125,1.0,0.06754176405412354,0.0,-0.010422307405174747,1.0
baseline,30,0.33960013695911856,0.58599853515625,0.5828082348620203,0.4362344107649599,0.5823974609375,0.027317057241462207,0.008497358330617323,65,0.035948921549112424,0.3496639913717998,0.22394404010522018,-0.00360107421875,1.0,0.09663427380584133,0.0,0.010063854412681261,1.0
baseline,31,0.33960013695911856,0.58599853515625,0.6627276138921658,0.4546584667582449,0.5938720703125,0.02694168291869655,0.008820435140071758,70,0.03418792296671931,0.37546824232665466,0.21649066171257286,0.00787353515625,1.0,0.11505832979912634,0.0,0.035868105367536096,1.0
baseline,32,0.33960013695911856,0.58599853515625,0.6583792954464199,0.4412230715374015,0.5687255859375,0.02762250669674961,0.009079378586469821,56,0.031104071184081167,0.36363923455478603,0.23864002535076975,-0.01727294921875,1.0,0.10162293457828292,0.0,0.02403909759566747,1.0
baseline,33,0.33960013695911856,0.58599853515625,0.5330860874892158,0.37509377643259756,0.590576171875,0.028489973386801606,0.007299903533651209,60,0.03839218903358059,0.28143486707127874,0.19775395487247574,0.00457763671875,1.0,0.035493639473479,1.0,-0.05816526988783982,0.0
baseline,34,0.33960013695911856,0.58599853515625,0.5805816379234444,0.42438806812049024,0.6121826171875,0.027898524091856947,0.007631779080684226,68,0.041087533793167326,0.33154989265619583,0.19687749210729769,0.02618408203125,1.0,0.08478793116137168,0.0,-0.008050244302922727,1.0
baseline,35,0.33960013695911856,0.58599853515625,0.5819581447030956,0.4133129504454519,0.5906982421875,0.02750628525025771,0.007932150067504026,79,0.04277857501274953,0.3163804953225836,0.1995797655223716,0.00469970703125,1.0,0.07371281348633335,0.0,-0.02321964163653495,1.0
baseline,36,0.33960013695911856,0.58599853515625,0.561388213640956,0.44929224256472156,0.6260986328125,0.02843488465839642,0.007739506543837819,68,0.04081611227238636,0.3615434526324442,0.22006636040356028,0.04010009765625,1.0,0.109692105605603,0.0,0.021943315673325636,1.0
baseline,37,0.33960013695911856,0.58599853515625,0.6370985744159532,0.4955147813788077,0.5809326171875,0.028467532497273285,0.00977075461805578,85,0.03842234376024179,0.4146215820074441,0.23549436441351843,-0.00506591796875,1.0,0.15591464441968916,0.0,0.07502144504832553,0.0
baseline,38,0.33960013695911856,0.58599853515625,0.6287152880178982,0.4758182545481341,0.605224609375,0.028741045073478366,0.008853035585056401,78,0.03924361506656621,0.39267852296365363,0.22451374367985566,0.01922607421875,1.0,0.13621811758901553,0.0,0.05307838600453507,1.0
baseline,39,0.33960013695911856,0.58599853515625,0.5941633003473199,0.47562991254753006,0.6202392578125,0.028647063087814038,0.008286138742498018,61,0.03518175750090675,0.39607883884090417,0.2083005183343683,0.03424072265625,1.0,0.1360297755884115,0.0,0.05647870188178561,0.0
baseline,40,0.33960013695911856,0.58599853515625,0.6256125893476603,0.42300883399826905,0.58935546875,0.028098220035258352,0.008154413720280411,69,0.043669096352654396,0.3315375181452473,0.21735840641054321,0.00335693359375,1.0,0.08340869703915049,0.0,-0.00806261881387127,1.0
baseline,41,0.33960013695911856,0.58599853515625,0.6365702579140836,0.4289543542824862,0.57373046875,0.027745024431660076,0.008681034375989776,69,0.035900306493125506,0.3410589506650019,0.18651714589703702,-0.01226806640625,1.0,0.08935421732336762,0.0,0.001458813705883355,1.0
baseline,42,0.33960013695911856,0.58599853515625,0.5943949429380534,0.3801431610804902,0.562744140625,0.02696408147709577,0.008196840682982872,65,0.03759332724571677,0.2913666362639966,0.2248887610145998,-0.02325439453125,1.0,0.04054302412137162,1.0,-0.048233500695121945,1.0
baseline,43,0.33960013695911856,0.58599853515625,0.6319267791148208,0.46448193763285095,0.5838623046875,0.027645265474924324,0.009248938462267375,60,0.03045075269582484,0.3918390149884776,0.22466659334953398,-0.00213623046875,1.0,0.12488180067373239,0.0,0.05223887802935906,1.0
baseline,44,0.33960013695911856,0.58599853515625,0.6201094761920791,0.4015265215115777,0.572265625,0.026914546523265817,0.008096593729537064,68,0.039861895176274725,0.30857555389313274,0.23542883184749602,-0.01373291015625,1.0,0.061926384552459135,0.0,-0.031024583065985822,1.0
baseline,45,0.33960013695911856,0.58599853515625,0.639915239345051,0.4031913059802009,0.5762939453125,0.027852525827956942,0.008468338886979988,64,0.03906760979484566,0.3169883054180759,0.23312002316587857,-0.00970458984375,1.0,0.06359116902108236,0.0,-0.022611831541042682,1.0
baseline,46,0.33960013695911856,0.58599853515625,0.6056116657824175,0.40519195486513204,0.576416015625,0.02817466295181658,0.008024218139821135,65,0.03928312563781189,0.31729539560279507,0.21884997825344035,-0.00958251953125,1.0,0.06559181790601348,0.0,-0.022304741356323488,1.0
baseline,47,0.33960013695911856,0.58599853515625,0.6156585529747182,0.42411813318802166,0.5782470703125,0.027745693103633267,0.008482778425543958,64,0.03775233884811566,0.33548496124059496,0.19848214776322262,-0.00775146484375,1.0,0.0845179962289031,0.0,-0.0041151757185236,1.0
baseline,48,0.33960013695911856,0.58599853515625,0.5758530267710313,0.4434624187266267,0.6005859375,0.02907940604008401,0.008308501422718287,54,0.03419283639668236,0.3623321781542889,0.20378723235757737,0.01458740234375,1.0,0.10386228176750811,0.0,0.02273204119517036,1.0
baseline,49,0.33960013695911856,0.58599853515625,0.5632734549964722,0.42965777143816075,0.5908203125,0.027792782827058337,0.00819678505726337,65,0.034372371359039,0.34347597272343444,0.23096156449734637,0.00482177734375,1.0,0.09005763447904219,0.0,0.0038758357643158825,1.0
baseline,50,0.33960013695911856,0.58599853515625,0.5729771438246406,0.39254327046783866,0.5557861328125,0.027080684547966652,0.008310712958478779,63,0.03420886846247423,0.304500207848343,0.22468645869003975,-0.03021240234375,1.0,0.0529431335087201,1.0,-0.035099929110775585,1.0
baseline,51,0.33960013695911856,0.58599853515625,0.5953029967905595,0.4551469604262266,0.6005859375,0.02747636958843767,0.008582018560662206,67,0.035353455795742075,0.3714215960037704,0.25852747680256266,0.01458740234375,1.0,0.11554682346710804,0.0,0.031821459044651834,1.0
baseline,52,0.33960013695911856,0.58599853515625,0.5598796934266924,0.42022615584106204,0.57177734375,0.027962946300065475,0.008419419045875577,67,0.03940103161309822,0.33498031146502205,0.2061966194283679,-0.01422119140625,1.0,0.08062601888194348,0.0,-0.004619825494096508,1.0
baseline,53,0.33960013695911856,0.58599853515625,0.6274777503430873,0.4257730447733857,0.57421875,0.027112215325147123,0.008449853687824135,75,0.03826483866612259,0.3435113239645998,0.2122605813970798,-0.01177978515625,1.0,0.08617290781426712,0.0,0.003911187005481265,1.0
baseline,54,0.33960013695911856,0.58599853515625,0.5947014277733057,0.3574527766661573,0.53466796875,0.026248467624315645,0.008148042338704326,66,0.03835844197327043,0.2667905254139008,0.2110302496837109,-0.05133056640625,1.0,0.017852639707038764,1.0,-0.07280961154521776,0.0
baseline,55,0.33960013695911856,0.58599853515625,0.5926371535088689,0.401779324979819,0.5655517578125,0.027204713656590645,0.008154539921048063,52,0.029581629357861863,0.31824079763393937,0.20240075265879848,-0.02044677734375,1.0,0.06217918802070044,0.0,-0.021359339325179194,1.0
baseline,56,0.33960013695911856,0.58599853515625,0.5965493611246001,0.4438623832113252,0.60205078125,0.02886563037383127,0.008359026266745421,66,0.03768694859216864,0.35513523983335427,0.1963121323263536,0.01605224609375,1.0,0.10426224625220665,0.0,0.015535102874235707,1.0
baseline,57,0.33960013695911856,0.58599853515625,0.619285340692069,0.429652435167888,0.57275390625,0.026187440652517997,0.008775639944280246,67,0.03649832718915007,0.3531574506538502,0.2216741983391643,-0.01324462890625,1.0,0.09005229820876942,0.0,0.01355731369473162,1.0
baseline,58,0.33960013695911856,0.58599853515625,0.6705745900472975,0.43885591420147474,0.5523681640625,0.0268783853405895,0.009277166191932959,69,0.031192193242899277,0.3599547759582506,0.21537667956396087,-0.03363037109375,1.0,0.09925577724235618,0.0,0.020354638999132035,1.0
baseline,59,0.33960013695911856,0.58599853515625,0.5531040136331722,0.3821166785615766,0.5587158203125,0.026718996899969465,0.007894597164598217,51,0.03286943583297133,0.2912171760032296,0.19853121356417724,-0.02728271484375,1.0,0.04251654160245805,1.0,-0.048382960955888954,1.0
baseline,60,0.33960013695911856,0.58599853515625,0.6151593998388798,0.3877789795552387,0.5584716796875,0.026807807053043087,0.008462391519366516,63,0.037225942384225025,0.30197455613090357,0.24774515189599988,-0.02752685546875,1.0,0.04817884259612015,1.0,-0.03762558082821499,1.0
baseline,61,0.33960013695911856,0.58599853515625,0.563446531275414,0.42584559571807223,0.59423828125,0.028488317743814957,0.008216564232796328,54,0.034333482482206724,0.33721286733658806,0.24793574110231922,0.00823974609375,1.0,0.08624545875895367,0.0,-0.002387269622530497,1.0
baseline,62,0.33960013695911856,0.58599853515625,0.6207588569340772,0.44762031157367366,0.602294921875,0.028092629967950245,0.008541292191101169,59,0.03601881958653112,0.36660446112676537,0.21517913420178889,0.01629638671875,1.0,0.1080201746145551,0.0,0.02700432416764681,1.0
baseline,63,0.33960013695911856,0.58599853515625,0.5735472362188768,0.3855670865241799,0.568115234375,0.02744950680094131,0.007819818573447103,74,0.044436351260577454,0.2955060681698606,0.20408304492292173,-0.01788330078125,1.0,0.045966949565061366,1.0,-0.04409406878925798,1.0
baseline,64,0.33960013695911856,0.58599853515625,0.5809945491730462,0.3887444046844637,0.55712890625,0.027200362753334303,0.008322930712646668,57,0.033865116341354015,0.30316449888355934,0.1990134076844011,-0.02886962890625,1.0,0.04914426772534514,1.0,-0.03643563807555922,1.0
baseline,65,0.33960013695911856,0.58599853515625,0.6074453481419627,0.3942071806208529,0.5452880859375,0.026439571088009796,0.008751499555689464,55,0.031163781699573817,0.31289766669249486,0.20225613837118564,-0.04071044921875,1.0,0.054607043661734356,0.0,-0.0267024702666237,1.0
baseline,66,0.33960013695911856,0.58599853515625,0.5957180851860002,0.41672530461120894,0.5750732421875,0.02762375028440492,0.0083734249110509,65,0.03964912520944109,0.3330303390609213,0.2180513132514795,-0.01092529296875,1.0,0.07712516765209038,0.0,-0.006569797898197283,1.0
baseline,67,0.33960013695911856,0.58599853515625,0.5936932347392049,0.43034347418042895,0.586669921875,0.02738934618552645,0.008426429585535255,63,0.035469353276072285,0.3509426566887046,0.19876929447619499,0.00067138671875,1.0,0.0907433372213104,0.0,0.011342519729586054,1.0
baseline,68,0.33960013695911856,0.58599853515625,0.6298901581160914,0.4571810896887772,0.6055908203125,0.029524837879697702,0.008569253994392562,66,0.0366204797431082,0.37370235944958385,0.21309058964467717,0.01959228515625,1.0,0.11758095272965863,0.0,0.034102222490465295,1.0
baseline,69,0.33960013695911856,0.58599853515625,0.5795751650493842,0.3864631588758918,0.547119140625,0.026160987850513077,0.008271683321104282,64,0.03705095558243794,0.2945837094843337,0.19153404984153624,-0.03887939453125,1.0,0.04686302191677322,1.0,-0.04501642747478485,1.0
baseline,70,0.33960013695911856,0.58599853515625,0.5807534159256179,0.4408237226956233,0.603271484375,0.028219171674048294,0.00811993326907313,60,0.03704484461200398,0.36290525031991383,0.2151066508060516,0.01727294921875,1.0,0.10122358573650475,0.0,0.02330511336079527,1.0
baseline,71,0.33960013695911856,0.58599853515625,0.6497863161275035,0.42719915092268673,0.5548095703125,0.027342841797456784,0.009046746563875569,57,0.031529319102691016,0.35745941104839984,0.23875225665684374,-0.03118896484375,1.0,0.08759901396356817,0.0,0.017859274089281285,1.0
baseline,72,0.33960013695911856,0.58599853515625,0.628477455892246,0.40031615660540765,0.572021484375,0.026854558149437407,0.008411154949439111,67,0.039419306471603535,0.3147558905256454,0.2090705606927484,-0.01397705078125,1.0,0.06071601964628909,0.0,-0.02484424643347316,1.0
baseline,73,0.33960013695911856,0.58599853515625,0.6218071791977826,0.405695326535793,0.5955810546875,0.028290032460317156,0.007700917335170271,56,0.03561373931324467,0.31741190211310205,0.22237582661343427,0.00958251953125,1.0,0.06609518957667443,0.0,-0.022188234846016508,1.0
baseline,74,0.33960013695911856,0.58599853515625,0.5476092190667956,0.45045683522587254,0.613525390625,0.028736488610064434,0.00810160377285514,69,0.038973956032152555,0.36101526407771506,0.2395995120970541,0.02752685546875,1.0,0.11085669826675398,0.0,0.0214151271185965,1.0
baseline,75,0.33960013695911856,0.58599853515625,0.5521715264003457,0.42303002287097574,0.5816650390625,0.02877524884844669,0.008180078926753539,76,0.041119927538467084,0.3341639592768555,0.248697502180589,-0.00433349609375,1.0,0.08342988591185718,0.0,-0.005436177682263066,1.0
baseline,76,0.33960013695911856,0.58599853515625,0.593226261209039,0.4077083607800093,0.567626953125,0.028042729041100337,0.008262092773590577,66,0.03763932772805552,0.3226592509920828,0.21715368193519455,-0.01837158203125,1.0,0.06810822382089077,0.0,-0.016940885967035746,1.0
baseline,77,0.33960013695911856,0.58599853515625,0.6479974703337056,0.41597612310243076,0.5543212890625,0.026130696126755216,0.008847649180019412,69,0.035764557354955394,0.33601486355913823,0.22539246668439183,-0.03167724609375,1.0,0.0763759861433122,0.0,-0.0035852733999803266,1.0
baseline,78,0.33960013695911856,0.58599853515625,0.573578013874885,0.4143622371274299,0.5777587890625,0.02823864974042153,0.008190929073573012,61,0.03850025463367961,0.3252479448603962,0.20773946690152417,-0.00823974609375,1.0,0.07476210016831136,0.0,-0.01435219209872235,1.0
baseline,79,0.33960013695911856,0.58599853515625,0.6563408938161857,0.43750216363774186,0.59423828125,0.027666035126289377,0.00836590586347347,59,0.035110096976422873,0.3511993364458031,0.23403424674619577,0.00823974609375,1.0,0.0979020266786233,0.0,0.01159919948668453,1.0
baseline,80,0.33960013695911856,0.58599853515625,0.5778615537440634,0.4179015146617027,0.5966796875,0.0282348227302739,0.007894092121542951,90,0.048029563617066694,0.3131827917307688,0.19905351332106744,0.01068115234375,1.0,0.07830137770258416,0.0,-0.026417345228349765,1.0
baseline,81,0.33960013695911856,0.58599853515625,0.57987253717478,0.43433032524401605,0.58203125,0.027986963970939933,0.008532968101828227,60,0.03536031212022804,0.34831437319255476,0.19867936482431214,-0.00396728515625,1.0,0.09473018828489749,0.0,0.008714236233436201,1.0
baseline,82,0.33960013695911856,0.58599853515625,0.5567344139231456,0.36396357814771235,0.5274658203125,0.027251899617658507,0.00848765071548965,62,0.03576162214881573,0.2762551058328927,0.22419243299044173,-0.05853271484375,1.0,0.024363441188593793,1.0,-0.06334503112622586,0.0
baseline,83,0.33960013695911856,0.58599853515625,0.5837337811708309,0.41555468163008835,0.5704345703125,0.027436080208629504,0.00856158691898816,62,0.03509003107945242,0.3344732039651473,0.23027044498270802,-0.01556396484375,1.0,0.07595454467096979,0.0,-0.005126932993971267,1.0
baseline,84,0.33960013695911856,0.58599853515625,0.5965564027318278,0.48806303826760356,0.62890625,0.029285282812942008,0.008422650117092709,61,0.033002393227011165,0.4001570804761726,0.2291305307834558,0.04290771484375,1.0,0.148462901308485,0.0,0.06055694351705404,0.0
baseline,85,0.33960013695911856,0.58599853515625,0.5840391609736518,0.36406860922418605,0.5540771484375,0.027017252789105314,0.00788628758487993,60,0.03788941130422247,0.27284677305411664,0.23264683509647466,-0.03192138671875,1.0,0.024468472265067487,1.0,-0.06675336390500192,0.0
baseline,86,0.33960013695911856,0.58599853515625,0.5933611761867296,0.40265258225195344,0.578857421875,0.02802259347178262,0.008005945556249098,67,0.03965892210162549,0.3195868615625218,0.21888990599690233,-0.00714111328125,1.0,0.06305244529283488,0.0,-0.020013275396596752,1.0
baseline,87,0.33960013695911856,0.58599853515625,0.579724320078276,0.43722924845574695,0.5997314453125,0.027882679252858755,0.008213902352898208,63,0.035619980722388554,0.350152224964173,0.21508579764110175,0.01373291015625,1.0,0.0976291114966284,0.0,0.010552088005054416,1.0
baseline,88,0.33960013695911856,0.58599853515625,0.5528990518529124,0.39975128250292197,0.560546875,0.02612235388073761,0.008306225945659386,52,0.03318251395586485,0.32200089633366796,0.2258747409993788,-0.02545166015625,1.0,0.06015114554380341,0.0,-0.017599240625450596,1.0
baseline,89,0.33960013695911856,0.58599853515625,0.6389511514095002,0.43690935366280215,0.576904296875,0.028120211237365376,0.008716268773049445,67,0.03640511710415171,0.35562029644795273,0.22291065523752174,-0.00909423828125,1.0,0.09730921670368359,0.0,0.016020159488834174,1.0
baseline,90,0.33960013695911856,0.58599853515625,0.6094567494162366,0.45134817389600046,0.603759765625,0.02790494385006122,0.008364889237483516,68,0.03913394792281147,0.3673613693519945,0.1951553069233193,0.01776123046875,1.0,0.1117480369368819,0.0,0.027761232392875923,1.0
baseline,91,0.33960013695911856,0.58599853515625,0.5852348022113356,0.39247411292180145,0.55712890625,0.026289549044489584,0.008387080077997487,74,0.039150512083009396,0.3080014732767362,0.21402924728990905,-0.02886962890625,1.0,0.052873975962682895,0.0,-0.031598663682382344,1.0
baseline,92,0.33960013695911856,0.58599853515625,0.5401988542185003,0.39080423062406533,0.5802001953125,0.02825129559539426,0.007885644121125402,64,0.039706497979285965,0.3022717251942345,0.23502119320816303,-0.00579833984375,1.0,0.05120409366494677,1.0,-0.03732841176488405,1.0
baseline,93,0.33960013695911856,0.58599853515625,0.6024732391274726,0.39356540730110445,0.5687255859375,0.028313264451613963,0.00828549399515251,82,0.043912815071120895,0.29641345362325494,0.21944163633613256,-0.01727294921875,1.0,0.053965270341985894,1.0,-0.04318668333586362,1.0
baseline,94,0.33960013695911856,0.58599853515625,0.603872536771481,0.3857924321984235,0.5572509765625,0.027788559543632425,0.008269918104130495,67,0.036483059385273624,0.2967210391697651,0.23141861971208014,-0.02874755859375,1.0,0.04619229523930496,1.0,-0.04287909778935345,1.0
baseline,95,0.33960013695911856,0.58599853515625,0.595732196084739,0.44245368441739363,0.583984375,0.027445577068130344,0.008726756683606845,76,0.03754090155510798,0.3575746290462556,0.21666309839517797,-0.00201416015625,1.0,0.10285354745827507,0.0,0.01797449208713703,1.0
baseline,96,0.33960013695911856,0.58599853515625,0.5788780117933136,0.44739827441059965,0.6007080078125,0.02803866078707015,0.008510038208873482,59,0.03428714023840689,0.3597453627400614,0.22433388099945578,0.01470947265625,1.0,0.10779813745148109,0.0,0.020145225780942855,1.0
baseline,97,0.33960013695911856,0.58599853515625,0.5890017985861085,0.4295575866198216,0.588134765625,0.02809879003375965,0.008412821779314482,66,0.03880142137563065,0.34857391500712476,0.2141894271251829,0.00213623046875,1.0,0.08995744966070301,0.0,0.008973778048006198,1.0
baseline,98,0.33960013695911856,0.58599853515625,0.5402292194310461,0.4186055905892483,0.5859375,0.027490195804011356,0.00802739597315769,66,0.03605029399670022,0.3310351168831097,0.20537645820713568,-6.103515625e-05,1.0,0.07900545363012973,0.0,-0.008565020076008845,1.0
baseline,99,0.33960013695911856,0.58599853515625,0.5852955019491743,0.4304497709693782,0.5875244140625,0.028453939090622906,0.008406605878113458,53,0.031050007127861812,0.3538262440282209,0.2212566560771807,0.00152587890625,1.0,0.09084963401025964,0.0,0.014226107069102323,1.0
baseline,100,0.33960013695911856,0.58599853515625,0.6018104213519099,0.4129785395805029,0.565185546875,0.02775109348636488,0.008522749568763133,63,0.037238981718275145,0.31989681153576977,0.2041847959163651,-0.02081298828125,1.0,0.07337840262138434,0.0,-0.019703325423348794,1.0
baseline,101,0.33960013695911856,0.58599853515625,0.622706021194825,0.44226859131181484,0.5655517578125,0.027635660311466588,0.009173129696009849,58,0.02917123269487443,0.3600182555047061,0.21774281953846672,-0.02044677734375,1.0,0.10266845435269628,0.0,0.02041811854558756,1.0
baseline,102,0.33960013695911856,0.58599853515625,0.586281867038892,0.4215778654024604,0.5787353515625,0.027472321314238015,0.008477507426042178,60,0.03166358033496787,0.3464121737509286,0.1964257653546848,-0.00726318359375,1.0,0.08197772844334184,0.0,0.006812036791810028,1.0
baseline,103,0.33960013695911856,0.58599853515625,0.5812856838786167,0.42228203110143003,0.584228515625,0.02794719948425306,0.008346490150299058,66,0.03801415164748389,0.34140328820646487,0.2250844595526159,-0.00177001953125,1.0,0.08268189414231147,0.0,0.001803151247346313,1.0
baseline,104,0.33960013695911856,0.58599853515625,0.5955419343877046,0.3983732686570908,0.5626220703125,0.02744149701092135,0.008457175107744753,74,0.040527503124004216,0.30970106172837764,0.21603541088959666,-0.02337646484375,1.0,0.058773131697972214,0.0,-0.029899075230740924,1.0
baseline,105,0.33960013695911856,0.58599853515625,0.6596922944460193,0.47155489709503395,0.5994873046875,0.028314928189952248,0.008957853317018424,66,0.03703888504651946,0.38624310070822215,0.18119910471248238,0.01348876953125,1.0,0.1319547601359154,0.0,0.046642963749103594,1.0
baseline,106,0.33960013695911856,0.58599853515625,0.5689946637748502,0.36606668900905726,0.544921875,0.02642231460154673,0.00826421071487262,60,0.03611731933687781,0.2811610644588478,0.1817201640363733,-0.04107666015625,1.0,0.026466552049938696,1.0,-0.05843907250027075,0.0
baseline,107,0.33960013695911856,0.58599853515625,0.6143842731848103,0.41842342656325626,0.5670166015625,0.02876532758476403,0.008894342892666652,71,0.03612094623630289,0.33215816408793897,0.238344463751486,-0.01898193359375,1.0,0.0788232896041377,0.0,-0.007441972871179592,1.0
baseline,108,0.33960013695911856,0.58599853515625,0.559802954474421,0.4042079523212223,0.582763671875,0.028183268359818294,0.008101967224522133,80,0.04384546550876872,0.3158300429016714,0.19085411316376336,-0.00323486328125,1.0,0.06460781536210375,0.0,-0.023770094057447178,1.0
baseline,109,0.33960013695911856,0.58599853515625,0.6068857503527453,0.3888242932849868,0.5618896484375,0.026757478566842675,0.008145689820387839,62,0.036400274668602545,0.3024585225917792,0.22839936329227287,-0.02410888671875,1.0,0.04922415632586824,1.0,-0.03714161436733937,1.0
baseline,110,0.33960013695911856,0.58599853515625,0.6257584032945618,0.4180521800451827,0.5809326171875,0.02649207229151648,0.00841861408665002,64,0.03654067337853897,0.3335572193166706,0.23404134278984945,-0.00506591796875,1.0,0.07845204308606413,0.0,-0.006042917642447965,1.0
baseline,111,0.33960013695911856,0.58599853515625,0.5728849125120781,0.42629244827209584,0.5792236328125,0.02763046910072068,0.008335642356720331,64,0.035635650356762444,0.33966504084930443,0.20917818019258977,-0.00677490234375,1.0,0.08669231131297728,0.0,6.49038901858745e-05,1.0
baseline,112,0.33960013695911856,0.58599853515625,0.5772371812473274,0.48145821394357147,0.59716796875,0.02752063328506911,0.009050019561491759,59,0.028424719459828576,0.4085408438199179,0.19926739355110998,0.01116943359375,1.0,0.1418580769844529,0.0,0.06894070686079934,0.0
baseline,113,0.33960013695911856,0.58599853515625,0.6008905551393168,0.4825470046125684,0.604736328125,0.02825000132887517,0.008987956717408289,66,0.03646621674345482,0.4095593492460112,0.20344838956018724,0.01873779296875,1.0,0.14294686765344983,0.0,0.06995921228689261,0.0
baseline,114,0.33960013695911856,0.58599853515625,0.606145288190089,0.5015725114286298,0.6124267578125,0.02914557874476264,0.009033615510335487,58,0.03502948142156855,0.423366082802755,0.22086527088065674,0.02642822265625,1.0,0.16197237446951124,0.0,0.08376594584363645,0.0
baseline,115,0.33960013695911856,0.58599853515625,0.6217153601382716,0.3923850907584494,0.5751953125,0.027616599341562763,0.007947467091228387,64,0.039140893162217714,0.3003763017771828,0.22268236858351462,-0.01080322265625,1.0,0.05278495379933085,1.0,-0.039223835181935784,1.0
baseline,116,0.33960013695911856,0.58599853515625,0.5261139258003459,0.40278640785644276,0.576416015625,0.027825997842873595,0.008036960659611257,72,0.04187216561781229,0.3160854997160875,0.2212852784357932,-0.00958251953125,1.0,0.0631862708973242,0.0,-0.023514637243031045,1.0
baseline,117,0.33960013695911856,0.58599853515625,0.6733652156022161,0.40782667819161555,0.5614013671875,0.02815648437566882,0.008585738126282478,76,0.04117667213676398,0.3149292198491782,0.1900572566223806,-0.02459716796875,1.0,0.068226541232497,0.0,-0.02467091710994035,1.0
baseline,118,0.33960013695911856,0.58599853515625,0.5530097341374488,0.43972886427105684,0.5833740234375,0.02746211042801898,0.008676804171313501,74,0.03820801216447979,0.35679857683376937,0.21773465834750524,-0.00262451171875,1.0,0.10012872731193828,0.0,0.017198439874650806,1.0
baseline,119,0.33960013695911856,0.58599853515625,0.5840059084882089,0.36572175333139656,0.536376953125,0.0262537284707545,0.00835432904800842,66,0.034719110017085435,0.2791530453326312,0.23868499139293273,-0.04962158203125,1.0,0.026121616372278,1.0,-0.06044709162648737,0.0
baseline,120,0.33960013695911856,0.58599853515625,0.591318831865275,0.4207706347943302,0.5908203125,0.027858002410258487,0.008302527409753688,82,0.04536038001367094,0.32383295406847523,0.23558559239450194,0.00482177734375,1.0,0.08117049783521163,0.0,-0.015767182890643328,1.0
baseline,121,0.33960013695911856,0.58599853515625,0.6215565366522484,0.4124404863216465,0.5782470703125,0.028223446609043856,0.00817023123639853,54,0.03397146357856305,0.3244589843159519,0.2325527667625502,-0.00775146484375,1.0,0.07284034936252792,0.0,-0.015141152643166678,1.0
baseline,122,0.33960013695911856,0.58599853515625,0.6310122993320024,0.47574479536303765,0.62939453125,0.028885162506172197,0.008151147509079422,62,0.036258130079540804,0.3976899167016139,0.22108095641785794,0.04339599609375,1.0,0.1361446584039191,0.0,0.05808977974249535,0.0
baseline,123,0.33960013695911856,0.58599853515625,0.5595917340716786,0.4153823947282117,0.59423828125,0.027446443488101425,0.00802277231967672,62,0.03583334740748959,0.3275113102592523,0.19757394295758884,0.00823974609375,1.0,0.07578225776909314,0.0,-0.012088826699866273,1.0
baseline,124,0.33960013695911856,0.58599853515625,0.6189007108517453,0.39812698247813927,0.564453125,0.027518724786234575,0.008283745080931788,56,0.031763637102377194,0.3139947634722244,0.18944315622163743,-0.02154541015625,1.0,0.05852684551902071,0.0,-0.02560537348689418,1.0
baseline,125,0.33960013695911856,0.58599853515625,0.6026233702212535,0.4243904673853487,0.58203125,0.027968832495110018,0.008611038743133301,63,0.03449663424152536,0.34297801139088413,0.23356235406773956,-0.00396728515625,1.0,0.08479033042623013,0.0,0.0033778744317655707,1.0
baseline,126,0.33960013695911856,0.58599853515625,0.5653875972416909,0.43319958738509734,0.6041259765625,0.02890042997086713,0.008123414859155612,60,0.03550697574571591,0.3482144149475138,0.1670547394116308,0.01812744140625,1.0,0.09359945042597878,0.0,0.008614277988395258,1.0
baseline,127,0.33960013695911856,0.58599853515625,0.6186250505245844,0.4346958020546194,0.5947265625,0.028580319671923322,0.008405629775849043,71,0.04036121298653352,0.3425113270322239,0.23612860691470772,0.00872802734375,1.0,0.09509566509550083,0.0,0.002911190073105363,1.0
baseline,128,0.33960013695911856,0.58599853515625,0.5957473620371853,0.4128722892764054,0.5582275390625,0.027322623806612146,0.00873132501012369,68,0.03663864659349197,0.3277580440904204,0.2013107040484745,-0.02777099609375,1.0,0.07327215231728684,0.0,-0.01184209286869814,1.0
baseline,129,0.33960013695911856,0.58599853515625,0.6030938554244293,0.41528708077143944,0.5916748046875,0.02863054706819263,0.007932096676227776,54,0.0340570386591867,0.3290292880617737,0.2080303607854707,0.00567626953125,1.0,0.07568694381232088,0.0,-0.010570848897344887,1.0
baseline,130,0.33960013695911856,0.58599853515625,0.6314093754726156,0.39309868122578207,0.572509765625,0.025844628664848327,0.008083477316972206,62,0.035096232903389216,0.3076093175766226,0.23313561765499266,-0.01348876953125,1.0,0.053498544266663506,0.0,-0.03199081938249598,1.0
baseline,131,0.33960013695911856,0.58599853515625,0.5591678637971237,0.43227500254085255,0.6026611328125,0.028698534823007795,0.008333418387464398,63,0.03724151985877936,0.3430415789102072,0.21668864056798134,0.01666259765625,1.0,0.09267486558173399,0.0,0.003441441951088642,1.0
baseline,132,0.33960013695911856,0.58599853515625,0.6132122620586493,0.44498360151585414,0.5899658203125,0.026998736232722947,0.008493503575617243,63,0.036108748566593026,0.3666001996275818,0.18090298340474922,0.00396728515625,1.0,0.10538346455673558,0.0,0.02700006266846322,1.0
baseline,133,0.33960013695911856,0.58599853515625,0.5860596743044161,0.4500252895189838,0.5889892578125,0.028615855540408797,0.00878864762814897,62,0.03260161872387859,0.36809943531270545,0.20990183988350636,0.00299072265625,1.0,0.11042515255986524,0.0,0.028499298353586888,1.0
baseline,134,0.33960013695911856,0.58599853515625,0.5975022853328267,0.42464656060563166,0.5804443359375,0.027643304163228945,0.008489328092201247,66,0.03914833618834819,0.3409625014153056,0.23348276937111698,-0.00555419921875,1.0,0.0850464236465131,0.0,0.0013623644561870374,1.0
baseline,135,0.33960013695911856,0.58599853515625,0.6062420416401532,0.35685198404145513,0.5416259765625,0.0260942830892121,0.007953910439145678,73,0.04271278870957004,0.2596272527719584,0.22586823173327025,-0.04437255859375,1.0,0.01725184708233657,1.0,-0.07997288418716014,0.0
baseline,136,0.33960013695911856,0.58599853515625,0.585386233938575,0.46140649178896753,0.60498046875,0.02908562698699523,0.00843516554934657,63,0.03607830750704758,0.37104875389912184,0.20879559167087952,0.01898193359375,1.0,0.12180635482984897,0.0,0.03144861694000328,1.0
baseline,137,0.33960013695911856,0.58599853515625,0.5802180468342386,0.41347022304456305,0.58837890625,0.027418778426764018,0.008176277823229952,62,0.033618428605463796,0.3293330306253577,0.23270347063535182,0.00238037109375,1.0,0.07387008608544449,0.0,-0.010267106333760878,1.0
baseline,138,0.33960013695911856,0.58599853515625,0.6048573277743514,0.3937208754825605,0.5543212890625,0.026373994110982443,0.008412564444821899,72,0.03666513966333051,0.3079976118278748,0.23210700495413486,-0.03167724609375,1.0,0.05412073852344196,0.0,-0.031602525131243786,1.0
baseline,139,0.33960013695911856,0.58599853515625,0.5818778468720648,0.45372077010938033,0.58740234375,0.02813844053293235,0.008511006913646658,64,0.036655826826345654,0.37426447902989146,0.17721473886042463,0.00140380859375,1.0,0.11412063315026177,0.0,0.0346643420707729,1.0
baseline,140,0.33960013695911856,0.58599853515625,0.6141413525500532,0.5037158174716235,0.6202392578125,0.0280322191907563,0.008942679614829398,60,0.03770723608573942,0.43281236460083705,0.19358954179904572,0.03424072265625,1.0,0.16411568051250497,0.0,0.09321222764171849,0.0
baseline,141,0.33960013695911856,0.58599853515625,0.596077996033078,0.4514175090601886,0.6014404296875,0.02739324178997282,0.008370038257877223,66,0.03493638618311366,0.3662179692838606,0.23508716864978718,0.01544189453125,1.0,0.11181737210107007,0.0,0.02661783232474202,1.0
baseline,142,0.33960013695911856,0.58599853515625,0.5525246892430378,0.3978552542946062,0.584716796875,0.02810621883498086,0.007749190636698749,67,0.040128581304866164,0.30323875372629455,0.23238699426983297,-0.00128173828125,1.0,0.05825511733548766,0.0,-0.03636138323282401,1.0
baseline,143,0.33960013695911856,0.58599853515625,0.5974730284302333,0.4549419322717074,0.585205078125,0.028525968436881554,0.00882478628879859,73,0.03587839409390963,0.37756686410251405,0.20101376946519614,-0.00079345703125,1.0,0.11534179531258887,0.0,0.037966727143395496,1.0
baseline,144,0.33960013695911856,0.58599853515625,0.5717994717665095,0.43111887208198557,0.63720703125,0.0303088457076541,0.007297729949353337,60,0.041747358144853454,0.3322167028244158,0.2298406897727942,0.05120849609375,1.0,0.09151873512286701,0.0,-0.007383434134702771,1.0
baseline,145,0.33960013695911856,0.58599853515625,0.6395211551013029,0.43744341002508363,0.571044921875,0.02731310257651019,0.008884301053851741,58,0.033254642117351775,0.3549700334167312,0.2306086770921602,-0.01495361328125,1.0,0.09784327306596508,0.0,0.015369896457612664,1.0
baseline,146,0.33960013695911856,0.58599853515625,0.610277077286702,0.45885512341108126,0.6014404296875,0.02817092169853647,0.008591167781138203,58,0.03456564159733867,0.38659540407581694,0.1864772491176809,0.01544189453125,1.0,0.1192549864519627,0.0,0.04699526711669838,1.0
baseline,147,0.33960013695911856,0.58599853515625,0.6301025652437653,0.46459097865595045,0.594970703125,0.02775426064079482,0.008862393980677494,55,0.03190499521792171,0.38650996083686406,0.20664449050765296,0.00897216796875,1.0,0.12499084169683189,0.0,0.046909823877745505,1.0
baseline,148,0.33960013695911856,0.58599853515625,0.6628442035939421,0.42597700052318144,0.5648193359375,0.02660441220828047,0.008760654040363592,70,0.03422894610658052,0.3466754013245846,0.21994360746054528,-0.02117919921875,1.0,0.08637686356406288,0.0,0.007075264365466016,1.0
baseline,149,0.33960013695911856,0.58599853515625,0.5857878252570106,0.4166867519558115,0.5723876953125,0.027721621147625806,0.0084284434120476,63,0.03658106452597801,0.32732575438614453,0.21928113931472618,-0.01361083984375,1.0,0.07708661499669295,0.0,-0.01227438257297403,1.0
relu,0,0.33960013695911856,0.58599853515625,0.8250739336641743,0.4325056157068574,0.60888671875,0.02778113869590651,0.010125901867966743,83,0.0330279334683357,0.3416535035905209,0.22711988932553714,0.02288818359375,1.0,0.09290547874773886,0.0,0.0020533666314023202,1.0
relu,1,0.33960013695911856,0.58599853515625,0.6275319480757994,0.4342396105788931,0.576171875,0.028409546020996896,0.008877317420748751,55,0.030490659845178267,0.35419728392978156,0.20608686676727964,-0.00982666015625,1.0,0.09463947361977454,0.0,0.014597146970663,1.0
relu,2,0.33960013695911856,0.58599853515625,0.8128243023377267,0.4385495271526011,0.5751953125,0.02762504950280014,0.010259378056574437,79,0.03310406334577624,0.3546777761114934,0.19038779689006036,-0.01080322265625,1.0,0.09894939019348253,0.0,0.015077639152374867,1.0
relu,3,0.33960013695911856,0.58599853515625,0.5633722265073989,0.40340843162832796,0.5809326171875,0.027096121810947744,0.008176143895803267,60,0.03338805897896532,0.3210978278681469,0.23695599118687713,-0.00506591796875,1.0,0.0638082946692094,0.0,-0.01850230909097167,1.0
relu,4,0.33960013695911856,0.58599853515625,1.8235217704570124,0.47127768388442204,0.5789794921875,0.03193521104345953,0.01923078349625323,150,0.027312562086991145,0.3674215633029337,0.20449197441575087,-0.00701904296875,1.0,0.13167754692530348,0.0,0.027821426343815125,1.0
relu,5,0.33960013695911856,0.58599853515625,0.6884840245931811,0.45700930512680216,0.595458984375,0.030398045621458553,0.009181676303218948,70,0.03400084943729372,0.3707918505594934,0.21104253030247272,0.00946044921875,1.0,0.1174091681676836,0.0,0.031191713600374815,1.0
relu,6,0.33960013695911856,0.58599853515625,2.2080686472535227,0.4442358552532265,0.597412109375,0.028204185111048836,0.022987351919925857,159,0.02484003085019053,0.3636393002803532,0.2050091682563489,0.01141357421875,1.0,0.10463571829410795,0.0,0.024039163321234625,1.0
relu,7,0.33960013695911856,0.58599853515625,0.6230807081329764,0.40796286818862526,0.58154296875,0.02794484301049134,0.008538919079873912,77,0.040479208067889315,0.3124744576811004,0.18634027024948632,-0.00445556640625,1.0,0.0683627312295067,0.0,-0.027125679278018178,1.0
relu,8,0.33960013695911856,0.58599853515625,0.5912065432434952,0.42964860537787664,0.600830078125,0.02775608600481358,0.008270948837767444,74,0.03692459764537317,0.3472273585155672,0.2216601080650779,0.01483154296875,1.0,0.09004846841875808,0.0,0.007627221556448627,1.0
relu,9,0.33960013695911856,0.58599853515625,0.7319089752143834,0.4613424797224177,0.5828857421875,0.028194344675771577,0.010224761115032226,73,0.03163763532257954,0.3454928880450078,0.21855207578237434,-0.00311279296875,1.0,0.12174234276329915,0.0,0.005892751085889214,1.0
relu,10,0.33960013695911856,0.58599853515625,0.6135918420981197,0.4383932509858556,0.5977783203125,0.027699955311186415,0.00836407742861359,71,0.03832468260587561,0.3561846143092166,0.2157140117500486,0.01177978515625,1.0,0.09879311402673702,0.0,0.016584477350098048,1.0
relu,11,0.33960013695911856,0.58599853515625,0.6809751945810886,0.428587574998955,0.6171875,0.028173919798285412,0.008145038335357905,72,0.04056329642670263,0.34420831125823564,0.22614679620108588,0.03118896484375,1.0,0.08898743803983644,0.0,0.004608174299117085,1.0
relu,12,0.33960013695911856,0.58599853515625,0.6730461437046756,0.42628488607584636,0.599853515625,0.02791504205845379,0.008829462847194809,82,0.038993102215554284,0.2641496335954385,0.22754462127051267,0.01385498046875,1.0,0.0866847491167278,0.0,-0.07545050336368003,0.0
relu,13,0.33960013695911856,0.58599853515625,1.1340975070331876,0.40221730243969334,0.5648193359375,0.027727851390945364,0.012812483013823896,109,0.03211694257020852,0.27619130173049744,0.204962363261718,-0.02117919921875,1.0,0.06261716548057478,0.0,-0.06340883522862112,0.0
relu,14,0.33960013695911856,0.58599853515625,0.6140636930841492,0.4123833611313362,0.57470703125,0.026531023662066038,0.008673260230729155,64,0.032665281538825995,0.33201150561372994,0.2013553499834597,-0.01129150390625,1.0,0.07278322417221766,0.0,-0.007588631345388619,1.0
relu,15,0.33960013695911856,0.58599853515625,0.6361393730391033,0.4632362458938411,0.620361328125,0.029366821523379733,0.00870628973052924,80,0.0409959492881891,0.2991516974497086,0.22848000375843977,0.03436279296875,1.0,0.12363610893472254,0.0,-0.04044843950940996,1.0
relu,16,0.33960013695911856,0.58599853515625,1.245262912442056,0.37990858941631417,0.54052734375,0.02681429660224849,0.013765908278147812,118,0.0298007624307256,0.20414285885430677,0.2266424622145874,-0.04547119140625,1.0,0.04030845245719561,1.0,-0.13545727810481178,0.0
relu,17,0.33960013695911856,0.58599853515625,0.5833674354537705,0.4413498433530567,0.610595703125,0.028898283370224764,0.008283196862780508,62,0.03759230469719644,0.35431603743479234,0.18111881427540277,0.02459716796875,1.0,0.10174970639393816,0.0,0.014715900475673782,1.0
relu,18,0.33960013695911856,0.58599853515625,0.6205659621759314,0.4391393248612352,0.5921630859375,0.028370558133853006,0.008583806168218773,71,0.03708326932851988,0.25120552110584293,0.2098845711040702,0.00616455078125,1.0,0.09953918790211663,0.0,-0.08839461585327563,0.0
relu,19,0.33960013695911856,0.58599853515625,0.5817365472662089,0.4041163271666262,0.578125,0.028217312882472822,0.00830271919226177,59,0.03421352583326502,0.29141525850661687,0.21479526410979496,-0.00787353515625,1.0,0.06451619020750765,0.0,-0.04818487845250169,1.0
relu,20,0.33960013695911856,0.58599853515625,0.6134247913382979,0.38105041796687195,0.5506591796875,0.02674644629947958,0.008461646234888133,65,0.034379983173950766,0.2965681827909009,0.22329201422608588,-0.03533935546875,1.0,0.04145028100775339,1.0,-0.043031954168217645,1.0
relu,21,0.33960013695911856,0.58599853515625,0.8580935925027718,0.46914766257272944,0.5982666015625,0.029029385440734065,0.010552066904733523,90,0.034759379228494806,0.38745935230380635,0.1728917647531345,0.01226806640625,1.0,0.12954752561361088,0.0,0.04785921534468779,1.0
relu,22,0.33960013695911856,0.58599853515625,0.6177802909286044,0.3929380760826726,0.56787109375,0.027558733736457005,0.00873924841186224,73,0.03582842120733285,0.30393379648746216,0.2057098975844602,-0.01812744140625,1.0,0.05333793912355406,1.0,-0.0356663404716564,1.0
relu,23,0.33960013695911856,0.58599853515625,0.5292618732736623,0.4414299601355928,0.591064453125,0.02803727840981528,0.008317819053140541,67,0.038712815618752915,0.35348286708463006,0.1932444465845683,0.00506591796875,1.0,0.10182982317647427,0.0,0.0138827301255115,1.0
relu,24,0.33960013695911856,0.58599853515625,0.649562331940714,0.4206816483233422,0.572021484375,0.02797838965869516,0.009219725181208446,79,0.03574163912927681,0.33772516606680736,0.21170466520695896,-0.01397705078125,1.0,0.08108151136422365,0.0,-0.0018749708923112007,1.0
relu,25,0.33960013695911856,0.58599853515625,0.6338260031923072,0.4410105201322504,0.590576171875,0.02766054550901206,0.00878867723761021,67,0.030659814126816183,0.36858934522068926,0.23902410392406268,0.00457763671875,1.0,0.10141038317313184,0.0,0.028989208261570698,1.0
relu,26,0.33960013695911856,0.58599853515625,0.681774122715993,0.46002276085443794,0.594482421875,0.028230740755115433,0.0094670473193587,63,0.030139423548430775,0.3751506961440589,0.1961856676860353,0.00848388671875,1.0,0.12042262389531938,0.0,0.03555055918494032,1.0
relu,27,0.33960013695911856,0.58599853515625,0.574719429084413,0.41145907168203677,0.5806884765625,0.027244072369819187,0.00825013630957477,70,0.03958636404480184,0.3178600832668846,0.23985297654778368,-0.00531005859375,1.0,0.07185893472291821,0.0,-0.021740053692233974,1.0
relu,28,0.33960013695911856,0.58599853515625,0.7876494024865772,0.448744446739739,0.608154296875,0.028038679678321105,0.009696043558558316,65,0.03059013784431768,0.3673257389154444,0.21797993341614902,0.02215576171875,1.0,0.10914430978062045,0.0,0.02772560195632584,1.0
relu,29,0.33960013695911856,0.58599853515625,0.5575614130503491,0.3931737607305073,0.561279296875,0.028159448479774526,0.00841719356214778,55,0.028723466463382172,0.31162624383966975,0.19131724658987898,-0.02471923828125,1.0,0.053573623771388745,1.0,-0.02797389311944881,1.0
relu,30,0.33960013695911856,0.58599853515625,0.5758575706219063,0.42661170059652054,0.6044921875,0.02850250923715559,0.008457603908043985,71,0.036045146628392234,0.3436879625159436,0.2378396246581637,0.01849365234375,1.0,0.08701156363740198,0.0,0.00408782555682502,1.0
relu,31,0.33960013695911856,0.58599853515625,0.8205506727089421,0.36758533025420714,0.5545654296875,0.02820792397017244,0.010131660298699548,76,0.033049649370002904,0.2850676077546118,0.1685299563771225,-0.03143310546875,1.0,0.027985193295088584,1.0,-0.05453252920450674,1.0
relu,32,0.33960013695911856,0.58599853515625,0.6298151259801653,0.46882692633892853,0.59521484375,0.028441856559095865,0.00926172209577137,68,0.041141621315133464,0.35800224741772185,0.20289744661684786,0.00921630859375,1.0,0.12922678937980997,0.0,0.018402110458603294,1.0
relu,33,0.33960013695911856,0.58599853515625,0.6274262655464428,0.423233649298551,0.5966796875,0.02774007661042893,0.008711261801779155,66,0.03362617544725169,0.3379244753367622,0.21135593077067893,0.01068115234375,1.0,0.08363351233943245,0.0,-0.0016756616223563836,1.0
relu,34,0.33960013695911856,0.58599853515625,0.8146342716061232,0.3663041240519528,0.55322265625,0.02754995332257792,0.00997214462624054,87,0.03779973360268457,0.27915960732504425,0.2296482764689887,-0.03277587890625,1.0,0.026703987092834225,1.0,-0.060440529634074314,0.0
relu,35,0.33960013695911856,0.58599853515625,0.7037050319593237,0.49213588413564247,0.6004638671875,0.029134025132111437,0.009750750601839484,61,0.02968678686560097,0.4214254063044687,0.2279517095413999,0.01446533203125,1.0,0.1525357471765239,0.0,0.08182526934535012,0.0
relu,36,0.33960013695911856,0.58599853515625,0.6696017567242897,0.44401264632275594,0.5672607421875,0.027770239096822854,0.009339117509979306,71,0.03316874964632181,0.35362982600878234,0.17242739973775462,-0.01873779296875,1.0,0.10441250936363738,0.0,0.014029689049663785,1.0
relu,37,0.33960013695911856,0.58599853515625,0.6167654820904339,0.4358254843819973,0.5775146484375,0.028112874056370342,0.00880924981463402,63,0.034457955524772654,0.3494093710722791,0.2175328597986836,-0.00848388671875,1.0,0.09622534742287875,0.0,0.009809234113160537,1.0
relu,38,0.33960013695911856,0.58599853515625,0.6108365292019946,0.45649342695697925,0.5921630859375,0.02754745932840642,0.008728825439128975,54,0.02858379669243728,0.38520466508341794,0.21989798333649185,0.00616455078125,1.0,0.1168932899978607,0.0,0.04560452812429938,1.0
relu,39,0.33960013695911856,0.58599853515625,1.4089152922618429,0.4839203483562582,0.586669921875,0.02998921869692788,0.015290627629179971,116,0.027090538930129367,0.4037157709172683,0.1724922747564412,0.00067138671875,1.0,0.14432021139713963,0.0,0.06411563395814973,0.0
relu,40,0.33960013695911856,0.58599853515625,0.8628610921002298,0.4131180366245387,0.565185546875,0.028723512679104092,0.010842234298379086,79,0.03134018815570387,0.3301165135372095,0.21822439057549153,-0.02081298828125,1.0,0.07351789966542016,0.0,-0.00948362342190906,1.0
relu,41,0.33960013695911856,0.58599853515625,0.5446677827098642,0.39562809346310207,0.573486328125,0.027877056126348908,0.008170730323003066,67,0.03830016750405741,0.30495954843938966,0.21612204298543303,-0.01251220703125,1.0,0.05602795650398351,0.0,-0.0346405885197289,1.0
relu,42,0.33960013695911856,0.58599853515625,0.696211043592445,0.4615176516115035,0.6007080078125,0.028402182417467003,0.009228137553492421,60,0.032054632682906446,0.3784348318281347,0.20641264534661294,0.01470947265625,1.0,0.12191751465238493,0.0,0.03883469486901614,1.0
relu,43,0.33960013695911856,0.58599853515625,0.5896072577822545,0.43478251381323607,0.5831298828125,0.028060530864821034,0.008729601245841228,63,0.03279590065251502,0.3368470440680313,0.22071614406704515,-0.00286865234375,1.0,0.09518237685411751,0.0,-0.002753092891087272,1.0
relu,44,0.33960013695911856,0.58599853515625,0.7226832192714385,0.40063083465307425,0.574462890625,0.027495553126740308,0.009051298166019779,80,0.03769512671100839,0.20738349942002385,0.1835704313926488,-0.01153564453125,1.0,0.06103069769395569,0.0,-0.1322166375390947,0.0
relu,45,0.33960013695911856,0.58599853515625,0.5966497608612444,0.3956542795195293,0.596923828125,0.027152821420238137,0.007605496188400498,79,0.04334087441619773,0.29657289903675454,0.22246068849889616,0.01092529296875,1.0,0.05605414256041075,0.0,-0.043027237922364014,1.0
relu,46,0.33960013695911856,0.58599853515625,0.5428566224312653,0.40766886224616417,0.585205078125,0.02792505670011436,0.008122123496773711,54,0.03310651807595489,0.3205527925701568,0.22704694194357813,-0.00079345703125,1.0,0.0680687252870456,0.0,-0.019047344388961773,1.0
relu,47,0.33960013695911856,0.58599853515625,0.9069430364517379,0.4108552751108649,0.568115234375,0.027318229492643554,0.010749288987621303,90,0.034211096395254915,0.32290509876077,0.18812318360397903,-0.01788330078125,1.0,0.07125513815174633,0.0,-0.016695038198348555,1.0
relu,48,0.33960013695911856,0.58599853515625,0.783283795585461,0.46799764308772795,0.57470703125,0.02853883389746525,0.010586518090775068,70,0.029116805347005878,0.37749937767504804,0.21344626562713098,-0.01129150390625,1.0,0.1283975061286094,0.0,0.03789924071592948,1.0
relu,49,0.33960013695911856,0.58599853515625,0.8831161918475423,0.3877473553683658,0.556884765625,0.02696168615444246,0.010922537874393205,79,0.031172631261056422,0.2905165984312343,0.18179551833365665,-0.02911376953125,1.0,0.04814721840924724,1.0,-0.049083538527884274,1.0
relu,50,0.33960013695911856,0.58599853515625,0.6584159451055014,0.41161022405919623,0.5709228515625,0.027933893633818704,0.00908600145122869,74,0.034798949402580305,0.32878047619925427,0.22228066275060887,-0.01507568359375,1.0,0.07201008710007767,0.0,-0.010819660759864291,1.0
relu,51,0.33960013695911856,0.58599853515625,0.5730562792708548,0.4094163136785244,0.5911865234375,0.027724525386980895,0.00808337794501652,78,0.044801185306057235,0.31176721702655585,0.2035519424437798,0.00518798828125,1.0,0.06981617671940582,0.0,-0.027832919932562705,1.0
relu,52,0.33960013695911856,0.58599853515625,0.5751502655660561,0.4126298673588653,0.6148681640625,0.02933060473332075,0.007705802690749133,74,0.04302590906126412,0.32171727991752264,0.20325771891871183,0.02886962890625,1.0,0.07302973039974675,0.0,-0.017882857041595923,1.0
relu,53,0.33960013695911856,0.58599853515625,0.7707637471610664,0.36978662429860554,0.5418701171875,0.025958868653561572,0.009548415160462804,70,0.029766914293321404,0.29347515837440263,0.2248653671231963,-0.04412841796875,1.0,0.030186487339486978,1.0,-0.046124978584715925,1.0
relu,54,0.33960013695911856,0.58599853515625,0.6563548004562211,0.4035187885200372,0.569091796875,0.02822138526301435,0.008535858448256687,50,0.026785845114502462,0.29764116974142674,0.23664172857879237,-0.01690673828125,1.0,0.06391865156091864,0.0,-0.04195896721769182,1.0
relu,55,0.33960013695911856,0.58599853515625,1.0133981634306024,0.39376172354283867,0.596435546875,0.027395576087740073,0.011554622538403852,109,0.038658235415753354,0.2658238557701352,0.20252044432923924,0.01043701171875,1.0,0.05416158658372011,0.0,-0.07377628118898338,0.0
relu,56,0.33960013695911856,0.58599853515625,0.5671937293180203,0.4431378059522706,0.610107421875,0.02814176498866404,0.008209028570306082,65,0.03590770805440135,0.270990819104395,0.20110963649816596,0.02410888671875,1.0,0.10353766899315203,0.0,-0.06860931785472357,0.0
relu,57,0.33960013695911856,0.58599853515625,0.6337982653067246,0.4583313060124903,0.6300048828125,0.028836039469461845,0.008578800907873116,51,0.03038581852554057,0.3463228712985117,0.21852997789584955,0.04400634765625,1.0,0.11873116905337172,0.0,0.006722734339393133,1.0
relu,58,0.33960013695911856,0.58599853515625,0.6064955227180422,0.4280281141331906,0.576904296875,0.0282144083229539,0.008558131211292723,71,0.03435197888824795,0.3052817420129594,0.22384564037481824,-0.00909423828125,1.0,0.08842797717407203,0.0,-0.03431839494615918,1.0
relu,59,0.33960013695911856,0.58599853515625,0.560548768120984,0.3983762200266876,0.5577392578125,0.02643862833376413,0.00869585239334381,74,0.038309181559780726,0.3105730411352382,0.22096198293671038,-0.02825927734375,1.0,0.05877608306756904,0.0,-0.029027095823880356,1.0
relu,60,0.33960013695911856,0.58599853515625,0.6179396802798579,0.380693241118069,0.5599365234375,0.026914582047103782,0.008305310900332935,65,0.03706900312550535,0.29406494379982684,0.22635061343111687,-0.02606201171875,1.0,0.041093104158950455,1.0,-0.04553519315929172,1.0
relu,61,0.33960013695911856,0.58599853515625,0.68081310418376,0.4665650138952481,0.604736328125,0.028255697906002325,0.008842468975416863,63,0.035283343190043955,0.38685613004988595,0.17628693995419797,0.01873779296875,1.0,0.12696487693612957,0.0,0.04725599309076739,1.0
relu,62,0.33960013695911856,0.58599853515625,0.5834290746769522,0.4107754883952388,0.5802001953125,0.026687989827881297,0.00832102357115903,66,0.03541617477891516,0.32334636762058894,0.20238801641386828,-0.00579833984375,1.0,0.07117535143612025,0.0,-0.016253769338529622,1.0
relu,63,0.33960013695911856,0.58599853515625,1.0544917788304338,0.46378299058801753,0.589599609375,0.027825912739357958,0.012657941356103129,96,0.030219463608647402,0.384884449790245,0.2065693478863221,0.00360107421875,1.0,0.12418285362889897,0.0,0.04528431283112644,1.0
relu,64,0.33960013695911856,0.58599853515625,0.5527677825036285,0.41946741624804296,0.587646484375,0.027653234820336648,0.008287958662992981,67,0.03928779804441415,0.3366916164156495,0.1859916011057764,0.00164794921875,1.0,0.0798672792889244,0.0,-0.002908520543469073,1.0
relu,65,0.33960013695911856,0.58599853515625,0.681717084466937,0.4023347355155552,0.5562744140625,0.027026032082871278,0.00917816875821215,67,0.03573200822448711,0.32288348102201025,0.18975440134236907,-0.02972412109375,1.0,0.06273459855643665,0.0,-0.016716655937108305,1.0
relu,66,0.33960013695911856,0.58599853515625,0.6243404112976281,0.419715786748844,0.5770263671875,0.028168995032357383,0.008724645197412133,78,0.04488997346136767,0.30503051505755596,0.22258458413840013,-0.00897216796875,1.0,0.08011564978972546,0.0,-0.0345696219015626,1.0
relu,67,0.33960013695911856,0.58599853515625,0.5784973247350578,0.40838592894393594,0.5811767578125,0.02810689948495363,0.00836076436998981,77,0.03836523002528444,0.3071919154753084,0.2498987959803486,-0.00482177734375,1.0,0.06878579198481738,0.0,-0.03240822148381017,1.0
relu,68,0.33960013695911856,0.58599853515625,0.8154387607714734,0.4334836537221898,0.6031494140625,0.028289749026118968,0.009798366251234248,83,0.03700211950530744,0.34394277446731847,0.22779571827175746,0.01715087890625,1.0,0.09388351676307122,0.0,0.004342637508199909,1.0
relu,69,0.33960013695911856,0.58599853515625,0.621588833230541,0.4254800422971786,0.5836181640625,0.02891097107877715,0.00905543481961142,70,0.032122939963185375,0.3433430784595517,0.22380178748526508,-0.00238037109375,1.0,0.08587990533806006,0.0,0.003742941500433139,1.0
relu,70,0.33960013695911856,0.58599853515625,0.7730888677494958,0.46102672280492474,0.5933837890625,0.028079488762088035,0.009987032331468939,84,0.03850593816676874,0.3815425508303706,0.23061432136993296,0.00738525390625,1.0,0.12142658584580618,0.0,0.04194241387125203,1.0
relu,71,0.33960013695911856,0.58599853515625,0.6118299581173159,0.4073123382492798,0.59033203125,0.02805146153201811,0.008286275330924266,73,0.037981319303450445,0.3212598414711387,0.20625432326903165,0.00433349609375,1.0,0.06771220129016126,0.0,-0.018340295487979885,1.0
relu,72,0.33960013695911856,0.58599853515625,0.7613319470718993,0.4203456456430088,0.58154296875,0.02743187818296756,0.009271172362043943,84,0.03676251508189428,0.32594415547028655,0.20667241981896417,-0.00445556640625,1.0,0.08074550868389024,0.0,-0.013655981488832014,1.0
relu,73,0.33960013695911856,0.58599853515625,0.6067681475250706,0.46743357912443906,0.594482421875,0.02884173764912376,0.00917692480817659,68,0.034714290428800434,0.3876468942968414,0.21557623363199319,0.00848388671875,1.0,0.1278334421653205,0.0,0.048046757337722845,1.0
relu,74,0.33960013695911856,0.58599853515625,0.6155208839946004,0.45075421103631896,0.6046142578125,0.029892873691974284,0.008494247978015597,56,0.03320377339000173,0.3654606108073304,0.22720816936112606,0.01861572265625,1.0,0.1111540740772004,0.0,0.02586047384821183,1.0
relu,75,0.33960013695911856,0.58599853515625,0.6587795591324527,0.4876207448490816,0.6402587890625,0.029953643865424213,0.008487211468994173,54,0.030955913044489646,0.407928349728908,0.20857847040152921,0.05426025390625,1.0,0.14802060788996302,0.0,0.06832821276978945,0.0
relu,76,0.33960013695911856,0.58599853515625,0.5534852612585132,0.41198066054803795,0.5784912109375,0.027046930183810203,0.00844077142022563,85,0.03843040241449132,0.306300807341009,0.21052040570939717,-0.00750732421875,1.0,0.07238052358891939,0.0,-0.03329932961810955,1.0
relu,77,0.33960013695911856,0.58599853515625,0.5864957305866394,0.42111319217753074,0.572021484375,0.0268640010746885,0.008797710130679207,66,0.03332817857636599,0.3058900445789243,0.2388227072585506,-0.01397705078125,1.0,0.08151305521841218,0.0,-0.033710092380194234,1.0
relu,78,0.33960013695911856,0.58599853515625,0.6031344104350274,0.41136612532194733,0.5784912109375,0.02737781884502118,0.008623129994396982,54,0.029668639547903282,0.3318102302473939,0.23249132017146645,-0.00750732421875,1.0,0.07176598836282877,0.0,-0.007789906711724637,1.0
relu,79,0.33960013695911856,0.58599853515625,0.5921656044131661,0.4249408748999829,0.593017578125,0.028892573946559096,0.0082247742157292,80,0.04192437354853695,0.33470918201282596,0.23336984007600653,0.00701904296875,1.0,0.08534073794086433,0.0,-0.004890954946292603,1.0
relu,80,0.33960013695911856,0.58599853515625,0.6181149524347631,0.420792819140083,0.581787109375,0.02760458085601124,0.008505252544180665,63,0.03567597401839992,0.3282502690467921,0.23796354895849117,-0.00421142578125,1.0,0.08119268218096443,0.0,-0.01134986791232645,1.0
relu,81,0.33960013695911856,0.58599853515625,0.5554635423775228,0.41377162127724254,0.5899658203125,0.027253410492112936,0.008267527646578452,66,0.03758401133760028,0.32981311513716016,0.21913275887867836,0.00396728515625,1.0,0.07417148431812398,0.0,-0.009787021821958397,1.0
relu,82,0.33960013695911856,0.58599853515625,0.619599846521,0.36312492111284544,0.5557861328125,0.0268400712641593,0.008288702445692346,66,0.0368182599471011,0.2686952648403235,0.2363426237326996,-0.03021240234375,1.0,0.023524784153726885,1.0,-0.07090487211879504,0.0
relu,83,0.33960013695911856,0.58599853515625,0.5811959108988632,0.4386875878799806,0.5838623046875,0.029085452184856826,0.00884210378624849,61,0.02980885120245527,0.34393459777382246,0.22506253973164514,-0.00213623046875,1.0,0.09908745092086202,0.0,0.0043344608147039,1.0
relu,84,0.33960013695911856,0.58599853515625,0.5870931732796325,0.41581849703751284,0.5916748046875,0.027330315753253467,0.008527488843246986,72,0.03336894985352168,0.34010883777984907,0.22167310783671226,0.00567626953125,1.0,0.07621836007839428,0.0,0.0005087008207305121,1.0
relu,85,0.33960013695911856,0.58599853515625,0.5807502283608746,0.4382609645837276,0.601318359375,0.029376236454592627,0.008438385452498713,67,0.037179030570091705,0.1785447285023657,0.22824566819492476,0.01531982421875,1.0,0.09866082762460904,0.0,-0.16105540845675287,0.0
relu,86,0.33960013695911856,0.58599853515625,0.583113347501051,0.4629019581452912,0.58935546875,0.028010133360420263,0.009212612530900376,57,0.029979465881880715,0.3844274891132997,0.21393180446952811,0.00335693359375,1.0,0.12330182118617267,0.0,0.044827352154181155,1.0
relu,87,0.33960013695911856,0.58599853515625,0.6067451938546043,0.4365324124426766,0.596923828125,0.027302028178340793,0.008467935129030548,59,0.03545630237837861,0.30632991558398326,0.19035825869602088,0.01092529296875,1.0,0.09693227548355804,0.0,-0.0332702213751353,1.0
relu,88,0.33960013695911856,0.58599853515625,0.7162452493086822,0.43667457875322296,0.5703125,0.027596840200705856,0.009694604350917003,80,0.03366385150688389,0.3652148182707218,0.22204337707831379,-0.01568603515625,1.0,0.0970744417941044,0.0,0.025614681311603216,1.0
relu,89,0.33960013695911856,0.58599853515625,0.8702076215278777,0.40617039041973213,0.5662841796875,0.02834282215180378,0.01053456924271022,102,0.03760729059112869,0.31726438637901466,0.20033273127633028,-0.01971435546875,1.0,0.06657025346061357,0.0,-0.022335750580103897,1.0
relu,90,0.33960013695911856,0.58599853515625,0.5769833655678455,0.3966631793423029,0.568359375,0.026857260249540587,0.00868657595058816,78,0.037108254677273494,0.30844728587343545,0.18668570234347556,-0.01763916015625,1.0,0.057063042383184326,0.0,-0.03115285108568311,1.0
relu,91,0.33960013695911856,0.58599853515625,0.5689871476170486,0.41638839844040954,0.59033203125,0.027329846925183077,0.008170472677314028,69,0.039097494040903256,0.33172716511844524,0.23596374594345382,0.00433349609375,1.0,0.07678826148129098,0.0,-0.007872971840673315,1.0
relu,92,0.33960013695911856,0.58599853515625,0.6256005637233596,0.46029615354169673,0.6077880859375,0.028673115896743324,0.008708976875488127,54,0.0364443297294794,0.3543368124004634,0.23696252909204857,0.02178955078125,1.0,0.12069601658257817,0.0,0.014736675441344826,1.0
relu,93,0.33960013695911856,0.58599853515625,0.6363663987769679,0.3753502375025902,0.5657958984375,0.027534222052684326,0.008405979836615668,61,0.03829736718173498,0.28245954457622274,0.2152603594042251,-0.02020263671875,1.0,0.03575010054347166,1.0,-0.057140592382895816,0.0
relu,94,0.33960013695911856,0.58599853515625,0.5827582927994821,0.3926488915104258,0.5733642578125,0.0275784302729999,0.008125506506299958,56,0.031065128435472218,0.30779062626308584,0.22688139106198837,-0.01263427734375,1.0,0.05304875455130725,1.0,-0.03180951069603272,1.0
relu,95,0.33960013695911856,0.58599853515625,0.6589732144328075,0.41062856466183756,0.5888671875,0.028455268419407966,0.008765435077155279,60,0.03248436212561562,0.3286173272192237,0.20669817570187346,0.00286865234375,1.0,0.071028427702719,0.0,-0.01098280973989485,1.0
relu,96,0.33960013695911856,0.58599853515625,0.5923172188230141,0.4649208086778641,0.6046142578125,0.027795047363207898,0.008791570885444274,59,0.0329151577796949,0.347395865231391,0.20103950756128885,0.01861572265625,1.0,0.12532067171874556,0.0,0.007795728272272429,1.0
relu,97,0.33960013695911856,0.58599853515625,0.5485789490158481,0.4359347126343841,0.5947265625,0.027890165237647268,0.008470160930300208,65,0.03531652244857289,0.3474879681027222,0.20830822098135138,0.00872802734375,1.0,0.09633457567526554,0.0,0.00788783114360364,1.0
relu,98,0.33960013695911856,0.58599853515625,0.5878854539151399,0.4129818955425342,0.5662841796875,0.02819065932649062,0.008838964665675202,57,0.02884749349401725,0.33010365679920073,0.20981608748378364,-0.01971435546875,1.0,0.07338175858341567,0.0,-0.00949648015991783,1.0
relu,99,0.33960013695911856,0.58599853515625,0.564487358670022,0.41918723083179443,0.572021484375,0.02788102952196336,0.008561447308909986,82,0.038857527075693545,0.33498600198902806,0.21424121525959267,-0.01397705078125,1.0,0.07958709387267587,0.0,-0.0046141349700905,1.0
relu,100,0.33960013695911856,0.58599853515625,0.6053335706137755,0.4436215941723226,0.6024169921875,0.029796320819285786,0.00886325373758223,64,0.03425036747942917,0.36300270845753524,0.2390742806494805,0.01641845703125,1.0,0.10402145721320405,0.0,0.02340257149841668,1.0
relu,101,0.33960013695911856,0.58599853515625,0.58390143643911,0.40480692409640323,0.5875244140625,0.027481445791535445,0.008142054575767287,66,0.036670195287356926,0.3123614279815086,0.21218127900951778,0.00152587890625,1.0,0.06520678713728467,0.0,-0.027238708977609938,1.0
relu,102,0.33960013695911856,0.58599853515625,0.5396476552964468,0.4443554642327631,0.60302734375,0.028436246079205207,0.00846192244322443,70,0.04017913628787639,0.35939166666905537,0.20897475115865197,0.01702880859375,1.0,0.10475532727364456,0.0,0.019791529709936806,1.0
relu,103,0.33960013695911856,0.58599853515625,0.6049214626737366,0.4095128187864049,0.5892333984375,0.02634349693765881,0.008332629762172196,51,0.030445340387992747,-0.017294205360403825,0.20259118905471152,0.00323486328125,1.0,0.06991268182728633,0.0,-0.3568943423195224,0.0
relu,104,0.33960013695911856,0.58599853515625,0.5788844580592174,0.35193806611076767,0.5538330078125,0.027498358626214896,0.008040613821471535,72,0.04070976453472776,0.26542503941201817,0.20784414001778315,-0.03216552734375,1.0,0.012337929151649107,1.0,-0.07417509754710039,0.0
relu,105,0.33960013695911856,0.58599853515625,0.6171212349640082,0.45254131562167565,0.5799560546875,0.027844217969561696,0.009143164288657572,66,0.03316217867020788,0.36523817594369806,0.23756183869304365,-0.00604248046875,1.0,0.1129411786625571,0.0,0.025638038984579503,1.0
relu,106,0.33960013695911856,0.58599853515625,0.555025402601336,0.42649680950083096,0.5909423828125,0.02779939534832993,0.008418580142090912,53,0.03220438362110656,0.18633406551515821,0.24841351219193308,0.00494384765625,1.0,0.0868966725417124,0.0,-0.15326607144396034,0.0
relu,107,0.33960013695911856,0.58599853515625,2.2147617980955667,0.4043498225845995,0.56201171875,0.027841038639630302,0.02273904384821215,181,0.026074234712272888,0.3175708867502731,0.19477193020637215,-0.02398681640625,1.0,0.06474968562548095,0.0,-0.02202925020884544,1.0
relu,108,0.33960013695911856,0.58599853515625,0.7076386114030572,0.44448735804043765,0.6207275390625,0.028240563556692112,0.008994092662450675,64,0.03243114254124002,0.3559478386985341,0.2173805550445572,0.03472900390625,1.0,0.10488722108131909,0.0,0.01634770173941552,1.0
relu,109,0.33960013695911856,0.58599853515625,0.5915890959612824,0.4131145674562525,0.5609130859375,0.02756735426166292,0.008831792338811116,55,0.03117992627375437,0.32614733998754564,0.21115011419760651,-0.02508544921875,1.0,0.07351443049713396,0.0,-0.013452796971572922,1.0
relu,110,0.33960013695911856,0.58599853515625,0.6120900632363725,0.44300745032099054,0.579345703125,0.02898560570695278,0.00890687721204528,66,0.03457295499668355,0.33138335153626775,0.22450660823248217,-0.00665283203125,1.0,0.10340731336187198,0.0,-0.008216785422850814,1.0
relu,111,0.33960013695911856,0.58599853515625,0.5955002059736116,0.4589652383643626,0.5992431640625,0.027810260357968304,0.008759614649206098,59,0.032400793410737316,0.38100648922947267,0.1721608701502391,0.01324462890625,1.0,0.11936510140524403,0.0,0.04140635227035411,1.0
relu,112,0.33960013695911856,0.58599853515625,0.6580224774080576,0.48190604210245924,0.611572265625,0.027524850516534694,0.009225122976164162,71,0.03214936160539288,0.40057913380005167,0.21889927642540233,0.02557373046875,1.0,0.14230590514334068,0.0,0.06097899684093311,0.0
relu,113,0.33960013695911856,0.58599853515625,0.6865170006775088,0.44424324204504667,0.602294921875,0.032175297889228356,0.00913691727400243,76,0.0364313794565574,0.0484673009130821,0.2360933813393033,0.01629638671875,1.0,0.10464310508592811,0.0,-0.29113283604603646,0.0
relu,114,0.33960013695911856,0.58599853515625,0.8554372883687603,0.39729152649224325,0.5809326171875,0.02730710809071456,0.01020940382872652,95,0.035104594743996756,0.3159094853340736,0.21886893775262228,-0.00506591796875,1.0,0.05769138953312469,0.0,-0.023690651625044967,1.0
relu,115,0.33960013695911856,0.58599853515625,2.0042415565619836,0.43345741840319213,0.59814453125,0.02774520871570498,0.02051139935819206,197,0.0305280220909701,0.33926473841534005,0.21649697180974756,0.01214599609375,1.0,0.09385728144407357,0.0,-0.000335398543778509,1.0
relu,116,0.33960013695911856,0.58599853515625,0.7415433530152402,0.41814122828399936,0.58203125,0.02772872080228672,0.009502916288237913,80,0.037079863373088835,0.3278834884524964,0.214805084579124,-0.00396728515625,1.0,0.0785410913248808,0.0,-0.011716648506622185,1.0
relu,117,0.33960013695911856,0.58599853515625,0.6617776495302968,0.46263401894330247,0.5743408203125,0.02728069519221144,0.009376859877424716,79,0.03736329523544259,0.37425765756911167,0.20344191787702312,-0.01165771484375,1.0,0.12303388198418391,0.0,0.03465752060999311,1.0
relu,118,0.33960013695911856,0.58599853515625,0.8053240472466122,0.3670814059989269,0.5771484375,0.02738567237461913,0.0094626629365973,64,0.029673473476530824,0.1647482556583185,0.21380551290870609,-0.00885009765625,1.0,0.027481269039808354,1.0,-0.17485188130080007,0.0
relu,119,0.33960013695911856,0.58599853515625,0.6749408248465001,0.4412258228166951,0.609130859375,0.028348825114259697,0.008878693277365736,76,0.03846695143933216,0.3618142412396446,0.2319897046760286,0.02313232421875,1.0,0.10162568585757653,0.0,0.02221410428052606,1.0
relu,120,0.33960013695911856,0.58599853515625,0.6610978728618108,0.38923942245211074,0.5655517578125,0.027330543276838818,0.00895860669397083,71,0.03284668667040889,0.30264945795738174,0.20247404324778648,-0.02044677734375,1.0,0.04963928549299218,1.0,-0.03695067900173682,1.0
relu,121,0.33960013695911856,0.58599853515625,0.6951481818359017,0.43605747604887,0.5706787109375,0.02760180145849933,0.009366723243848702,60,0.02964076604322945,0.3055613573981341,0.19557869751259674,-0.01531982421875,1.0,0.09645733908975146,0.0,-0.034038779560984445,1.0
relu,122,0.33960013695911856,0.58599853515625,0.7589724316859274,0.4245837867872214,0.5760498046875,0.02836259397536298,0.00985025258008653,77,0.03403641933872732,0.32597459971291015,0.22694764133804426,-0.00994873046875,1.0,0.08498364982810286,0.0,-0.013625537246208408,1.0
relu,123,0.33960013695911856,0.58599853515625,0.6404212773904607,0.4012494099950404,0.5899658203125,0.028805417665472597,0.008314056659522449,54,0.032311078430726066,0.3112892035223698,0.19788666064986796,0.00396728515625,1.0,0.061649273035921826,0.0,-0.028310933436748786,1.0
relu,124,0.33960013695911856,0.58599853515625,0.8371487846802983,0.4212392730973112,0.5811767578125,0.028153467494041486,0.010285464854348048,75,0.03300036745871127,0.32588534990562085,0.24920876212129386,-0.00482177734375,1.0,0.08163913613819263,0.0,-0.013714787053497712,1.0
relu,125,0.33960013695911856,0.58599853515625,0.8359248938885567,0.38082046307968964,0.5565185546875,0.02660776517305639,0.010333865209638948,79,0.030373588108446332,0.3021143245148708,0.20509776422728473,-0.02947998046875,1.0,0.04122032612057108,1.0,-0.03748581244424776,1.0
relu,126,0.33960013695911856,0.58599853515625,0.5981999684795081,0.44493838236705907,0.59912109375,0.029110984062270567,0.008581897229026886,61,0.03265007941715929,0.3585991450898124,0.21849147592222146,0.01312255859375,1.0,0.10533824540794051,0.0,0.01899900813069383,1.0
relu,127,0.33960013695911856,0.58599853515625,0.6210764369672408,0.40587148418247576,0.57275390625,0.02786836905967226,0.008784423965868897,61,0.03299161742240113,0.3190497402867387,0.22401861987221391,-0.01324462890625,1.0,0.0662713472233572,0.0,-0.020550396672379845,1.0
relu,128,0.33960013695911856,0.58599853515625,0.6899453195414895,0.41573938336101446,0.5596923828125,0.026795400480380135,0.009373979349242405,74,0.036573330628523276,0.2802453142435888,0.24364921845952262,-0.02630615234375,1.0,0.0761392464018959,0.0,-0.059354822715529776,0.0
relu,129,0.33960013695911856,0.58599853515625,0.6104977209616796,0.423041712394944,0.5723876953125,0.02652289422990287,0.00880440260087467,56,0.031150577404351558,0.3503492917800999,0.20834917856201626,-0.01361083984375,1.0,0.08344157543582542,0.0,0.010749154820981321,1.0
relu,130,0.33960013695911856,0.58599853515625,0.5882243672765615,0.4361909257337375,0.61181640625,0.02802001626735144,0.008221624464537646,84,0.03960952388803163,0.3547629845231352,0.18916729374517313,0.02581787109375,1.0,0.09659078877461896,0.0,0.015162847564016646,1.0
relu,131,0.33960013695911856,0.58599853515625,0.6025211948908955,0.43343272302515273,0.5869140625,0.027684923202668167,0.008691419117781648,61,0.034044457907025844,0.2903626833140185,0.21734645199750852,0.00091552734375,1.0,0.09383258606603417,0.0,-0.04923745364510007,1.0
relu,132,0.33960013695911856,0.58599853515625,0.9189780558480456,0.5004012557303946,0.6011962890625,0.030376757485457456,0.01118636337890804,88,0.033493598651181955,0.42286715092042293,0.22407556453013291,0.01519775390625,1.0,0.16080111877127606,0.0,0.08326701396130437,0.0
relu,133,0.33960013695911856,0.58599853515625,0.6086047067482235,0.4322980913590764,0.6029052734375,0.027826956699042258,0.008424413486844634,72,0.03478375680122597,0.33811580282259673,0.2111620136641429,0.01690673828125,1.0,0.09269795439995782,0.0,-0.0014843341365218254,1.0
relu,134,0.33960013695911856,0.58599853515625,0.6025554777712584,0.4437722453288152,0.58642578125,0.027610459059048884,0.008849403829929875,68,0.0348003017189192,0.35919061479173786,0.18673839390805277,0.00042724609375,1.0,0.10417210836969665,0.0,0.019590477832619302,1.0
relu,135,0.33960013695911856,0.58599853515625,0.6085942825261524,0.378153157316129,0.5572509765625,0.02767484017018876,0.008238338828149899,70,0.03972414834316607,0.2975441717035223,0.1726033656187406,-0.02874755859375,1.0,0.038553020357010415,1.0,-0.04205596525559624,1.0
relu,136,0.33960013695911856,0.58599853515625,1.1405980155955482,0.40807970127264837,0.5831298828125,0.02760953051123321,0.012904575358152105,108,0.03165947251984478,0.3213660586947046,0.21519162636024958,-0.00286865234375,1.0,0.0684795643135298,0.0,-0.018234078264413978,1.0
relu,137,0.33960013695911856,0.58599853515625,0.7672720194893595,0.4656686859800191,0.5987548828125,0.028907931200080707,0.009729756063968397,70,0.03257575087621465,0.38572074991445726,0.24474712685247063,0.01275634765625,1.0,0.12606854902090053,0.0,0.0461206129553387,1.0
relu,138,0.33960013695911856,0.58599853515625,0.5746985277862777,0.4222079095174137,0.576171875,0.027175044158406242,0.008772836711621228,79,0.044773567670393075,0.3122159770351137,0.17162373445269155,-0.00982666015625,1.0,0.08260777255829516,0.0,-0.027384159924004836,1.0
relu,139,0.33960013695911856,0.58599853515625,0.737231591584758,0.38624954910138404,0.553466796875,0.02670394540063269,0.009221787113310733,66,0.034410718430141055,0.28835829956299963,0.22861853321527417,-0.03253173828125,1.0,0.04664941214226548,1.0,-0.05124183739611893,1.0
relu,140,0.33960013695911856,0.58599853515625,0.826332644052094,0.4369185109369492,0.571044921875,0.02868514556671376,0.010490025969254572,85,0.03514013877096505,0.3378482415292636,0.20502292938724587,-0.01495361328125,1.0,0.09731837397783066,0.0,-0.0017518954298549327,1.0
relu,141,0.33960013695911856,0.58599853515625,0.6562571242517615,0.34953606999325526,0.525390625,0.02639472821593324,0.008467160641256502,87,0.042722924172053464,0.2531269395376866,0.21769717026792454,-0.06060791015625,1.0,0.009935933034136701,1.0,-0.08647319742143195,0.0
relu,142,0.33960013695911856,0.58599853515625,0.6152572542484431,0.4398098988795658,0.5850830078125,0.027309597058936767,0.00878855591112835,80,0.03769794418949554,0.34872370573662775,0.19502286189034987,-0.00091552734375,1.0,0.10020976192044723,0.0,0.009123568777509194,1.0
relu,143,0.33960013695911856,0.58599853515625,0.578696276585791,0.39553432318159754,0.5615234375,0.027062541354355645,0.008335441731931697,69,0.040213337086476196,0.302675954860877,0.16983023703792163,-0.02447509765625,1.0,0.05593418622247898,0.0,-0.036924182098241554,1.0
relu,144,0.33960013695911856,0.58599853515625,1.0249131276500032,0.42915891448360083,0.58349609375,0.027388588144974236,0.011839491344679163,86,0.03163781833323803,0.34875766658330765,0.21394768654100282,-0.00250244140625,1.0,0.08955877752448227,0.0,0.009157529624189087,1.0
relu,145,0.33960013695911856,0.58599853515625,0.641440889572838,0.41402316589272337,0.574462890625,0.027999133141730147,0.00882588443815645,72,0.03668805478406418,0.3080546155362194,0.22416198510861463,-0.01153564453125,1.0,0.0744230289336048,0.0,-0.03154552142289918,1.0
relu,146,0.33960013695911856,0.58599853515625,0.6211634682760893,0.40562083442041375,0.5863037109375,0.027341886832447187,0.008125163038878596,60,0.03653402399168041,0.3066582828043481,0.23259224905706447,0.00030517578125,1.0,0.06602069746129519,0.0,-0.03294185415477047,1.0
relu,147,0.33960013695911856,0.58599853515625,0.661400776367027,0.401776270389031,0.5706787109375,0.027462027749382598,0.00873724913759421,80,0.03984689088081531,0.3073626248351855,0.2167732760154731,-0.01531982421875,1.0,0.06217613342991246,0.0,-0.032237512123933054,1.0
relu,148,0.33960013695911856,0.58599853515625,0.9561176589407445,0.46873692400062283,0.6455078125,0.030120220481760225,0.011032383913430973,86,0.032611070708952444,0.36628189172713627,0.2143655488554647,0.05950927734375,1.0,0.12913678704150428,0.0,0.026681754768017707,1.0
relu,149,0.33960013695911856,0.58599853515625,0.6295257044157219,0.41660092962368644,0.5911865234375,0.0270544889900234,0.008325133877858997,81,0.04352772607037369,0.3012633404436278,0.21924570425206388,0.00518798828125,1.0,0.07700079266456789,0.0,-0.03833679651549077,1.0
tanh,0,0.33960013695911856,0.58599853515625,1.1296404513041451,0.46455447671328176,0.6107177734375,0.031983846157417055,0.012366981586442038,81,0.030950045674363522,0.36446016834222317,0.2358573146461777,0.02471923828125,1.0,0.1249543397541632,0.0,0.024860031383104608,1.0
tanh,1,0.33960013695911856,0.58599853515625,0.6184542600228033,0.4402713513983325,0.6080322265625,0.03030893031331251,0.008480494161739613,59,0.03484955806890442,0.34746637429839355,0.20231912609346134,0.02203369140625,1.0,0.10067121443921395,0.0,0.007866237339274995,1.0
tanh,2,0.33960013695911856,0.58599853515625,0.6946959749197067,0.45461678467069444,0.5887451171875,0.029662781393303726,0.009045234677484342,70,0.03980770972225578,0.3623671653475192,0.21542018077955477,0.00274658203125,1.0,0.11501664771157588,0.0,0.022767028388400667,1.0
tanh,3,0.33960013695911856,0.58599853515625,0.6826230807702821,0.49890594528698207,0.604736328125,0.030451885737492263,0.009270457961411675,56,0.032091269359855554,0.40436509368850715,0.2462762925431224,0.01873779296875,1.0,0.1593058083278635,0.0,0.06476495672938859,0.0
tanh,4,0.33960013695911856,0.58599853515625,0.6909412716054393,0.4313235854211614,0.5928955078125,0.029315054287249412,0.00876516295277219,67,0.03775332054545625,0.34274176185042504,0.20686563210058956,0.00689697265625,1.0,0.09172344846204283,0.0,0.0031416248913064826,1.0
tanh,5,0.33960013695911856,0.58599853515625,0.6633022424398616,0.40077152057446896,0.56982421875,0.02853935862784824,0.008537768583436713,60,0.035810331666076924,0.30559623030573296,0.22982274813334636,-0.01617431640625,1.0,0.061171383615350405,0.0,-0.034003906653385596,1.0
tanh,6,0.33960013695911856,0.58599853515625,0.6573340211031322,0.4538600839807503,0.600341796875,0.029490509900222676,0.008719590208579778,70,0.03824409109458247,0.35825268142438216,0.18050834782705802,0.01434326171875,1.0,0.11425994702163172,0.0,0.0186525444652636,1.0
tanh,7,0.33960013695911856,0.58599853515625,0.6549622614710705,0.4545166905437419,0.58447265625,0.029483255667299445,0.00944820719805088,66,0.03427042044559929,0.3702427818775502,0.1941552865252635,-0.00152587890625,1.0,0.11491655358462333,0.0,0.03064264491843166,1.0
tanh,8,0.33960013695911856,0.58599853515625,0.6927665686099089,0.5239209469906781,0.6298828125,0.031016485560312265,0.009301603845527867,49,0.0288443848961132,0.43770477619521275,0.22929368582639728,0.04388427734375,1.0,0.1843208100315596,0.0,0.0981046392360942,0.0
tanh,9,0.33960013695911856,0.58599853515625,2.0547363698045804,0.4219779733867708,0.6029052734375,0.02910856701072393,0.021219871363517554,155,0.02896834382462533,0.3282971546570559,0.20000023294389202,0.01690673828125,1.0,0.08237783642765223,0.0,-0.01130298230206267,1.0
tanh,10,0.33960013695911856,0.58599853515625,0.8119280936689827,0.4440199224178203,0.5838623046875,0.029280406520754945,0.010325600988213071,77,0.035631738127267575,0.3580459368416649,0.22663373405284234,-0.00213623046875,1.0,0.10441978545870173,0.0,0.018445799882546354,1.0
tanh,11,0.33960013695911856,0.58599853515625,0.8224476264328575,0.45710188208648406,0.6103515625,0.03188029377301584,0.010020280326364223,83,0.03686026815818058,0.3551633594248875,0.19446792009201583,0.02435302734375,1.0,0.1175017451273655,0.0,0.015563222465768967,1.0
tanh,12,0.33960013695911856,0.58599853515625,0.6728080062377565,0.4170774644127223,0.585693359375,0.029967068323894716,0.008323146539192736,63,0.041121792912623696,0.3117589407298335,0.22453985263855086,-0.00030517578125,1.0,0.07747732745360375,0.0,-0.027841196229285048,1.0
tanh,13,0.33960013695911856,0.58599853515625,0.6388381296017686,0.4534640388320205,0.614501953125,0.030460859015379572,0.008509442316802307,44,0.03158829241821047,0.3643581347597303,0.2319840600021045,0.02850341796875,1.0,0.11386390187290196,0.0,0.02475799780061172,1.0
tanh,14,0.33960013695911856,0.58599853515625,0.6782764849318272,0.44821691403876107,0.57568359375,0.029696322236568394,0.009302517088249031,83,0.043384928424898495,0.3567614678995144,0.23299422963232952,-0.01031494140625,1.0,0.10861677707964251,0.0,0.017161330940395847,1.0
tanh,15,0.33960013695911856,0.58599853515625,0.7174610758508725,0.4274556243545461,0.5955810546875,0.02907587099161282,0.009148918516729441,88,0.0484838801114215,0.32367770330377177,0.23187095693854148,0.00958251953125,1.0,0.08785548739542753,0.0,-0.01592243365534679,1.0
tanh,16,0.33960013695911856,0.58599853515625,0.6168624703355904,0.45419988222620744,0.603515625,0.02988442497864087,0.008757873501817576,71,0.04119789838011942,0.3620764347398162,0.2149859591402491,0.01751708984375,1.0,0.11459974526708888,0.0,0.02247629778069765,1.0
tanh,17,0.33960013695911856,0.58599853515625,0.6621094066472304,0.47898485958380366,0.6107177734375,0.03085643666374021,0.008905377264107853,60,0.03830954150112162,0.3811925765078354,0.23067525770470745,0.02471923828125,1.0,0.1393847226246851,0.0,0.04159243954871683,1.0
tanh,18,0.33960013695911856,0.58599853515625,0.7006831279592227,0.44402648163914926,0.5867919921875,0.030514793888714666,0.009014004420067327,61,0.03460912903911724,0.3541109423173122,0.22309803702933947,0.00079345703125,1.0,0.1044263446800307,0.0,0.014510805358193657,1.0
tanh,19,0.33960013695911856,0.58599853515625,0.6426721016476246,0.4320651552367763,0.57666015625,0.028592135144025116,0.009035381048964303,60,0.03464124963502111,0.3420493241960949,0.20443635556499318,-0.00933837890625,1.0,0.09246501827765774,0.0,0.0024491872369763468,1.0
tanh,20,0.33960013695911856,0.58599853515625,0.6462861951762359,0.44227584868628284,0.58447265625,0.029247968108039323,0.008863515913687434,67,0.0379948089445401,0.35355390078240967,0.2196735904242031,-0.00152587890625,1.0,0.10267571172716428,0.0,0.01395376382329111,1.0
tanh,21,0.33960013695911856,0.58599853515625,0.6730407457743106,0.47416257453048993,0.6102294921875,0.029997849965769815,0.00906965218798973,81,0.04105578409331754,0.38057065273285257,0.23235053858259216,0.02423095703125,1.0,0.13456243757137137,0.0,0.040970515773734006,1.0
tanh,22,0.33960013695911856,0.58599853515625,0.8420789518996786,0.4428776038002388,0.612060546875,0.03138015281940833,0.009829042366675122,79,0.03769712647832086,0.33259186963326853,0.2205314365863637,0.02606201171875,1.0,0.10327746684112021,0.0,-0.007008267325850026,1.0
tanh,23,0.33960013695911856,0.58599853515625,0.6850073565359316,0.44796552084322727,0.588134765625,0.028758353354237955,0.00909426203978594,74,0.039905137274350064,0.35204504645836476,0.21168635722916274,0.00213623046875,1.0,0.10836538388410871,0.0,0.012444909499246204,1.0
tanh,24,0.33960013695911856,0.58599853515625,0.6648156711228005,0.4485528011676791,0.6024169921875,0.030642754640113398,0.008883410786689482,65,0.03717476782643877,0.3514566245596652,0.2040443316547129,0.01641845703125,1.0,0.10895266420856053,0.0,0.011856487600546639,1.0
tanh,25,0.33960013695911856,0.58599853515625,0.7425718478309389,0.4643323728804599,0.6025390625,0.030825375768987476,0.009323524609617453,63,0.03969793065089243,0.36778635503745366,0.217403934727206,0.01654052734375,1.0,0.12473223592134136,0.0,0.0281862180783351,1.0
tanh,26,0.33960013695911856,0.58599853515625,0.6325894736583854,0.45003108023191746,0.5860595703125,0.02898968448439549,0.009061420089077763,59,0.033867603767420165,0.3703167380292276,0.2296672627411151,6.103515625e-05,1.0,0.1104309432727989,0.0,0.03071660107010904,1.0
tanh,27,0.33960013695911856,0.58599853515625,0.6777144356308642,0.5015741986786415,0.6387939453125,0.030397779021882655,0.008646916061261091,72,0.04152597179260536,0.4026627073752129,0.18715071968284902,0.05279541015625,1.0,0.16197406171952294,0.0,0.06306257041609437,0.0
tanh,28,0.33960013695911856,0.58599853515625,0.6374772842767175,0.4171971956282421,0.5772705078125,0.028724131986535815,0.008608745487192251,59,0.0362310729871448,0.3289391537090043,0.24244026710672387,-0.00872802734375,1.0,0.07759705866912353,0.0,-0.010660983250114275,1.0
tanh,29,0.33960013695911856,0.58599853515625,0.6630813734396473,0.45663585215372243,0.60009765625,0.03026343911122949,0.008788160865749689,70,0.040821213516091866,0.35299734495874635,0.21490500843622323,0.01409912109375,1.0,0.11703571519460387,0.0,0.013397207999627792,1.0
tanh,30,0.33960013695911856,0.58599853515625,0.6341363783748857,0.42590186400908087,0.6141357421875,0.03027735201089455,0.007814159969441568,59,0.04092478875572081,0.3305409754684771,0.2244318999888343,0.02813720703125,1.0,0.0863017270499623,0.0,-0.009059161490641454,1.0
tanh,31,0.33960013695911856,0.58599853515625,0.8011786122194008,0.5303736910217483,0.6197509765625,0.03064081520542123,0.010293080543224411,61,0.03027916438075576,0.4447522876118375,0.22391576305452424,0.03375244140625,1.0,0.1907735540626297,0.0,0.10515215065271893,0.0
tanh,32,0.33960013695911856,0.58599853515625,0.6638426100892583,0.4013173112081211,0.5738525390625,0.02977463868428301,0.008388862810823058,54,0.03569499135219486,0.3000104083644548,0.18797217938021216,-0.01214599609375,1.0,0.06171717424900253,0.0,-0.03958972859466375,1.0
tanh,33,0.33960013695911856,0.58599853515625,0.7213794037971978,0.4505227445911572,0.5863037109375,0.030198684308425202,0.00932320367085325,76,0.04116806705046937,0.34945135405173805,0.24316727508338692,0.00030517578125,1.0,0.11092260763203865,0.0,0.00985121709261949,1.0
tanh,34,0.33960013695911856,0.58599853515625,0.6694092612753756,0.4151725756274585,0.587646484375,0.029135902645629305,0.00862546255696503,69,0.038209669781891414,0.3216670672144319,0.23141341949413125,0.00164794921875,1.0,0.07557243866833996,0.0,-0.01793306974468667,1.0
tanh,35,0.33960013695911856,0.58599853515625,0.6519469141839772,0.43763381293213005,0.595458984375,0.028975816953847048,0.008532499949353609,72,0.042399936557585845,0.34396599626725693,0.24828334491445903,0.00946044921875,1.0,0.09803367597301149,0.0,0.004365859308138376,1.0
tanh,36,0.33960013695911856,0.58599853515625,0.6576500889431902,0.4685688319188359,0.6007080078125,0.02957746085638043,0.009121780280400305,67,0.03648162500255009,0.3776650584842465,0.21359685853698218,0.01470947265625,1.0,0.12896869495971736,0.0,0.038064921525127915,1.0
tanh,37,0.33960013695911856,0.58599853515625,0.7854509368405571,0.469046452332825,0.589111328125,0.029276085035049013,0.010360965598586059,56,0.02840288168238,0.38600390434744236,0.23522168055334225,0.00311279296875,1.0,0.12944631537370643,0.0,0.0464037673883238,1.0
tanh,38,0.33960013695911856,0.58599853515625,0.6916622570521008,0.4622580827026333,0.62109375,0.03033901689897688,0.008819770356938057,69,0.045084847877053184,0.3636061185808587,0.2074398454909053,0.03509521484375,1.0,0.12265794574351474,0.0,0.024005981621740113,1.0
tanh,39,0.33960013695911856,0.58599853515625,0.6603889363155339,0.45624969791971803,0.5802001953125,0.029497734917968924,0.009230613231035531,57,0.03313535053056955,0.37037957982823116,0.2204882766139448,-0.00579833984375,1.0,0.11664956096059947,0.0,0.030779442869112605,1.0
tanh,40,0.33960013695911856,0.58599853515625,0.6468278058182024,0.4226180200369873,0.617919921875,0.03016235852652059,0.0077809555048515625,70,0.04365132624948939,0.32740898874700186,0.23006390440153113,0.03192138671875,1.0,0.08301788307786873,0.0,-0.012191148212116698,1.0
tanh,41,0.33960013695911856,0.58599853515625,0.6084241991228482,0.39745020057580466,0.6099853515625,0.030071654858534563,0.0075995844627710675,53,0.03818450679632834,0.2983072753571441,0.1967944903838048,0.02398681640625,1.0,0.0578500636166861,1.0,-0.041292861601974484,1.0
tanh,42,0.33960013695911856,0.58599853515625,0.6168130283856489,0.4402445982181497,0.6138916015625,0.0304343785735061,0.008059546776293443,59,0.036357655736208014,0.3451420332615035,0.20970489005897147,0.02789306640625,1.0,0.10064446125903115,0.0,0.005541896302384941,1.0
tanh,43,0.33960013695911856,0.58599853515625,0.6544742300721079,0.4181072010765223,0.5604248046875,0.02897510600177035,0.009212565383019783,62,0.03292575687122374,0.3269817617282781,0.19086905435636015,-0.02557373046875,1.0,0.07850706411740371,0.0,-0.012618375230840473,1.0
tanh,44,0.33960013695911856,0.58599853515625,0.7381125211679609,0.4655510705116154,0.5767822265625,0.0293963052678913,0.010178803965734798,72,0.03438046429272755,0.3703600155455733,0.21293468093311702,-0.00921630859375,1.0,0.1259509335524968,0.0,0.030759878586454736,1.0
tanh,45,0.33960013695911856,0.58599853515625,0.6314919453710014,0.3801844716123729,0.57763671875,0.029911132150989155,0.008035025291463556,62,0.04085999261591741,0.276476842690033,0.2319194723397429,-0.00836181640625,1.0,0.04058433465325434,1.0,-0.06312329426908558,0.0
tanh,46,0.33960013695911856,0.58599853515625,1.087681462407642,0.45421624182149944,0.59375,0.031329167963277976,0.012308589144844046,98,0.03639128761237828,0.36153898676406115,0.2269278728625242,0.00775146484375,1.0,0.11461610486238089,0.0,0.021938849804942595,1.0
tanh,47,0.33960013695911856,0.58599853515625,0.6307651595176449,0.4377263333322509,0.5972900390625,0.029922283940918754,0.008666653381615996,63,0.034854469728627796,0.3409026798798196,0.2283533446511912,0.01129150390625,1.0,0.09812619637313236,0.0,0.001302542920701033,1.0
tanh,48,0.33960013695911856,0.58599853515625,0.8921735294825209,0.5064552029511564,0.614501953125,0.030667264514577658,0.010894574883595845,63,0.03130035488326435,0.42153903250643693,0.1914601384286748,0.02850341796875,1.0,0.16685506599203787,0.0,0.08193889554731837,0.0
tanh,49,0.33960013695911856,0.58599853515625,0.720998434251699,0.4854739585986544,0.6221923828125,0.030966800150608046,0.008796118908716568,69,0.03970175099456584,0.3860309867357017,0.23353536337960443,0.03619384765625,1.0,0.14587382163953583,0.0,0.04643084977658313,1.0
tanh,50,0.33960013695911856,0.58599853515625,0.6356639656385014,0.4333315450649934,0.5992431640625,0.029558152111194558,0.008616972862458742,58,0.03663546535073169,0.34549352794299987,0.18698678664018756,0.01324462890625,1.0,0.09373140810587482,0.0,0.005893390983881308,1.0
tanh,51,0.33960013695911856,0.58599853515625,0.6858147285741993,0.42272018370056874,0.58984375,0.029858128454764148,0.00881637768398318,67,0.04194786613632242,0.31648833494825873,0.22146130986065432,0.00384521484375,1.0,0.08312004674145018,0.0,-0.023111802010859828,1.0
tanh,52,0.33960013695911856,0.58599853515625,0.8027430243462769,0.43918283812616765,0.5927734375,0.030200483487755676,0.009628674875129334,66,0.03597145580875431,0.34124758579006187,0.21825681493665358,0.00677490234375,1.0,0.09958270116704909,0.0,0.00164744883094331,1.0
tanh,53,0.33960013695911856,0.58599853515625,0.7569525333585143,0.440955714935239,0.5943603515625,0.030112899274277197,0.00953839965684751,75,0.04134000010673818,0.34454308060428257,0.24647092281080255,0.00836181640625,1.0,0.10135557797612044,0.0,0.004942943645164011,1.0
tanh,54,0.33960013695911856,0.58599853515625,0.6731020798530887,0.4647023932409563,0.614013671875,0.029707823172962056,0.008820879221969542,71,0.040272512460265066,0.3751433704808211,0.22573119393830973,0.02801513671875,1.0,0.12510225628183774,0.0,0.03554323352170252,1.0
tanh,55,0.33960013695911856,0.58599853515625,0.8711093373807882,0.4260296501433671,0.5999755859375,0.02995930389940719,0.010197976023941749,92,0.04085615216279599,0.31983382499877744,0.16489190467524856,0.01397705078125,1.0,0.08642951318424852,0.0,-0.01976631196034112,1.0
tanh,56,0.33960013695911856,0.58599853515625,0.658915976745513,0.430598061668887,0.5989990234375,0.029636751364108004,0.008529970135179905,72,0.04254382896442426,0.33482165694950144,0.20234839619936537,0.01300048828125,1.0,0.09099792470976842,0.0,-0.004778480009617114,1.0
tanh,57,0.33960013695911856,0.58599853515625,1.3596482501975018,0.4122236278587698,0.603759765625,0.03009380940721631,0.014545272295493177,128,0.03381419794725264,0.31086567072652,0.22719220964742248,0.01776123046875,1.0,0.07262349089965126,0.0,-0.028734466232598566,1.0
tanh,58,0.33960013695911856,0.58599853515625,0.6957793744965122,0.43158473387586416,0.5936279296875,0.029450488341861383,0.008818620254290647,61,0.03652084896002279,0.33513570540867255,0.23421072269675022,0.00762939453125,1.0,0.0919845969167456,0.0,-0.004464431550446013,1.0
tanh,59,0.33960013695911856,0.58599853515625,0.7317209523086358,0.4512948142023885,0.592529296875,0.02910626631751075,0.009338261765789772,70,0.03642644023448681,0.3527807692998546,0.19045687379399165,0.00653076171875,1.0,0.11169467724326992,0.0,0.01318063234073602,1.0
tanh,60,0.33960013695911856,0.58599853515625,0.6411103851810798,0.4581649142529566,0.583740234375,0.02927719715525788,0.009122215608650612,54,0.03232537739511518,0.37046640464521363,0.22024675432007443,-0.00225830078125,1.0,0.11856477729383802,0.0,0.030866267686095072,1.0
tanh,61,0.33960013695911856,0.58599853515625,0.6626496474035831,0.46156737247257207,0.6199951171875,0.029302806784759754,0.008359152641496538,74,0.04023642472470398,0.37149310095906213,0.23854333902726604,0.03399658203125,1.0,0.12196723551345351,0.0,0.03189296399994357,1.0
tanh,62,0.33960013695911856,0.58599853515625,0.6857085091622995,0.4892553260155717,0.6312255859375,0.03117978119803124,0.009048059735720166,64,0.034824738716990065,0.4002050952664484,0.24102800070155947,0.04522705078125,1.0,0.14965518905645314,0.0,0.060604958307329815,1.0
tanh,63,0.33960013695911856,0.58599853515625,0.6901836059784908,0.4371450257877181,0.5833740234375,0.02909379712128506,0.00941145520451715,74,0.03871375199884226,0.34415535219000076,0.22021904072400905,-0.00262451171875,1.0,0.09754488882859952,0.0,0.004555215230882204,1.0
tanh,64,0.33960013695911856,0.58599853515625,0.7161533567827495,0.42178059938885226,0.5706787109375,0.031445268504244756,0.009380512092506966,72,0.0391442313270807,0.3208514968264447,0.2015658268154998,-0.01531982421875,1.0,0.0821804624297337,0.0,-0.018748640132673855,1.0
tanh,65,0.33960013695911856,0.58599853515625,0.6832494408292135,0.4630141275641829,0.61328125,0.03036887268549287,0.0086581316452536,87,0.04597109708728637,0.3583452363596422,0.22496187396356354,0.02728271484375,1.0,0.12341399060506436,0.0,0.018745099400523657,1.0
tanh,66,0.33960013695911856,0.58599853515625,0.7039146092949389,0.5277459212242878,0.6634521484375,0.03241722689871556,0.008927608097785304,76,0.039844450821527176,0.436212583417818,0.21783827911004344,0.07745361328125,1.0,0.1881457842651692,0.0,0.09661244645869943,0.0
tanh,67,0.33960013695911856,0.58599853515625,0.7086139308314412,0.4592022549844018,0.6043701171875,0.029419863045593013,0.009219898059729247,69,0.03583103131174358,0.36190953297206735,0.15296366292502186,0.01837158203125,1.0,0.11960211802528325,0.0,0.02230939601294879,1.0
tanh,68,0.33960013695911856,0.58599853515625,0.6658396285719015,0.47514992250171617,0.6212158203125,0.030011464931389367,0.008891609329395046,74,0.03943819715817719,0.38045291954861005,0.20842382097487672,0.03521728515625,1.0,0.1355497855425976,0.0,0.04085278258949149,1.0
tanh,69,0.33960013695911856,0.58599853515625,0.8464604168501003,0.4529360445787982,0.5889892578125,0.03014254437494704,0.010471745204964257,68,0.034264052962212285,0.3643413286344019,0.23069756223552243,0.00299072265625,1.0,0.11333590761967965,0.0,0.024741191675283325,1.0
tanh,70,0.33960013695911856,0.58599853515625,0.6335325054197947,0.41277290273090994,0.5767822265625,0.029696087287170894,0.00867213857586834,84,0.043130385347651436,0.29685248210384785,0.2316755649456253,-0.00921630859375,1.0,0.07317276577179138,0.0,-0.04274765485527071,1.0
tanh,71,0.33960013695911856,0.58599853515625,0.6980054093633524,0.4943534988248832,0.605712890625,0.030429982225748598,0.009610105134161545,77,0.04201022309482498,0.39674428444592186,0.24208038058424367,0.01971435546875,1.0,0.15475336186576466,0.0,0.0571441474868033,1.0
tanh,72,0.33960013695911856,0.58599853515625,0.7240431469438454,0.4652381087217918,0.6103515625,0.029963360140716346,0.009295978662084294,84,0.04321792289343959,0.3745647331700569,0.21422397570097784,0.02435302734375,1.0,0.12563797176267322,0.0,0.03496459621093834,1.0
tanh,73,0.33960013695911856,0.58599853515625,0.9795479447834792,0.44750670772926,0.5916748046875,0.031145087405571294,0.011706264164409667,97,0.03527207141688506,0.35101677310623086,0.20487435059338457,0.00567626953125,1.0,0.10790657077014143,0.0,0.011416636147112302,1.0
tanh,74,0.33960013695911856,0.58599853515625,0.6460721345133514,0.41362945736265627,0.560546875,0.028985781870766326,0.008862042999144056,60,0.03413917974666962,0.3167352529291742,0.2208730200532375,-0.02545166015625,1.0,0.07402932040353771,0.0,-0.022864884029944355,1.0
tanh,75,0.33960013695911856,0.58599853515625,1.8468425318697643,0.4453140683825828,0.6026611328125,0.030521986917788943,0.019280792455111762,139,0.02722125059961775,0.3489115619780757,0.20870399320490346,0.01666259765625,1.0,0.10571393142346425,0.0,0.009311425018957153,1.0
tanh,76,0.33960013695911856,0.58599853515625,0.9443744313392126,0.428667900170521,0.5810546875,0.029224077959386745,0.011015516020912122,89,0.03703641264709316,0.33008140950896686,0.22324118488559436,-0.00494384765625,1.0,0.08906776321140242,0.0,-0.009518727450151698,1.0
tanh,77,0.33960013695911856,0.58599853515625,1.643927288882725,0.4456215453966459,0.582275390625,0.029499242593059024,0.017695788703391346,130,0.028497591829956745,0.35303418083343463,0.23419103235737887,-0.00372314453125,1.0,0.10602140843752733,0.0,0.01343404387431607,1.0
tanh,78,0.33960013695911856,0.58599853515625,0.6285694932774593,0.4097281523693991,0.5767822265625,0.029710761074494572,0.008759007180211099,63,0.03800705508797669,0.31843273307276204,0.22822671862419242,-0.00921630859375,1.0,0.07012801541028052,0.0,-0.021167403886356517,1.0
tanh,79,0.33960013695911856,0.58599853515625,0.6936586095815231,0.4329518711840712,0.5821533203125,0.030177057772225485,0.009102048268840778,63,0.0336561404818084,0.3366271652698183,0.22035701016804443,-0.00384521484375,1.0,0.09335173422495263,0.0,-0.0029729716893002744,1.0
tanh,80,0.33960013695911856,0.58599853515625,0.7148998023358387,0.43713054083687697,0.5849609375,0.028495727581552645,0.00894231795293534,72,0.03945590043647324,0.339711377622152,0.22742628358442155,-0.00103759765625,1.0,0.09753040387775841,0.0,0.0001112406630334184,1.0
tanh,81,0.33960013695911856,0.58599853515625,0.6569881203447923,0.45910594002153804,0.59375,0.030114090534490337,0.008916847747745588,73,0.03903604490099184,0.36384277446447516,0.23686649340919172,0.00775146484375,1.0,0.11950580306241948,0.0,0.0242426375053566,1.0
tanh,82,0.33960013695911856,0.58599853515625,0.9110886871038348,0.4399061664436311,0.5943603515625,0.029271870052820715,0.01066156014481641,67,0.02780580539135128,0.3502247302732761,0.20979207314519338,0.00836181640625,1.0,0.10030602948451256,0.0,0.010624593314157549,1.0
tanh,83,0.33960013695911856,0.58599853515625,0.6392630318102583,0.4517170152123611,0.6060791015625,0.029746686317781885,0.008499299470374557,59,0.03884123467846097,0.35619453623535213,0.21985006859769396,0.02008056640625,1.0,0.11211687825324251,0.0,0.016594399276233573,1.0
tanh,84,0.33960013695911856,0.58599853515625,0.71899708178197,0.45389255081490376,0.601318359375,0.030402532249152125,0.009445770892141422,63,0.03327215920866332,0.36514294052479934,0.18012101810904688,0.01531982421875,1.0,0.1142924138557852,0.0,0.025542803565680783,1.0
tanh,85,0.33960013695911856,0.58599853515625,0.691160477695748,0.4508468346949728,0.5906982421875,0.029640436863237914,0.009264664357264115,63,0.03439056071649321,0.3639177272833795,0.23022130406711436,0.00469970703125,1.0,0.11124669773585422,0.0,0.02431759032426095,1.0
tanh,86,0.33960013695911856,0.58599853515625,0.738442323467994,0.4384051766618904,0.5662841796875,0.028566750963592243,0.009420572897498007,72,0.03487767079070491,0.3539712306001465,0.21847729561559137,-0.01971435546875,1.0,0.09880503970277182,0.0,0.014371093641027954,1.0
tanh,87,0.33960013695911856,0.58599853515625,0.6502191279863428,0.45619800680429845,0.5963134765625,0.030014643678232502,0.008834418602218902,72,0.041148465721873806,0.358213368353432,0.1759743913035318,0.01031494140625,1.0,0.11659786984517989,0.0,0.018613231394313423,1.0
tanh,88,0.33960013695911856,0.58599853515625,0.6159683423897965,0.4636187824453555,0.614990234375,0.029710215729210114,0.008419452835373485,77,0.040918225416220845,0.358485113605487,0.20499033929691723,0.02899169921875,1.0,0.12401864548623692,0.0,0.018884976646368457,1.0
tanh,89,0.33960013695911856,0.58599853515625,0.7366965177872179,0.5064775440068339,0.6209716796875,0.030706324452815126,0.009418168047450961,61,0.034207016257038404,0.4174504801749719,0.17865648406940648,0.03497314453125,1.0,0.1668774070477153,0.0,0.07785034321585332,0.0
tanh,90,0.33960013695911856,0.58599853515625,0.6311763434221717,0.43903986771312203,0.6083984375,0.03020348595799834,0.008399920975348066,71,0.04121166831865411,0.3282268779312346,0.20556223937125473,0.02239990234375,1.0,0.09943973075400347,0.0,-0.011373259027883942,1.0
tanh,91,0.33960013695911856,0.58599853515625,0.9763622210279512,0.4591455037212696,0.57763671875,0.02996510134508013,0.011580629879329833,91,0.036096397691335366,0.36245914363239984,0.21394037297690713,-0.00836181640625,1.0,0.11954536676215105,0.0,0.02285900667328128,1.0
tanh,92,0.33960013695911856,0.58599853515625,0.6848372800576962,0.4561931729051797,0.5986328125,0.030544153002976804,0.009253239625677999,47,0.02733951806635714,0.3705204231533838,0.22014610455272837,0.01263427734375,1.0,0.11659303594606113,0.0,0.030920286194265234,1.0
tanh,93,0.33960013695911856,0.58599853515625,0.6617497448080943,0.4330941876599842,0.591552734375,0.030030923861139418,0.00863046201597566,61,0.03607937053514053,0.30663959444035005,0.2258077918377588,0.00555419921875,1.0,0.09349405070086564,0.0,-0.03296054251876851,1.0
tanh,94,0.33960013695911856,0.58599853515625,0.59073199520946,0.44507830233599965,0.6123046875,0.030351748063756585,0.008391220229887465,71,0.039103181715066014,0.34005462941687975,0.2215912985893621,0.02630615234375,1.0,0.1054781653768811,0.0,0.00045449245776119085,1.0
tanh,95,0.33960013695911856,0.58599853515625,0.649257724600302,0.4493491916655477,0.5791015625,0.02942275613556472,0.00913388491836004,58,0.032401181180934095,0.36387458869460954,0.21566399830223837,-0.00689697265625,1.0,0.10974905470642915,0.0,0.024274451735490976,1.0
tanh,96,0.33960013695911856,0.58599853515625,0.6426607290222877,0.42902211578263716,0.5880126953125,0.029283354928959955,0.008530210077599848,70,0.04317288950509567,0.32964848736420266,0.22844887097977123,0.00201416015625,1.0,0.0894219788235186,0.0,-0.009951649594915901,1.0
tanh,97,0.33960013695911856,0.58599853515625,0.6733781729557176,0.4706576911695604,0.6175537109375,0.03110755445379179,0.009108461296679733,71,0.03816099046209376,0.3781356280453033,0.20694241961136836,0.03155517578125,1.0,0.13105755421044185,0.0,0.03853549108618476,1.0
tanh,98,0.33960013695911856,0.58599853515625,0.6243847585656246,0.4445946873988548,0.6175537109375,0.02905440857922091,0.008064491288206188,68,0.04542528137373455,0.34943463109969286,0.1985913045640319,0.03155517578125,1.0,0.10499455043973627,0.0,0.009834494140574301,1.0
tanh,99,0.33960013695911856,0.58599853515625,0.6773322618866737,0.47085302478453,0.639404296875,0.030217028354415032,0.008178650519605047,63,0.04232100530049369,0.3745406456945246,0.20018150106250326,0.05340576171875,1.0,0.13125288782541145,0.0,0.03494050873540605,1.0
tanh,100,0.33960013695911856,0.58599853515625,0.6302229745350976,0.44389723516463475,0.599365234375,0.029111354153759535,0.008700251029099968,62,0.0374104849912494,0.34911036176212773,0.17370579169672035,0.01336669921875,1.0,0.10429709820551619,0.0,0.00951022480300917,1.0
tanh,101,0.33960013695911856,0.58599853515625,0.7481178979757606,0.4836311618873401,0.6085205078125,0.030414978798378876,0.009557116510336635,65,0.03428933114293642,0.39681897219604884,0.2064321273560319,0.02252197265625,1.0,0.14403102492822156,0.0,0.05721883523693028,1.0
tanh,102,0.33960013695911856,0.58599853515625,0.684244321704002,0.4335530919831497,0.57763671875,0.029775121064667804,0.00909110660483684,57,0.03289485007745388,0.3411065956597134,0.229265615282738,-0.00836181640625,1.0,0.09395295502403112,0.0,0.0015064587005948482,1.0
tanh,103,0.33960013695911856,0.58599853515625,0.6458107572861218,0.4354181064156787,0.599365234375,0.029358415414214998,0.008747043933997823,60,0.037962816486233314,0.3393901101848154,0.1923953999268497,0.01336669921875,1.0,0.09581796945656013,0.0,-0.00021002677430315142,1.0
tanh,104,0.33960013695911856,0.58599853515625,0.5960382885984774,0.3763523593265144,0.55810546875,0.02900911664488055,0.008393595347478975,75,0.04321050886547719,0.25852529077623576,0.21172389202213893,-0.02789306640625,1.0,0.03675222236739584,1.0,-0.0810748461828828,0.0
tanh,105,0.33960013695911856,0.58599853515625,0.6918995437001376,0.45018362652871147,0.5870361328125,0.02917291099087656,0.008777403336171854,70,0.03655634972978963,0.3548952386231288,0.18318088694441187,0.00103759765625,1.0,0.11058348956959291,0.0,0.015295101664010213,1.0
tanh,106,0.33960013695911856,0.58599853515625,0.7431966925556293,0.4508534765277134,0.5860595703125,0.02877409701086837,0.009995255121682298,73,0.0369398162084465,0.3579391175228859,0.2449810513194972,6.103515625e-05,1.0,0.11125333956859484,0.0,0.018338980563767315,1.0
tanh,107,0.33960013695911856,0.58599853515625,0.8386838394360193,0.47051469935080703,0.589599609375,0.028672422739613297,0.010806281960975337,75,0.035172871609592704,0.3858492675677976,0.23138053020891228,0.00360107421875,1.0,0.13091456239168847,0.0,0.04624913060867902,1.0
tanh,108,0.33960013695911856,0.58599853515625,0.6221911633659873,0.44369065902632554,0.607421875,0.030448158737240633,0.008612713553421289,61,0.03836211197562236,0.34626979755009024,0.21434320386798741,0.02142333984375,1.0,0.10409052206720698,0.0,0.006669660590971682,1.0
tanh,109,0.33960013695911856,0.58599853515625,0.6606077643037646,0.4449270057128063,0.5838623046875,0.028798732352940302,0.009115022652454577,63,0.03555675242880208,0.35861218746292844,0.2020725963391942,-0.00213623046875,1.0,0.10532686875368774,0.0,0.019012050503809885,1.0
tanh,110,0.33960013695911856,0.58599853515625,0.6846473348789512,0.45002106486395116,0.581787109375,0.02944089327107016,0.009319145346438901,67,0.033681755470674486,0.3534449919178848,0.21384056925557693,-0.00421142578125,1.0,0.1104209279048326,0.0,0.01384485495876625,1.0
tanh,111,0.33960013695911856,0.58599853515625,0.6712126251389902,0.4495590412203936,0.6002197265625,0.029778112433312576,0.008932720155456932,68,0.03557747593356948,0.351257742448733,0.21252872586936716,0.01422119140625,1.0,0.10995890426127503,0.0,0.01165760548961442,1.0
tanh,112,0.33960013695911856,0.58599853515625,0.6629147749775134,0.4900124362568584,0.6214599609375,0.030620829982482476,0.009399307436576508,66,0.035917630244824646,0.4006771023450182,0.21189601135598657,0.03546142578125,1.0,0.15041229929773986,0.0,0.06107696538589963,0.0
tanh,113,0.33960013695911856,0.58599853515625,0.6788900871140409,0.4419057395045502,0.5888671875,0.030659612148990042,0.008822909435009343,75,0.040211726128140474,0.3460678517915047,0.2140228633514014,0.00286865234375,1.0,0.10230560254543164,0.0,0.006467714832386118,1.0
tanh,114,0.33960013695911856,0.58599853515625,0.6161802640139513,0.4509419763297364,0.59814453125,0.030433829146080775,0.008751555490705207,64,0.03706693038586251,0.361518542795022,0.2094660087928512,0.01214599609375,1.0,0.11134183937061787,0.0,0.02191840583590343,1.0
tanh,115,0.33960013695911856,0.58599853515625,0.8361740246819677,0.41813281486942633,0.579833984375,0.02979574259498,0.010100399713157267,77,0.038364048420754186,0.3151617917678735,0.20168421849335888,-0.00616455078125,1.0,0.07853267791030777,0.0,-0.024438345191245048,1.0
tanh,116,0.33960013695911856,0.58599853515625,0.6539128146163422,0.47191617589267787,0.598388671875,0.030122453172206534,0.009048759570895825,71,0.04095288568210596,0.36340007766902216,0.19002998295972331,0.01239013671875,1.0,0.1323160389335593,0.0,0.0237999407099036,1.0
tanh,117,0.33960013695911856,0.58599853515625,0.7254067298199641,0.4429664701222336,0.5909423828125,0.029750467161820105,0.009090837886632279,89,0.042532212664853276,0.3431522012720761,0.21533129880324023,0.00494384765625,1.0,0.10336633316311505,0.0,0.0035520643129575147,1.0
tanh,118,0.33960013695911856,0.58599853515625,0.7892207664432727,0.451703250748579,0.59619140625,0.03010152792322055,0.00975451740146321,78,0.03964719027663436,0.3476930334263975,0.22836533870460693,0.01019287109375,1.0,0.11210311378946042,0.0,0.008092896467278954,1.0
tanh,119,0.33960013695911856,0.58599853515625,0.6606533120426229,0.3904630325503582,0.5665283203125,0.029093702338766927,0.008379845212953011,77,0.04320390404313915,0.281780107047618,0.2096494503719655,-0.01947021484375,1.0,0.05086289559123963,1.0,-0.05782002991150054,0.0
tanh,120,0.33960013695911856,0.58599853515625,0.668568796085251,0.45983024592251465,0.593017578125,0.029526041019740497,0.008950295489020849,58,0.033993664845628546,0.3705445261123768,0.21221187107194348,0.00701904296875,1.0,0.12023010896339609,0.0,0.030944389153258256,1.0
tanh,121,0.33960013695911856,0.58599853515625,0.6878763933143259,0.44702016638676556,0.58447265625,0.028775267828897666,0.009349936395943705,55,0.029925883876249025,0.36105455262600356,0.1887457068182968,-0.00152587890625,1.0,0.107420029427647,0.0,0.021454415666884996,1.0
tanh,122,0.33960013695911856,0.58599853515625,0.7967610978337847,0.4887796466022438,0.5897216796875,0.03164329746580631,0.01032265770464726,69,0.03328219691953594,0.4011388601727858,0.22201282498704414,0.00372314453125,1.0,0.14917950964312526,0.0,0.06153872321366727,1.0
tanh,123,0.33960013695911856,0.58599853515625,0.7714443853589686,0.4874510653623104,0.6234130859375,0.031070866966185794,0.009729818071081635,70,0.03639963292072867,0.39791128197982073,0.22284156192109422,0.03741455078125,1.0,0.14785092840319186,0.0,0.05831114502070217,1.0
tanh,124,0.33960013695911856,0.58599853515625,0.6636936101351575,0.42385758204709445,0.6021728515625,0.029631253233906734,0.008480100641791865,48,0.0340147965829143,0.3326651630803408,0.23090465385398798,0.01617431640625,1.0,0.08425744508797589,0.0,-0.006934973878777784,1.0
tanh,125,0.33960013695911856,0.58599853515625,0.6307279454473108,0.42006755669040413,0.587890625,0.029108099918237155,0.008675186366754316,64,0.03738538974825275,0.3325698915879902,0.21221892967371608,0.00189208984375,1.0,0.08046741973128557,0.0,-0.007030245371128341,1.0
tanh,126,0.33960013695911856,0.58599853515625,0.6953062851580155,0.4529672296161803,0.593017578125,0.029276244930902525,0.009604685354197263,77,0.03701165285213943,0.3609037337721336,0.23689292375877286,0.00701904296875,1.0,0.11336709265706174,0.0,0.021303596813015024,1.0
tanh,127,0.33960013695911856,0.58599853515625,0.6933187303141984,0.43718153057049075,0.5618896484375,0.029311833550568,0.00914651955970934,60,0.03968313064459152,0.3426334145667614,0.21791257034850506,-0.02410888671875,1.0,0.09758139361137219,0.0,0.003033277607642826,1.0
tanh,128,0.33960013695911856,0.58599853515625,0.674814679805866,0.4339417420827031,0.5906982421875,0.02943988337705041,0.008565047541003767,53,0.03589383243517657,0.34939350349656134,0.20358019781373868,0.00469970703125,1.0,0.09434160512358453,0.0,0.009793366537442783,1.0
tanh,129,0.33960013695911856,0.58599853515625,0.6379506749916104,0.4382860844753543,0.61767578125,0.029608220121041633,0.008067219499426858,51,0.03673912432236472,0.3464197329916322,0.217567886316848,0.03167724609375,1.0,0.09868594751623572,0.0,0.006819596032513642,1.0
tanh,130,0.33960013695911856,0.58599853515625,0.6542151539139164,0.4258023677589552,0.5877685546875,0.029664808093895604,0.008539197368422194,66,0.0367201042975262,0.3215959708278007,0.20761497181009841,0.00177001953125,1.0,0.08620223079983663,0.0,-0.018004166131317834,1.0
tanh,131,0.33960013695911856,0.58599853515625,0.7239281314516669,0.4909640402877514,0.6295166015625,0.03044325720360763,0.009115177046320186,64,0.037519486255777765,0.4013727094542336,0.2210789885695996,0.04351806640625,1.0,0.15136390332863287,0.0,0.06177257249511503,0.0
tanh,132,0.33960013695911856,0.58599853515625,0.6282266876299982,0.4198299099420951,0.5926513671875,0.029212388170757372,0.008184532910709249,57,0.03787630135028892,0.33002677277186687,0.23677597654372937,0.00665283203125,1.0,0.08022977298297657,0.0,-0.009573364187251687,1.0
tanh,133,0.33960013695911856,0.58599853515625,0.596144629601643,0.40683185898141594,0.58154296875,0.028742703542511745,0.008388964249311116,70,0.03899988910690306,0.3137411015770053,0.2273924972334743,-0.00445556640625,1.0,0.06723172202229738,0.0,-0.02585903538211326,1.0
tanh,134,0.33960013695911856,0.58599853515625,0.5919571322614634,0.45493130972393037,0.625244140625,0.03005429024872367,0.008065114756700978,62,0.04124495159330108,0.35759408362531253,0.19521287255596642,0.03924560546875,1.0,0.1153311727648118,0.0,0.017993946666193972,1.0
tanh,135,0.33960013695911856,0.58599853515625,0.6303874070149764,0.46955882560302475,0.609619140625,0.030491425624148347,0.00871218953879875,50,0.030652487244340325,0.3817588683459748,0.20313850584347867,0.02362060546875,1.0,0.1299586886439062,0.0,0.04215873138685622,1.0
tanh,136,0.33960013695911856,0.58599853515625,0.6977688042465563,0.4026315276531719,0.568359375,0.028467245487439802,0.009178846856233248,77,0.04311107386026132,0.29762912835740657,0.23238270575677392,-0.01763916015625,1.0,0.06303139069405334,0.0,-0.04197100860171199,1.0
tanh,137,0.33960013695911856,0.58599853515625,1.7035095847674244,0.4158649454130529,0.592529296875,0.030566310604540823,0.01794870903597297,142,0.031241781783908885,0.314525971208808,0.24697577561776637,0.00653076171875,1.0,0.07626480845393435,0.0,-0.025074165750310573,1.0
tanh,138,0.33960013695911856,0.58599853515625,0.848428275349553,0.4311504130450112,0.588623046875,0.02985057812678085,0.010140375037925893,74,0.03429413492309933,0.33875218851212535,0.21561032200323185,0.00262451171875,1.0,0.09155027608589267,0.0,-0.0008479484469932075,1.0
tanh,139,0.33960013695911856,0.58599853515625,0.6811055158547252,0.4665134152221215,0.615478515625,0.030348013552881907,0.00877870577314841,59,0.03773083476869936,0.3724418436454364,0.22147511715079668,0.02947998046875,1.0,0.12691327826300292,0.0,0.03284170668631786,1.0
tanh,140,0.33960013695911856,0.58599853515625,0.702722341750861,0.48807901692853894,0.6192626953125,0.030609070788800322,0.009363739744944852,60,0.03456174608306287,0.3995216090169956,0.24054020200008916,0.03326416015625,1.0,0.14847887996942039,0.0,0.05992147205787707,1.0
tanh,141,0.33960013695911856,0.58599853515625,0.6848580168558386,0.5112526268427731,0.63818359375,0.031246108419380324,0.008774385591348629,54,0.03277488575073472,0.4192166288202391,0.21158117905855459,0.05218505859375,1.0,0.1716524898836545,0.0,0.07961649186112052,0.0
tanh,142,0.33960013695911856,0.58599853515625,0.7023336180964657,0.46040300859622496,0.611328125,0.03046833080644986,0.008652425563623063,59,0.03631915002585451,0.3700459046654578,0.22881568555927556,0.02532958984375,1.0,0.1208028716371064,0.0,0.030445767706339222,1.0
tanh,143,0.33960013695911856,0.58599853515625,0.7643574249556164,0.485675143516791,0.60791015625,0.031018933553763565,0.009589737134954809,71,0.0369480766168754,0.39155269663346237,0.2277492573555455,0.02191162109375,1.0,0.14607500655767242,0.0,0.05195255967434381,1.0
tanh,144,0.33960013695911856,0.58599853515625,0.6352590612739804,0.4417953666866427,0.610107421875,0.030533945582100756,0.00827375959104973,52,0.035919733016880256,0.34004547299673915,0.2054919935337498,0.02410888671875,1.0,0.10219522972752415,0.0,0.0004453360376205917,1.0
tanh,145,0.33960013695911856,0.58599853515625,1.394208849426367,0.4769939094088821,0.58203125,0.03159346140028435,0.015387683079564916,110,0.03131738157504887,0.38643650879166375,0.20215421193076508,-0.00396728515625,1.0,0.13739377244976353,0.0,0.04683637183254519,1.0
tanh,146,0.33960013695911856,0.58599853515625,0.7093944971184495,0.4183603248335608,0.5704345703125,0.03001043995578553,0.009337243095419157,78,0.03934468198207896,0.3241006466138759,0.2266200534554165,-0.01556396484375,1.0,0.07876018787444222,0.0,-0.015499490345242672,1.0
tanh,147,0.33960013695911856,0.58599853515625,0.6508599607806927,0.4282948087968441,0.5814208984375,0.02895319061629618,0.008734060032486638,50,0.03095201721929771,0.34259785967575923,0.19370384444826844,-0.00457763671875,1.0,0.08869467183772556,0.0,0.0029977227166406717,1.0
tanh,148,0.33960013695911856,0.58599853515625,0.6936228307751798,0.46480978762716096,0.5831298828125,0.030365159850193345,0.009462427869635087,60,0.034243981233213545,0.3771213439766127,0.2201981836761869,-0.00286865234375,1.0,0.1252096506680424,0.0,0.03752120701749412,1.0
tanh,149,0.33960013695911856,0.58599853515625,0.7008091339734003,0.4054259497998991,0.5787353515625,0.029569510656017803,0.008856270053314321,83,0.04526892445000364,0.29918791876844236,0.18875022055142668,-0.00726318359375,1.0,0.06582581284078054,0.0,-0.0404122181906762,1.0
hetero,0,0.33960013695911856,0.58599853515625,0.5963674655749914,0.42046905948693153,0.5758056640625,0.028318653087661873,0.00847391488088242,61,0.03613669589792825,0.33327665742222057,0.20933686211520217,-0.01019287109375,1.0,0.08086892252781297,0.0,-0.006323479536897991,1.0
hetero,1,0.33960013695911856,0.58599853515625,0.6393789283875294,0.4331605026907673,0.5811767578125,0.027993413525271692,0.008758673225272977,51,0.031973226189248104,0.35043490688943557,0.25160517248179326,-0.00482177734375,1.0,0.09356036573164872,0.0,0.010834769930317012,1.0
hetero,2,0.33960013695911856,0.58599853515625,0.6151800653699193,0.45421128859408555,0.5816650390625,0.028014282236542176,0.008991428662661933,67,0.03402649696236912,0.36649559680953503,0.231163520882659,-0.00433349609375,1.0,0.11461115163496699,0.0,0.02689545985041647,1.0
hetero,3,0.33960013695911856,0.58599853515625,0.6243251238015821,0.44008956938216076,0.605712890625,0.028456355386096723,0.008283092077502038,68,0.037489703923439976,0.35354234903605225,0.2034486192030365,0.01971435546875,1.0,0.1004894324230422,0.0,0.013942212076933691,1.0
hetero,4,0.33960013695911856,0.58599853515625,0.635232713312633,0.4131816873255838,0.5791015625,0.02649897450844185,0.008482900222089447,80,0.04098471271125348,0.319255323749281,0.23794388825369372,-0.00689697265625,1.0,0.07358155036646524,0.0,-0.020344813209837553,1.0
hetero,5,0.33960013695911856,0.58599853515625,0.6406755672638588,0.4362371099401231,0.55859375,0.02692689267265834,0.009097333175400554,75,0.03735154158463738,0.35423829162029913,0.22105063916661866,-0.02740478515625,1.0,0.09663697298100454,0.0,0.014638154661180569,1.0
hetero,6,0.33960013695911856,0.58599853515625,0.5506354408629763,0.39835671144823215,0.5628662109375,0.028050833297309997,0.00813241261175133,67,0.0389489120511109,0.30260095443270385,0.22745237773813182,-0.02313232421875,1.0,0.05875657448911359,0.0,-0.03699918252641471,1.0
hetero,7,0.33960013695911856,0.58599853515625,0.6389048602600313,0.44135087124701244,0.58935546875,0.028490818389219432,0.00862873591305029,64,0.033324957597228075,0.35070812812371766,0.22147689120937347,0.00335693359375,1.0,0.10175073428789388,0.0,0.011107991164599096,1.0
hetero,8,0.33960013695911856,0.58599853515625,0.6210945792624795,0.4299392734113638,0.597412109375,0.02803831232431195,0.008251973178356402,73,0.04007791097757342,0.3360294065298403,0.23853251883740734,0.01141357421875,1.0,0.09033913645224523,0.0,-0.003570730429278246,1.0
hetero,9,0.33960013695911856,0.58599853515625,0.6192988404839204,0.4215770618591511,0.5849609375,0.027759713297765568,0.008573666034732662,62,0.037447431938099976,0.3352160134593815,0.19783788859841173,-0.00103759765625,1.0,0.08197692490003256,0.0,-0.004384123499737047,1.0
hetero,10,0.33960013695911856,0.58599853515625,0.6572684635860626,0.44502288054634154,0.5731201171875,0.02773629531018689,0.008895124686923488,65,0.03589278187331885,0.3547441330052002,0.19395754060903903,-0.01287841796875,1.0,0.10542274358722298,0.0,0.015143996046081631,1.0
hetero,11,0.33960013695911856,0.58599853515625,0.6540826116149171,0.4424591112593007,0.5640869140625,0.026232489890998766,0.009192668950081678,54,0.0294463395976021,0.3597560194620176,0.21991683148381194,-0.02191162109375,1.0,0.10285897430018215,0.0,0.020155882502899014,1.0
hetero,12,0.33960013695911856,0.58599853515625,0.6326294077589443,0.4274484467216386,0.564208984375,0.027594146425310606,0.008950788071147972,68,0.035890616835059584,0.34396050807533474,0.22120128458175417,-0.02178955078125,1.0,0.08784830976252006,0.0,0.004360371116216177,1.0
hetero,13,0.33960013695911856,0.58599853515625,0.6449370320898139,0.43914433517688534,0.583251953125,0.027214266059931554,0.008866990803439589,57,0.02971764664346337,0.3634313901212177,0.21259047780054563,-0.00274658203125,1.0,0.09954419821776678,0.0,0.023831253162099164,1.0
hetero,14,0.33960013695911856,0.58599853515625,0.6606105740447897,0.39528818637108887,0.5362548828125,0.02623401749975388,0.009047565765665377,64,0.035000217322195985,0.30924806144525313,0.2290701997294222,-0.04974365234375,1.0,0.05568804941197031,0.0,-0.03035207551386543,1.0
hetero,15,0.33960013695911856,0.58599853515625,0.5848924851846149,0.40670758038381116,0.5794677734375,0.027181004843175947,0.008092529509055311,55,0.036737542762507014,0.3151179152328053,0.21476648264396836,-0.00653076171875,1.0,0.0671074434246926,0.0,-0.024482221726313258,1.0
hetero,16,0.33960013695911856,0.58599853515625,0.5698318390656075,0.37181587113909687,0.571533203125,0.027620758128344892,0.0075417740685746,67,0.04285738758193233,0.2737783631048638,0.22828736718601092,-0.01446533203125,1.0,0.032215734179978306,1.0,-0.06582177385425475,0.0
hetero,17,0.33960013695911856,0.58599853515625,0.6279676934002775,0.46243008199813096,0.6011962890625,0.028189836055214808,0.008845289067999395,76,0.037750962230747497,0.38048553967541326,0.2475125231265192,0.01519775390625,1.0,0.1228299450390124,0.0,0.040885402716294705,1.0
hetero,18,0.33960013695911856,0.58599853515625,0.572905944425633,0.4411450597202403,0.5953369140625,0.028024216427387262,0.008323812293870216,62,0.03738641800747385,0.34985327137507694,0.22316201807395847,0.00933837890625,1.0,0.10154492276112176,0.0,0.010253134415958376,1.0
hetero,19,0.33960013695911856,0.58599853515625,0.5791972315771771,0.400634513133569,0.566650390625,0.027220145739018944,0.008428732719144683,78,0.0455107360738659,0.30815905870756866,0.18282748057291456,-0.01934814453125,1.0,0.061034376174450455,0.0,-0.0314410782515499,1.0
hetero,20,0.33960013695911856,0.58599853515625,0.6061846849564793,0.3883965776812769,0.5672607421875,0.026857183078990085,0.007983668110094048,77,0.040830902918139615,0.2942749843066804,0.22110944439134145,-0.01873779296875,1.0,0.04879644072215833,1.0,-0.04532515265243814,1.0
hetero,21,0.33960013695911856,0.58599853515625,0.5721697613624428,0.403954582452306,0.567138671875,0.027546677305436598,0.008455254232924994,73,0.039621768256296104,0.30725720032364623,0.22998154942627475,-0.01885986328125,1.0,0.06435444549318742,0.0,-0.03234293663547233,1.0
hetero,22,0.33960013695911856,0.58599853515625,0.5965156114634391,0.3987839030257766,0.579833984375,0.028186512092895827,0.007822324529407426,70,0.0394098392699208,0.30229446766892276,0.20200416173830021,-0.00616455078125,1.0,0.05918376606665804,0.0,-0.0373056692901958,1.0
hetero,23,0.33960013695911856,0.58599853515625,0.5885088207768105,0.44031998927580174,0.5941162109375,0.027482442462535596,0.008406510284567278,66,0.036228828875447996,0.35491787468331937,0.21777813169827134,0.00811767578125,1.0,0.10071985231668318,0.0,0.015317737724200808,1.0
hetero,24,0.33960013695911856,0.58599853515625,0.6160384702338424,0.40960964022287993,0.578857421875,0.02767377910477609,0.00819595590292268,70,0.04055477421697838,0.3138208412763388,0.19849739746234987,-0.00714111328125,1.0,0.07000950326376137,0.0,-0.025779295682779757,1.0
hetero,25,0.33960013695911856,0.58599853515625,0.6178900869249208,0.4050570328346563,0.56396484375,0.02767683601852315,0.008370501814040815,66,0.041431275888899735,0.3145831450528875,0.22740126044979456,-0.02203369140625,1.0,0.06545689587553777,0.0,-0.02501699190623108,1.0
hetero,26,0.33960013695911856,0.58599853515625,0.5906940599715096,0.43857936333632397,0.578369140625,0.028225151020766684,0.008683794675532758,70,0.035943918994649555,0.34513903138307417,0.18825410609431092,-0.00762939453125,1.0,0.09897922637720541,0.0,0.005538894423955609,1.0
hetero,27,0.33960013695911856,0.58599853515625,0.5820304194665763,0.4410882207603765,0.59375,0.027794566430907535,0.00834103956906654,49,0.03192580249474162,0.3599125321770298,0.19007728931024187,0.00775146484375,1.0,0.10148808380125796,0.0,0.020312395217911228,1.0
hetero,28,0.33960013695911856,0.58599853515625,0.5707485034028968,0.4332258653299256,0.5899658203125,0.028037923025280395,0.008379148741955209,59,0.03200473876971403,0.3460396653072498,0.21429823918056268,0.00396728515625,1.0,0.09362572837080702,0.0,0.006439528348131218,1.0
hetero,29,0.33960013695911856,0.58599853515625,0.6253228713893489,0.3785290751001559,0.546142578125,0.027262217012490302,0.00830534764967362,79,0.04113156345155996,0.28654836042401444,0.2225260904033356,-0.03985595703125,1.0,0.03892893814103732,1.0,-0.05305177653510412,1.0
hetero,30,0.33960013695911856,0.58599853515625,0.6283708365010034,0.4759549552165332,0.59619140625,0.027765178889019314,0.00897824529611713,53,0.030988455785597436,0.39994139314516003,0.19032920590317223,0.01019287109375,1.0,0.13635481825741463,0.0,0.06034125618604147,0.0
hetero,31,0.33960013695911856,0.58599853515625,0.5805382690637222,0.4003436662290908,0.578857421875,0.02735896961605021,0.007962967718908755,66,0.03820694840935913,0.30251555286077736,0.22073535145473294,-0.00714111328125,1.0,0.06074352926997223,0.0,-0.0370845840983412,1.0
hetero,32,0.33960013695911856,0.58599853515625,0.6333723796184118,0.42405210376392044,0.574951171875,0.02745909799249927,0.008795258204445546,66,0.03665874716133962,0.3374423952556358,0.2037561794593077,-0.01104736328125,1.0,0.08445196680480188,0.0,-0.002157741703482763,1.0
hetero,33,0.33960013695911856,0.58599853515625,0.6166353408412053,0.4205872690598691,0.5736083984375,0.028576848772338345,0.00853699112185679,72,0.04153944412439223,0.3288529841926565,0.2151302172953078,-0.01239013671875,1.0,0.08098713210075054,0.0,-0.010747152766462043,1.0
hetero,34,0.33960013695911856,0.58599853515625,0.5723911459401699,0.3844225336728344,0.5411376953125,0.026181545273312817,0.008473313218186762,62,0.0338912773752206,0.29662787436116944,0.20022732085276115,-0.04486083984375,1.0,0.04482239671371585,1.0,-0.04297226259794912,1.0
hetero,35,0.33960013695911856,0.58599853515625,0.5971482221395937,0.40738543505960934,0.5604248046875,0.027000351997840795,0.00866564166751388,60,0.03332504746618353,0.32119504735428767,0.18793604394348395,-0.02557373046875,1.0,0.06778529810049078,0.0,-0.018405089604830893,1.0
hetero,36,0.33960013695911856,0.58599853515625,0.6061860066092409,0.4353210338089889,0.5833740234375,0.02824102033507072,0.00863704751732457,64,0.03741613931336016,0.34735605095062844,0.14778936342904983,-0.00262451171875,1.0,0.09572089684987034,0.0,0.007755913991509877,1.0
hetero,37,0.33960013695911856,0.58599853515625,0.6346901904039385,0.44367000639200826,0.584228515625,0.02837557985880115,0.008704190597064124,70,0.03945673004405808,0.3510493478337251,0.2281546649475957,-0.00177001953125,1.0,0.1040698694328897,0.0,0.011449210874606541,1.0
hetero,38,0.33960013695911856,0.58599853515625,0.6086552900519729,0.41129772888364236,0.5751953125,0.028228829945281645,0.008403338810648456,74,0.03947339731003935,0.3167596480079195,0.23328231337965,-0.01080322265625,1.0,0.0716975919245238,0.0,-0.022840488951199056,1.0
hetero,39,0.33960013695911856,0.58599853515625,0.6118828790988438,0.4392584518165912,0.5830078125,0.02823796698726828,0.00851346813579874,64,0.03607448978408873,0.3500175529000911,0.23226260990772551,-0.00299072265625,1.0,0.09965831485747262,0.0,0.010417415940972563,1.0
hetero,40,0.33960013695911856,0.58599853515625,0.6081415794570888,0.41513303542276503,0.5733642578125,0.026746882895010062,0.008274690517009877,80,0.04244803687535132,0.32549458048309643,0.25167807326722696,-0.01263427734375,1.0,0.07553289846364647,0.0,-0.01410555647602213,1.0
hetero,41,0.33960013695911856,0.58599853515625,0.6207049265354715,0.40298694221496006,0.5633544921875,0.02680953984583999,0.00855833222355067,66,0.04180198843205903,0.3173342277290487,0.22308704052588063,-0.02264404296875,1.0,0.0633868052558415,0.0,-0.02226590923006988,1.0
hetero,42,0.33960013695911856,0.58599853515625,0.6042693035033538,0.4316871005844187,0.5828857421875,0.027753557074930817,0.008606442286308129,63,0.035596762017215774,0.3480824754522823,0.21736571381584574,-0.00311279296875,1.0,0.09208696362530017,0.0,0.008482338493163766,1.0
hetero,43,0.33960013695911856,0.58599853515625,0.6110151417005772,0.4460511477209098,0.578125,0.02736933206376746,0.008842616731706053,62,0.03312397447373308,0.3641333577876247,0.21675102480391836,-0.00787353515625,1.0,0.10645101076179125,0.0,0.02453322082850612,1.0
hetero,44,0.33960013695911856,0.58599853515625,0.5579782003014522,0.3704657782553607,0.537841796875,0.026038319745508357,0.00837291825665363,81,0.04015630698167086,0.27968477954839377,0.20821422197218742,-0.04815673828125,1.0,0.03086564129624214,1.0,-0.05991535741072479,0.0
hetero,45,0.33960013695911856,0.58599853515625,0.6403771978527713,0.4402026804083402,0.5777587890625,0.0271046321918961,0.008825660176417923,50,0.027726519014154852,0.35401443076715017,0.2403123997191854,-0.00823974609375,1.0,0.10060254344922165,0.0,0.014414293808031609,1.0
hetero,46,0.33960013695911856,0.58599853515625,0.5899427139167733,0.44925336921185577,0.58935546875,0.02718141803552,0.008606849765564667,62,0.03578229348212302,0.36938316185756487,0.22154243473505159,0.00335693359375,1.0,0.10965323225273721,0.0,0.02978302489844631,1.0
hetero,47,0.33960013695911856,0.58599853515625,0.5816453988257182,0.4448340906359094,0.60498046875,0.027458092616644236,0.008148779621028845,65,0.04038839910296559,0.35817770501902085,0.242112320943198,0.01898193359375,1.0,0.10523395367679084,0.0,0.018577568059902294,1.0
hetero,48,0.33960013695911856,0.58599853515625,0.589155400763253,0.44664305711357294,0.61767578125,0.028633158302653502,0.008194240629754608,67,0.04106062282049195,0.3613021171154019,0.18622643009638487,0.03167724609375,1.0,0.10704292015445438,0.0,0.02170198015628333,1.0
hetero,49,0.33960013695911856,0.58599853515625,0.6289253891350713,0.45903771352096545,0.587646484375,0.028235391166031906,0.009047751946748684,69,0.037190278729266134,0.3711473353872837,0.24049229728966173,0.00164794921875,1.0,0.11943757656184689,0.0,0.03154719842816517,1.0
hetero,50,0.33960013695911856,0.58599853515625,0.6611801698214665,0.4519632480457499,0.60888671875,0.029103698916954638,0.008416461559909319,60,0.03814052392645422,0.3687216857212718,0.2002063473866632,0.02288818359375,1.0,0.11236311108663133,0.0,0.029121548762153227,1.0
hetero,51,0.33960013695911856,0.58599853515625,0.5821797997535616,0.44284031953529357,0.60546875,0.027379159078591796,0.00812002805545768,64,0.03884357555989393,0.35856170635647355,0.22839435514727466,0.01947021484375,1.0,0.10324018257617501,0.0,0.018961569397354994,1.0
hetero,52,0.33960013695911856,0.58599853515625,0.5573391908831923,0.38846387559071827,0.5889892578125,0.028188883958522353,0.007612270314657574,52,0.03625097783968204,0.2954989360439134,0.22751064841913968,0.00299072265625,1.0,0.04886373863159971,1.0,-0.04410120091520514,1.0
hetero,53,0.33960013695911856,0.58599853515625,0.6110748171906248,0.4255542273127255,0.5858154296875,0.027861373623003345,0.008356116913059222,62,0.034419332024914456,0.33960377963667004,0.2033161749032769,-0.00018310546875,1.0,0.08595409035360696,0.0,3.642677551485285e-06,1.0
hetero,54,0.33960013695911856,0.58599853515625,0.5658804684990344,0.4248682114847249,0.6031494140625,0.028008791653821138,0.007856094795207116,77,0.04657904891137774,0.32752502756557256,0.21019512688220154,0.01715087890625,1.0,0.08526807452560636,0.0,-0.012075109393546002,1.0
hetero,55,0.33960013695911856,0.58599853515625,0.6388159294588903,0.43012214196280835,0.579833984375,0.027175779125642986,0.008534823385490404,65,0.0378026950136115,0.34581879124593395,0.21389308824208672,-0.00616455078125,1.0,0.09052200500368979,0.0,0.006218654286815395,1.0
hetero,56,0.33960013695911856,0.58599853515625,0.599849029535599,0.40519996655076174,0.5704345703125,0.02743997209021658,0.008432878532400354,73,0.03777682938758575,0.3193524793780599,0.21824164736172827,-0.01556396484375,1.0,0.06559982959164318,0.0,-0.020247657581058676,1.0
hetero,57,0.33960013695911856,0.58599853515625,0.6118609195374379,0.4843266298841487,0.62109375,0.02883882386757106,0.008798617235293647,86,0.043867728191582266,0.3997218060186363,0.23355507909896406,0.03509521484375,1.0,0.14472649292503015,0.0,0.06012166905951777,0.0
hetero,58,0.33960013695911856,0.58599853515625,0.6048146772863449,0.4358657614046678,0.5748291015625,0.02805878248038181,0.008836184121573162,51,0.029528983257052673,0.3523149999984055,0.2173235935062261,-0.01116943359375,1.0,0.09626562444554926,0.0,0.012714863039286928,1.0
hetero,59,0.33960013695911856,0.58599853515625,0.6396388687058315,0.41693581630481724,0.5853271484375,0.028089870903791548,0.008117313470310859,60,0.03698981386264028,0.32975062189902443,0.2280203720270479,-0.00067138671875,1.0,0.07733567934569868,0.0,-0.009849515060094127,1.0
hetero,60,0.33960013695911856,0.58599853515625,0.6097331767598692,0.43008480440838953,0.6044921875,0.029200622041795285,0.007975316364410045,57,0.037674330218355506,0.3394785487769105,0.17811021852615708,0.01849365234375,1.0,0.09048466744927097,0.0,-0.00012158818220803225,1.0
hetero,61,0.33960013695911856,0.58599853515625,0.5940607681078671,0.4376818067323433,0.5838623046875,0.02725538069437472,0.008505919043591605,57,0.032999350136632175,0.35607344549349296,0.21215080451429819,-0.00213623046875,1.0,0.09808166977322474,0.0,0.016473308534374398,1.0
hetero,62,0.33960013695911856,0.58599853515625,0.5883719908685693,0.4318201450242397,0.5732421875,0.02796145009622069,0.008731989804959874,57,0.03410139299614809,0.3438847195608655,0.20489524926354258,-0.01275634765625,1.0,0.09222000806512115,0.0,0.004284582601746967,1.0
hetero,63,0.33960013695911856,0.58599853515625,0.6280032840831736,0.43941909620752817,0.569580078125,0.028045766672273813,0.00900848156459685,60,0.03385138558428638,0.3574316699619998,0.20618064469855543,-0.01641845703125,1.0,0.09981895924840961,0.0,0.01783153300288126,1.0
hetero,64,0.33960013695911856,0.58599853515625,0.6336048832493554,0.458461934559134,0.588623046875,0.027653033050302776,0.008918195623829044,66,0.037154943885856793,0.3728093310357856,0.2211932822604583,0.00262451171875,1.0,0.11886179760001542,0.0,0.03320919407666706,1.0
hetero,65,0.33960013695911856,0.58599853515625,0.5830928166003136,0.41448403773371967,0.5748291015625,0.027570802992522105,0.008476080699652179,65,0.03723348914535048,0.32132983556443534,0.21650511003697118,-0.01116943359375,1.0,0.07488390077460111,0.0,-0.01827030139468322,1.0
hetero,66,0.33960013695911856,0.58599853515625,0.585286594448768,0.3888939404688218,0.5496826171875,0.028419191171528642,0.008408483893623211,65,0.04012797067370756,0.2942016661036799,0.22584308437828876,-0.03631591796875,1.0,0.04929380350970325,1.0,-0.04539847085543863,1.0
hetero,67,0.33960013695911856,0.58599853515625,0.6642279978407893,0.4788201403287472,0.6019287109375,0.028318137753137566,0.00910426043120133,61,0.03271052648947498,0.3985473183120225,0.1839038446549716,0.01593017578125,1.0,0.13922000336962864,0.0,0.05894718135290394,0.0
hetero,68,0.33960013695911856,0.58599853515625,0.6196119755101674,0.44745919804887424,0.55908203125,0.02696981350865214,0.009366400195161204,63,0.032888325142993814,0.36928319912887125,0.2347594097686593,-0.02691650390625,1.0,0.10785906108975568,0.0,0.029683062169752694,1.0
hetero,69,0.33960013695911856,0.58599853515625,0.6590068564443207,0.4422743258417018,0.5789794921875,0.027083287580144572,0.00883493037594565,68,0.03566877773824269,0.3595282342241501,0.2031819445936205,-0.00701904296875,1.0,0.10267418888258323,0.0,0.01992809726503153,1.0
hetero,70,0.33960013695911856,0.58599853515625,0.5595335698387488,0.42119214861685894,0.5989990234375,0.027945635444180043,0.007986492090854109,68,0.04187527660004736,0.3293138683898889,0.2249987202114594,0.01300048828125,1.0,0.08159201165774038,0.0,-0.01028626856922965,1.0
hetero,71,0.33960013695911856,0.58599853515625,0.5575419817367717,0.4177282610151053,0.599365234375,0.028798393466128006,0.007817590733619002,80,0.05029255694551804,0.3158385946247556,0.19844829450669643,0.01336669921875,1.0,0.07812812405598674,0.0,-0.02376154233436295,1.0
hetero,72,0.33960013695911856,0.58599853515625,0.6151453474051652,0.3871152672036267,0.5775146484375,0.028252232576915715,0.007717810057794614,70,0.04097599721564026,0.28189298006482133,0.23836960761698275,-0.00848388671875,1.0,0.04751513024450815,1.0,-0.05770715689429723,0.0
hetero,73,0.33960013695911856,0.58599853515625,0.5852649741914939,0.4090681359641369,0.5665283203125,0.027603723909969978,0.008338798634911963,58,0.0357069173422078,0.32572165159899585,0.24367946629408588,-0.01947021484375,1.0,0.06946799900501832,0.0,-0.013878485360122705,1.0
hetero,74,0.33960013695911856,0.58599853515625,0.5766726286574658,0.43120163598144656,0.587890625,0.029283882989143094,0.008521092897382962,49,0.03253208614421476,0.34342510929448034,0.19610227976692843,0.00189208984375,1.0,0.091601499022328,0.0,0.003824972335361776,1.0
hetero,75,0.33960013695911856,0.58599853515625,0.6010141321006077,0.4100882723156697,0.59765625,0.029443397902809858,0.007934504294010753,69,0.03974112071380257,0.31464702139254874,0.21290112358493196,0.01165771484375,1.0,0.07048813535655113,0.0,-0.024953115566569817,1.0
hetero,76,0.33960013695911856,0.58599853515625,0.6391658630752647,0.48356919988880254,0.609619140625,0.0291570737785311,0.008904956938856238,58,0.03244643000641823,0.400856999506833,0.20339415121504945,0.02362060546875,1.0,0.14396906292968398,0.0,0.06125686254771445,0.0
hetero,77,0.33960013695911856,0.58599853515625,0.6354159035095972,0.46236725998870587,0.5765380859375,0.028422319214970456,0.009209606583970673,61,0.03335460356412866,0.37751083639692934,0.2219789533881493,-0.00946044921875,1.0,0.12276712302958731,0.0,0.03791069943781078,1.0
hetero,78,0.33960013695911856,0.58599853515625,0.5430177601951724,0.42355729157946753,0.6214599609375,0.02902174531674445,0.0075095656955743864,57,0.03909751639786251,0.3276921353823522,0.224452065864005,0.03546142578125,1.0,0.08395715462034897,0.0,-0.011908001576766358,1.0
hetero,79,0.33960013695911856,0.58599853515625,0.6111990791981345,0.4947250367669066,0.6239013671875,0.02912449438954813,0.008584938744101343,61,0.035954047122632504,0.41703576548306237,0.1948756531606023,0.03790283203125,1.0,0.15512489980778804,0.0,0.07743562852394381,0.0
hetero,80,0.33960013695911856,0.58599853515625,0.6790165061725589,0.4914675441972059,0.60595703125,0.028808910049288202,0.009186112662606528,69,0.03505112691505276,0.4117636309849325,0.22240296955997088,0.01995849609375,1.0,0.15186740723808734,0.0,0.07216349402581396,0.0
hetero,81,0.33960013695911856,0.58599853515625,0.5881245916311276,0.40239986401840905,0.593994140625,0.027682080804739648,0.00782893090678086,58,0.03899363844370891,0.31338454367654833,0.21262562292891618,0.00799560546875,1.0,0.06279972705929049,0.0,-0.026215593282570226,1.0
hetero,82,0.33960013695911856,0.58599853515625,0.574138649888219,0.3603362695718831,0.5452880859375,0.026484837350683042,0.0079593470771986,79,0.04566452728421756,0.25497571894893617,0.23081229045563573,-0.04071044921875,1.0,0.020736132612764524,1.0,-0.08462441801018239,0.0
hetero,83,0.33960013695911856,0.58599853515625,0.557208588524356,0.41833227336697654,0.5887451171875,0.028148758982264408,0.008102368224072731,67,0.04250685830568596,0.32924200838183126,0.17209398078192537,0.00274658203125,1.0,0.07873213640785798,0.0,-0.010358128577287296,1.0
hetero,84,0.33960013695911856,0.58599853515625,0.6390776035285508,0.4064636260839426,0.5550537109375,0.026161671053207557,0.008658193763066781,56,0.03428939247732438,0.32075627974823934,0.2049040300604602,-0.03094482421875,1.0,0.06686348912482404,0.0,-0.018843857210879222,1.0
hetero,85,0.33960013695911856,0.58599853515625,0.5886052178394,0.43696733512118047,0.5919189453125,0.02834566664645699,0.00837589992501538,58,0.03909956961940199,0.34985330439001994,0.19098954743257474,0.00592041015625,1.0,0.09736719816206191,0.0,0.010253167430901378,1.0
hetero,86,0.33960013695911856,0.58599853515625,0.5773991201367258,0.4070466358798361,0.5767822265625,0.027759986436063377,0.008266353517004598,72,0.03723939004913567,0.31220198656945397,0.23556227078987121,-0.00921630859375,1.0,0.06744649892071752,0.0,-0.02739815038966459,1.0
hetero,87,0.33960013695911856,0.58599853515625,0.6395497563508276,0.4131449168527196,0.5833740234375,0.028410873069166776,0.00826656344296722,55,0.03281302792073334,0.32605859168113854,0.22233841429963722,-0.00262451171875,1.0,0.07354477989360103,0.0,-0.013541545277980016,1.0
hetero,88,0.33960013695911856,0.58599853515625,0.6414633526004865,0.40916049047935743,0.5601806640625,0.027297536037111655,0.008837243582525104,51,0.03271006024467001,0.3301766658423019,0.21617639638416405,-0.02581787109375,1.0,0.06956035352023887,0.0,-0.009423471116816684,1.0
hetero,89,0.33960013695911856,0.58599853515625,0.5979496514190409,0.42721714813172945,0.59521484375,0.028019403077131716,0.00818492942622726,66,0.03868033737124546,0.34006743215158486,0.20928409489570163,0.00921630859375,1.0,0.08761701117261089,0.0,0.00046729519246629936,1.0
hetero,90,0.33960013695911856,0.58599853515625,0.6730863591689291,0.48570938821133874,0.6021728515625,0.029035130935724084,0.009209343239458654,62,0.0368517994808731,0.4013118907399113,0.22986772211974996,0.01617431640625,1.0,0.14610925125222018,0.0,0.061711753780792744,0.0
hetero,91,0.33960013695911856,0.58599853515625,0.6130461395201435,0.4258281640111409,0.5694580078125,0.02686261944842758,0.008715377483020618,66,0.03403164623178628,0.3409475634052504,0.21179700204274798,-0.01654052734375,1.0,0.08622802705202232,0.0,0.0013474264461318386,1.0
hetero,92,0.33960013695911856,0.58599853515625,0.5901580444106346,0.43441290033452906,0.5748291015625,0.027381459163872784,0.00890742249967584,65,0.03382721549946274,0.3535494888669639,0.20458560219433952,-0.01116943359375,1.0,0.0948127633754105,0.0,0.013949351907845353,1.0
hetero,93,0.33960013695911856,0.58599853515625,0.6354897368838829,0.474655821918362,0.6102294921875,0.0292076069767594,0.008534165195409229,70,0.03665748814484261,0.3826155189191097,0.22934214376330755,0.02423095703125,1.0,0.13505568495924342,0.0,0.04301538195999116,1.0
hetero,94,0.33960013695911856,0.58599853515625,0.6021803641723206,0.412776368533887,0.560791015625,0.02788967334138883,0.008689189003723752,80,0.042130584027386196,0.3090754525493496,0.2200814174536708,-0.02520751953125,1.0,0.07317623157476844,0.0,-0.030524684409768965,1.0
hetero,95,0.33960013695911856,0.58599853515625,0.592207844436329,0.40405001505543653,0.5927734375,0.029046112417880153,0.007697192903559041,53,0.03891525793765184,0.30970043673550607,0.2113486628038117,0.00677490234375,1.0,0.06444987809631797,0.0,-0.02989970022361249,1.0
hetero,96,0.33960013695911856,0.58599853515625,0.6159188461089932,0.432092671811946,0.5931396484375,0.028381324467283787,0.00852904941722684,64,0.03733127412380616,0.3297594586596849,0.2265778456228068,0.00714111328125,1.0,0.09249253485282743,0.0,-0.009840678299433636,1.0
hetero,97,0.33960013695911856,0.58599853515625,0.5925131531657306,0.3979838504664933,0.568603515625,0.027554512527895727,0.008322177871408843,87,0.0457493405916525,0.3069781621921509,0.22653113751488477,-0.01739501953125,1.0,0.05838371350737476,0.0,-0.032621974766967654,1.0
hetero,98,0.33960013695911856,0.58599853515625,0.6259302905031299,0.435629744889731,0.57666015625,0.028843935384626786,0.008818445307396216,65,0.03332770990757823,0.35111612902759237,0.18035740889363616,-0.00933837890625,1.0,0.09602960793061244,0.0,0.011515992068473813,1.0
hetero,99,0.33960013695911856,0.58599853515625,0.6274572296809396,0.37946172769640685,0.5496826171875,0.027029979117809674,0.008180156522757614,63,0.03720361113517215,0.28500913436007935,0.20814053141454542,-0.03631591796875,1.0,0.03986159073728829,1.0,-0.05459100259903921,0.0
hetero,100,0.33960013695911856,0.58599853515625,0.6611761197716061,0.4258170462959906,0.5526123046875,0.02596856404735408,0.009284525113826908,76,0.03686143708825272,0.34318629806186696,0.2105061943722047,-0.03338623046875,1.0,0.08621690933687204,0.0,0.0035861611027483975,1.0
hetero,101,0.33960013695911856,0.58599853515625,0.6145218110048747,0.45932360098816055,0.603759765625,0.028310153745094678,0.008696541954633631,71,0.03533941206889358,0.3713846486268576,0.18626583625477316,0.01776123046875,1.0,0.11972346402904199,0.0,0.031784511667739046,1.0
hetero,102,0.33960013695911856,0.58599853515625,0.6468062672934767,0.382257422155178,0.568115234375,0.02705657101103076,0.007999699375707374,51,0.03123141310846243,0.2976534714816268,0.21456227802984165,-0.01788330078125,1.0,0.042657285196059436,1.0,-0.04194666547749176,1.0
hetero,103,0.33960013695911856,0.58599853515625,0.5710615264458321,0.44934900263702626,0.6077880859375,0.02925570425154383,0.008239996750554281,69,0.036647245730916496,0.35650414578884065,0.2164498772100755,0.02178955078125,1.0,0.1097488656779077,0.0,0.016904008829722095,1.0
hetero,104,0.33960013695911856,0.58599853515625,0.6191855100387768,0.4576359698921807,0.5980224609375,0.029209574314498415,0.00869848047201758,66,0.03380860222450213,0.36968127056080774,0.2155508492701948,0.01202392578125,1.0,0.11803583293306213,0.0,0.03008113360168918,1.0
hetero,105,0.33960013695911856,0.58599853515625,0.6255923179669721,0.3975080704342129,0.57421875,0.028453636245388606,0.008007306420818646,58,0.03537375222340131,0.3030624504931149,0.2144818526089376,-0.01177978515625,1.0,0.05790793347509432,0.0,-0.03653768646600364,1.0
hetero,106,0.33960013695911856,0.58599853515625,0.6173395847592542,0.45769989733907745,0.5926513671875,0.02768991956354454,0.00869714464283392,67,0.03897403350763071,0.3707280373040659,0.23512181554646702,0.00665283203125,1.0,0.1180997603799589,0.0,0.031127900344947335,1.0
hetero,107,0.33960013695911856,0.58599853515625,0.5673295329673991,0.4040974317828131,0.579345703125,0.027687139193367467,0.008151936864672724,68,0.040012846489476867,0.31053591285493976,0.24706020566096823,-0.00665283203125,1.0,0.06449729482369454,0.0,-0.029064224104178804,1.0
hetero,108,0.33960013695911856,0.58599853515625,0.5956877264938074,0.4336964149509155,0.559814453125,0.02825648654877562,0.009038295821882323,62,0.03162994892751132,0.352108283215698,0.15456259986452794,-0.02618408203125,1.0,0.09409627799179693,0.0,0.012508146256579422,1.0
hetero,109,0.33960013695911856,0.58599853515625,0.6034855025073473,0.4151970639080025,0.5633544921875,0.026873700251083266,0.00874267895550043,66,0.033276701795118296,0.32855873828215876,0.23450576109504576,-0.02264404296875,1.0,0.07559692694888392,0.0,-0.011041398676959802,1.0
hetero,110,0.33960013695911856,0.58599853515625,0.5842091066224758,0.38944249370611284,0.5694580078125,0.027503741282550877,0.008163289888353176,59,0.037897540478527954,0.3010352470765607,0.24258132740099084,-0.01654052734375,1.0,0.049842356746994276,1.0,-0.03856488988255785,1.0
hetero,111,0.33960013695911856,0.58599853515625,0.6150175188127506,0.42438784381570416,0.6053466796875,0.029007282887310765,0.007936511501400878,66,0.038397176940036276,0.33847710748275084,0.23120041465654864,0.01934814453125,1.0,0.0847877068565856,0.0,-0.0011230294763677207,1.0
hetero,112,0.33960013695911856,0.58599853515625,0.6661111425914233,0.4128750326324012,0.5694580078125,0.027504007864010287,0.008556253277483671,60,0.037072578475783276,0.32170733418735287,0.1962257144632165,-0.01654052734375,1.0,0.07327489567328266,0.0,-0.017892802771765692,1.0
hetero,113,0.33960013695911856,0.58599853515625,0.6106472786356714,0.42956848425021,0.5933837890625,0.02860345951110931,0.00825684726525727,80,0.0447627169209304,0.33413046106315625,0.1874001731168205,0.00738525390625,1.0,0.08996834729109143,0.0,-0.0054696758959623115,1.0
hetero,114,0.33960013695911856,0.58599853515625,0.6524287922936444,0.45570878418829963,0.61962890625,0.029385966218804443,0.008141749456698329,50,0.034888678664697914,0.3590498994796984,0.20200663325911422,0.03363037109375,1.0,0.11610864722918107,0.0,0.01944976252057984,1.0
hetero,115,0.33960013695911856,0.58599853515625,0.5976435387161569,0.4324575714787159,0.58447265625,0.02743890870966672,0.008746217775272366,63,0.033981569604893146,0.34903331680716976,0.23398732654888768,-0.00152587890625,1.0,0.09285743451959733,0.0,0.009433179848051199,1.0
hetero,116,0.33960013695911856,0.58599853515625,0.5939309078204398,0.413920943740438,0.576904296875,0.02655616968782754,0.0084269155701031,50,0.030986547745497445,0.33586984571859024,0.21696330401110736,-0.00909423828125,1.0,0.07432080678131942,0.0,-0.003730291240528316,1.0
hetero,117,0.33960013695911856,0.58599853515625,0.5554433605813902,0.42843235836496,0.6063232421875,0.028462034570238895,0.00789891846904258,59,0.036173037892853595,0.33824100613253916,0.2324370321819696,0.02032470703125,1.0,0.08883222140584146,0.0,-0.0013591308265794022,1.0
hetero,118,0.33960013695911856,0.58599853515625,0.5972992642875663,0.40958359705678904,0.5655517578125,0.027636575897300442,0.008443696188512857,52,0.033967820292974786,0.3286336023520935,0.21898276407247122,-0.02044677734375,1.0,0.06998346009767048,0.0,-0.010966534607025069,1.0
hetero,119,0.33960013695911856,0.58599853515625,0.5734100345614207,0.4223724269704553,0.5750732421875,0.027062521328740322,0.008543143615580524,57,0.03087414235693474,0.3409043100423984,0.2151060414972336,-0.01092529296875,1.0,0.08277229001133674,0.0,0.001304173083279847,1.0
hetero,120,0.33960013695911856,0.58599853515625,0.5868679354198442,0.42810754424298925,0.5855712890625,0.028546149984084737,0.008547937787018196,62,0.034449565929961776,0.34789189398545095,0.2200512634173611,-0.00042724609375,1.0,0.08850740728387069,0.0,0.008291757026332391,1.0
hetero,121,0.33960013695911856,0.58599853515625,0.5938069968729647,0.4541642680820265,0.6048583984375,0.02750889431274868,0.008435685756913443,79,0.04065158638094532,0.3675382128043323,0.19663963881304342,0.01885986328125,1.0,0.11456413112290792,0.0,0.02793807584521374,1.0
hetero,122,0.33960013695911856,0.58599853515625,0.6237414229070634,0.40704489293474777,0.56640625,0.027455984494261235,0.008480894677724112,51,0.030729945268899297,0.32044093443859034,0.1969937039437161,-0.01959228515625,1.0,0.06744475597562921,0.0,-0.019159202520528218,1.0
hetero,123,0.33960013695911856,0.58599853515625,0.6511447201622117,0.4158871970123483,0.5679931640625,0.028309580438815655,0.0085695806077041,67,0.037705954980934424,0.32300490917551616,0.23673217886522144,-0.01800537109375,1.0,0.07628706005322972,0.0,-0.016595227783602395,1.0
hetero,124,0.33960013695911856,0.58599853515625,0.6515217920760796,0.4426389182111231,0.5574951171875,0.027548491099745928,0.009349247933141892,77,0.040951987533670825,0.35216899264847557,0.2079311379596127,-0.02850341796875,1.0,0.10303878125200455,0.0,0.012568855689357006,1.0
hetero,125,0.33960013695911856,0.58599853515625,0.5824476945768288,0.382692254418373,0.5494384765625,0.026775780429692794,0.008321416083287701,79,0.04267772188225057,0.29091479266843934,0.22199735397196238,-0.03656005859375,1.0,0.04309211745925445,1.0,-0.04868534429067922,1.0
hetero,126,0.33960013695911856,0.58599853515625,0.5083306241166734,0.39763009797274657,0.549560546875,0.026948338796514204,0.008405895311482873,73,0.03713393895614715,0.3118095713984774,0.22328214149719222,-0.03643798828125,1.0,0.058029961013628006,0.0,-0.027790565560641134,1.0
hetero,127,0.33960013695911856,0.58599853515625,0.5816466562852021,0.42321661519996456,0.587158203125,0.02813228012763512,0.00808537958686618,69,0.04045248635669361,0.33024060158071344,0.20832785505018778,0.00115966796875,1.0,0.083616478240846,0.0,-0.009359535378405115,1.0
hetero,128,0.33960013695911856,0.58599853515625,0.6199761256009332,0.4202698124805597,0.5855712890625,0.02803383742267386,0.00832171614103774,53,0.032484799736133066,0.33462935145961265,0.2194876790699628,-0.00042724609375,1.0,0.08066967552144116,0.0,-0.004970785499505914,1.0
hetero,129,0.33960013695911856,0.58599853515625,0.5889348948226345,0.4056441403684762,0.5716552734375,0.027630764413769153,0.00838786052190756,67,0.0392677788910371,0.31896447919191107,0.23286766976706968,-0.01434326171875,1.0,0.06604400340935762,0.0,-0.020635657767207494,1.0
hetero,130,0.33960013695911856,0.58599853515625,0.6578784145478369,0.43353187630424134,0.5589599609375,0.027382254700487052,0.00925193004884715,57,0.032564888596880955,0.35770013701443754,0.23403922142911535,-0.02703857421875,1.0,0.09393173934512278,0.0,0.018100000055318977,1.0
hetero,131,0.33960013695911856,0.58599853515625,0.5947262530434265,0.405911712661428,0.554931640625,0.026430033594619894,0.008675352811544013,54,0.033842262965269834,0.3233062360570643,0.21028088914764986,-0.03106689453125,1.0,0.06631157570230944,0.0,-0.016293900902054237,1.0
hetero,132,0.33960013695911856,0.58599853515625,0.6249312425937382,0.4077506484732663,0.5814208984375,0.027398176910429124,0.008301714160605546,45,0.02696541494269601,0.3291831006806928,0.20767563073662795,-0.00457763671875,1.0,0.06815051151414775,0.0,-0.010417036278425773,1.0
hetero,133,0.33960013695911856,0.58599853515625,0.6396331690539484,0.4573526719834259,0.591064453125,0.02817333768876009,0.008746923471875721,64,0.03705600248677306,0.3685408497244228,0.21018337284599795,0.00506591796875,1.0,0.11775253502430733,0.0,0.028940712765304244,1.0
hetero,134,0.33960013695911856,0.58599853515625,0.6039144058482333,0.39498102827567644,0.56591796875,0.02704688399126235,0.008066434855044949,46,0.03177795983113007,0.3068586203973706,0.23092646052071175,-0.02008056640625,1.0,0.05538089131655788,0.0,-0.03274151656174795,1.0
hetero,135,0.33960013695911856,0.58599853515625,0.5773317618608783,0.39113085538013104,0.56103515625,0.028099208342135695,0.007975922145831312,66,0.040292747946209705,0.2922588125394827,0.23624179153145017,-0.02496337890625,1.0,0.05153071842101248,1.0,-0.047341324419635844,1.0
hetero,136,0.33960013695911856,0.58599853515625,0.5495804316334608,0.47268115880397943,0.6177978515625,0.029261282542783703,0.008383647731150013,56,0.0352715598490296,0.38630861246652637,0.22678154198982775,0.03179931640625,1.0,0.13308102184486087,0.0,0.04670847550740781,1.0
hetero,137,0.33960013695911856,0.58599853515625,0.6151958443129528,0.44300550940934147,0.587890625,0.028431649002410225,0.008683049259985857,56,0.03363469583985949,0.35936136801562346,0.22125747679796007,0.00189208984375,1.0,0.10340537245022291,0.0,0.019761231056504902,1.0
hetero,138,0.33960013695911856,0.58599853515625,0.6150924533242293,0.42120587044650926,0.6004638671875,0.029185404718553323,0.00795291335183787,60,0.03874955954412548,0.3281236597688547,0.2352456031396274,0.01446533203125,1.0,0.0816057334873907,0.0,-0.011476477190263845,1.0
hetero,139,0.33960013695911856,0.58599853515625,0.5916669298074959,0.37600090697591215,0.5784912109375,0.028844985725401093,0.007486734333474444,65,0.045464167589721854,0.27179301907069686,0.2265580035581821,-0.00750732421875,1.0,0.03640077001679359,1.0,-0.0678071178884217,0.0
hetero,140,0.33960013695911856,0.58599853515625,0.6266729696352281,0.5029933948737293,0.631103515625,0.028183323428508936,0.008537346481954373,63,0.0352897857880129,0.41837078336583505,0.2121470859708295,0.04510498046875,1.0,0.16339325791461073,0.0,0.0787706464067165,0.0
hetero,141,0.33960013695911856,0.58599853515625,0.5802499207515892,0.3758766521186504,0.5555419921875,0.026469205878709864,0.008062093298081906,54,0.03407351781677861,0.28845320447755035,0.21169560155424544,-0.03045654296875,1.0,0.03627651515953184,1.0,-0.05114693248156821,1.0
hetero,142,0.33960013695911856,0.58599853515625,0.6350685899290137,0.41706565228358616,0.575439453125,0.02711063999426712,0.008467977510460635,66,0.03981946254414657,0.31948152811784103,0.2365031503818765,-0.01055908203125,1.0,0.0774655153244676,0.0,-0.02011860884127753,1.0
hetero,143,0.33960013695911856,0.58599853515625,0.6098899289637019,0.4419257421488646,0.58154296875,0.02736527505812735,0.008738532143977849,61,0.037260733351398234,0.34955796583773463,0.22578106130153622,-0.00445556640625,1.0,0.10232560518974604,0.0,0.00995782887861607,1.0
hetero,144,0.33960013695911856,0.58599853515625,0.6463882624881562,0.4890096725695946,0.589111328125,0.028883603421468704,0.009251515080610681,63,0.03617503387727752,0.4038275176084974,0.2266031979327082,0.00311279296875,1.0,0.14940953561047604,0.0,0.06422738064937883,0.0
hetero,145,0.33960013695911856,0.58599853515625,0.6854560533514737,0.4643468491779251,0.59912109375,0.02780226217516844,0.00881364258776081,59,0.03266836181246434,0.38431719264008035,0.23081603062818173,0.01312255859375,1.0,0.12474671221880657,0.0,0.04471705568096179,1.0
hetero,146,0.33960013695911856,0.58599853515625,0.6083793520499847,0.45326928486522183,0.5977783203125,0.02838210148539541,0.008439510473536638,58,0.03366460882460124,0.37233085935690213,0.2455864859652095,0.01177978515625,1.0,0.11366914790610327,0.0,0.032730722397783574,1.0
hetero,147,0.33960013695911856,0.58599853515625,0.6424886626690417,0.4145959744155881,0.5682373046875,0.028252845763610212,0.00832326271338956,69,0.035907927072311045,0.322100179647876,0.22755563124422265,-0.01776123046875,1.0,0.07499583745646954,0.0,-0.017499957311242542,1.0
hetero,148,0.33960013695911856,0.58599853515625,0.6182084376309567,0.43751098489427886,0.5819091796875,0.027819672123366827,0.008611728975084,51,0.03340203489443975,0.3543157497515539,0.19913859753221283,-0.00408935546875,1.0,0.0979108479351603,0.0,0.014715612792435329,1.0
hetero,149,0.33960013695911856,0.58599853515625,0.6312978583437291,0.422544442840667,0.59619140625,0.027363002541627903,0.00800026578449733,61,0.038859389442591125,0.3337572182349302,0.20359707271388164,0.01019287109375,1.0,0.08294430588154844,0.0,-0.005842918724188351,1.0
share85,0,1.0586294844252258,0.954071044921875,0.6223697617640588,1.1044631949072996,0.885498046875,0.03488742705882731,0.008744935783418336,42,0.031909546434124476,1.0580579286214224,0.1750358724781009,-0.068572998046875,0.0,0.04583371048207385,1.0,-0.0005715558038033031,1.0
share85,1,1.0586294844252258,0.954071044921875,0.6092190444417492,1.0911295392990943,0.8779296875,0.035116815023034806,0.008843966009912694,39,0.027378348593552645,1.0451788439049345,0.2042509511584249,-0.076141357421875,0.0,0.032500054873868534,1.0,-0.013450640520291213,1.0
share85,2,1.0586294844252258,0.954071044921875,0.5967182283161617,1.091514423363313,0.8720703125,0.03507862310142487,0.009182803542036318,30,0.02281597195979938,1.04786756640851,0.21920641455872034,-0.082000732421875,0.0,0.032884938938087194,1.0,-0.010761918016715777,1.0
share85,3,1.0586294844252258,0.954071044921875,0.6145047870606829,1.0878445628368691,0.88232421875,0.03592265842443823,0.00857835520903043,38,0.032300528814680166,1.0416139680601466,0.2220154676054399,-0.071746826171875,0.0,0.02921507841164339,1.0,-0.017015516365079142,1.0
share85,4,1.0586294844252258,0.954071044921875,0.6040718060789175,1.0878387709735593,0.8973388671875,0.034953409669771375,0.008223291041628299,26,0.02302095829771402,1.049601898689461,0.19547607386530377,-0.056732177734375,0.0,0.029209286548333546,1.0,-0.009027585735764676,1.0
share85,5,1.0586294844252258,0.954071044921875,0.5527608617952953,1.0961134787065723,0.8970947265625,0.03607514024072077,0.008260487473257062,30,0.0272589851298294,1.0552892547736958,0.2094982626732316,-0.056976318359375,0.0,0.03748399428134652,1.0,-0.0033402296515299135,1.0
share85,6,1.0586294844252258,0.954071044921875,0.5500937586352581,1.0838961354253935,0.904052734375,0.035380689584207134,0.008124532516428513,23,0.020589771287587245,1.0465408638477762,0.2009225492520776,-0.050018310546875,0.0,0.025266651000167784,1.0,-0.012088620577449527,1.0
share85,7,1.0586294844252258,0.954071044921875,0.5984065288938771,1.098684884745832,0.9073486328125,0.035379417284444895,0.008036001610227541,25,0.02379061017142894,1.0620499603656517,0.22208079938328032,-0.046722412109375,0.0,0.04005540032060617,1.0,0.0034204759404259377,1.0
share85,8,1.0586294844252258,0.954071044921875,0.6155701858929656,1.10163915836887,0.879638671875,0.03465002045987622,0.008903454551095246,31,0.023782541749521463,1.0600306759611133,0.22636060611810066,-0.074432373046875,0.0,0.0430096739436443,1.0,0.0014011915358875804,1.0
share85,9,1.0586294844252258,0.954071044921875,0.5924619213070943,1.032970430679333,0.8756103515625,0.036102952009932146,0.008398417522167865,40,0.03221168204140811,0.9798528354147206,0.21936611195484074,-0.078460693359375,0.0,-0.025659053745892724,1.0,-0.07877664901050518,0.0
share85,10,1.0586294844252258,0.954071044921875,0.5616910333236071,1.0879455306924584,0.912353515625,0.035960590301334645,0.00788859205846482,31,0.028439800958975185,1.0500279795954064,0.181409436814564,-0.041717529296875,1.0,0.02931604626723261,1.0,-0.008601504829819362,1.0
share85,11,1.0586294844252258,0.954071044921875,0.6089802060437253,1.1213531493068722,0.8984375,0.035842315432610815,0.008633014030927458,39,0.028325170087529574,1.0768309692869176,0.21541132062581886,-0.055633544921875,0.0,0.06272366488164649,1.0,0.01820148486169182,1.0
share85,12,1.0586294844252258,0.954071044921875,0.5667194742026508,1.0627384522806096,0.896240234375,0.03608630274672821,0.007971510037853497,26,0.02408227939761433,1.0272453832101784,0.22172523033351396,-0.057830810546875,0.0,0.004108967855383838,1.0,-0.03138410121504731,1.0
share85,13,1.0586294844252258,0.954071044921875,0.626174762146829,1.164642262664465,0.88916015625,0.034805571420125074,0.00908468262374952,28,0.02203852174561632,1.125750136808767,0.23640303066381269,-0.064910888671875,0.0,0.10601277823923927,0.0,0.06712065238354126,1.0
share85,14,1.0586294844252258,0.954071044921875,0.6210130992404007,1.1642689858431536,0.900634765625,0.036262491634974726,0.008649800338773089,15,0.01683199425043381,1.1293136992451644,0.2040141720509041,-0.053436279296875,0.0,0.10563950141792788,0.0,0.0706842148199387,1.0
share85,15,1.0586294844252258,0.954071044921875,0.598423506667599,1.1338550462449493,0.883056640625,0.035036158307132845,0.00906248483967346,25,0.019321047144625757,1.0991810855573123,0.23077557873058613,-0.071014404296875,0.0,0.07522556181972351,0.0,0.04055160113208656,1.0
share85,16,1.0586294844252258,0.954071044921875,0.5888111227687954,1.106334834550374,0.9072265625,0.03563080949955339,0.008229116539351685,23,0.0217689623682674,1.068573839377013,0.24011076001987858,-0.046844482421875,0.0,0.047705350125148316,1.0,0.009944354951787249,1.0
share85,17,1.0586294844252258,0.954071044921875,0.5991990955803674,1.137579379939794,0.90966796875,0.03658048651270296,0.00832828530130728,34,0.029694543296046823,1.0962680122407995,0.2280948471662517,-0.044403076171875,1.0,0.07894989551456821,0.0,0.03763852781557375,1.0
share85,18,1.0586294844252258,0.954071044921875,0.593923890053437,1.0819188667886592,0.8837890625,0.03513533297456738,0.008575723477782096,26,0.022350209407094326,1.0432251354221342,0.20362306622581933,-0.070281982421875,0.0,0.023289382363433475,1.0,-0.015404349003091511,1.0
share85,19,1.0586294844252258,0.954071044921875,0.5824941789789037,1.044114700617376,0.86181640625,0.035071953353146994,0.008931135549116875,36,0.025363849465429987,0.9967811171990019,0.20278012699832415,-0.092254638671875,0.0,-0.014514783807849652,1.0,-0.06184836722622389,1.0
share85,20,1.0586294844252258,0.954071044921875,0.6341135515759201,1.0891241259589377,0.914794921875,0.03558009772347697,0.007701931891551292,29,0.027786395793492853,1.0463387766619952,0.21119380477641284,-0.039276123046875,1.0,0.030494641533711953,1.0,-0.012290707763230602,1.0
share85,21,1.0586294844252258,0.954071044921875,0.6123227367440974,1.0862457088816493,0.895751953125,0.035478609624102854,0.008452189989731282,32,0.02679983530258799,1.0478007450506635,0.25146158237447724,-0.058319091796875,0.0,0.027616224456423533,1.0,-0.010828739374562302,1.0
share85,22,1.0586294844252258,0.954071044921875,0.5924429797360315,1.0905164289363438,0.8963623046875,0.035407088657490426,0.008327976124435497,38,0.031641788444587315,1.0490546997230816,0.2350107000911768,-0.057708740234375,1.0,0.031886944511118065,1.0,-0.009574784702144123,1.0
share85,23,1.0586294844252258,0.954071044921875,0.58827476263508,1.1250423314354832,0.9249267578125,0.036558168166763313,0.0076029643692238245,24,0.025401646140682667,1.0894907321989242,0.21077837656208612,-0.029144287109375,1.0,0.0664128470102574,1.0,0.030861247773698475,1.0
share85,24,1.0586294844252258,0.954071044921875,0.5888687545494442,1.031940788871953,0.87109375,0.03497735417950613,0.00862116042686438,43,0.02923965520089766,0.9829478167598428,0.24607781150121896,-0.082977294921875,0.0,-0.0266886955532728,1.0,-0.07568166766538298,0.0
share85,25,1.0586294844252258,0.954071044921875,0.6175508580684197,1.1539579540751752,0.913330078125,0.03682005285371249,0.008299219859707196,27,0.025819134391002474,1.1129724845441302,0.2227774778938497,-0.040740966796875,1.0,0.09532846964994945,0.0,0.05434300011890447,1.0
share85,26,1.0586294844252258,0.954071044921875,0.5469966656978446,1.0580951490529726,0.903564453125,0.03455617791177292,0.00772525305012965,35,0.03140321926313589,1.0136902873917049,0.1948350995604865,-0.050506591796875,1.0,-0.0005343353722531141,1.0,-0.044939197033520895,1.0
share85,27,1.0586294844252258,0.954071044921875,0.5913774368283155,1.109685958037875,0.9075927734375,0.03462483813130387,0.00810067094365828,23,0.021403599181446506,1.0744041708908618,0.20124980888936103,-0.046478271484375,0.0,0.05105647361264931,1.0,0.015774686465636067,1.0
share85,28,1.0586294844252258,0.954071044921875,0.6240363509229201,1.1039658214362524,0.900146484375,0.035578757752631286,0.008261214372028331,30,0.025786975515468456,1.0689472927941348,0.22946912042630138,-0.053924560546875,0.0,0.045336337011026684,1.0,0.010317808368909054,1.0
share85,29,1.0586294844252258,0.954071044921875,0.6528312364608794,1.0917462265935787,0.878173828125,0.034743941819680955,0.008914010278854967,34,0.025162238202073507,1.0506351713611195,0.22926535014463106,-0.075897216796875,0.0,0.03311674216835292,1.0,-0.007994313064106251,1.0
share85,30,1.0586294844252258,0.954071044921875,0.5576169611148076,1.0936690242363785,0.8936767578125,0.03524648776232088,0.008423094975847098,27,0.025050091358502384,1.050226078889394,0.22271057719066523,-0.060394287109375,0.0,0.03503953981115271,1.0,-0.008403405535831743,1.0
share85,31,1.0586294844252258,0.954071044921875,0.5866485703541009,1.0854968993058431,0.926513671875,0.03608569297442856,0.007320717194068316,27,0.02829951863478287,1.0493847325154555,0.20989537690592636,-0.027557373046875,1.0,0.02686741488061739,1.0,-0.009244751909770255,1.0
share85,32,1.0586294844252258,0.954071044921875,0.581928344211082,1.1127157801091099,0.898681640625,0.03547668358639804,0.008291804571074823,30,0.026306050997745738,1.076403654304778,0.23299201808054099,-0.055389404296875,0.0,0.05408629568388412,1.0,0.01777416987955216,1.0
share85,33,1.0586294844252258,0.954071044921875,0.5961721710374661,1.1339683093701396,0.8941650390625,0.03567966313329697,0.008683131431322814,39,0.029476379255721004,1.0914412246799836,0.22397822804159784,-0.059906005859375,0.0,0.07533882494491384,0.0,0.03281174025475786,1.0
share85,34,1.0586294844252258,0.954071044921875,0.6294278381015062,1.1817812697662022,0.9056396484375,0.03577371634941766,0.008707815497633938,33,0.02739422006040769,1.144402064189325,0.22431109206158406,-0.048431396484375,1.0,0.12315178534097648,0.0,0.08577257976409935,0.0
share85,35,1.0586294844252258,0.954071044921875,0.5757316409496087,1.0768404993310656,0.911865234375,0.036977168099016106,0.007730558561284092,30,0.029654322187981405,1.037327982636122,0.22230312694298415,-0.042205810546875,1.0,0.018211014905839873,1.0,-0.02130150178910384,1.0
share85,36,1.0586294844252258,0.954071044921875,0.605346829561731,1.1256370453522055,0.8895263671875,0.03472808311306085,0.008827291366334094,28,0.021999421230809797,1.0884816027820146,0.19744090542410045,-0.064544677734375,0.0,0.06700756092697979,1.0,0.029852118356788804,1.0
share85,37,1.0586294844252258,0.954071044921875,0.5932089184663388,1.1900945663946487,0.90087890625,0.03552314447594568,0.008746881586144369,33,0.0271518793219049,1.1537282581587462,0.22072019535677562,-0.053192138671875,1.0,0.13146508196942297,0.0,0.09509877373352049,0.0
share85,38,1.0586294844252258,0.954071044921875,0.6386735873080535,0.9918654465276437,0.86572265625,0.036082901901299584,0.00849054533398612,28,0.02406982549306227,0.9425336367582311,0.1866372656884408,-0.088348388671875,0.0,-0.06676403789758201,1.0,-0.11609584766699466,0.0
share85,39,1.0586294844252258,0.954071044921875,0.5285840543459288,1.0659012527806382,0.906982421875,0.036722225752304535,0.007815966091642658,23,0.023635744021474097,1.0258502649463477,0.19015989377577658,-0.047088623046875,0.0,0.0072717683554124335,1.0,-0.032779219478878074,1.0
share85,40,1.0586294844252258,0.954071044921875,0.6040124308011989,1.0559552665662184,0.888916015625,0.03538160658719976,0.008259669808985038,34,0.027535443428609845,1.0143526544014343,0.1895519917814703,-0.065155029296875,0.0,-0.002674217859007344,1.0,-0.04427683002379146,1.0
share85,41,1.0586294844252258,0.954071044921875,0.549057541515211,1.1376603053373047,0.9080810546875,0.03634521440685166,0.008382063729392807,20,0.020498070074679235,1.09907210323824,0.2287920995052696,-0.045989990234375,0.0,0.07903082091207891,0.0,0.04044261881301425,1.0
share85,42,1.0586294844252258,0.954071044921875,0.6272991085072244,1.0873106176267382,0.892333984375,0.03545788053138844,0.008376671804170469,31,0.02952734388301246,1.0462831905013286,0.20765929197893965,-0.061737060546875,0.0,0.028681133201512443,1.0,-0.01234629392389719,1.0
share85,43,1.0586294844252258,0.954071044921875,0.6311626470704127,1.1530921153438463,0.9072265625,0.034983518814778514,0.008314762815021352,26,0.024159730419855665,1.1144542568300944,0.219510892418888,-0.046844482421875,1.0,0.0944626309186205,0.0,0.055824772404868606,1.0
share85,44,1.0586294844252258,0.954071044921875,0.5854576893381993,1.1379591572148775,0.907958984375,0.03486679377570758,0.008190682554128218,23,0.021544825202109603,1.102617580270917,0.21649617754957562,-0.046112060546875,0.0,0.07932967278965175,0.0,0.0439880958456913,1.0
share85,45,1.0586294844252258,0.954071044921875,0.5685898815307772,1.104011358463597,0.9007568359375,0.036320398037666395,0.008246261890535542,32,0.02737244032987313,1.0617572765236996,0.21790989006968983,-0.053314208984375,1.0,0.04538187403837135,1.0,0.003127792098473803,1.0
share85,46,1.0586294844252258,0.954071044921875,0.5864493175257358,1.0975257290854263,0.8876953125,0.03521707823373544,0.008641896028466699,33,0.02736270576486724,1.0563203140068276,0.21233110273298048,-0.066375732421875,0.0,0.038896244660200585,1.0,-0.0023091704183981765,1.0
share85,47,1.0586294844252258,0.954071044921875,0.5507386127227489,1.1065734725026275,0.8909912109375,0.036606928427990876,0.00860096010280547,30,0.02542110854642929,1.0674232337548786,0.20349096397200367,-0.063079833984375,0.0,0.047943988077401745,1.0,0.008793749329652822,1.0
share85,48,1.0586294844252258,0.954071044921875,0.6106465882209633,1.1172354108381106,0.8916015625,0.03523672021508394,0.008609928746463302,39,0.02999972730301731,1.074667513616333,0.22528066803116623,-0.062469482421875,0.0,0.05860592641288487,1.0,0.016038029191107306,1.0
share85,49,1.0586294844252258,0.954071044921875,0.5485556327813568,1.0787882213975364,0.890869140625,0.036036497565454455,0.008306870990222788,31,0.026640527316226206,1.0343392836202068,0.16833174391174038,-0.063201904296875,0.0,0.02015873697231063,1.0,-0.02429020080501898,1.0
share85,50,1.0586294844252258,0.954071044921875,0.5445829207285814,1.1410261300253706,0.91552734375,0.035672232494696976,0.007942826107111875,24,0.022469992139269028,1.1047162628985385,0.20714318839848428,-0.038543701171875,1.0,0.08239664560014481,0.0,0.04608677847331277,1.0
share85,51,1.0586294844252258,0.954071044921875,0.6262964424042313,1.101632054208578,0.8895263671875,0.03576143038311907,0.008658978430793171,44,0.030931996842455012,1.0560767520418386,0.21127955816673613,-0.064544677734375,0.0,0.04300256978335226,1.0,-0.0025527323833871574,1.0
share85,52,1.0586294844252258,0.954071044921875,0.6751470372676044,1.0985318910240296,0.9012451171875,0.03565419758146088,0.008308543858433572,32,0.0248229104962021,1.0571345519792845,0.1843526152472461,-0.052825927734375,0.0,0.03990240659880384,1.0,-0.0014949324459412328,1.0
share85,53,1.0586294844252258,0.954071044921875,0.5598759092259081,1.0937583862680933,0.8955078125,0.03588879060758284,0.008451039144550386,31,0.026557816682571473,1.0531431339450126,0.21968691449591335,-0.058563232421875,0.0,0.035128901842867544,1.0,-0.005486350480213176,1.0
share85,54,1.0586294844252258,0.954071044921875,0.5973762362144275,1.0423653572809086,0.8785400390625,0.03516333781031069,0.008522342997445647,44,0.03428476460145623,0.9959402642329215,0.21308267072105577,-0.075531005859375,0.0,-0.01626412714431713,1.0,-0.06268922019230427,1.0
share85,55,1.0586294844252258,0.954071044921875,0.5946545036588066,1.147908714037119,0.909423828125,0.035491925061592745,0.008413930180070965,28,0.024463116519676063,1.1097603709333088,0.2224297096984503,-0.044647216796875,1.0,0.08927922961189316,0.0,0.05113088650808306,1.0
share85,56,1.0586294844252258,0.954071044921875,0.5179432152275789,1.1451537636619449,0.906494140625,0.034824749701054425,0.008350435585487355,24,0.02266989814581737,1.1122544447226452,0.21819072053958563,-0.047576904296875,0.0,0.08652427923671913,0.0,0.05362496029741948,1.0
share85,57,1.0586294844252258,0.954071044921875,0.6134968919189059,1.1298699701269719,0.9129638671875,0.036091577701926565,0.007999410648489956,25,0.023904594402501075,1.0951554373069414,0.22732364380999107,-0.041107177734375,1.0,0.07124048570174613,0.0,0.03652595288171567,1.0
share85,58,1.0586294844252258,0.954071044921875,0.5373020573704352,1.0875754135526337,0.899169921875,0.035049274681669296,0.008199765232028183,32,0.02706508512227195,1.0472744084943135,0.21624256258531152,-0.054901123046875,0.0,0.0289459291274079,1.0,-0.011355075930912228,1.0
share85,59,1.0586294844252258,0.954071044921875,0.5791364868289641,1.0804506333763824,0.8958740234375,0.03436785148143706,0.008174367665518385,32,0.02690985784132142,1.0372074608757411,0.2171949449841518,-0.058197021484375,0.0,0.02182114895115661,1.0,-0.021422023549484637,1.0
share85,60,1.0586294844252258,0.954071044921875,0.640861114002108,1.0815418098371015,0.86962890625,0.033752107544222025,0.00916674442311694,34,0.023807954957750548,1.041650402590408,0.2163427173978844,-0.084442138671875,0.0,0.02291232541187571,1.0,-0.016979081834817666,1.0
share85,61,1.0586294844252258,0.954071044921875,0.5839095409506181,1.0460646203286046,0.87353515625,0.035356741692433864,0.008551434133470924,33,0.026533597198955275,0.9990532629744646,0.21907003396712885,-0.080535888671875,0.0,-0.012564864096621164,1.0,-0.059576221450761135,1.0
share85,62,1.0586294844252258,0.954071044921875,0.6183318003839956,1.1601304978314246,0.92138671875,0.03605600407116276,0.008016264067936395,27,0.024319443041077436,1.1247341333808487,0.24273067013181726,-0.032684326171875,1.0,0.10150101340619888,0.0,0.06610464895562296,1.0
share85,63,1.0586294844252258,0.954071044921875,0.6166462837356955,1.1132482401204054,0.884765625,0.034316078048846115,0.008696607546104141,24,0.021326389059258155,1.0786423604702196,0.21155696657080006,-0.069305419921875,0.0,0.0546187556951796,1.0,0.0200128760449938,1.0
share85,64,1.0586294844252258,0.954071044921875,0.6626640023515225,1.1230915727605097,0.88720703125,0.036048600791777546,0.008877167627407664,26,0.023343865007644234,1.0883527822754195,0.21715731162361074,-0.066864013671875,0.0,0.064462088335284,1.0,0.029723297850193786,1.0
share85,65,1.0586294844252258,0.954071044921875,0.5533246347775077,1.099455588530566,0.910888671875,0.0366027767427752,0.007990753946218706,25,0.023224726707364668,1.063060117774365,0.20103812863405646,-0.043182373046875,1.0,0.040826104105340155,1.0,0.00443063334913929,1.0
share85,66,1.0586294844252258,0.954071044921875,0.6451821463398917,1.138221200718933,0.8966064453125,0.03551956821958068,0.008722369189061191,30,0.02258237193758453,1.100501070262186,0.23049295942863376,-0.057464599609375,0.0,0.0795917162937072,0.0,0.04187158583696027,1.0
share85,67,1.0586294844252258,0.954071044921875,0.6170178643406807,1.1303867526875004,0.913330078125,0.036730314592242144,0.008096686914876233,30,0.028286915945534476,1.0921578006560673,0.2302907608254957,-0.040740966796875,1.0,0.07175726826227469,1.0,0.033528316230841515,1.0
share85,68,1.0586294844252258,0.954071044921875,0.6070784220690691,1.150241262689375,0.9154052734375,0.03669670155056678,0.008141525165712926,31,0.028341615673719428,1.1143209860552383,0.2224422637290655,-0.038665771484375,1.0,0.09161177826414924,0.0,0.055691501630012574,1.0
share85,69,1.0586294844252258,0.954071044921875,0.5810988541727382,1.132589517807894,0.9119873046875,0.035683370104770844,0.008175758063826474,21,0.021220589638902772,1.095041184517417,0.21397789334263936,-0.042083740234375,0.0,0.07396003338266821,0.0,0.0364117000921913,1.0
share85,70,1.0586294844252258,0.954071044921875,0.6002355158232751,1.091583032020317,0.888916015625,0.03512377916047658,0.008505808146516077,32,0.02763164676597525,1.0534265068798805,0.23571208315291153,-0.065155029296875,0.0,0.03295354759509128,1.0,-0.0052029775453452665,1.0
share85,71,1.0586294844252258,0.954071044921875,0.5797318375644228,1.0867494473926382,0.9085693359375,0.03582531750624463,0.008026223187983213,29,0.027264595083002288,1.0459352781216253,0.24917104471752424,-0.045501708984375,1.0,0.028119962967412482,1.0,-0.012694206303600408,1.0
share85,72,1.0586294844252258,0.954071044921875,0.6096226709847834,1.103226382625656,0.88916015625,0.03658646067565206,0.00862321535730504,30,0.02596611175323354,1.0604226380335595,0.19351935461357972,-0.064910888671875,0.0,0.044596898200430335,1.0,0.001793153608333764,1.0
share85,73,1.0586294844252258,0.954071044921875,0.5945934193760819,1.0930323365939776,0.90283203125,0.03564002299603981,0.008073097040645998,32,0.029099109763497184,1.0523732086404247,0.19554915630067116,-0.051239013671875,1.0,0.03440285216875183,1.0,-0.006256275784801035,1.0
share85,74,1.0586294844252258,0.954071044921875,0.5625747847887269,1.1134961504779086,0.90771484375,0.03549385534836545,0.008162113981384207,30,0.02878319067265273,1.0729211293021024,0.22158004218625776,-0.046356201171875,1.0,0.054866666052682866,1.0,0.014291644876876619,1.0
share85,75,1.0586294844252258,0.954071044921875,0.6098506723416739,1.0866455786135178,0.8812255859375,0.03446235898103961,0.008568990083744744,32,0.026820965166441217,1.0434848374614034,0.22511613237552783,-0.072845458984375,0.0,0.028016094188292096,1.0,-0.015144646963822339,1.0
share85,76,1.0586294844252258,0.954071044921875,0.5798780092137924,1.1603764947414605,0.9146728515625,0.03561949098194701,0.008188081812552641,27,0.023516731523672344,1.1247259676556427,0.21649272920384058,-0.039398193359375,1.0,0.10174701031623479,0.0,0.06609648323041695,1.0
share85,77,1.0586294844252258,0.954071044921875,0.5965623588298586,1.0523025529450998,0.873046875,0.03443537858766691,0.008782304988299489,42,0.029999306850812,1.0077949823032515,0.21851267655426176,-0.081024169921875,0.0,-0.006326931480125975,1.0,-0.05083450212197427,1.0
share85,78,1.0586294844252258,0.954071044921875,0.5700936086943424,1.1132584113908897,0.888427734375,0.03495946592518303,0.008710569560425454,40,0.029486958789626278,1.0703809165739717,0.2150889308425559,-0.065643310546875,0.0,0.054628926965663904,1.0,0.011751432148745966,1.0
share85,79,1.0586294844252258,0.954071044921875,0.6028106005697677,1.097606197730224,0.9007568359375,0.037032941171758135,0.00826649719425696,29,0.026521581213035755,1.0569813335647673,0.2304257760600265,-0.053314208984375,0.0,0.0389767133049983,1.0,-0.0016481508604584416,1.0
share85,80,1.0586294844252258,0.954071044921875,0.6488788855441077,1.083480775357058,0.8759765625,0.035030597529371814,0.00883481778222522,31,0.025342049880427115,1.042167295041671,0.23243996344662116,-0.078094482421875,0.0,0.024851290931832137,1.0,-0.016462189383554815,1.0
share85,81,1.0586294844252258,0.954071044921875,0.5137519428339529,1.055434998546707,0.900390625,0.0342590877574905,0.008002739562529358,31,0.025549330078947254,1.0147726654688771,0.21843016794956996,-0.053680419921875,0.0,-0.0031944858785186714,1.0,-0.04385681895634863,1.0
share85,82,1.0586294844252258,0.954071044921875,0.5811063685244857,1.0857522609081498,0.89990234375,0.03593690381558944,0.008099524234924944,23,0.022627168346091905,1.0489598704041703,0.20783895958763937,-0.054168701171875,0.0,0.02712277648292405,1.0,-0.009669614021055484,1.0
share85,83,1.0586294844252258,0.954071044921875,0.5774675318740153,1.0692976401944678,0.866455078125,0.03495789912898412,0.009001732651495994,44,0.030664053291809032,1.0187386509808563,0.22083007193428295,-0.087615966796875,0.0,0.010668155769242071,1.0,-0.0398908334443695,1.0
share85,84,1.0586294844252258,0.954071044921875,0.6135186824741365,1.0856786184641658,0.891845703125,0.03399851948096188,0.008374277028078456,32,0.02680472814811876,1.047165459086754,0.2344428011869359,-0.062225341796875,0.0,0.027049134038940048,1.0,-0.011464025338471684,1.0
share85,85,1.0586294844252258,0.954071044921875,0.611899494669782,1.109230941222422,0.884033203125,0.03537390923973973,0.008814020026404936,40,0.030780350430885367,1.0657216414927762,0.21249224763236152,-0.070037841796875,0.0,0.05060145679719619,1.0,0.0070921570675503975,1.0
share85,86,1.0586294844252258,0.954071044921875,0.6234361826282545,1.1095251884525612,0.8822021484375,0.03430665464862237,0.008898734798406421,34,0.025714936195287242,1.0695381935668549,0.20635583936048957,-0.071868896484375,0.0,0.05089570402733545,1.0,0.010908709141629114,1.0
share85,87,1.0586294844252258,0.954071044921875,0.5943639476605814,1.0937139014303354,0.885986328125,0.035562838409143566,0.008656290355139911,34,0.027597680852842726,1.0516861435943106,0.19739671419422394,-0.068084716796875,0.0,0.03508441700510967,1.0,-0.00694334083091519,1.0
share85,88,1.0586294844252258,0.954071044921875,0.5897330333685791,1.010369238610138,0.87451171875,0.03572470340500412,0.008351578393082834,25,0.023541378939455106,0.9686831861294258,0.218446466455859,-0.079559326171875,0.0,-0.04826024581508781,1.0,-0.08994629829579992,0.0
share85,89,1.0586294844252258,0.954071044921875,0.5911808661010179,1.1267199874944902,0.9246826171875,0.03658309367867934,0.0076766152944057866,18,0.019923854331331915,1.0945486497304235,0.20394729414762208,-0.029388427734375,1.0,0.06809050306926445,1.0,0.03591916530519779,1.0
share85,90,1.0586294844252258,0.954071044921875,0.5898180587769105,1.1127130000522114,0.9013671875,0.0352693718087476,0.008234079320146241,30,0.025972221922585744,1.0769858196702593,0.20981591094241495,-0.052703857421875,0.0,0.054083515626985657,1.0,0.01835633524503355,1.0
share85,91,1.0586294844252258,0.954071044921875,0.6109624749686545,1.140157499381795,0.89501953125,0.036516238414012796,0.008718219603074215,23,0.020808425082152835,1.1014962923136176,0.21413237473690352,-0.059051513671875,0.0,0.08152801495656914,0.0,0.04286680788839181,1.0
share85,92,1.0586294844252258,0.954071044921875,0.6361127505118616,1.0573329841026557,0.8865966796875,0.03532941032055514,0.008336926602289027,29,0.02448205130130828,1.0182321843342128,0.1901054063505935,-0.067474365234375,0.0,-0.0012965003225700045,1.0,-0.040397300091012944,1.0
share85,93,1.0586294844252258,0.954071044921875,0.6186149058720322,1.1029243363893135,0.8946533203125,0.036268890884409016,0.00857500856062325,28,0.024413967035163006,1.0636823062566985,0.20891221357214945,-0.059417724609375,0.0,0.04429485196408778,1.0,0.005052821831472709,1.0
share85,94,1.0586294844252258,0.954071044921875,0.5581459700333139,1.0589451694959633,0.9102783203125,0.03684019190493805,0.007533857440664917,28,0.029397981071265154,1.0190185502313411,0.22279161304033834,-0.043792724609375,1.0,0.00031568507073753693,1.0,-0.03961093419388462,1.0
share85,95,1.0586294844252258,0.954071044921875,0.5405544670804571,1.120863879914662,0.911376953125,0.035671550881302895,0.008028741726237005,24,0.025845645293450403,1.082961066089302,0.20868274165001105,-0.042694091796875,1.0,0.06223439548943621,1.0,0.02433158166407634,1.0
share85,96,1.0586294844252258,0.954071044921875,0.5643832949617011,1.0964933286820433,0.89599609375,0.0361857689412121,0.008268838327190537,24,0.023174304988473286,1.0590656370513878,0.23047709689362061,-0.058074951171875,0.0,0.03786384425681755,1.0,0.0004361526261620341,1.0
share85,97,1.0586294844252258,0.954071044921875,0.6191017876054773,1.1550664519729987,0.925537109375,0.03686104603006027,0.007819643157302577,23,0.024348947728000652,1.1151260900735676,0.21965912721729858,-0.028533935546875,1.0,0.09643696754777298,0.0,0.0564966056483418,1.0
share85,98,1.0586294844252258,0.954071044921875,0.5530577755741931,1.0840166889106928,0.91552734375,0.03662335367737501,0.0077906210455056715,31,0.02670181913953848,1.0460420448491052,0.22985679449806107,-0.038543701171875,1.0,0.025387204485467052,1.0,-0.012587439576120518,1.0
share85,99,1.0586294844252258,0.954071044921875,0.5324405171267468,1.0302327017209252,0.894775390625,0.03526162189331712,0.00796593771808659,20,0.0205615116089157,0.9939650293782664,0.2249289654647888,-0.059295654296875,0.0,-0.02839678270430057,1.0,-0.06466445504695939,1.0
share85,100,1.0586294844252258,0.954071044921875,0.6466068043759641,1.0875712079620548,0.8743896484375,0.03501669154294005,0.008876911101008791,33,0.025566769642271177,1.0431377018948433,0.22468869379349857,-0.079681396484375,0.0,0.028941723536829,1.0,-0.015491782530382414,1.0
share85,101,1.0586294844252258,0.954071044921875,0.6124524626430018,1.0364783885739484,0.892822265625,0.03453365011234895,0.007904873441647666,29,0.02517618357865796,0.9923170183109592,0.24793009285041628,-0.061248779296875,0.0,-0.02215109585127739,1.0,-0.06631246611426656,1.0
share85,102,1.0586294844252258,0.954071044921875,0.6072863480968675,1.1214284784372368,0.8897705078125,0.03508172467849313,0.008669693046183629,31,0.024704887912163742,1.0805730956570716,0.24178326279375434,-0.064300537109375,0.0,0.06279899401201106,1.0,0.02194361123184585,1.0
share85,103,1.0586294844252258,0.954071044921875,0.6164187840495275,1.1362152987301697,0.9132080078125,0.034982228653089545,0.008094548279284937,31,0.02696081167521533,1.0995619656863682,0.22023546722515167,-0.040863037109375,1.0,0.07758581430494393,0.0,0.04093248126114246,1.0
share85,104,1.0586294844252258,0.954071044921875,0.5069525586998225,1.07793616521358,0.9051513671875,0.036153658453619245,0.007870848283880115,25,0.02612951249157065,1.0344691717702716,0.21437405888810016,-0.048919677734375,1.0,0.01930668078835418,1.0,-0.024160312654954108,1.0
share85,105,1.0586294844252258,0.954071044921875,0.6771392807344643,1.0719547609212117,0.8642578125,0.03461439642109041,0.009187329587998285,36,0.02541599724577264,1.0293825682474962,0.23219142238099943,-0.089813232421875,0.0,0.013325276495985916,1.0,-0.029246916177729565,1.0
share85,106,1.0586294844252258,0.954071044921875,0.5892372787865424,1.1264680761554695,0.898681640625,0.03638136246636755,0.008507753801637239,27,0.02416671656852425,1.0857509781817585,0.1685663278313034,-0.055389404296875,0.0,0.06783859173024376,1.0,0.027121493756532722,1.0
share85,107,1.0586294844252258,0.954071044921875,0.5997950163877152,1.1015145532607704,0.884521484375,0.03583158620814396,0.008895500780292682,24,0.020733060585139268,1.063263731995338,0.21263247046251949,-0.069549560546875,0.0,0.04288506883554466,1.0,0.0046342475701122154,1.0
share85,108,1.0586294844252258,0.954071044921875,0.5809476441967911,1.0815888780435674,0.895263671875,0.03573737007648616,0.008304465600589832,33,0.027918187525903033,1.0408789052531127,0.19461111891271932,-0.058807373046875,0.0,0.02295939361834165,1.0,-0.01775057917211309,1.0
share85,109,1.0586294844252258,0.954071044921875,0.5540800908229525,1.1092829400495756,0.9072265625,0.03590201585728464,0.008065344200629184,22,0.024002266430286107,1.0721368584503073,0.23169079710678453,-0.046844482421875,1.0,0.050653455624349863,1.0,0.013507374025081509,1.0
share85,110,1.0586294844252258,0.954071044921875,0.6032921844093888,1.0328983645905425,0.8843994140625,0.034420708580119856,0.008194112059142292,49,0.037631139122491726,0.9841341450734163,0.21834589335913349,-0.069671630859375,1.0,-0.025731119834683236,1.0,-0.07449533935180941,0.0
share85,111,1.0586294844252258,0.954071044921875,0.5454385940180356,1.1019756834612706,0.9290771484375,0.03626294367415003,0.0071884617077679035,21,0.025648684730048173,1.0660173924238907,0.21958497071166727,-0.024993896484375,1.0,0.04334619903604486,1.0,0.007387907998664955,1.0
share85,112,1.0586294844252258,0.954071044921875,0.5969696249740636,1.1072043683777792,0.888671875,0.036167444556184654,0.00875050293919564,31,0.026088219146667282,1.0653342191129334,0.18561418482491374,-0.065399169921875,0.0,0.048574883952553494,1.0,0.006704734687707603,1.0
share85,113,1.0586294844252258,0.954071044921875,0.6167579463615543,1.0222550678285856,0.8756103515625,0.03527831341715611,0.008408955364886159,21,0.02349062095385063,0.9804206565175649,0.19782371434653997,-0.078460693359375,0.0,-0.0363744165966402,1.0,-0.07820882790766082,0.0
share85,114,1.0586294844252258,0.954071044921875,0.6058799159613459,1.0889623510596773,0.8875732421875,0.0344776697080973,0.008588299969931592,34,0.02681927348924016,1.0479787749347251,0.20296850065316244,-0.066497802734375,0.0,0.03033286663445156,1.0,-0.01065070949050062,1.0
share85,115,1.0586294844252258,0.954071044921875,0.657879420867288,1.142874050211943,0.894287109375,0.035817263480942316,0.008805783912439233,25,0.023446592919503705,1.1031270826036625,0.20179707124920804,-0.059783935546875,0.0,0.08424456578671724,0.0,0.04449759817843679,1.0
share85,116,1.0586294844252258,0.954071044921875,0.5875902189834837,1.1132567992967315,0.884521484375,0.034731194523393315,0.008819262461909538,31,0.025989401521886522,1.0771008798380506,0.2185509745503299,-0.069549560546875,0.0,0.05462731487150574,1.0,0.01847139541282483,1.0
share85,117,1.0586294844252258,0.954071044921875,0.5678224329103625,1.0708752634335963,0.8941650390625,0.03593352319599829,0.008230665836905677,33,0.027170896837485043,1.02408620413693,0.19840112986774622,-0.059906005859375,0.0,0.012245779008370539,1.0,-0.034543280288295675,1.0
share85,118,1.0586294844252258,0.954071044921875,0.5746119063018978,1.106228156695951,0.89794921875,0.034122716335693956,0.008334713210425445,37,0.030656081803767415,1.0638350647270007,0.2140060068579903,-0.056121826171875,1.0,0.04759867227072534,1.0,0.005205580301774981,1.0
share85,119,1.0586294844252258,0.954071044921875,0.6031879328725516,1.1471158616065813,0.9114990234375,0.03478057186411141,0.008111175699004904,25,0.0212670036731377,1.1127554330775131,0.20528360908969392,-0.042572021484375,0.0,0.08848637718135555,0.0,0.05412594865228737,1.0
share85,120,1.0586294844252258,0.954071044921875,0.5801647712507036,1.1646463908045295,0.9266357421875,0.03780113321825941,0.007700269691612997,23,0.024357210472385444,1.1336232884299444,0.22716286536863242,-0.027435302734375,1.0,0.10601690637930372,0.0,0.07499380400471867,0.0
share85,121,1.0586294844252258,0.954071044921875,0.5945333293626645,1.0835891879651864,0.875,0.03417115311609504,0.009044758159103774,34,0.0233273519129962,1.0413201550912812,0.22101231772281685,-0.079071044921875,0.0,0.024959703539960687,1.0,-0.01730932933394458,1.0
share85,122,1.0586294844252258,0.954071044921875,0.6578328667782664,1.1036265497920859,0.8770751953125,0.035142533878836264,0.00901188590989081,36,0.02638041231842536,1.0588930809455512,0.2180276122604495,-0.076995849609375,0.0,0.0449970653668601,1.0,0.000263596520325482,1.0
share85,123,1.0586294844252258,0.954071044921875,0.6095948897301063,1.1223785768489907,0.89501953125,0.03541657772460146,0.008769110344850305,17,0.01733238689485051,1.0916749079038142,0.22532721473915085,-0.059051513671875,0.0,0.06374909242376492,1.0,0.03304542347858841,1.0
share85,124,1.0586294844252258,0.954071044921875,0.6001609443740681,1.1025277284538564,0.9068603515625,0.03623309862070141,0.007962423509951836,23,0.023795846145123437,1.0638546385243461,0.2012408647842096,-0.047210693359375,0.0,0.04389824402863063,1.0,0.005225154099120388,1.0
share85,125,1.0586294844252258,0.954071044921875,0.5290975056003595,1.0074705936451394,0.90234375,0.036674800225441825,0.007518808874319366,23,0.024402645514069624,0.9654441487664421,0.22924717782250328,-0.051727294921875,0.0,-0.0511588907800864,1.0,-0.09318533565878362,0.0
share85,126,1.0586294844252258,0.954071044921875,0.545809140823062,1.0883027602201243,0.891357421875,0.035473379035829006,0.008359085087878533,30,0.02720975820041068,1.0460195479813592,0.17633178511625353,-0.062713623046875,0.0,0.029673275794898535,1.0,-0.012609936443866543,1.0
share85,127,1.0586294844252258,0.954071044921875,0.5971561156036863,1.1386532975695687,0.9061279296875,0.03427055089898269,0.008278735278575113,24,0.022670934516145762,1.1052365969203262,0.21915548206002375,-0.047943115234375,0.0,0.08002381314434293,0.0,0.04660711249510041,1.0
share85,128,1.0586294844252258,0.954071044921875,0.5982739263761188,1.0854706124260791,0.883056640625,0.034912873034934934,0.008740783962766664,41,0.030673732170581867,1.0418985376563206,0.21259205449811586,-0.071014404296875,0.0,0.026841128000853365,1.0,-0.016730946768905186,1.0
share85,129,1.0586294844252258,0.954071044921875,0.5851838864293702,1.058831348098711,0.878662109375,0.03455036978206814,0.008805749109728265,37,0.027132693379071662,1.0197539703042036,0.22198693297277744,-0.075408935546875,0.0,0.00020186367348529188,1.0,-0.03887551412102219,1.0
share85,130,1.0586294844252258,0.954071044921875,0.570435554513543,1.0640321497749523,0.90380859375,0.03634364042966007,0.007979752442875267,41,0.03543121558460596,1.0220488044912395,0.22634846082942564,-0.050262451171875,1.0,0.005402665349726554,1.0,-0.03658067993398628,1.0
share85,131,1.0586294844252258,0.954071044921875,0.5755957619931114,1.1470517531155475,0.893798828125,0.03540248995876207,0.008956511350399574,43,0.031437629993989843,1.1060572829964281,0.1863518512246649,-0.060272216796875,1.0,0.08842226869032177,0.0,0.047427798571202384,1.0
share85,132,1.0586294844252258,0.954071044921875,0.5901023060886229,1.0489749554936436,0.8817138671875,0.03605288027985056,0.008442269016944321,28,0.027093249043113166,1.0051765985210452,0.1992624816373261,-0.072357177734375,0.0,-0.00965452893158214,1.0,-0.053452885904180514,1.0
share85,133,1.0586294844252258,0.954071044921875,0.6313589640750833,1.0611266920410118,0.9010009765625,0.0356007803642535,0.00798702102906418,20,0.020107844493790595,1.0257346071431857,0.2609586340118155,-0.053070068359375,0.0,0.00249720761578609,1.0,-0.0328948772820401,1.0
share85,134,1.0586294844252258,0.954071044921875,0.66958435389374,1.155799293241297,0.8905029296875,0.035350561196205284,0.008857975732867722,28,0.025537190249891498,1.1168635229160824,0.24387169969920577,-0.063568115234375,0.0,0.09716980881607129,0.0,0.05823403849085662,1.0
share85,135,1.0586294844252258,0.954071044921875,0.5955514224421251,1.125350135891185,0.899658203125,0.035787608807043764,0.008424094214398482,34,0.028142953110302963,1.0837039726842879,0.22086556922979303,-0.054412841796875,1.0,0.06672065146595929,1.0,0.02507448825906211,1.0
share85,136,1.0586294844252258,0.954071044921875,0.5647300329532633,1.0729206625570433,0.904541015625,0.03514786274820487,0.007999223736709925,28,0.02517202165271577,1.0308057043832453,0.17754106881779913,-0.049530029296875,0.0,0.014291178131817572,1.0,-0.027823780041980495,1.0
share85,137,1.0586294844252258,0.954071044921875,0.6184414380829327,1.0825044476659702,0.8804931640625,0.035324653131670075,0.008701241515777254,26,0.022034035012142496,1.0447864931945574,0.22065387755129956,-0.073577880859375,0.0,0.02387496324074445,1.0,-0.013842991230668344,1.0
share85,138,1.0586294844252258,0.954071044921875,0.5934558110155715,1.125574905261523,0.884521484375,0.035555174836517156,0.00907597216280244,24,0.02065950225710601,1.085402684888635,0.20351775437625202,-0.069549560546875,0.0,0.06694542083629718,1.0,0.02677320046340914,1.0
share85,139,1.0586294844252258,0.954071044921875,0.5692250686455484,1.1208991623113536,0.9239501953125,0.03638938254535831,0.007663166879955664,25,0.02770036567180935,1.0830116324759718,0.13675203939106728,-0.030120849609375,1.0,0.062269677886127806,1.0,0.02438214805074601,1.0
share85,140,1.0586294844252258,0.954071044921875,0.5889420269841746,1.075947450662328,0.885009765625,0.03468191348004941,0.008650294389196149,42,0.03227599852747201,1.0307995095734863,0.23639984074383844,-0.069061279296875,0.0,0.017317966237102356,1.0,-0.027829974851739436,1.0
share85,141,1.0586294844252258,0.954071044921875,0.608428063701411,1.0685949463170958,0.8740234375,0.03464904499607855,0.008927831784402354,26,0.020827451244609736,1.0267208663313758,0.15460999926912705,-0.080047607421875,0.0,0.009965461891870087,1.0,-0.03190861809384993,1.0
share85,142,1.0586294844252258,0.954071044921875,0.6228718746497569,1.0729544557906179,0.8905029296875,0.03601685476263024,0.008365465508385173,30,0.02755240009067252,1.033547047158429,0.23343364217988388,-0.063568115234375,0.0,0.014324971365392125,1.0,-0.02508243726679682,1.0
share85,143,1.0586294844252258,0.954071044921875,0.6159948133486282,1.1052378775038876,0.898681640625,0.0351035878604501,0.008385182129411434,29,0.0248925572837628,1.0647485193132928,0.21836558172024043,-0.055389404296875,0.0,0.046608393078661825,1.0,0.0061190348880670875,1.0
share85,144,1.0586294844252258,0.954071044921875,0.6453275712220206,1.1724517973711568,0.8953857421875,0.03548782724720748,0.008892446056790255,30,0.02396733342988234,1.1327250866624583,0.21054614624905635,-0.058685302734375,0.0,0.11382231294593104,0.0,0.07409560223723255,0.0
share85,145,1.0586294844252258,0.954071044921875,0.5422155886632964,1.1262594370134262,0.8992919921875,0.03610986370726218,0.008505000668116162,33,0.026989357189494943,1.0868257158343322,0.22105845887571565,-0.054779052734375,0.0,0.06762995258820048,1.0,0.02819623140910643,1.0
share85,146,1.0586294844252258,0.954071044921875,0.5649024397002987,1.1265146113643203,0.91796875,0.035721927785017794,0.00787274605185856,22,0.02364356143070774,1.0930215546558364,0.22991719315457557,-0.036102294921875,1.0,0.06788512693909454,1.0,0.03439207023061064,1.0
share85,147,1.0586294844252258,0.954071044921875,0.6057776922008004,1.1686940233070298,0.890869140625,0.03556190731753126,0.00904111366723198,30,0.02462671501150292,1.130116975307612,0.20167878124682917,-0.063201904296875,0.0,0.11006453888180401,0.0,0.07148749088238615,0.0
share85,148,1.0586294844252258,0.954071044921875,0.6303135685324094,1.103010437354838,0.901123046875,0.03668709153880573,0.008143515628677102,19,0.0195458839849903,1.066120816536381,0.21317378685721236,-0.052947998046875,0.0,0.044380952929612194,1.0,0.007491332111155158,1.0
share85,149,1.0586294844252258,0.954071044921875,0.6156759918931115,1.0714788457237159,0.8848876953125,0.03488762857387852,0.008515664160309184,31,0.025017392389138575,1.02836440679828,0.21933168573007117,-0.069183349609375,0.0,0.012849361298490125,1.0,-0.030265077626945747,1.0
weak_overlap,0,0.33960013695911856,0.58599853515625,0.6200091560402613,0.4572741923681527,0.6033935546875,0.029662070231809008,0.008597241856800898,57,0.03147976380648041,0.38291174514365606,0.016797419341308743,0.01739501953125,1.0,0.11767405540903414,0.0,0.0433116081845375,1.0
weak_overlap,1,0.33960013695911856,0.58599853515625,0.6372749468441301,0.47264957831743,0.6009521484375,0.029968937459461262,0.00884450109979102,77,0.03889664428168441,0.3872841120854538,0.015131701726495654,0.01495361328125,1.0,0.13304944135831143,0.0,0.047683975126335265,1.0
weak_overlap,2,0.33960013695911856,0.58599853515625,0.6826392426624264,0.4741563910063442,0.595947265625,0.03078928996733366,0.00931208104915457,60,0.03345006285873983,0.3974811722648256,0.016168343808011718,0.00994873046875,1.0,0.13455625404722565,0.0,0.05788103530570704,1.0
weak_overlap,3,0.33960013695911856,0.58599853515625,0.5943104108011115,0.43962914020959154,0.6099853515625,0.03003112019500783,0.008146842709926331,74,0.042326380353286785,0.35461853205140154,0.029356195789352568,0.02398681640625,1.0,0.10002900325047298,0.0,0.015018395092282977,1.0
weak_overlap,4,0.33960013695911856,0.58599853515625,0.7042745872618627,0.4606173000751099,0.586669921875,0.02930178158616683,0.009345751032041992,56,0.029600822161340745,0.383464072343931,0.021952833167227525,0.00067138671875,1.0,0.12101716311599137,0.0,0.043863935384812425,1.0
weak_overlap,5,0.33960013695911856,0.58599853515625,0.6671772424036937,0.4706142631953823,0.6378173828125,0.031205994092860477,0.00809178974446559,71,0.045024828605100875,0.3804856158630975,0.01809669516895145,0.05181884765625,1.0,0.13101412623626374,0.0,0.04088547890397892,1.0
weak_overlap,6,0.33960013695911856,0.58599853515625,0.5929804531244446,0.40472799192121156,0.5875244140625,0.02946667050370576,0.007946589630109588,70,0.04241591765304686,0.30993088022150683,0.02297341196620809,0.00152587890625,1.0,0.065127854962093,0.0,-0.029669256737611727,1.0
weak_overlap,7,0.33960013695911856,0.58599853515625,0.6420367598075954,0.4858832725279263,0.6455078125,0.030482694250948017,0.008407656876914384,52,0.031460606584246244,0.4103980184083644,0.01704255840565423,0.05950927734375,1.0,0.14628313556880773,0.0,0.07079788144924581,0.0
weak_overlap,8,0.33960013695911856,0.58599853515625,0.685433740400198,0.4694880409782583,0.5843505859375,0.02983962657237305,0.009362277381514664,72,0.03526146540007222,0.38705742681492916,0.026895010172419784,-0.00164794921875,1.0,0.12988790401913974,0.0,0.0474572898558106,1.0
weak_overlap,9,0.33960013695911856,0.58599853515625,0.643640871265676,0.4962985564418149,0.616455078125,0.030394747216179668,0.008874671786337092,66,0.03673774772218601,0.4164334254283284,0.022317613399987283,0.03045654296875,1.0,0.15669841948269636,0.0,0.07683328846920984,0.0
weak_overlap,10,0.33960013695911856,0.58599853515625,0.6954343049021598,0.45243737659490396,0.6124267578125,0.030294766689915847,0.0084972627709068,62,0.034998042064762674,0.37125787540745203,0.02580302760946036,0.02642822265625,1.0,0.1128372396357854,0.0,0.03165773844833347,1.0
weak_overlap,11,0.33960013695911856,0.58599853515625,0.6742843829210923,0.47938308289595616,0.600830078125,0.030538100127980767,0.009041454868441363,60,0.03323609427647927,0.4066534629664712,0.01964141467073226,0.01483154296875,1.0,0.1397829459368376,0.0,0.06705332600735264,0.0
weak_overlap,12,0.33960013695911856,0.58599853515625,0.6293691588249054,0.4919418394952378,0.6329345703125,0.029140204330252172,0.008552409761991299,54,0.03276882421677523,0.4178491165572985,0.019959663377563355,0.04693603515625,1.0,0.15234170253611923,0.0,0.07824897959817995,0.0
weak_overlap,13,0.33960013695911856,0.58599853515625,0.6199535485099616,0.4766469488418819,0.6217041015625,0.031160963220106853,0.00845449337881924,66,0.035015255538482615,0.39717179515405376,0.020073724853565955,0.03570556640625,1.0,0.13704681188276335,0.0,0.057571658194935205,1.0
weak_overlap,14,0.33960013695911856,0.58599853515625,0.6419664334496789,0.44700167040777805,0.595703125,0.029658957125817908,0.00861780106297358,59,0.03406446245078778,0.3653265728624451,0.0238581530797863,0.00970458984375,1.0,0.10740153344865949,0.0,0.025726435903326517,1.0
weak_overlap,15,0.33960013695911856,0.58599853515625,0.5978606839163353,0.47868870648439155,0.6265869140625,0.03137982410966848,0.008459950457747925,61,0.035682921763502844,0.3962385157924944,0.02287400703809715,0.04058837890625,1.0,0.139088569525273,0.0,0.05663837883337586,1.0
weak_overlap,16,0.33960013695911856,0.58599853515625,0.6422219367379697,0.4584103423276815,0.6153564453125,0.03004976328681879,0.00854190584476024,62,0.03519631084716461,0.3743911882948447,0.020779206719296114,0.02935791015625,1.0,0.11881020536856296,0.0,0.03479105133572613,1.0
weak_overlap,17,0.33960013695911856,0.58599853515625,0.5695210381683931,0.46496070328916916,0.6219482421875,0.03155177896114881,0.00823215698260171,69,0.040410246469654895,0.380635829765262,0.016427592250008904,0.03594970703125,1.0,0.1253605663300506,0.0,0.04103569280614344,1.0
weak_overlap,18,0.33960013695911856,0.58599853515625,0.6041223076363781,0.49940038159257527,0.64013671875,0.02917028829707886,0.008449431677444863,57,0.03192091412353738,0.42078781840324103,0.01155739916877217,0.05413818359375,1.0,0.1598002446334567,0.0,0.08118768144412247,0.0
weak_overlap,19,0.33960013695911856,0.58599853515625,0.6673153997478123,0.435118212271731,0.617919921875,0.03054969922372391,0.007981147136182403,60,0.037042898823392706,0.34481877565711766,0.022117481957660935,0.03192138671875,1.0,0.09551807531261242,0.0,0.005218638697999101,1.0
weak_overlap,20,0.33960013695911856,0.58599853515625,0.57202881442584,0.434961780082959,0.6104736328125,0.031708803335514235,0.008016770255371473,62,0.04059651657523566,0.350159476160032,0.03427158592759381,0.02447509765625,1.0,0.09536164312384043,0.0,0.010559339200913453,1.0
weak_overlap,21,0.33960013695911856,0.58599853515625,0.6024531759324807,0.43945427109300195,0.6085205078125,0.030492380040922532,0.008108917152947199,51,0.03429053867981168,0.35855378864391113,0.02013349169122355,0.02252197265625,1.0,0.09985413413388339,0.0,0.018953651684792572,1.0
weak_overlap,22,0.33960013695911856,0.58599853515625,0.6223452529736007,0.47512416703028537,0.5831298828125,0.03141524790904742,0.009390083435215605,62,0.034316754895141126,0.3991840221739501,0.0341530619023404,-0.00286865234375,1.0,0.1355240300711668,0.0,0.059583885214831545,1.0
weak_overlap,23,0.33960013695911856,0.58599853515625,0.675728799072563,0.4371001961004145,0.5936279296875,0.029640272594196323,0.008775098620825745,52,0.03213591217080256,0.36027424936354907,0.01614293856436308,0.00762939453125,1.0,0.09750005914129595,0.0,0.02067411240443051,1.0
weak_overlap,24,0.33960013695911856,0.58599853515625,0.6230680542556343,0.49098255590636924,0.6444091796875,0.030832886138290865,0.008347586763288986,67,0.042620723279003674,0.4097164844786094,0.015042474112042313,0.05841064453125,1.0,0.15138241894725069,0.0,0.07011634751949086,0.0
weak_overlap,25,0.33960013695911856,0.58599853515625,0.6057232360954011,0.4831367600893493,0.6180419921875,0.030935714930295358,0.00865618058050705,58,0.03324838602002203,0.40562327999541553,0.02496278181904963,0.03204345703125,1.0,0.14353662313023074,0.0,0.06602314303629697,0.0
weak_overlap,26,0.33960013695911856,0.58599853515625,0.5961100759843818,0.5152579056894309,0.6446533203125,0.03118099174293918,0.008676652308572405,67,0.03831833874996852,0.43423682975561995,0.01960038509136955,0.05865478515625,1.0,0.1756577687303123,0.0,0.09463669279650139,0.0
weak_overlap,27,0.33960013695911856,0.58599853515625,0.5919290333113446,0.4564994743285715,0.623779296875,0.03035294719536116,0.008111449603314743,50,0.03645897623236185,0.37765173819518216,0.02636510445233337,0.03778076171875,1.0,0.11689933736945296,0.0,0.038051601236063604,1.0
weak_overlap,28,0.33960013695911856,0.58599853515625,0.6834019940494516,0.5508841066331627,0.685791015625,0.032234793156865615,0.008194890219366605,55,0.034397520132723916,0.48170512586930164,0.009572091610120907,0.09979248046875,0.0,0.21128396967404411,0.0,0.14210498891018308,0.0
weak_overlap,29,0.33960013695911856,0.58599853515625,0.6645978058502966,0.520402225633229,0.6365966796875,0.03262652003216973,0.0088742021923682,70,0.03963352416040843,0.4412035882695423,0.022024187941947295,0.05059814453125,1.0,0.18080208867411046,0.0,0.10160345131042375,0.0
weak_overlap,30,0.33960013695911856,0.58599853515625,0.6124303921733122,0.5138908879923336,0.640380859375,0.03108273993904019,0.008659493934415025,53,0.03145764862842348,0.43660311008681,0.019849092836082844,0.05438232421875,1.0,0.17429075103321506,0.0,0.09700297312769146,0.0
weak_overlap,31,0.33960013695911856,0.58599853515625,0.6958325714224715,0.49947479283624735,0.637451171875,0.03038077998927421,0.008657824288588098,75,0.04246178031793461,0.41389278260416706,0.014959808354327166,0.05145263671875,1.0,0.1598746558771288,0.0,0.0742926456450485,0.0
weak_overlap,32,0.33960013695911856,0.58599853515625,0.57423296434217,0.452070034477098,0.6607666015625,0.032183837571987665,0.007269050402535056,51,0.03859617975839647,0.36587765424461655,0.02594806399410695,0.07476806640625,1.0,0.11246989751797942,0.0,0.026277517285497987,1.0
weak_overlap,33,0.33960013695911856,0.58599853515625,0.6505061749877191,0.4998843569518287,0.6458740234375,0.03171466506370799,0.008593356835650861,53,0.030925266405722115,0.4170177167183146,0.021540308543453835,0.05987548828125,1.0,0.16028421999271014,0.0,0.07741757975919605,0.0
weak_overlap,34,0.33960013695911856,0.58599853515625,0.63563679936313,0.47969527186228694,0.62255859375,0.028982218505589602,0.008656685207332874,68,0.03976343808873453,0.39600357800764124,0.020219639918645324,0.03656005859375,1.0,0.14009513490316838,0.0,0.056403441048522684,1.0
weak_overlap,35,0.33960013695911856,0.58599853515625,0.6231528250481894,0.42678471896978837,0.58935546875,0.029560988848038632,0.008181063397997526,64,0.03885935326297345,0.3365978373845759,0.021964328994184854,0.00335693359375,1.0,0.08718458201066981,0.0,-0.0030022995745426773,1.0
weak_overlap,36,0.33960013695911856,0.58599853515625,0.6775779973372634,0.4555967128714751,0.6004638671875,0.031062459592216367,0.00874856609689414,56,0.032047149091148336,0.3752853963021107,0.015790016887147495,0.01446533203125,1.0,0.11599657591235651,0.0,0.03568525934299216,1.0
weak_overlap,37,0.33960013695911856,0.58599853515625,0.6565303386040273,0.46023073333465336,0.5894775390625,0.02943288358407295,0.008919453548021625,57,0.034531480805026084,0.3856525321742562,0.021671857522587185,0.00347900390625,1.0,0.1206305963755348,0.0,0.046052395215137654,1.0
weak_overlap,38,0.33960013695911856,0.58599853515625,0.7026846475222438,0.4771445607151777,0.6029052734375,0.02970672150466605,0.009370364658700128,49,0.026379332637078215,0.40881150793344895,0.02357971366041207,0.01690673828125,1.0,0.13754442375605913,0.0,0.06921137097433039,0.0
weak_overlap,39,0.33960013695911856,0.58599853515625,0.6381947135508796,0.46518984686266207,0.5867919921875,0.031019503959135566,0.009371706870070938,62,0.031871429611127745,0.3878193814410924,0.026963441880632235,0.00079345703125,1.0,0.1255897099035435,0.0,0.048219244481973844,1.0
weak_overlap,40,0.33960013695911856,0.58599853515625,0.6345314082124778,0.4901245561095527,0.6358642578125,0.03115665633336065,0.008406472021576019,56,0.03498064357686409,0.40901575021203507,0.012209436743580417,0.04986572265625,1.0,0.15052441915043413,0.0,0.06941561325291651,0.0
weak_overlap,41,0.33960013695911856,0.58599853515625,0.6257363124311566,0.4563892969956044,0.6063232421875,0.03152740332456017,0.008631148022755207,61,0.034888919091813055,0.37438500614938763,0.023143879317837984,0.02032470703125,1.0,0.11678916003648582,0.0,0.034784869190269074,1.0
weak_overlap,42,0.33960013695911856,0.58599853515625,0.6138013477716537,0.4694132229734572,0.634033203125,0.031870454049508654,0.007959760153261585,67,0.04232207597868442,0.37530037077824385,0.027597041098299867,0.04803466796875,1.0,0.12981308601433866,0.0,0.03570023381912529,1.0
weak_overlap,43,0.33960013695911856,0.58599853515625,0.6025172428853248,0.5223076550092253,0.6671142578125,0.03287894062734973,0.008090158807267402,64,0.042235945151636985,0.4328909101396211,0.02240914869706459,0.08111572265625,1.0,0.1827075180501067,0.0,0.09329077318050255,0.0
weak_overlap,44,0.33960013695911856,0.58599853515625,0.6239412664711859,0.4696558121886457,0.62109375,0.031225619917907628,0.008465501813922518,57,0.03332121569297502,0.3872451441487555,0.0325385212576395,0.03509521484375,1.0,0.13005567522952716,0.0,0.047645007189636934,1.0
weak_overlap,45,0.33960013695911856,0.58599853515625,0.6732447651991488,0.4678454557954651,0.6151123046875,0.03136278015507894,0.008796040798986375,53,0.03263005435351828,0.3879502600726483,0.016949261543841847,0.02911376953125,1.0,0.12824531883634654,0.0,0.048350123113529764,1.0
weak_overlap,46,0.33960013695911856,0.58599853515625,0.6070421111540314,0.48208805703188895,0.639892578125,0.030530148053607837,0.008286268533533907,62,0.034637302436050475,0.40447027665055596,0.013062528870166052,0.05389404296875,1.0,0.1424879200727704,0.0,0.0648701396914374,0.0
weak_overlap,47,0.33960013695911856,0.58599853515625,0.6299757375080631,0.4502541806032813,0.6207275390625,0.03083142295244833,0.008012677574667311,72,0.04063934342015894,0.3597283503697073,0.02331453028702237,0.03472900390625,1.0,0.11065404364416276,0.0,0.020128213410588736,1.0
weak_overlap,48,0.33960013695911856,0.58599853515625,0.6216670392224898,0.4511584308246729,0.60400390625,0.02980989434300778,0.008504208344556228,69,0.043157525056064724,0.35884070593252987,0.02502836695828464,0.01800537109375,1.0,0.11155829386555433,0.0,0.01924056897341131,1.0
weak_overlap,49,0.33960013695911856,0.58599853515625,0.6607973755882633,0.49033063943069577,0.6307373046875,0.030744446944785182,0.00860834333570898,70,0.037130947422914076,0.40393652875916075,0.03090034660902549,0.04473876953125,1.0,0.1507305024715772,0.0,0.06433639180004219,0.0
weak_overlap,50,0.33960013695911856,0.58599853515625,0.6164857714389569,0.4844863694157776,0.616455078125,0.030608390836710662,0.008561929075285269,59,0.03417776033325197,0.4045846878968187,0.013902763992976751,0.03045654296875,1.0,0.14488623245665905,0.0,0.06498455093770011,0.0
weak_overlap,51,0.33960013695911856,0.58599853515625,0.6090756058205442,0.4427297248519909,0.60205078125,0.029842460477605266,0.008375234852794957,66,0.04014421801900976,0.35162566960952096,0.03543536780926076,0.01605224609375,1.0,0.10312958789287235,0.0,0.012025532650402404,1.0
weak_overlap,52,0.33960013695911856,0.58599853515625,0.6946008627303857,0.5003576598316803,0.626953125,0.031068985963620087,0.008811090299440747,67,0.03765794290599867,0.4212240174582629,0.0204751605047319,0.04095458984375,1.0,0.1607575228725618,0.0,0.08162388049914432,0.0
weak_overlap,53,0.33960013695911856,0.58599853515625,0.649107933045512,0.44363884840846696,0.591796875,0.02909312082199829,0.008566137519519415,63,0.033946480732184245,0.3623236826098997,0.013854627300829097,0.00579833984375,1.0,0.1040387114493484,0.0,0.022723545650781163,1.0
weak_overlap,54,0.33960013695911856,0.58599853515625,0.6410617491858426,0.48783829025291703,0.6490478515625,0.030856272731316647,0.008015116420866324,64,0.03882438260877771,0.3973796699257254,0.016858606935996848,0.06304931640625,1.0,0.14823815329379847,0.0,0.05777953296660682,1.0
weak_overlap,55,0.33960013695911856,0.58599853515625,0.6353920129548964,0.461611097353844,0.615966796875,0.030720870958045304,0.008137146050214646,64,0.03683721038126341,0.3707072891494215,0.017560596151443487,0.02996826171875,1.0,0.12201096039472542,0.0,0.031107152190302967,1.0
weak_overlap,56,0.33960013695911856,0.58599853515625,0.6572871265101394,0.4377080197406248,0.59326171875,0.030729991727397543,0.00840245987557556,63,0.03661702711830254,0.3505950493384969,0.006361096483340712,0.00726318359375,1.0,0.09810788278150623,0.0,0.01099491237937833,1.0
weak_overlap,57,0.33960013695911856,0.58599853515625,0.5929784125660317,0.4363837591509596,0.5828857421875,0.03020675894862189,0.008828908272492456,68,0.037212416936520554,0.3554832367486983,0.015319366069427551,-0.00311279296875,1.0,0.09678362219184106,0.0,0.015883099789579747,1.0
weak_overlap,58,0.33960013695911856,0.58599853515625,0.5975252526763078,0.42865394291693887,0.5865478515625,0.029363185252604847,0.008509516856242504,65,0.0344399410867772,0.34654034030785513,0.01540602331571179,0.00054931640625,1.0,0.08905380595782031,0.0,0.006940203348736573,1.0
weak_overlap,59,0.33960013695911856,0.58599853515625,0.6679652856366046,0.4950251334453133,0.603515625,0.029713335671820464,0.00945403734307653,62,0.03306838866783073,0.42139640238667353,0.015313683117584747,0.01751708984375,1.0,0.15542499648619473,0.0,0.08179626542755497,0.0
weak_overlap,60,0.33960013695911856,0.58599853515625,0.5865558124210946,0.3985238859975707,0.590576171875,0.029515179678514462,0.007778827549025481,60,0.04006985300208625,0.3089485765385609,0.01901823370781198,0.00457763671875,1.0,0.058923749038452156,0.0,-0.030651560420557666,1.0
weak_overlap,61,0.33960013695911856,0.58599853515625,0.6273712992039389,0.44659996656816625,0.5977783203125,0.03025408865008592,0.008660751823894416,67,0.03652490924952343,0.3556883259864766,0.024339654827795584,0.01177978515625,1.0,0.10699982960904769,0.0,0.016088189027358035,1.0
weak_overlap,62,0.33960013695911856,0.58599853515625,0.6482284292006903,0.467746389729458,0.6190185546875,0.03082773481455914,0.008506507199740845,68,0.038616515816708545,0.38705055580810316,0.01654455085658106,0.03302001953125,1.0,0.12814625277033942,0.0,0.0474504188489846,1.0
weak_overlap,63,0.33960013695911856,0.58599853515625,0.6431888358051132,0.5341385927209363,0.6348876953125,0.03083809093458738,0.009188583986570497,55,0.029713132818953717,0.45796653563288425,0.025312122451670898,0.04888916015625,1.0,0.19453845576181777,0.0,0.1183663986737657,0.0
weak_overlap,64,0.33960013695911856,0.58599853515625,0.5881845886752253,0.48212502500583665,0.624755859375,0.032194473752505406,0.008424396937478448,64,0.03688747217687166,0.3952948763933183,0.01889772561453876,0.03875732421875,1.0,0.1425248880467181,0.0,0.055694739434199725,1.0
weak_overlap,65,0.33960013695911856,0.58599853515625,0.633328610435817,0.526723775747894,0.64013671875,0.031193149073053556,0.009013762432539221,60,0.031255330552070304,0.4527267973193025,0.03243102531746678,0.05413818359375,1.0,0.18712363878877541,0.0,0.11312666036018393,0.0
weak_overlap,66,0.33960013695911856,0.58599853515625,0.6573892758861537,0.5081812036432274,0.6673583984375,0.031668502894986066,0.00798359176957338,66,0.041951918460102405,0.4191319264010446,0.019257104057031696,0.08135986328125,1.0,0.16858106668410883,0.0,0.07953178944192602,0.0
weak_overlap,67,0.33960013695911856,0.58599853515625,0.5875671055825158,0.45985889806070906,0.6124267578125,0.03053342057443953,0.008412869740391137,67,0.04047295893780654,0.3782678272831587,0.013475341749157082,0.02642822265625,1.0,0.1202587611015905,0.0,0.03866769032404016,1.0
weak_overlap,68,0.33960013695911856,0.58599853515625,0.6120181043079777,0.4918240612794019,0.610595703125,0.03038579982705092,0.009018692587130256,55,0.030794278303330598,0.41956025200791286,0.027823151302671635,0.02459716796875,1.0,0.15222392432028337,0.0,0.0799601150487943,0.0
weak_overlap,69,0.33960013695911856,0.58599853515625,0.6250807264802484,0.4969917977881969,0.606689453125,0.029576236779796632,0.009174344725402574,56,0.03285566679477538,0.42692629840647084,0.031088923701715922,0.02069091796875,1.0,0.15739166082907835,0.0,0.08732616144735228,0.0
weak_overlap,70,0.33960013695911856,0.58599853515625,0.6291430294441166,0.48351103233685055,0.6121826171875,0.03026358562913444,0.008991416000044893,58,0.031146154038367905,0.410384498339984,0.019623996863068156,0.02618408203125,1.0,0.143910895377732,0.0,0.07078436138086547,0.0
weak_overlap,71,0.33960013695911856,0.58599853515625,0.5987911943200338,0.46339179816735854,0.6253662109375,0.03091708311587863,0.008140792257733995,72,0.0425918629151047,0.3773404340975184,0.014592528536150845,0.03936767578125,1.0,0.12379166120823998,0.0,0.037740297138399825,1.0
weak_overlap,72,0.33960013695911856,0.58599853515625,0.6279215254902215,0.4934929167971121,0.61474609375,0.030106138090889994,0.008978497333794744,61,0.033126658292015956,0.41559059452085445,0.013786414198024705,0.02874755859375,1.0,0.15389277983799354,0.0,0.07599045756173589,0.0
weak_overlap,73,0.33960013695911856,0.58599853515625,0.6274419845190056,0.4885637967304973,0.6197509765625,0.03085817007327204,0.008993823693248224,71,0.03840941308914154,0.40938779966040845,0.01351594984230025,0.03375244140625,1.0,0.14896365977137876,0.0,0.06978766270128989,0.0
weak_overlap,74,0.33960013695911856,0.58599853515625,0.6300793339191567,0.4773871934239866,0.6365966796875,0.03074053588135441,0.008092617106162594,70,0.04176239869996075,0.39396052950439076,0.0271062428040462,0.05059814453125,1.0,0.13778705646486805,0.0,0.054360392545272196,1.0
weak_overlap,75,0.33960013695911856,0.58599853515625,0.6319102575548114,0.47080752071300525,0.630126953125,0.03060112264514509,0.008500941121460787,61,0.03661453371267966,0.39360491941604925,0.007509725298828991,0.04412841796875,1.0,0.13120738375388669,0.0,0.05400478245693069,1.0
weak_overlap,76,0.33960013695911856,0.58599853515625,0.6623176818180737,0.5292834384628173,0.6494140625,0.03180892073585555,0.008902243881581619,58,0.03370588264199594,0.45016407896452626,0.012290851398387362,0.06341552734375,1.0,0.18968330150369878,0.0,0.1105639420054077,0.0
weak_overlap,77,0.33960013695911856,0.58599853515625,0.6677506525189496,0.48710345093636764,0.6182861328125,0.030561420049087556,0.00874311718790167,58,0.03315642109344183,0.41198902131730164,0.023638900869633724,0.03228759765625,1.0,0.14750331397724908,0.0,0.07238888435818308,0.0
weak_overlap,78,0.33960013695911856,0.58599853515625,0.6212095794727703,0.4475463736108878,0.613037109375,0.029665096808106618,0.008290180006140542,71,0.036518598175263685,0.3639519935254086,0.022466208416839908,0.02703857421875,1.0,0.10794623665176922,0.0,0.02435185656629002,1.0
weak_overlap,79,0.33960013695911856,0.58599853515625,0.6783152386478745,0.4727529818123513,0.590576171875,0.029473154804124872,0.009370612201427984,67,0.0349872457487511,0.3978259873817823,0.0215948014058044,0.00457763671875,1.0,0.13315284485323275,0.0,0.05822585042266376,0.0
weak_overlap,80,0.33960013695911856,0.58599853515625,0.6592855570726539,0.5048181130398208,0.651123046875,0.03120349979302487,0.008447856846722447,59,0.03343621265864413,0.4234995522212357,0.026730962387162136,0.06512451171875,1.0,0.16521797608070227,0.0,0.08389941526211714,0.0
weak_overlap,81,0.33960013695911856,0.58599853515625,0.6346251245450931,0.4888743032213452,0.63232421875,0.030128956901844424,0.00858704082936282,65,0.03696375002833643,0.4084638198109012,0.030187250705193704,0.04632568359375,1.0,0.14927416626222662,0.0,0.06886368285178263,0.0
weak_overlap,82,0.33960013695911856,0.58599853515625,0.5782558817880612,0.4455852311939714,0.5828857421875,0.029634315058372777,0.008898578798319696,66,0.03567755849332387,0.3659680094143565,0.02582833658486781,-0.00311279296875,1.0,0.10598509423485286,0.0,0.026367872455237917,1.0
weak_overlap,83,0.33960013695911856,0.58599853515625,0.6479234620250941,0.42764477613760055,0.5885009765625,0.030495856145972226,0.008489775991086128,58,0.03412918149438017,0.3459591777337061,0.023984637935155324,0.00250244140625,1.0,0.08804463917848199,0.0,0.006359040774587543,1.0
weak_overlap,84,0.33960013695911856,0.58599853515625,0.6233466412932086,0.46868546912614684,0.6253662109375,0.030962566957921343,0.008391283386295885,56,0.03562279610121046,0.3810029391481099,0.01865340591522897,0.03936767578125,1.0,0.12908533216702828,0.0,0.04140280218899134,1.0
weak_overlap,85,0.33960013695911856,0.58599853515625,0.6440112799990085,0.5591274954877405,0.68310546875,0.033033292426417296,0.00846962322558028,72,0.042018256649876726,0.4665926359094622,0.016027810952769575,0.09710693359375,0.0,0.21952735852862199,0.0,0.12699249895034365,0.0
weak_overlap,86,0.33960013695911856,0.58599853515625,0.6437334231793302,0.4805230961590824,0.6220703125,0.030018474668068368,0.008898859682618249,70,0.03655182584792405,0.4055702988365136,0.021422776587176753,0.03607177734375,1.0,0.14092295919996384,0.0,0.06597016187739502,0.0
weak_overlap,87,0.33960013695911856,0.58599853515625,0.612141307455193,0.4462073082164486,0.5897216796875,0.029594949122932302,0.008833796055230844,72,0.03764857911042222,0.3542448204383449,0.02401733698993411,0.00372314453125,1.0,0.10660717125733005,0.0,0.014644683479226317,1.0
weak_overlap,88,0.33960013695911856,0.58599853515625,0.6213799643327989,0.4325573736877697,0.612548828125,0.03014220477828281,0.007671950181517689,72,0.04303330003857934,0.33962907080179094,0.022194913274242178,0.02655029296875,1.0,0.09295723672865114,0.0,2.893384267238508e-05,1.0
weak_overlap,89,0.33960013695911856,0.58599853515625,0.64613675812959,0.48768654919680926,0.60302734375,0.031699446266177544,0.00900500640318089,59,0.033067717629919974,0.40797686666296223,0.022713921315742513,0.01702880859375,1.0,0.1480864122376907,0.0,0.06837672970384367,0.0
weak_overlap,90,0.33960013695911856,0.58599853515625,0.6820657860149096,0.5029902486466123,0.6142578125,0.030545969122031457,0.009209781052831557,47,0.02790959945962279,0.4378100260176497,0.02293320059530753,0.02825927734375,1.0,0.1633901116874938,0.0,0.09820988905853112,0.0
weak_overlap,91,0.33960013695911856,0.58599853515625,0.5634355249288893,0.4144264244333924,0.604248046875,0.030244107003140397,0.007759595068879339,73,0.04415885980754375,0.3148593355154983,0.0319809424321393,0.01824951171875,1.0,0.07482628747427383,0.0,-0.024740801443620286,1.0
weak_overlap,92,0.33960013695911856,0.58599853515625,0.6305672106124574,0.46690144178856796,0.60546875,0.030711223231946434,0.008585343293473578,49,0.031234223665119357,0.3909140708445967,0.011987181910160948,0.01947021484375,1.0,0.1273013048294494,0.0,0.051313933885478114,1.0
weak_overlap,93,0.33960013695911856,0.58599853515625,0.6292745773622708,0.458133565075207,0.602294921875,0.030623441521931576,0.0085839754295448,58,0.03476547109828817,0.37141648309694836,0.02296232774626431,0.01629638671875,1.0,0.11853342811608847,0.0,0.0318163461378298,1.0
weak_overlap,94,0.33960013695911856,0.58599853515625,0.6021281048523878,0.4953566754543375,0.648193359375,0.03188214676805047,0.008137016529562198,60,0.03590441918333235,0.4100851156308345,0.03206061224430734,0.06219482421875,1.0,0.15575653849521892,0.0,0.07048497867171594,0.0
weak_overlap,95,0.33960013695911856,0.58599853515625,0.60146634527157,0.4608261482664771,0.642333984375,0.031199776665438515,0.007621921961885347,61,0.03963692973830591,0.3672030917562718,0.01506282711123978,0.05633544921875,1.0,0.12122601130735855,0.0,0.027602954797153245,1.0
weak_overlap,96,0.33960013695911856,0.58599853515625,0.6484430788242537,0.4536460099213673,0.603759765625,0.030060112104793372,0.008719473014573388,64,0.03526544983994041,0.3747774818962383,0.024939761174377212,0.01776123046875,1.0,0.11404587296224872,0.0,0.035177344937119714,1.0
weak_overlap,97,0.33960013695911856,0.58599853515625,0.6966408529473428,0.49351150587478276,0.625,0.030605108345872656,0.008816170935292987,77,0.039361883133659376,0.40700579977514606,0.02217430327297906,0.03900146484375,1.0,0.1539113689156642,0.0,0.0674056628160275,0.0
weak_overlap,98,0.33960013695911856,0.58599853515625,0.6495388222654573,0.4966584453112506,0.63134765625,0.031267466613135904,0.008957804114364,62,0.03397308545269715,0.4172285057231877,0.03347289828036906,0.04534912109375,1.0,0.15705830835213203,0.0,0.07762836876406914,0.0
weak_overlap,99,0.33960013695911856,0.58599853515625,0.6397765979182269,0.5020706875811467,0.6414794921875,0.031193249401947967,0.008561909582917939,60,0.03282293316756288,0.42314237383981634,0.02189366655009605,0.05548095703125,1.0,0.16247055062202814,0.0,0.08354223688069778,0.0
weak_overlap,100,0.33960013695911856,0.58599853515625,0.6657140581714956,0.46824525180421767,0.625244140625,0.030610689364281178,0.00832192637203285,58,0.03258818262333842,0.3895975389480825,0.02497137984783431,0.03924560546875,1.0,0.1286451148450991,0.0,0.04999740198896396,1.0
weak_overlap,101,0.33960013695911856,0.58599853515625,0.5825969875605692,0.47071249859255426,0.63525390625,0.03147440663265992,0.007929111783838217,58,0.037640748786019314,0.377650222119158,0.021031448945959888,0.04925537109375,1.0,0.1311123616334357,0.0,0.03805008516003944,1.0
weak_overlap,102,0.33960013695911856,0.58599853515625,0.5841270683256655,0.4332217068297368,0.6336669921875,0.03086307577317095,0.007589781099075393,62,0.036137140080841866,0.34058699798582015,0.026310568191149263,0.04766845703125,1.0,0.09362156987061826,0.0,0.000986861026701591,1.0
weak_overlap,103,0.33960013695911856,0.58599853515625,0.6866586475452251,0.48527780513958263,0.61279296875,0.029724893840395485,0.009329230126579706,47,0.02554423220734831,0.4210576908393423,0.008066546094208623,0.02679443359375,1.0,0.14567766818046407,0.0,0.08145755388022374,0.0
weak_overlap,104,0.33960013695911856,0.58599853515625,0.6095031991048543,0.4771245155173266,0.6168212890625,0.029960397820436066,0.008670215338477073,56,0.03313653199801281,0.407030324127048,0.020571550658539543,0.03082275390625,1.0,0.13752437855820804,0.0,0.06743018716792942,0.0
weak_overlap,105,0.33960013695911856,0.58599853515625,0.6499604228924801,0.5173748606272054,0.6629638671875,0.03215086379108849,0.008479012043314431,69,0.03783711080604008,0.4336217052323899,0.017151136383923505,0.07696533203125,0.0,0.17777472366808683,0.0,0.09402156827327135,0.0
weak_overlap,106,0.33960013695911856,0.58599853515625,0.7060406003058395,0.5002446609497214,0.6329345703125,0.030011598623515268,0.008948950675826229,63,0.03381785028390338,0.41729838070975855,0.02643029897667495,0.04693603515625,1.0,0.16064452399060286,0.0,0.07769824375064,0.0
weak_overlap,107,0.33960013695911856,0.58599853515625,0.599148291619844,0.4698017382396083,0.599609375,0.03057099395259349,0.008953075920152815,57,0.03383746509220727,0.4023703185188105,0.026915799369370753,0.01361083984375,1.0,0.13020160128048974,0.0,0.06277018155969194,0.0
weak_overlap,108,0.33960013695911856,0.58599853515625,0.6121815379249289,0.4488409614362743,0.58935546875,0.029765982173498046,0.008863424785509232,75,0.038493776471903544,0.36863097873298595,0.014351782306104852,0.00335693359375,1.0,0.10924082447715572,0.0,0.02903084177386739,1.0
weak_overlap,109,0.33960013695911856,0.58599853515625,0.6435575539614612,0.4995613423834643,0.6197509765625,0.03102889561194305,0.008991677825992417,62,0.032880747236852144,0.4275772825454799,0.022083673621026003,0.03375244140625,1.0,0.15996120542434572,0.0,0.08797714558636133,0.0
weak_overlap,110,0.33960013695911856,0.58599853515625,0.6031992433417034,0.4508850404132093,0.6214599609375,0.030773438065946516,0.008366823530076936,66,0.03815032790313136,0.36357018956129483,0.008384780583439468,0.03546142578125,1.0,0.11128490345409076,0.0,0.023970052602176273,1.0
weak_overlap,111,0.33960013695911856,0.58599853515625,0.6555377561451536,0.4183757749500219,0.5802001953125,0.027864160120747362,0.008526304803428343,52,0.030729644237765343,0.33764691112309164,0.02640201811341433,-0.00579833984375,1.0,0.07877563799090331,0.0,-0.0019532258360269172,1.0
weak_overlap,112,0.33960013695911856,0.58599853515625,0.6705144903455984,0.4603845780698661,0.602783203125,0.030790462509575317,0.00870096821196168,57,0.03292026050413233,0.385216978782947,0.01935819551162626,0.01678466796875,1.0,0.12078444111074754,0.0,0.04561684182382841,1.0
weak_overlap,113,0.33960013695911856,0.58599853515625,0.6625240129143461,0.5106646858363804,0.6497802734375,0.03145420845313525,0.008551057119329837,59,0.03540023810941132,0.4314298932961277,0.023467946497203296,0.06378173828125,1.0,0.1710645488772618,0.0,0.09182975633700913,0.0
weak_overlap,114,0.33960013695911856,0.58599853515625,0.6738162395488358,0.5235907930409219,0.6500244140625,0.030633338510643513,0.008836977662813364,54,0.02971331315919882,0.45144275545216006,0.01960288817043304,0.06402587890625,0.0,0.18399065608180337,0.0,0.1118426184930415,0.0
weak_overlap,115,0.33960013695911856,0.58599853515625,0.6121466361109088,0.4573557006881463,0.592041015625,0.02961999742074941,0.008854981617212964,70,0.03836674760082518,0.37349673605984146,0.011761087522428638,0.00604248046875,1.0,0.11775556372902773,0.0,0.0338965991007229,1.0
weak_overlap,116,0.33960013695911856,0.58599853515625,0.5873370172077251,0.4507431562540252,0.5986328125,0.029776883398550915,0.008672998052362,63,0.03517196136204864,0.37051257677202454,0.019809985254881233,0.01263427734375,1.0,0.11114301929490666,0.0,0.03091243981290598,1.0
weak_overlap,117,0.33960013695911856,0.58599853515625,0.6234631929834837,0.4925171772406436,0.6190185546875,0.030650681830913285,0.008860663325657544,51,0.029249336905187256,0.42143413553151765,0.023757741125500872,0.03302001953125,1.0,0.15291704028152503,0.0,0.08183399857239909,0.0
weak_overlap,118,0.33960013695911856,0.58599853515625,0.6609253173705767,0.5658927223158,0.643310546875,0.032043337862899715,0.009504322795717368,49,0.02819065287773796,0.4998832899366905,0.032206994619216486,0.05731201171875,0.0,0.22629258535668145,0.0,0.16028315297757195,0.0
weak_overlap,119,0.33960013695911856,0.58599853515625,0.5694357978136297,0.4441813475391295,0.6060791015625,0.0290915230652868,0.008248396326430398,55,0.03521489162316005,0.36583705929817517,0.010086577193484903,0.02008056640625,1.0,0.10458121058001096,0.0,0.026236922339056612,1.0
weak_overlap,120,0.33960013695911856,0.58599853515625,0.6571932003559723,0.5025527996860654,0.65087890625,0.030141954286301315,0.008358743331539251,54,0.03305363300629468,0.42332013807188845,0.01905488708696538,0.06488037109375,0.0,0.1629526627269468,0.0,0.08372000111276989,0.0
weak_overlap,121,0.33960013695911856,0.58599853515625,0.6891725458543675,0.45756985491790836,0.6171875,0.030094177057997624,0.00833122266512812,62,0.037508142801936366,0.37524119420481045,0.030696560795430938,0.03118896484375,1.0,0.1179697179587898,0.0,0.03564105724569189,1.0
weak_overlap,122,0.33960013695911856,0.58599853515625,0.6451489817373958,0.3924698077339298,0.5609130859375,0.028256674732717178,0.008461753660665728,63,0.035502634388232805,0.29906851249394223,0.025130433059111713,-0.02508544921875,1.0,0.05286967077481125,1.0,-0.04053162446517633,1.0
weak_overlap,123,0.33960013695911856,0.58599853515625,0.6404862386505246,0.44835974563874975,0.595703125,0.02970701329643354,0.008729472317942362,52,0.03155736994909583,0.36737770712119566,0.018216119789629837,0.00970458984375,1.0,0.10875960867963119,0.0,0.027777570162077103,1.0
weak_overlap,124,0.33960013695911856,0.58599853515625,0.5932387844315966,0.4695774691466422,0.618408203125,0.030986905862702672,0.008502442393739275,57,0.033605226138129204,0.3919461723895793,0.024215173963794946,0.03240966796875,1.0,0.12997733218752366,0.0,0.052346035430460736,1.0
weak_overlap,125,0.33960013695911856,0.58599853515625,0.6871870262463218,0.5611135209328162,0.6790771484375,0.03332399835308232,0.008637883335380864,69,0.039803243718229527,0.47918692899601356,0.028094457229390014,0.09307861328125,0.0,0.22151338397369763,0.0,0.139586792036895,0.0
weak_overlap,126,0.33960013695911856,0.58599853515625,0.5991140176803933,0.4298637783057085,0.590087890625,0.02873753142541251,0.008249104929802324,55,0.03351360176379527,0.3495329864735713,0.023034473551562407,0.00408935546875,1.0,0.09026364134658993,0.0,0.009932849514452724,1.0
weak_overlap,127,0.33960013695911856,0.58599853515625,0.6828077705156037,0.49167379256725985,0.6075439453125,0.02965707175911009,0.008943577693231425,62,0.03726590163758941,0.41296669058302915,0.023088179330427862,0.02154541015625,1.0,0.1520736556081413,0.0,0.07336655362391059,0.0
weak_overlap,128,0.33960013695911856,0.58599853515625,0.642297936138212,0.3842092224431829,0.570556640625,0.028284912097415953,0.007898651200196683,64,0.03820770770063274,0.2903985709498208,0.019412984916862948,-0.01544189453125,1.0,0.04460908548406434,1.0,-0.04920156600929776,1.0
weak_overlap,129,0.33960013695911856,0.58599853515625,0.6199932416843562,0.5195655614715219,0.631591796875,0.03190987601426411,0.00900645174461554,62,0.03345035860185606,0.4480574633135875,0.013877080196731723,0.04559326171875,1.0,0.17996542451240333,0.0,0.10845732635446892,0.0
weak_overlap,130,0.33960013695911856,0.58599853515625,0.6078904893466418,0.5104475410949626,0.6192626953125,0.031052509545510452,0.009035142889789299,47,0.030314484008776833,0.44405771215160494,0.007346127198283932,0.03326416015625,1.0,0.17084740413584404,0.0,0.10445757519248638,0.0
weak_overlap,131,0.33960013695911856,0.58599853515625,0.5955416102557973,0.47188649804119054,0.6170654296875,0.030908479486903596,0.008414379347678094,62,0.03383956013797879,0.38874539531239694,0.014775354993984701,0.03106689453125,1.0,0.13228636108207198,0.0,0.049145258353278376,1.0
weak_overlap,132,0.33960013695911856,0.58599853515625,0.6426332190105116,0.5006224312195613,0.6185302734375,0.032658084967949204,0.00915361284783891,57,0.03319748097956532,0.42154100290992724,0.013779934851275795,0.03253173828125,1.0,0.16102229426044273,0.0,0.08194086595080868,0.0
weak_overlap,133,0.33960013695911856,0.58599853515625,0.6087179665575799,0.42972516068308164,0.6041259765625,0.029912440705583767,0.008220487410325154,57,0.03661011914263893,0.34301429662856875,0.015769463152417097,0.01812744140625,1.0,0.09012502372396308,0.0,0.0034141596694501897,1.0
weak_overlap,134,0.33960013695911856,0.58599853515625,0.6383239813553847,0.43556222824190044,0.606201171875,0.02959625366552113,0.008204961280541925,66,0.03704550365470453,0.346055322475163,0.027825066649422366,0.02020263671875,1.0,0.09596209128278188,0.0,0.006455185516044459,1.0
weak_overlap,135,0.33960013695911856,0.58599853515625,0.6827669082942048,0.5092974636798746,0.60791015625,0.029620505907912303,0.009604354132938463,54,0.02898333921567771,0.43954878419115334,0.020407528872330195,0.02191162109375,1.0,0.16969732672075605,0.0,0.09994864723203478,0.0
weak_overlap,136,0.33960013695911856,0.58599853515625,0.6268908723165904,0.46031178998560085,0.611572265625,0.030767729637160672,0.008423265408106237,62,0.035270112417347434,0.3849149363060874,0.024571193302305217,0.02557373046875,1.0,0.12071165302648229,0.0,0.04531479934696886,1.0
weak_overlap,137,0.33960013695911856,0.58599853515625,0.6466220006654103,0.4292176984800085,0.583251953125,0.02893150311314989,0.008702873843867961,75,0.040494484791486325,0.34920949050933103,0.020298639591574342,-0.00274658203125,1.0,0.08961756152088995,0.0,0.009609353550212474,1.0
weak_overlap,138,0.33960013695911856,0.58599853515625,0.6284137219524316,0.4704985245130972,0.6075439453125,0.030044089572485232,0.008892424750943026,65,0.036123032345563556,0.3897166888522704,0.02771074295762414,0.02154541015625,1.0,0.13089838755397865,0.0,0.05011655189315184,1.0
weak_overlap,139,0.33960013695911856,0.58599853515625,0.5896644258765058,0.4540454065629162,0.6129150390625,0.03038672673934972,0.008296599317317644,61,0.03683954560529908,0.3742528099398178,0.02252040582695617,0.02691650390625,1.0,0.11444526960379764,0.0,0.03465267298069924,1.0
weak_overlap,140,0.33960013695911856,0.58599853515625,0.6542112228595859,0.4618383031839016,0.609375,0.03041153131215516,0.008872362916726615,55,0.03198334253909747,0.37897023773487615,0.023702441095891962,0.02337646484375,1.0,0.12223816622478306,0.0,0.03937010077575759,1.0
weak_overlap,141,0.33960013695911856,0.58599853515625,0.6984660685350951,0.4795296175082411,0.6285400390625,0.031857121070558395,0.00840953944439399,60,0.03622372339835208,0.3921949102473826,0.013060823068901804,0.04254150390625,1.0,0.13992948054912252,0.0,0.05259477328826406,1.0
weak_overlap,142,0.33960013695911856,0.58599853515625,0.6198503542892503,0.508339543785859,0.6259765625,0.030239043240904588,0.009017516986829724,66,0.03242944016588082,0.4303151191367798,0.023251722353515282,0.03997802734375,1.0,0.16873940682674043,0.0,0.09071498217766122,0.0
weak_overlap,143,0.33960013695911856,0.58599853515625,0.6736889613706623,0.5060612998442413,0.5889892578125,0.030865478003122757,0.009928890797356316,67,0.032580214833136494,0.4299875051882708,0.010111945166529832,0.00299072265625,1.0,0.16646116288512275,0.0,0.09038736822915222,0.0
weak_overlap,144,0.33960013695911856,0.58599853515625,0.6291740733086023,0.5013780787767735,0.629638671875,0.030112012961282218,0.008917866930038544,62,0.035192576340684054,0.4215628357434247,0.016879425789029137,0.04364013671875,1.0,0.16177794181765498,0.0,0.08196269878430612,0.0
weak_overlap,145,0.33960013695911856,0.58599853515625,0.6490723547031415,0.5084064473149148,0.636474609375,0.03047003192613014,0.008590130299300296,54,0.033581714419625354,0.4263728490083406,0.013044309708704271,0.05047607421875,1.0,0.16880631035579624,0.0,0.08677271204922204,0.0
weak_overlap,146,0.33960013695911856,0.58599853515625,0.6456185393579327,0.5140676475346886,0.6470947265625,0.03171731844904726,0.008605937327960889,65,0.036595265330984825,0.43267687746766925,0.024377627591893134,0.06109619140625,1.0,0.17446751057557003,0.0,0.09307674050855069,0.0
weak_overlap,147,0.33960013695911856,0.58599853515625,0.6265175900226426,0.4699384791081089,0.6239013671875,0.03078305998583695,0.00834738853501924,72,0.03901178061410335,0.3794859383151671,0.016935434662107056,0.03790283203125,1.0,0.13033834214899032,0.0,0.03988580135604852,1.0
weak_overlap,148,0.33960013695911856,0.58599853515625,0.6261982257836904,0.4686816248069702,0.616943359375,0.029731073797512587,0.008700914205814352,55,0.03261531175280765,0.3971512795400058,0.024085058063361052,0.03094482421875,1.0,0.12908148784785162,0.0,0.05755114258088723,1.0
weak_overlap,149,0.33960013695911856,0.58599853515625,0.6445886861430667,0.4420049810800033,0.5894775390625,0.029517515764179953,0.008723794045367156,61,0.034982343673105785,0.3621044549321829,0.02712514872188526,0.00347900390625,1.0,0.10240484412088474,0.0,0.022504317973064347,1.0
d10,0,0.34094618144048716,0.5839996337890625,0.5711308541422833,0.36878387601274965,0.5758056640625,0.025585066008751812,0.008049656462877912,74,0.03688131100796172,0.2881461808843886,0.20941861741251258,-0.0081939697265625,1.0,0.027837694572262484,1.0,-0.05280000055609857,0.0
d10,1,0.34094618144048716,0.5839996337890625,0.5544489028478888,0.4223293052543453,0.6141357421875,0.026613277415389592,0.008169449747990547,63,0.03573657236496453,0.34295794700962334,0.22819740249847753,0.0301361083984375,1.0,0.08138312381385815,0.0,0.0020117655691361813,1.0
d10,2,0.34094618144048716,0.5839996337890625,0.5660660569772887,0.39222661588444374,0.596923828125,0.02694972325993267,0.008314924912048388,75,0.03799345402920469,0.3040511960571336,0.23972750755111885,0.0129241943359375,1.0,0.05128043444395658,1.0,-0.03689498538335356,1.0
d10,3,0.34094618144048716,0.5839996337890625,0.5355380156057453,0.4349405191418942,0.637451171875,0.02645254012198539,0.008096237581510044,57,0.031138439185991407,0.36413198725998375,0.24468079473248736,0.0534515380859375,1.0,0.09399433770140703,0.0,0.023185805819496585,1.0
d10,4,0.34094618144048716,0.5839996337890625,0.5944857678113429,0.3855000273307918,0.5733642578125,0.02510182658145922,0.00863982782389413,67,0.03556392748368516,0.3103717059011122,0.23384558170462927,-0.0106353759765625,1.0,0.044553845890304644,1.0,-0.03057447553937498,1.0
d10,5,0.34094618144048716,0.5839996337890625,0.5742084350449356,0.4306694458816004,0.6165771484375,0.026794190253996403,0.008669292123020951,71,0.03729789551913663,0.3491807265942666,0.23299350386960316,0.0325775146484375,1.0,0.08972326444111323,0.0,0.008234545153779416,1.0
d10,6,0.34094618144048716,0.5839996337890625,0.5836028450727261,0.3827448937156689,0.5838623046875,0.026093882473094524,0.008230188056910172,71,0.03623226009768571,0.3030447105080124,0.21574184836001917,-0.0001373291015625,1.0,0.041798712275181726,1.0,-0.03790147093247476,1.0
d10,7,0.34094618144048716,0.5839996337890625,0.6160237906141594,0.41571546020132943,0.5948486328125,0.025108732699022397,0.008290341600107914,59,0.031582332836524916,0.34380522929555973,0.19583223975054562,0.0108489990234375,1.0,0.07476927876084227,0.0,0.0028590478550725718,1.0
d10,8,0.34094618144048716,0.5839996337890625,0.5397326529655412,0.4244867257344946,0.59814453125,0.025203196115967573,0.008261303199615839,73,0.038851593361421376,0.35392168000355506,0.24630175006581653,0.0141448974609375,1.0,0.08354054429400742,0.0,0.0129754985630679,1.0
d10,9,0.34094618144048716,0.5839996337890625,0.5927507151338723,0.40458003566949396,0.5799560546875,0.026463238634488014,0.008408824395850077,79,0.03981818488766685,0.324058187867653,0.24290762474002406,-0.0040435791015625,1.0,0.0636338542290068,0.0,-0.01688799357283416,1.0
d10,10,0.34094618144048716,0.5839996337890625,0.4736140411852367,0.3938958434450074,0.6083984375,0.026536901497214768,0.00771478828742469,66,0.03835965570261759,0.3191922156596865,0.19868011597427507,0.0243988037109375,1.0,0.052949662004520226,0.0,-0.021753965780800688,1.0
d10,11,0.34094618144048716,0.5839996337890625,0.5893248124903933,0.4233037009857673,0.6072998046875,0.026685234182469927,0.008292297928602645,56,0.029724353282386096,0.3520298473117761,0.22785464838111813,0.0233001708984375,1.0,0.08235751954528014,0.0,0.01108366587128895,1.0
d10,12,0.34094618144048716,0.5839996337890625,0.5800846719337612,0.39445666031656623,0.5941162109375,0.02428127404612805,0.008077365448832089,79,0.03948517733973996,0.31656999777058414,0.23425363062932675,0.0101165771484375,1.0,0.05351047887607907,0.0,-0.024376183669903018,1.0
d10,13,0.34094618144048716,0.5839996337890625,0.6330211272167833,0.4061631275586782,0.59814453125,0.02623220694480461,0.008647282993739605,70,0.03619423348174179,0.33386381847187535,0.23130228914467071,0.0141448974609375,1.0,0.06521694611819107,0.0,-0.007082362968611811,1.0
d10,14,0.34094618144048716,0.5839996337890625,0.5274002482121027,0.39169201996695846,0.5760498046875,0.02616515526829925,0.008174543330516506,65,0.034046178018523846,0.3128108851737175,0.24018682065520536,-0.0079498291015625,1.0,0.0507458385264713,1.0,-0.028135296266769638,1.0
d10,15,0.34094618144048716,0.5839996337890625,0.5892025891385815,0.3942955905468103,0.5894775390625,0.025449252904028687,0.00847666831693427,50,0.03207052064045526,0.32105589525317857,0.23849466124315194,0.0054779052734375,1.0,0.05334940910632313,0.0,-0.019890286187308592,1.0
d10,16,0.34094618144048716,0.5839996337890625,0.5921174825173006,0.4891361333529335,0.6458740234375,0.027718295468197533,0.00833699878664175,76,0.040010099249113966,0.4150128216128579,0.2161867068174405,0.0618743896484375,1.0,0.14818995191244633,0.0,0.07406664017237075,0.0
d10,17,0.34094618144048716,0.5839996337890625,0.5955962028937783,0.4148002288452771,0.589599609375,0.02796143214828351,0.008874558467150134,65,0.0350477514735519,0.33396243344799076,0.24171881939298648,0.0055999755859375,1.0,0.07385404740478996,0.0,-0.006983747992496403,1.0
d10,18,0.34094618144048716,0.5839996337890625,0.5364390566540369,0.4138903166376148,0.6224365234375,0.027922271284871195,0.008221984417068076,61,0.038738743383696476,0.32427278960627975,0.2247645764848448,0.0384368896484375,1.0,0.07294413519712761,0.0,-0.016673391834207407,1.0
d10,19,0.34094618144048716,0.5839996337890625,0.5470441535221892,0.4207473699079539,0.60498046875,0.025615764354598676,0.008686046617093384,72,0.03858598470002242,0.34285453867799076,0.2261639972464599,0.0209808349609375,1.0,0.07980118846746675,0.0,0.0019083572375035995,1.0
d10,20,0.34094618144048716,0.5839996337890625,0.539660119140528,0.3874819203670966,0.5936279296875,0.026453511999314033,0.008081587650072285,86,0.04581794694948058,0.29805645837148287,0.21335412390933464,0.0096282958984375,1.0,0.04653573892660945,1.0,-0.04288972306900429,1.0
d10,21,0.34094618144048716,0.5839996337890625,0.6027515264876679,0.39707373587593436,0.57080078125,0.024979611456391056,0.008695158572643283,76,0.039715117770939376,0.3234852459272855,0.25133845512975805,-0.0131988525390625,1.0,0.0561275544354472,0.0,-0.01746093551320166,1.0
d10,22,0.34094618144048716,0.5839996337890625,0.6159871615693947,0.34581668901552487,0.5794677734375,0.02578845980880169,0.008173278145585671,71,0.037287141605874506,0.26838401073237583,0.2301017992217625,-0.0045318603515625,1.0,0.004870507575037708,1.0,-0.07256217070811133,0.0
d10,23,0.34094618144048716,0.5839996337890625,0.5544919305546866,0.4251486203773388,0.6163330078125,0.02631250860766055,0.008500750696549923,69,0.03665535844937184,0.34894176281467665,0.24552442716328834,0.0323333740234375,1.0,0.08420243893685164,0.0,0.007995581374189487,1.0
d10,24,0.34094618144048716,0.5839996337890625,0.6079658375143295,0.4329172291276116,0.602294921875,0.026566349960790582,0.008940804026074379,73,0.03549114032021125,0.3547372910547282,0.23668638254145047,0.0182952880859375,1.0,0.09197104768712444,0.0,0.013791109614241015,1.0
d10,25,0.34094618144048716,0.5839996337890625,0.5328087347647642,0.41457173219885507,0.5933837890625,0.026035929790080188,0.007942658975831093,71,0.037223146417926165,0.3371354591993434,0.22817049396742348,0.0093841552734375,1.0,0.07362555075836791,0.0,-0.0038107222411437602,1.0
d10,26,0.34094618144048716,0.5839996337890625,0.639252907873827,0.45758912692965803,0.6278076171875,0.028275558600325715,0.008930293527800713,55,0.02736785470348372,0.38953278017864595,0.2166418829519061,0.0438079833984375,1.0,0.11664294548917087,0.0,0.04858659873815879,1.0
d10,27,0.34094618144048716,0.5839996337890625,0.5955875665711672,0.4002733300756331,0.6014404296875,0.02605524124468854,0.008191857265583543,64,0.033169508946879894,0.31958074369194356,0.21910915854380691,0.0174407958984375,1.0,0.05932714863514593,0.0,-0.021365437748543603,1.0
d10,28,0.34094618144048716,0.5839996337890625,0.5535625602368708,0.43099042968862994,0.60546875,0.025707108444170585,0.008249520730800574,62,0.03525150304173325,0.34857058435481014,0.2223818211363675,0.0214691162109375,1.0,0.09004424824814278,0.0,0.007624402914322981,1.0
d10,29,0.34094618144048716,0.5839996337890625,0.5458571036296637,0.3773202170895943,0.57080078125,0.02452260315813873,0.008061597588244564,53,0.03392073373336719,0.30156998579919436,0.22784543835591597,-0.0131988525390625,1.0,0.03637403564910713,1.0,-0.0393761956412928,1.0
d10,30,0.34094618144048716,0.5839996337890625,0.6619687580986889,0.41623980573417674,0.589111328125,0.026158738907436665,0.008837350932630062,66,0.029656872475833335,0.346815464180047,0.2368224172669304,0.0051116943359375,1.0,0.07529362429368958,0.0,0.0058692827395598335,1.0
d10,31,0.34094618144048716,0.5839996337890625,0.6517258984036357,0.42659048151705126,0.5908203125,0.025514827119801277,0.00920225552631898,65,0.029085592572422343,0.35862942999449643,0.22222813144722167,0.0068206787109375,1.0,0.0856443000765641,0.0,0.017683248554009268,1.0
d10,32,0.34094618144048716,0.5839996337890625,0.68187671989805,0.43307455484898383,0.58837890625,0.026489199019028787,0.00947535248638642,76,0.03290044159436655,0.3597077002022665,0.21478311528660052,0.0043792724609375,1.0,0.09212837340849667,0.0,0.01876151876177934,1.0
d10,33,0.34094618144048716,0.5839996337890625,0.6074803508357562,0.4399358288726974,0.59375,0.026991097051501135,0.00881639498481112,67,0.03256561175422392,0.3660257623322662,0.18493549623541433,0.0097503662109375,1.0,0.09898964743221023,0.0,0.02507958089177903,1.0
d10,34,0.34094618144048716,0.5839996337890625,0.561433885214133,0.4096443128128189,0.6102294921875,0.026332594658751797,0.008731044907737365,67,0.03392206372120945,0.3435282334809112,0.2501927089383763,0.0262298583984375,1.0,0.06869813137233172,0.0,0.0025820520404240543,1.0
d10,35,0.34094618144048716,0.5839996337890625,0.549775399076429,0.41357478676063597,0.59521484375,0.02587579591259417,0.008081361765718635,52,0.02945385579874899,0.3463668783106805,0.22524107691718956,0.0112152099609375,1.0,0.07262860532014881,0.0,0.0054206968701933644,1.0
d10,36,0.34094618144048716,0.5839996337890625,0.5982135973681756,0.4106812898817177,0.582275390625,0.026250217311232303,0.008760436782724845,66,0.031763286986289774,0.34475840842749933,0.23627324144580042,-0.0017242431640625,1.0,0.06973510844123054,0.0,0.0038122269870121683,1.0
d10,37,0.34094618144048716,0.5839996337890625,0.5908626588809631,0.3778794279591462,0.569091796875,0.025818379463093448,0.008430253640457835,69,0.03601757997540872,0.29613498312675124,0.23684437710138428,-0.0149078369140625,1.0,0.036933246518659035,1.0,-0.04481119831373592,1.0
d10,38,0.34094618144048716,0.5839996337890625,0.568591034820604,0.39405920740048306,0.593505859375,0.025782692815898147,0.008452777711328761,44,0.02811967777785721,0.3205451516566755,0.23585684815126673,0.0095062255859375,1.0,0.053113025959995896,0.0,-0.02040102978381164,1.0
d10,39,0.34094618144048716,0.5839996337890625,0.6017727856082695,0.43724200921347905,0.63232421875,0.02676715314033914,0.008175274874123147,82,0.041772503180243156,0.3528378568797371,0.2330117290538726,0.0483245849609375,1.0,0.0962958277729919,0.0,0.01189167543924996,1.0
d10,40,0.34094618144048716,0.5839996337890625,0.5860917700126685,0.42282664866090736,0.57958984375,0.026092670848221353,0.008690594054782093,58,0.0333949145347134,0.3453578199520281,0.21828423314936593,-0.0044097900390625,1.0,0.0818804672204202,0.0,0.004411638511540916,1.0
d10,41,0.34094618144048716,0.5839996337890625,0.5784064500741685,0.38421099669468495,0.5625,0.02495504787209262,0.008303292007057232,63,0.03456601876306911,0.30938265327572845,0.23457789379644856,-0.0214996337890625,1.0,0.043264815254197786,1.0,-0.031563528164758714,1.0
d10,42,0.34094618144048716,0.5839996337890625,0.5767398071630925,0.45041160935645635,0.6104736328125,0.025591740280077838,0.008703006168554834,67,0.03117352201282892,0.37661905686339214,0.2275080435786231,0.0264739990234375,1.0,0.1094654279159692,0.0,0.03567287542290498,1.0
d10,43,0.34094618144048716,0.5839996337890625,0.5838230672783699,0.39358484752948725,0.6005859375,0.025546065126242266,0.008135688606037687,74,0.03835996408976024,0.312159401926549,0.22271376084045677,0.0165863037109375,1.0,0.052638666089000086,0.0,-0.028786779513938154,1.0
d10,44,0.34094618144048716,0.5839996337890625,0.5962694035323705,0.4062740990089281,0.5860595703125,0.024581268284194848,0.008703278283984458,68,0.03725653521965115,0.3303068725738977,0.2266857466213528,0.0020599365234375,1.0,0.06532791756844092,0.0,-0.01063930886658948,1.0
d10,45,0.34094618144048716,0.5839996337890625,0.5725703102089126,0.39334242998146696,0.57470703125,0.02634835927432216,0.008444920087529915,75,0.040776999663339614,0.31846882199544885,0.21402095465052068,-0.0092926025390625,1.0,0.052396248540979795,0.0,-0.022477359445038314,1.0
d10,46,0.34094618144048716,0.5839996337890625,0.5625461736167485,0.45147123462551164,0.6177978515625,0.026634237392706327,0.008543938346009113,54,0.02763140282888561,0.3729361729070629,0.22496672362907424,0.0337982177734375,1.0,0.11052505318502448,0.0,0.03198999146657572,1.0
d10,47,0.34094618144048716,0.5839996337890625,0.60136748339569,0.39366701554184014,0.58447265625,0.026818954285678594,0.008457637630692941,73,0.03687062416616014,0.3169356861914946,0.23083606931779949,0.0004730224609375,1.0,0.052720834101352976,0.0,-0.02401049524899257,1.0
d10,48,0.34094618144048716,0.5839996337890625,0.5515497668973754,0.40696945252324995,0.59033203125,0.025466016273160492,0.008169538108823355,46,0.027017633739365086,0.336734899898482,0.23286421681463218,0.0063323974609375,1.0,0.06602327108276279,0.0,-0.004211281542005174,1.0
d10,49,0.34094618144048716,0.5839996337890625,0.559422490642467,0.40595520608467894,0.5592041015625,0.02534928010710219,0.008835182129585813,63,0.03530238369324173,0.33172399495309457,0.2512126126032887,-0.0247955322265625,1.0,0.06500902464419178,0.0,-0.009222186487392592,1.0
d10,50,0.34094618144048716,0.5839996337890625,0.5662803442515332,0.4404511727134443,0.579345703125,0.02598953976126257,0.008836817958120314,71,0.034310088738329976,0.36591296478985286,0.231733328563372,-0.0046539306640625,1.0,0.09950499127295714,0.0,0.024966783349365695,1.0
d10,51,0.34094618144048716,0.5839996337890625,0.5737071807224787,0.4425046353883242,0.580078125,0.025802142821195816,0.009011404440563807,65,0.029425698421296664,0.37683059931851737,0.23230472389932733,-0.0039215087890625,1.0,0.10155845394783702,0.0,0.035884417878030206,1.0
d10,52,0.34094618144048716,0.5839996337890625,0.5463539162917772,0.4272928008731539,0.585205078125,0.025515267674068618,0.00861979410977124,73,0.03597964587147925,0.3523253854129571,0.2216844565247856,0.0012054443359375,1.0,0.08634661943266675,0.0,0.011379203972469942,1.0
d10,53,0.34094618144048716,0.5839996337890625,0.5742364061423504,0.40733222191541607,0.60986328125,0.027119762110010256,0.008356991520107668,61,0.03238965166178636,0.33773577352693684,0.2524356242168038,0.0258636474609375,1.0,0.06638604047492891,0.0,-0.003210407913550317,1.0
d10,54,0.34094618144048716,0.5839996337890625,0.562633587475267,0.4061096054460926,0.5635986328125,0.025117807876857943,0.008839833877856019,57,0.02988371999318377,0.3397632480420048,0.1986829760002108,-0.0204010009765625,1.0,0.06516342400560543,0.0,-0.0011829333984823553,1.0
d10,55,0.34094618144048716,0.5839996337890625,0.6286292123785331,0.45095558112975953,0.5955810546875,0.02532599876859027,0.009444206763541173,62,0.031559891162393376,0.3801263500172229,0.22661188333975185,0.0115814208984375,1.0,0.11000939968927237,0.0,0.03918016857673573,1.0
d10,56,0.34094618144048716,0.5839996337890625,0.5569979434041681,0.3706816683109795,0.561279296875,0.02510866379160029,0.008195539993211418,75,0.04197102230424016,0.2877904384469222,0.20031530194982725,-0.0227203369140625,1.0,0.029735486870492323,1.0,-0.05315574299356496,0.0
d10,57,0.34094618144048716,0.5839996337890625,0.5952310064987651,0.43830922246228265,0.6129150390625,0.026974846089857958,0.00876282969335516,62,0.0302584817094521,0.37051747782321454,0.22660377372637877,0.0289154052734375,1.0,0.0973630410217955,0.0,0.029571296382727374,1.0
d10,58,0.34094618144048716,0.5839996337890625,0.6145283532604502,0.4152891271095257,0.5938720703125,0.027437574771388203,0.008844649472580256,55,0.029469047417081732,0.3432205832454919,0.23298560348031086,0.0098724365234375,1.0,0.07434294566903854,0.0,0.002274401805004711,1.0
d10,59,0.34094618144048716,0.5839996337890625,0.5291814348007876,0.41027433119367385,0.57958984375,0.025851039240549746,0.008086009540687859,54,0.031026283294245643,0.338744574211734,0.22916458560259978,-0.0044097900390625,1.0,0.06932814975318669,0.0,-0.0022016072287531774,1.0
d10,60,0.34094618144048716,0.5839996337890625,0.5445087142053093,0.4743188727083376,0.619140625,0.026649959592496063,0.008866455060957554,73,0.035316218308724744,0.40503015018316374,0.23099423390985216,0.0351409912109375,1.0,0.13337269126785045,0.0,0.06408396874267658,0.0
d10,61,0.34094618144048716,0.5839996337890625,0.5700915615664762,0.38626223633998874,0.552978515625,0.025515370887667525,0.008562664007448147,55,0.03130807073316273,0.32071632689857776,0.22490234090299577,-0.0310211181640625,1.0,0.04531605489950158,1.0,-0.020229854541909398,1.0
d10,62,0.34094618144048716,0.5839996337890625,0.665485147859515,0.4186312895018226,0.591064453125,0.026607766399192264,0.008767917549418231,79,0.039677853575121595,0.3349398810505363,0.2400836886215084,0.0070648193359375,1.0,0.07768510806133544,0.0,-0.006006300389950869,1.0
d10,63,0.34094618144048716,0.5839996337890625,0.5587965817348604,0.3552619902427016,0.552001953125,0.026667576645730776,0.008474296228274605,61,0.03426365410527958,0.2683492340893026,0.2086300678106653,-0.0319976806640625,1.0,0.014315808802214447,1.0,-0.07259694735118455,0.0
d10,64,0.34094618144048716,0.5839996337890625,0.5701742272631948,0.4571158112044744,0.620361328125,0.026934223976386673,0.008676948528589929,62,0.03251943405790206,0.3825079680041131,0.21515783582480708,0.0363616943359375,1.0,0.11616962976398726,0.0,0.04156178656362591,1.0
d10,65,0.34094618144048716,0.5839996337890625,0.5631812293996925,0.4013333975326076,0.581787109375,0.02572179318293737,0.008168120730051418,67,0.03437815950162739,0.3213664762229374,0.24870901786335362,-0.0022125244140625,1.0,0.060387216092120444,0.0,-0.01957970521754976,1.0
d10,66,0.34094618144048716,0.5839996337890625,0.5661695908346566,0.40705255193272993,0.58056640625,0.025436113415836462,0.008544808415906975,72,0.03877710876483715,0.32618169611189973,0.2148069016862609,-0.0034332275390625,1.0,0.06610637049224277,0.0,-0.014764485328587429,1.0
d10,67,0.34094618144048716,0.5839996337890625,0.6174190201463166,0.4542743445114295,0.5887451171875,0.026421228482819383,0.00897972900846958,53,0.028477550018743095,0.39509853954376317,0.2180158289555727,0.0047454833984375,1.0,0.11332816307094234,0.0,0.05415235810327601,0.0
d10,68,0.34094618144048716,0.5839996337890625,0.6189326564841883,0.369801434236415,0.55810546875,0.02453313385214338,0.008803708523237778,76,0.03877637463868394,0.29100198182201453,0.22327253917939013,-0.0258941650390625,1.0,0.02885525279592782,1.0,-0.04994419961847263,0.0
d10,69,0.34094618144048716,0.5839996337890625,0.5834510791006049,0.40982779879814973,0.593017578125,0.02590081775763943,0.008773681929197738,69,0.03185227055370892,0.3367594986972649,0.2049067250583177,0.0090179443359375,1.0,0.06888161735766257,0.0,-0.004186682743222259,1.0
d10,70,0.34094618144048716,0.5839996337890625,0.5632495415107385,0.425762504993333,0.602294921875,0.02670709290540535,0.0081151155425582,67,0.03615787276989349,0.3536135778508605,0.22984438917446792,0.0182952880859375,1.0,0.08481632355284585,0.0,0.012667396410373344,1.0
d10,71,0.34094618144048716,0.5839996337890625,0.5136472205392956,0.4300014361158867,0.6077880859375,0.025685624008890122,0.008305319843790774,62,0.03172187384458791,0.35881378118888246,0.2305896293939501,0.0237884521484375,1.0,0.08905525467539954,0.0,0.017867599748395302,1.0
d10,72,0.34094618144048716,0.5839996337890625,0.5619593530783122,0.3872032163895286,0.5831298828125,0.025403085941833273,0.00841208457014711,74,0.03542757169102324,0.3069276106024992,0.23974628731790296,-0.0008697509765625,1.0,0.04625703494904143,1.0,-0.03401857083798798,1.0
d10,73,0.34094618144048716,0.5839996337890625,0.5861398051602494,0.41653512088322703,0.5740966796875,0.025288892055024097,0.009029881575868398,72,0.031727703214376096,0.3483988228278635,0.22266416684653717,-0.0099029541015625,1.0,0.07558893944273987,0.0,0.007452641387376335,1.0
d10,74,0.34094618144048716,0.5839996337890625,0.5232525003619171,0.39986016251473844,0.6219482421875,0.026249875179719218,0.007718493130156801,59,0.03499389017478433,0.3293576859153997,0.24600627066437736,0.0379486083984375,1.0,0.058913981074251276,0.0,-0.01158849552508745,1.0
d10,75,0.34094618144048716,0.5839996337890625,0.6256144062458561,0.4455951934556571,0.6162109375,0.026483568956141106,0.008986935108464126,59,0.032102044104055795,0.3712378389306466,0.20970463745675416,0.0322113037109375,1.0,0.10464901201516996,0.0,0.03029165749015944,1.0
d10,76,0.34094618144048716,0.5839996337890625,0.5323059576950577,0.3941356694597905,0.5750732421875,0.025678186261439532,0.008342310482261674,59,0.028951652649998633,0.3231949125131408,0.20676944901137248,-0.0089263916015625,1.0,0.053189488019303344,0.0,-0.017751268927346353,1.0
d10,77,0.34094618144048716,0.5839996337890625,0.6369218312310677,0.442750636012364,0.58984375,0.025850750459477864,0.009364944298559092,65,0.030976574751539355,0.377734703001848,0.24480286300986434,0.0058441162109375,1.0,0.10180445457187681,0.0,0.036788521561360865,1.0
d10,78,0.34094618144048716,0.5839996337890625,0.6138137535357815,0.42840053105264136,0.595947265625,0.026298398674492227,0.00863938681739777,75,0.03707162795874866,0.34892738604429796,0.23286691215825375,0.0119476318359375,1.0,0.0874543496121542,0.0,0.007981204603810799,1.0
d10,79,0.34094618144048716,0.5839996337890625,0.5405596168263362,0.4273173976404556,0.6112060546875,0.026404802864229724,0.008304424555609088,75,0.03956205475805291,0.3461871087377913,0.24756098451815997,0.0272064208984375,1.0,0.08637121619996846,0.0,0.005240927297304132,1.0
d10,80,0.34094618144048716,0.5839996337890625,0.5761944357310625,0.3970536037057837,0.5758056640625,0.025082455438205812,0.008649469005020704,50,0.02792240919213974,0.3311734639864894,0.229605067130804,-0.0081939697265625,1.0,0.056107422265296525,0.0,-0.00977271745399777,1.0
d10,81,0.34094618144048716,0.5839996337890625,0.6122501417446341,0.4108897436183337,0.61865234375,0.02707710245301057,0.008250408476591484,55,0.02988041983800107,0.3294033649107294,0.23119722910191967,0.0346527099609375,1.0,0.06994356217784653,0.0,-0.011542816529757749,1.0
d10,82,0.34094618144048716,0.5839996337890625,0.5950541899206391,0.4126569944003086,0.59326171875,0.02568105825277672,0.009031357010396306,73,0.03752715879585399,0.3418078870004341,0.23253700217104167,0.0092620849609375,1.0,0.07171081295982146,0.0,0.0008617055599469126,1.0
d10,83,0.34094618144048716,0.5839996337890625,0.5964319532909781,0.3784822609624757,0.5687255859375,0.02546965363517399,0.008528634350592165,65,0.03210183659356866,0.3024423328381586,0.2432837344871555,-0.0152740478515625,1.0,0.03753607952198856,1.0,-0.03850384860232858,1.0
d10,84,0.34094618144048716,0.5839996337890625,0.5900310031113841,0.42112885519298404,0.6129150390625,0.026128741451757153,0.008492777629657751,62,0.03115806143448979,0.3498952345713033,0.25307882784205604,0.0289154052734375,1.0,0.08018267375249688,0.0,0.00894905313081612,1.0
d10,85,0.34094618144048716,0.5839996337890625,0.6015827630557632,0.3809728619151276,0.553955078125,0.027425655853816473,0.008887829586344412,67,0.030216261168381334,0.31041191149658315,0.21190425438726623,-0.0300445556640625,1.0,0.04002668047464042,1.0,-0.030534269943904013,1.0
d10,86,0.34094618144048716,0.5839996337890625,0.5849261372088339,0.4725122948849295,0.63671875,0.026955151588326863,0.008837270023546642,62,0.03154383163218799,0.40273346052321696,0.24007432523557026,0.0527191162109375,1.0,0.13156611344444236,0.0,0.061787279082729796,0.0
d10,87,0.34094618144048716,0.5839996337890625,0.5507918633361348,0.4643221411048976,0.60888671875,0.02667647373957862,0.008840266329015937,59,0.031197074128599348,0.399540005663121,0.2329702329225427,0.0248870849609375,1.0,0.12337595966441045,0.0,0.05859382422263382,0.0
d10,88,0.34094618144048716,0.5839996337890625,0.5498823648577813,0.3562352447232946,0.5694580078125,0.0253004119086293,0.00798171037472439,76,0.04387885641791702,0.26387356183267224,0.23308318028239067,-0.0145416259765625,1.0,0.015289063282807436,1.0,-0.07707261960781492,0.0
d10,89,0.34094618144048716,0.5839996337890625,0.565201332560656,0.36818043024084673,0.5267333984375,0.02500979040148214,0.008993132546890763,69,0.03616948573970279,0.2967257944409224,0.2442002015001962,-0.0572662353515625,1.0,0.027234248800359573,1.0,-0.044220386999564765,1.0
d10,90,0.34094618144048716,0.5839996337890625,0.5443117577831827,0.4318839235104458,0.60546875,0.0263029848109564,0.008315268659312695,55,0.028377814873432963,0.3642384789262535,0.22603875517009503,0.0214691162109375,1.0,0.09093774206995864,0.0,0.023292297485766333,1.0
d10,91,0.34094618144048716,0.5839996337890625,0.5484148808469645,0.42361436808957065,0.608154296875,0.027012138090873127,0.00823868924863887,68,0.038915503517694565,0.3415787908301955,0.2378436697093072,0.0241546630859375,1.0,0.08266818664908349,0.0,0.0006326093897083274,1.0
d10,92,0.34094618144048716,0.5839996337890625,0.5979082168315958,0.4146989285518111,0.59912109375,0.025609428555834132,0.008277831204218707,66,0.03510589017551874,0.3370220362481627,0.23203033189863362,0.0151214599609375,1.0,0.07375274711132396,0.0,-0.00392414519232448,1.0
d10,93,0.34094618144048716,0.5839996337890625,0.5026347445293746,0.38551025420830776,0.5946044921875,0.025803582014421615,0.007575054784321581,51,0.032107921530271935,0.30379553084314914,0.2484700389603153,0.0106048583984375,1.0,0.044564072767820595,1.0,-0.03715065059733802,1.0
d10,94,0.34094618144048716,0.5839996337890625,0.6070877304342035,0.4569347000208751,0.5772705078125,0.026074144538655652,0.009315100670159537,57,0.02656132380533276,0.38765082099332043,0.231411796946948,-0.0067291259765625,1.0,0.11598851858038794,0.0,0.04670463955283327,1.0
d10,95,0.34094618144048716,0.5839996337890625,0.5843364214433653,0.3933272234856641,0.60498046875,0.025637308351201038,0.008289469160237468,60,0.03290606516846994,0.31189121972310274,0.24820135402883944,0.0209808349609375,1.0,0.05238104204517696,0.0,-0.02905496171738442,1.0
d10,96,0.34094618144048716,0.5839996337890625,0.5608278525946427,0.401274701089241,0.565673828125,0.024677629514600237,0.008679632985551682,69,0.03205656964309807,0.33175152437740085,0.22573991465370052,-0.0183258056640625,1.0,0.06032851964875385,0.0,-0.009194657063086309,1.0
d10,97,0.34094618144048716,0.5839996337890625,0.5815679712706731,0.38078802405047796,0.5889892578125,0.026313399815411944,0.008184198830007323,55,0.03457799507500504,0.298301635327521,0.19703981805981388,0.0049896240234375,1.0,0.039841842609990796,1.0,-0.04264454611296614,1.0
d10,98,0.34094618144048716,0.5839996337890625,0.6038341380704161,0.4264021826102362,0.59326171875,0.025906856488434923,0.008585831669900248,67,0.03179357626436108,0.3507319270188746,0.20787826687750655,0.0092620849609375,1.0,0.08545600116974905,0.0,0.009785745578387461,1.0
d10,99,0.34094618144048716,0.5839996337890625,0.5778540097343438,0.415376473543427,0.5836181640625,0.0266403196816406,0.008446800429394998,61,0.032479549353084426,0.34544167888860644,0.25427944386541623,-0.0003814697265625,1.0,0.07443029210293983,0.0,0.004495497448119279,1.0
d10,100,0.34094618144048716,0.5839996337890625,0.6095443250233109,0.4304139400068783,0.597412109375,0.025969339114027237,0.00867895051604807,69,0.034746749513919754,0.3560902943052553,0.22832283560201014,0.0134124755859375,1.0,0.08946775856639116,0.0,0.015144112864768133,1.0
d10,101,0.34094618144048716,0.5839996337890625,0.5651420332340685,0.3889751496556524,0.56982421875,0.024926343530513637,0.008584203286696663,65,0.03417601564363402,0.30872916280567225,0.22889117750367166,-0.0141754150390625,1.0,0.048028968215165224,1.0,-0.03221701863481491,1.0
d10,102,0.34094618144048716,0.5839996337890625,0.623705946220811,0.4021047975298142,0.5645751953125,0.02563425234341831,0.008840060219302694,84,0.03806519740877052,0.3246641768966574,0.23244291733936787,-0.0194244384765625,1.0,0.061158616089327045,0.0,-0.016282004543829776,1.0
d10,103,0.34094618144048716,0.5839996337890625,0.6473456501242236,0.3932693556856214,0.5635986328125,0.02562723981150416,0.009016392998071257,76,0.03503457849161306,0.3190198965334316,0.2380224964635141,-0.0204010009765625,1.0,0.05232317424513422,0.0,-0.02192628490705556,1.0
d10,104,0.34094618144048716,0.5839996337890625,0.5383468363972375,0.36920412541355085,0.585693359375,0.02556669857897453,0.007777321582026334,81,0.038210532095196155,0.29013514529021245,0.226370786251263,0.0016937255859375,1.0,0.028257943973063693,1.0,-0.05081103615027471,0.0
d10,105,0.34094618144048716,0.5839996337890625,0.5973831559332751,0.39821464271197293,0.5550537109375,0.026255335901093968,0.008918887296543868,66,0.032190950666647816,0.3229303880164663,0.21566161481590293,-0.0289459228515625,1.0,0.05726846127148577,0.0,-0.018015793424020876,1.0
d10,106,0.34094618144048716,0.5839996337890625,0.6043263285681614,0.45060843345489765,0.59521484375,0.025738417000662674,0.009126549560628344,77,0.03750305539098481,0.37685101242955393,0.25145726568951304,0.0112152099609375,1.0,0.10966225201441049,0.0,0.03590483098906677,1.0
d10,107,0.34094618144048716,0.5839996337890625,0.5407409894573543,0.4457353392676592,0.6165771484375,0.025710118456717557,0.008659878095913894,60,0.03167200907701724,0.36927181476795523,0.22110544930891549,0.0325775146484375,1.0,0.10478915782717202,0.0,0.02832563332746807,1.0
d10,108,0.34094618144048716,0.5839996337890625,0.6402254028903049,0.4469618839462792,0.59521484375,0.026020407088760265,0.009553831311365052,79,0.03440820490749199,0.3778649714852689,0.24473151203086033,0.0112152099609375,1.0,0.10601570250579206,0.0,0.03691879004478171,1.0
d10,109,0.34094618144048716,0.5839996337890625,0.5252462153510201,0.4239661404017059,0.6119384765625,0.025445464997549967,0.008115689467857465,57,0.032503928247840964,0.3569628182317652,0.2446317407025281,0.0279388427734375,1.0,0.08301995896121872,0.0,0.016016636791278016,1.0
d10,110,0.34094618144048716,0.5839996337890625,0.587640908812705,0.3898603993918667,0.568359375,0.02568965351333345,0.008463830109800953,71,0.034242392576412914,0.31569007062784255,0.24237407108503636,-0.0156402587890625,1.0,0.04891421795137951,1.0,-0.025256110812644617,1.0
d10,111,0.34094618144048716,0.5839996337890625,0.5402403320991013,0.4037637060112976,0.5927734375,0.026331079750331242,0.008427847480995237,65,0.03468477256096704,0.3304036665089597,0.20771327316759813,0.0087738037109375,1.0,0.06281752457081041,0.0,-0.010542514931527469,1.0
d10,112,0.34094618144048716,0.5839996337890625,0.5181888860455778,0.44541374823786334,0.6300048828125,0.027201273744150392,0.00836890994706012,75,0.038451394381939535,0.3730041015216218,0.21560635026885658,0.0460052490234375,1.0,0.10446756679737618,0.0,0.03205792008113462,1.0
d10,113,0.34094618144048716,0.5839996337890625,0.5687995245251946,0.4547497735027728,0.6068115234375,0.025721138764280997,0.009064406690872715,66,0.03188990960134039,0.3858690934540143,0.2222630162764796,0.0228118896484375,1.0,0.11380359206228563,0.0,0.04492291201352716,1.0
d10,114,0.34094618144048716,0.5839996337890625,0.5596274783569135,0.3963710810981283,0.5997314453125,0.027938437531473875,0.008141741688914687,77,0.03925719878340465,0.3231484445976599,0.22061565214997783,0.0157318115234375,1.0,0.055424899657641136,0.0,-0.01779773684282726,1.0
d10,115,0.34094618144048716,0.5839996337890625,0.6000116451489008,0.3718730770871638,0.5728759765625,0.02489490145517707,0.00850832642233162,51,0.0244988221301039,0.31140120812090877,0.22071910543819628,-0.0111236572265625,1.0,0.03092689564667661,1.0,-0.029544973319578394,1.0
d10,116,0.34094618144048716,0.5839996337890625,0.5914145455386235,0.45905380702774623,0.62939453125,0.0268644333206893,0.008737216208980136,73,0.035674723520443624,0.3923411050963308,0.21116188054025775,0.0453948974609375,1.0,0.11810762558725907,0.0,0.05139492365584364,1.0
d10,117,0.34094618144048716,0.5839996337890625,0.5729902127286072,0.4116067832767252,0.589599609375,0.024717817592811248,0.008526715291214335,64,0.03249944260762874,0.34212094848293695,0.2031172589238036,0.0055999755859375,1.0,0.07066060183623801,0.0,0.001174767042449787,1.0
d10,118,0.34094618144048716,0.5839996337890625,0.5978157373956565,0.4178287388659128,0.563720703125,0.025660485439531415,0.008927857043240924,56,0.029250332692894492,0.34743812343391867,0.23655966124248246,-0.0202789306640625,1.0,0.07688255742542566,0.0,0.006491941993431505,1.0
d10,119,0.34094618144048716,0.5839996337890625,0.5552370733569506,0.41210812307169864,0.6077880859375,0.02590078708378721,0.00797975241219165,64,0.03339552498097775,0.3383869012851324,0.22356845191693345,0.0237884521484375,1.0,0.07116194163121148,0.0,-0.0025592801553547817,1.0
d10,120,0.34094618144048716,0.5839996337890625,0.5694083483651159,0.4485687952793096,0.5972900390625,0.02627378341353891,0.008897049185612474,81,0.037531287497495625,0.3690662322411236,0.21901438909730278,0.0132904052734375,1.0,0.10762261383882243,0.0,0.028120050800636454,1.0
d10,121,0.34094618144048716,0.5839996337890625,0.6239651309617295,0.3732954496270251,0.57373046875,0.026134289550853295,0.008640251215487435,79,0.0382500029302169,0.2906299542855875,0.22383310943891352,-0.0102691650390625,1.0,0.03234926818653794,1.0,-0.05031622715489964,1.0
d10,122,0.34094618144048716,0.5839996337890625,0.6361692867791231,0.4721117729703428,0.6082763671875,0.026452403939100626,0.009315472029848934,68,0.03134981672402857,0.405702948420989,0.24491787760464065,0.0242767333984375,1.0,0.13116559152985563,0.0,0.06475676698050181,0.0
d10,123,0.34094618144048716,0.5839996337890625,0.5828538492212189,0.43479468662298915,0.595703125,0.026357335529888545,0.009050075653522359,69,0.03176257393756562,0.3683922660902817,0.2561023250027032,0.0117034912109375,1.0,0.09384850518250198,0.0,0.027446084649794533,1.0
d10,124,0.34094618144048716,0.5839996337890625,0.5316951994608474,0.3883903694693178,0.612548828125,0.0263588701162743,0.008008398766778032,55,0.0348054560495455,0.3076188737001036,0.2359527960882252,0.0285491943359375,1.0,0.04744418802883066,1.0,-0.03332730774038356,1.0
d10,125,0.34094618144048716,0.5839996337890625,0.573710430249141,0.4200805060248056,0.5992431640625,0.02605254477591117,0.008354773678191875,63,0.03343709388281862,0.34472841037495283,0.22219178535489595,0.0152435302734375,1.0,0.07913432458431846,0.0,0.00378222893446567,1.0
d10,126,0.34094618144048716,0.5839996337890625,0.5303783651719477,0.3898405483667363,0.6016845703125,0.025779501504125852,0.007533374926051355,78,0.04376671485261683,0.30071650467020805,0.2239814924429658,0.0176849365234375,1.0,0.048894366926249155,1.0,-0.04022967677027911,1.0
d10,127,0.34094618144048716,0.5839996337890625,0.5666927561630449,0.38098305160081203,0.5609130859375,0.024110161906011375,0.008376802350477342,68,0.03421169608927846,0.31306977753502346,0.22033594753382887,-0.0230865478515625,1.0,0.04003687016032487,1.0,-0.027876403905463698,1.0
d10,128,0.34094618144048716,0.5839996337890625,0.6285838606462382,0.40623530434131866,0.5823974609375,0.025836007999452838,0.00887956943463264,66,0.03162200736613984,0.3352648989591575,0.22241551896848655,-0.0016021728515625,1.0,0.0652891229008315,0.0,-0.0056812824813296525,1.0
d10,129,0.34094618144048716,0.5839996337890625,0.6113056378217665,0.4414807523701528,0.601806640625,0.02603383211604698,0.009254233681848243,70,0.03304624449363903,0.36813947018940524,0.2086490170465541,0.0178070068359375,1.0,0.10053457092966561,0.0,0.027193288748918076,1.0
d10,130,0.34094618144048716,0.5839996337890625,0.562896355341983,0.4027216047767901,0.5706787109375,0.02490462134729913,0.008711969314015968,62,0.033181229678840754,0.33372083875290864,0.22311441081112063,-0.0133209228515625,1.0,0.061775423336302926,0.0,-0.007225342687578518,1.0
d10,131,0.34094618144048716,0.5839996337890625,0.5742770448521669,0.4246467355684732,0.6173095703125,0.027551939019986253,0.008307973778844862,68,0.03680326736893342,0.34567328612804615,0.24405827970678173,0.0333099365234375,1.0,0.08370055412798605,0.0,0.004727104687558992,1.0
d10,132,0.34094618144048716,0.5839996337890625,0.6463742670820528,0.4760726816538442,0.6239013671875,0.02743385541565105,0.00913720524817622,65,0.03364954275279086,0.40758635812054567,0.24609223445837752,0.0399017333984375,1.0,0.13512650021335704,0.0,0.0666401766800585,0.0
d10,133,0.34094618144048716,0.5839996337890625,0.568458057591103,0.401412117808583,0.5628662109375,0.024101168787466667,0.008566647511855098,73,0.03565992371810112,0.3306768285804489,0.2401211035766255,-0.0211334228515625,1.0,0.06046593636809583,0.0,-0.010269352860038272,1.0
d10,134,0.34094618144048716,0.5839996337890625,0.5296780189711098,0.3855824464568655,0.5706787109375,0.024905988388201995,0.008237780990936718,81,0.04074771010443654,0.3069095579279865,0.230280284291181,-0.0133209228515625,1.0,0.04463626501637835,1.0,-0.03403662351250064,1.0
d10,135,0.34094618144048716,0.5839996337890625,0.5587673432731184,0.4632452561681657,0.6104736328125,0.025358285953545803,0.008525568180013455,60,0.030922517119722902,0.3962582653875879,0.2175274349617143,0.0264739990234375,1.0,0.12229907472767854,0.0,0.05531208394710074,0.0
d10,136,0.34094618144048716,0.5839996337890625,0.5622484840122995,0.42527966222261937,0.6072998046875,0.026704451805893953,0.008563810091625388,74,0.040934621611782934,0.34738696275290915,0.2132640629963889,0.0233001708984375,1.0,0.08433348078213221,0.0,0.006440781312421984,1.0
d10,137,0.34094618144048716,0.5839996337890625,0.5335327886438792,0.371034684823869,0.5621337890625,0.026386742110355004,0.00809759656547664,78,0.03847971843982973,0.28814822164733517,0.20862333145229955,-0.0218658447265625,1.0,0.030088503383381815,1.0,-0.052797959793151994,0.0
d10,138,0.34094618144048716,0.5839996337890625,0.5090327636348592,0.3960422231427858,0.5736083984375,0.02462959874501189,0.008311900405344871,70,0.036399862562075336,0.3199066320443076,0.2294241753505685,-0.0103912353515625,1.0,0.05509604170229865,0.0,-0.02103954939617958,1.0
d10,139,0.34094618144048716,0.5839996337890625,0.548197113110099,0.4210996247209311,0.59521484375,0.025931298820415345,0.008515433144934265,51,0.03215186202461973,0.3498203214120522,0.2155449107532758,0.0112152099609375,1.0,0.08015344328044394,0.0,0.008874139971565054,1.0
d10,140,0.34094618144048716,0.5839996337890625,0.6303293852697811,0.3948902555484216,0.5836181640625,0.02567181850594963,0.008685414049007556,77,0.03287990320574547,0.31785530321980604,0.23833937137761055,-0.0003814697265625,1.0,0.05394407410793445,0.0,-0.02309087822068112,1.0
d10,141,0.34094618144048716,0.5839996337890625,0.5723441974325861,0.4539125262101743,0.5972900390625,0.026247696829519378,0.00888563073824721,61,0.03348714794044777,0.37961522725555147,0.24115076197443314,0.0132904052734375,1.0,0.11296634476968714,0.0,0.03866904581506431,1.0
d10,142,0.34094618144048716,0.5839996337890625,0.5721785345374535,0.45104847418457955,0.595947265625,0.0251688125825926,0.009161531773340902,54,0.029252671738728538,0.38742983841310386,0.24210471035631276,0.0119476318359375,1.0,0.11010229274409239,0.0,0.046483656972616694,1.0
d10,143,0.34094618144048716,0.5839996337890625,0.5165304051257015,0.41908076666159133,0.583740234375,0.02599828728383451,0.00874529190766829,71,0.033992015810651234,0.34825013871506116,0.22954039037309446,-0.0002593994140625,1.0,0.07813458522110417,0.0,0.007303957274574002,1.0
d10,144,0.34094618144048716,0.5839996337890625,0.5963302956136777,0.3951262364881026,0.5914306640625,0.026387735791191316,0.008215769449528015,70,0.0393268919800117,0.313760291541218,0.23694002318026838,0.0074310302734375,1.0,0.054180055047615416,0.0,-0.027185889899269178,1.0
d10,145,0.34094618144048716,0.5839996337890625,0.5491809043674032,0.44344343506317296,0.621826171875,0.02673072146690956,0.008258004421894071,56,0.027907495715259707,0.37605336127562394,0.22303692717767631,0.0378265380859375,1.0,0.1024972536226858,0.0,0.03510717983513678,1.0
d10,146,0.34094618144048716,0.5839996337890625,0.5849001343390743,0.4337098089749206,0.6304931640625,0.026867302652767745,0.008737631129475424,67,0.032198412516414594,0.36389951719608754,0.23350109195698174,0.0464935302734375,1.0,0.09276362753443346,0.0,0.02295333575560038,1.0
d10,147,0.34094618144048716,0.5839996337890625,0.582340652747509,0.3876313110625773,0.60546875,0.025972428331905325,0.00806907237096564,79,0.042747647189277524,0.30146748608578655,0.23814035946538115,0.0214691162109375,1.0,0.04668512962209015,1.0,-0.03947869535470061,1.0
d10,148,0.34094618144048716,0.5839996337890625,0.62724747800904,0.4037542932020106,0.591064453125,0.026147038902289903,0.008772635466821867,64,0.036469797550690845,0.32538770463934097,0.22276672609918505,0.0070648193359375,1.0,0.06280811176152346,0.0,-0.015558476801146193,1.0
d10,149,0.34094618144048716,0.5839996337890625,0.5305588608797217,0.38483930203941497,0.589111328125,0.025696653349194392,0.007872641816556945,68,0.036365436365839464,0.3023208144579686,0.23714274173112151,0.0051116943359375,1.0,0.043893120598927804,1.0,-0.03862536698251856,1.0
sparse_dgp,0,0.35782136051034885,0.5697479248046875,0.5800609100762444,0.4545706048539925,0.575927734375,0.02600536761898228,0.009197780553892752,58,0.02757705738825234,0.39072847424540014,0.3147291536231914,0.0061798095703125,1.0,0.09674924434364363,0.0,0.032907113735051285,1.0
sparse_dgp,1,0.35782136051034885,0.5697479248046875,0.4938180786182413,0.43149166749075263,0.5770263671875,0.025684529461590774,0.008228666804639686,45,0.027283549836213217,0.3708314014119093,0.31133650500039267,0.0072784423828125,1.0,0.07367030698040378,0.0,0.013010040901560438,1.0
sparse_dgp,2,0.35782136051034885,0.5697479248046875,0.5416708999763963,0.41410720342284546,0.5745849609375,0.024865141860704893,0.008151290003177611,60,0.034775482400021686,0.34074061244116305,0.3154565302430777,0.0048370361328125,1.0,0.05628584291249661,0.0,-0.017080748069185803,1.0
sparse_dgp,3,0.35782136051034885,0.5697479248046875,0.5536022953182411,0.4547726249882699,0.582763671875,0.02601108841267863,0.008586973105412512,67,0.03446338481011644,0.3851234811663442,0.31508448842043313,0.0130157470703125,1.0,0.09695126447792107,0.0,0.027302120655995354,1.0
sparse_dgp,4,0.35782136051034885,0.5697479248046875,0.5624841163452583,0.4475192999405178,0.579345703125,0.025221651332915127,0.008664635994502675,51,0.027628943262862957,0.38303191489480715,0.3127306835329063,0.0095977783203125,1.0,0.08969793943016896,0.0,0.025210554384458295,1.0
sparse_dgp,5,0.35782136051034885,0.5697479248046875,0.5477570732009887,0.33310283423333986,0.5426025390625,0.02433113721064562,0.007195830717235954,50,0.03359968499032439,0.2532443310403494,0.31375327246415846,-0.0271453857421875,1.0,-0.02471852627700899,1.0,-0.10457702946999947,0.0
sparse_dgp,6,0.35782136051034885,0.5697479248046875,0.5682841040267983,0.45911659087771706,0.6170654296875,0.027698127151950223,0.007951095854760944,62,0.03853834318892352,0.38173375164608203,0.3136648880598474,0.0473175048828125,1.0,0.1012952303673682,0.0,0.02391239113573318,1.0
sparse_dgp,7,0.35782136051034885,0.5697479248046875,0.5862441268806428,0.4216518583892892,0.5615234375,0.024851104359091575,0.008523552605786184,73,0.033796226199245084,0.34835556710177995,0.3148024161591625,-0.0082244873046875,1.0,0.06383049787894035,0.0,-0.009465793408568901,1.0
sparse_dgp,8,0.35782136051034885,0.5697479248046875,0.5740596689789524,0.43843943469246727,0.580322265625,0.02675953440426169,0.008582981951780594,51,0.029460320774332843,0.3737940768927297,0.31419343057777355,0.0105743408203125,1.0,0.08061807418211842,0.0,0.015972716382380847,1.0
sparse_dgp,9,0.35782136051034885,0.5697479248046875,0.561541868873445,0.4131176789104892,0.5521240234375,0.02463281782154192,0.008665141694457203,61,0.030606905449007203,0.3459228320151025,0.3116740730049634,-0.0176239013671875,1.0,0.055296318400140376,0.0,-0.011898528495246363,1.0
sparse_dgp,10,0.35782136051034885,0.5697479248046875,0.5460112649869178,0.4371564712257229,0.5716552734375,0.02487633398601331,0.00859027124724285,47,0.028109564501048942,0.3770758604453478,0.3116706627579899,0.0019073486328125,1.0,0.07933511071537402,0.0,0.019254499934998948,1.0
sparse_dgp,11,0.35782136051034885,0.5697479248046875,0.5169617493930813,0.3941075719532938,0.5546875,0.02451085691999722,0.008143219144960714,68,0.03341830885912277,0.32118808834027945,0.3141332166078962,-0.0150604248046875,1.0,0.03628621144294497,1.0,-0.0366332721700694,1.0
sparse_dgp,12,0.35782136051034885,0.5697479248046875,0.5514488902822069,0.44640510950956436,0.601318359375,0.026314883184959673,0.008138925163575889,67,0.03335251211264406,0.3686867115999162,0.3131976504400279,0.0315704345703125,1.0,0.0885837489992155,0.0,0.010865351089567321,1.0
sparse_dgp,13,0.35782136051034885,0.5697479248046875,0.5446767945971636,0.46295666588041395,0.59765625,0.025531758948858476,0.008368231162930563,53,0.029357558121885962,0.39602551872175423,0.31687210591963694,0.0279083251953125,1.0,0.1051353053700651,0.0,0.03820415821140538,1.0
sparse_dgp,14,0.35782136051034885,0.5697479248046875,0.5733066924459471,0.42326076287525016,0.5894775390625,0.02676365058978516,0.008174285058820082,66,0.03448000466520784,0.345838226069053,0.31542198754715656,0.0197296142578125,1.0,0.06543940236490131,0.0,-0.01198313444129584,1.0
sparse_dgp,15,0.35782136051034885,0.5697479248046875,0.5563410069295168,0.41166743227874136,0.555419921875,0.024996981367206007,0.008528930536259896,64,0.034507347027396565,0.33709874962835873,0.3109850216288786,-0.0143280029296875,1.0,0.05384607176839251,0.0,-0.020722610881990122,1.0
sparse_dgp,16,0.35782136051034885,0.5697479248046875,0.554603924021026,0.4868210394791889,0.599365234375,0.027638759049348982,0.00875587273667203,58,0.03128440466049453,0.4096896678098858,0.31099093965888414,0.0296173095703125,1.0,0.12899967896884007,0.0,0.05186830729953695,1.0
sparse_dgp,17,0.35782136051034885,0.5697479248046875,0.5510156072957555,0.4396732035374698,0.6015625,0.026169684779144293,0.00791541640582971,57,0.03290945233114882,0.36550249163105797,0.31204691856820665,0.0318145751953125,1.0,0.08185184302712095,0.0,0.007681131120709117,1.0
sparse_dgp,18,0.35782136051034885,0.5697479248046875,0.5754474486885102,0.48098593113632915,0.60498046875,0.02573937392804934,0.008621279362971019,77,0.03602055088622633,0.4078123262135054,0.31481492430759656,0.0352325439453125,1.0,0.1231645706259803,0.0,0.04999096570315653,1.0
sparse_dgp,19,0.35782136051034885,0.5697479248046875,0.6020989662108862,0.4096987161035747,0.555419921875,0.025686583746220584,0.008594616119304005,66,0.0370323442853064,0.3374768967767628,0.3113787975235834,-0.0143280029296875,1.0,0.05187735559322587,0.0,-0.02034446373358606,1.0
sparse_dgp,20,0.35782136051034885,0.5697479248046875,0.5769949720926407,0.4444946942571169,0.577880859375,0.0256878530959805,0.008580339064634474,54,0.029923325951100515,0.37410660875265034,0.31086941020157255,0.0081329345703125,1.0,0.08667333374676806,0.0,0.016285248242301487,1.0
sparse_dgp,21,0.35782136051034885,0.5697479248046875,0.5095287758377538,0.42376385776472236,0.5618896484375,0.025205830688304388,0.0085115303581823,60,0.029643795557073693,0.35128779625447937,0.31128225212848304,-0.0078582763671875,1.0,0.06594249725437351,0.0,-0.006533564255869484,1.0
sparse_dgp,22,0.35782136051034885,0.5697479248046875,0.5345793856078107,0.4138841001924787,0.5626220703125,0.02579773376519253,0.008372128677360173,43,0.027240185408638828,0.3451250522070677,0.31172802069751515,-0.0071258544921875,1.0,0.056062739682129825,0.0,-0.012696308303281167,1.0
sparse_dgp,23,0.35782136051034885,0.5697479248046875,0.5516380609123781,0.41658666594497584,0.574462890625,0.02593613376726984,0.008243503733397453,65,0.03644341172450842,0.3344397205643102,0.3127543081707197,0.0047149658203125,1.0,0.05876530543462699,0.0,-0.023381639946038646,1.0
sparse_dgp,24,0.35782136051034885,0.5697479248046875,0.561195042052223,0.4600498433426289,0.5777587890625,0.025753377582624595,0.008729807942918416,65,0.03313812585492627,0.3945942350266296,0.3118219481944141,0.0080108642578125,1.0,0.10222848283228003,0.0,0.03677287451628075,1.0
sparse_dgp,25,0.35782136051034885,0.5697479248046875,0.572191513500086,0.416340554135753,0.57080078125,0.02441218144302464,0.00833196511453145,63,0.030010044127173636,0.34377816214811346,0.31365481689595454,0.0010528564453125,1.0,0.05851919362540414,0.0,-0.014043198362235387,1.0
sparse_dgp,26,0.35782136051034885,0.5697479248046875,0.5452448679194182,0.4214860905863713,0.59130859375,0.02630188091934418,0.007870766105555914,65,0.03690563323245214,0.34298981982439214,0.31378281218702714,0.0215606689453125,1.0,0.06366473007602247,0.0,-0.014831540685956712,1.0
sparse_dgp,27,0.35782136051034885,0.5697479248046875,0.5632006562808279,0.42410076860102874,0.5670166015625,0.025206189011384675,0.008483598347880742,59,0.031179108247086657,0.35551694028488456,0.3125244681817823,-0.0027313232421875,1.0,0.06627940809067989,0.0,-0.0023044202254642876,1.0
sparse_dgp,28,0.35782136051034885,0.5697479248046875,0.5645427586455225,0.42008640971000877,0.5587158203125,0.025016788125473515,0.00858795300241479,69,0.03673757949159349,0.3478620791033904,0.3129910974568473,-0.0110321044921875,1.0,0.062265049199659916,0.0,-0.009959281406958453,1.0
sparse_dgp,29,0.35782136051034885,0.5697479248046875,0.5509384803356836,0.46541350306731244,0.611328125,0.02587153444894747,0.008138478880447306,66,0.03717822260703617,0.38611267638111907,0.3148412817602212,0.0415802001953125,1.0,0.10759214255696359,0.0,0.028291315870770217,1.0
sparse_dgp,30,0.35782136051034885,0.5697479248046875,0.5801045274612788,0.4492017949431012,0.5738525390625,0.025164511113656585,0.008743993998955486,67,0.03513484681969251,0.37197849440962916,0.31206572686149464,0.0041046142578125,1.0,0.09138043443275234,0.0,0.014157133899280305,1.0
sparse_dgp,31,0.35782136051034885,0.5697479248046875,0.5793701247821551,0.42237072177937096,0.586669921875,0.025046195828205144,0.007949580271455368,51,0.03402042940502911,0.3551966957274645,0.3121065875973703,0.0169219970703125,1.0,0.06454936126902211,0.0,-0.0026246647828843672,1.0
sparse_dgp,32,0.35782136051034885,0.5697479248046875,0.5368552398387301,0.3771088867267811,0.5592041015625,0.025605657881012014,0.0078076523604265185,58,0.03200923736688848,0.2978358883437707,0.31167055545017663,-0.0105438232421875,1.0,0.01928752621643226,1.0,-0.059985472166578124,0.0
sparse_dgp,33,0.35782136051034885,0.5697479248046875,0.5152737786414124,0.45106092827569594,0.6240234375,0.026422061027160212,0.007791485184846565,52,0.033207211215932335,0.37824435386244515,0.31235094956380044,0.0542755126953125,1.0,0.09323956776534709,0.0,0.020422993352096297,1.0
sparse_dgp,34,0.35782136051034885,0.5697479248046875,0.5587464090803815,0.38695052206374014,0.5633544921875,0.024808405102913007,0.00802311586467415,68,0.0358414066914404,0.30922429266940255,0.31066576713044175,-0.0063934326171875,1.0,0.029129161553391292,1.0,-0.048597067840946306,1.0
sparse_dgp,35,0.35782136051034885,0.5697479248046875,0.5469768159590481,0.4542573503114983,0.603515625,0.02676522255493282,0.008076873478542631,67,0.03731336845630397,0.37966765866835095,0.3114101843605635,0.0337677001953125,1.0,0.09643598980114942,0.0,0.021846298158002098,1.0
sparse_dgp,36,0.35782136051034885,0.5697479248046875,0.5528416494575025,0.4509831409960826,0.57470703125,0.025302106611572738,0.0087788816995083,62,0.031327135214503005,0.38544525528545226,0.3118924882722497,0.0049591064453125,1.0,0.09316178048573376,0.0,0.027623894775103408,1.0
sparse_dgp,37,0.35782136051034885,0.5697479248046875,0.5735763247846528,0.4915954159777306,0.59228515625,0.026048397479651136,0.009134890897425032,57,0.030121416061839792,0.42960448943875246,0.31300814433105884,0.0225372314453125,1.0,0.13377405546738175,0.0,0.0717831289284036,0.0
sparse_dgp,38,0.35782136051034885,0.5697479248046875,0.5556825436174955,0.4148289295542742,0.58203125,0.026150838403531926,0.007982956381805401,63,0.03597969100200633,0.33910961273916623,0.3135173958347468,0.0122833251953125,1.0,0.057007569043925344,0.0,-0.01871174777118262,1.0
sparse_dgp,39,0.35782136051034885,0.5697479248046875,0.5303637793496855,0.44686990180840613,0.5762939453125,0.024872732826873262,0.008600599216355281,53,0.02872513151604182,0.3824889541069604,0.3121111320127488,0.0065460205078125,1.0,0.08904854129805728,0.0,0.024667593596611526,1.0
sparse_dgp,40,0.35782136051034885,0.5697479248046875,0.535589530910629,0.43174831743223907,0.5726318359375,0.02545834859415653,0.008451770694721554,56,0.031142148605597452,0.357796283062481,0.3159689357261955,0.0028839111328125,1.0,0.07392695692189022,0.0,-2.5077447867838387e-05,1.0
sparse_dgp,41,0.35782136051034885,0.5697479248046875,0.5901985729782163,0.41946459622356214,0.5887451171875,0.025807404314847737,0.008056943165675087,70,0.03882674113293352,0.3382171106039602,0.3131010667322839,0.0189971923828125,1.0,0.061643235713213285,0.0,-0.01960424990638865,1.0
sparse_dgp,42,0.35782136051034885,0.5697479248046875,0.5947508225351076,0.40567349129835495,0.5560302734375,0.025409127013897005,0.008341854826949154,65,0.034069850692046745,0.328980802034189,0.3129669774047655,-0.0137176513671875,1.0,0.0478521307880061,1.0,-0.02884055847615985,1.0
sparse_dgp,43,0.35782136051034885,0.5697479248046875,0.524759900970686,0.37491582284086417,0.5430908203125,0.02507493642959667,0.008053992901934167,54,0.030589098568978994,0.29810913343090095,0.3151655267903945,-0.0266571044921875,1.0,0.017094462330515314,1.0,-0.0597122270794479,0.0
sparse_dgp,44,0.35782136051034885,0.5697479248046875,0.5129698056259314,0.40336652360916825,0.5560302734375,0.024886271543691777,0.008267081825371662,67,0.03549724445647582,0.3237876827919258,0.31371651066094475,-0.0137176513671875,1.0,0.0455451630988194,1.0,-0.03403367771842303,1.0
sparse_dgp,45,0.35782136051034885,0.5697479248046875,0.567848917408415,0.4142722833663391,0.5592041015625,0.025044488392093393,0.008493657536443296,71,0.03702767548467599,0.33962498218909754,0.31257830979076456,-0.0105438232421875,1.0,0.05645092285599024,0.0,-0.018196378321251316,1.0
sparse_dgp,46,0.35782136051034885,0.5697479248046875,0.49151868808198224,0.41541921333778536,0.5865478515625,0.026117682605397086,0.007937743415306665,68,0.04135052667862594,0.336118250759606,0.31137202674692693,0.0167999267578125,1.0,0.05759785282743651,0.0,-0.021703109750742855,1.0
sparse_dgp,47,0.35782136051034885,0.5697479248046875,0.5124780382206001,0.4158821653555655,0.5950927734375,0.02709187967424966,0.0077068471183752854,55,0.03627944064009911,0.3395957000798025,0.3135253565245744,0.0253448486328125,1.0,0.05806080484521664,0.0,-0.018225660430546353,1.0
sparse_dgp,48,0.35782136051034885,0.5697479248046875,0.5472944426915101,0.4576713437740736,0.5955810546875,0.026514360519041984,0.008326276757284172,57,0.03049222430387739,0.39149151448725633,0.3119230433353964,0.0258331298828125,1.0,0.09984998326372474,0.0,0.03367015397690748,1.0
sparse_dgp,49,0.35782136051034885,0.5697479248046875,0.5837051392108584,0.42521334271877037,0.57373046875,0.02573202767798987,0.008422574636554386,55,0.032961043032849406,0.358908099395316,0.3113535235342907,0.0039825439453125,1.0,0.06739198220842152,0.0,0.0010867388849671311,1.0
sparse_dgp,50,0.35782136051034885,0.5697479248046875,0.5688945419359113,0.4249608579242754,0.569580078125,0.025066407557996395,0.008666764411800606,67,0.035429457709394624,0.35999543286575597,0.31455105749145584,-0.0001678466796875,1.0,0.06713949741392655,0.0,0.0021740723554071195,1.0
sparse_dgp,51,0.35782136051034885,0.5697479248046875,0.5784661376325597,0.38802708851452994,0.542236328125,0.02507403254997145,0.008284519218735695,59,0.032354219611139295,0.3144533278655432,0.31361555285490383,-0.0275115966796875,1.0,0.030205728004181087,1.0,-0.043368032644805654,1.0
sparse_dgp,52,0.35782136051034885,0.5697479248046875,0.5513038501538479,0.42391456915529324,0.580078125,0.02579250015238435,0.008289214667149486,64,0.035025846625968644,0.3485294579768712,0.31680269903884645,0.0103302001953125,1.0,0.06609320864494439,0.0,-0.00929190253347767,1.0
sparse_dgp,53,0.35782136051034885,0.5697479248046875,0.5788349822725604,0.4326321133955435,0.5736083984375,0.026519701534568993,0.008461617880720895,70,0.036249292418402926,0.35842846643432746,0.31154413894749783,0.0038604736328125,1.0,0.07481075288519468,0.0,0.0006071059239786125,1.0
sparse_dgp,54,0.35782136051034885,0.5697479248046875,0.6037828351193821,0.46798648730864517,0.5958251953125,0.02659237867631972,0.00867713774578879,68,0.03411586002083307,0.39577003336874017,0.31481900603839497,0.0260772705078125,1.0,0.11016512679829632,0.0,0.03794867285839132,1.0
sparse_dgp,55,0.35782136051034885,0.5697479248046875,0.5695837597221939,0.46784992708070533,0.566650390625,0.024627936853451396,0.009131998189950063,68,0.03344198347220921,0.4010616087003507,0.3150964247196845,-0.0030975341796875,1.0,0.11002856657035648,0.0,0.04324024819000183,1.0
sparse_dgp,56,0.35782136051034885,0.5697479248046875,0.5833269550141276,0.44802880059262395,0.6043701171875,0.02657707564731327,0.008154446560714882,59,0.03288112559387421,0.3755136249280391,0.3135440812814979,0.0346221923828125,1.0,0.0902074400822751,0.0,0.01769226441769023,1.0
sparse_dgp,57,0.35782136051034885,0.5697479248046875,0.560953173316767,0.4117754316915782,0.573486328125,0.025541603545592463,0.008067883886937986,55,0.034225677995771926,0.33569761747854815,0.3149526145138452,0.0037384033203125,1.0,0.05395407118122936,0.0,-0.022123743031800702,1.0
sparse_dgp,58,0.35782136051034885,0.5697479248046875,0.5994804304385857,0.45919455207515825,0.58056640625,0.026798917439810763,0.008913793981847818,76,0.034505207298839526,0.38268780724954216,0.3124314045795609,0.0108184814453125,1.0,0.1013731915648094,0.0,0.024866446739193304,1.0
sparse_dgp,59,0.35782136051034885,0.5697479248046875,0.57459211122759,0.415344260087813,0.57763671875,0.025619325174450983,0.007987733585695768,60,0.03602787310551785,0.34259650483432064,0.31519320325042044,0.0078887939453125,1.0,0.05752289957746415,0.0,-0.015224855676028215,1.0
sparse_dgp,60,0.35782136051034885,0.5697479248046875,0.5384138318329044,0.4320968493775869,0.593505859375,0.0267648755595661,0.007970502290222583,62,0.034540203813004634,0.3488255766597517,0.3129572501526586,0.0237579345703125,1.0,0.07427548886723806,0.0,-0.008995783850597128,1.0
sparse_dgp,61,0.35782136051034885,0.5697479248046875,0.5543892781568017,0.44425390926234104,0.6015625,0.025254521200390463,0.007925793642165297,55,0.03222441884720156,0.3693283773189999,0.31144788969538517,0.0318145751953125,1.0,0.08643254875199219,0.0,0.011507016808651072,1.0
sparse_dgp,62,0.35782136051034885,0.5697479248046875,0.5386693224066472,0.4312561746873588,0.5738525390625,0.025350261463976825,0.008168784021756883,61,0.03367497909830066,0.35744086983895684,0.3142808199039768,0.0041046142578125,1.0,0.07343481417700992,0.0,-0.00038049067139200865,1.0
sparse_dgp,63,0.35782136051034885,0.5697479248046875,0.5531833051132194,0.43011053714647696,0.567626953125,0.025143094696696445,0.008643419233657025,69,0.03393722210612067,0.3543380283594479,0.313113697661589,-0.0021209716796875,1.0,0.0722891766361281,0.0,-0.003483332150900964,1.0
sparse_dgp,64,0.35782136051034885,0.5697479248046875,0.5590690401270605,0.4464016258955239,0.587890625,0.02614279813891927,0.008353854174973427,76,0.039369214866585914,0.3759575301534844,0.3123556572926566,0.0181427001953125,1.0,0.08858026538517505,0.0,0.018136169643135525,1.0
sparse_dgp,65,0.35782136051034885,0.5697479248046875,0.5582847705268316,0.42520554372518005,0.554931640625,0.02427341806273399,0.009050168790001686,68,0.03216813069062325,0.35588309461020495,0.31192651527708276,-0.0148162841796875,1.0,0.0673841832148312,0.0,-0.0019382659001438984,1.0
sparse_dgp,66,0.35782136051034885,0.5697479248046875,0.5775336423242489,0.43004011298160455,0.5733642578125,0.02605476523562661,0.008537552772987544,73,0.03902753870116855,0.3526586340649613,0.31221096245760677,0.0036163330078125,1.0,0.0722187524712557,0.0,-0.0051627264453875665,1.0
sparse_dgp,67,0.35782136051034885,0.5697479248046875,0.5119400457831346,0.4414959396270712,0.584228515625,0.025534254251085627,0.008349738502274292,67,0.03664076226889197,0.37020983958327824,0.312899084455147,0.0144805908203125,1.0,0.08367457911672233,0.0,0.012388479072929393,1.0
sparse_dgp,68,0.35782136051034885,0.5697479248046875,0.5710853287179769,0.4356369049262329,0.5789794921875,0.025974016322660283,0.008633451722955304,58,0.03031702390377383,0.36959664187142427,0.3147874574395467,0.0092315673828125,1.0,0.07781554441588406,0.0,0.011775281361075418,1.0
sparse_dgp,69,0.35782136051034885,0.5697479248046875,0.5560418776362378,0.4478029553127557,0.6011962890625,0.02639233522817073,0.008125364528249211,49,0.028054832169653664,0.3835428428549272,0.312853067171656,0.0314483642578125,1.0,0.08998159480240686,0.0,0.025721482344578328,1.0
sparse_dgp,70,0.35782136051034885,0.5697479248046875,0.5587480273423767,0.3946565650721251,0.5491943359375,0.023707816847109025,0.008153663420212866,55,0.031517772431472725,0.32211536551373904,0.3126974663466738,-0.0205535888671875,1.0,0.03683520456177625,1.0,-0.03570599499660981,1.0
sparse_dgp,71,0.35782136051034885,0.5697479248046875,0.5590400953489515,0.42662117087824436,0.60009765625,0.02577190045558892,0.007922735033866053,64,0.036156541360565786,0.35167678502027905,0.31366595598498587,0.0303497314453125,1.0,0.06879981036789551,0.0,-0.0061445754900698035,1.0
sparse_dgp,72,0.35782136051034885,0.5697479248046875,0.5379844541371719,0.4446888944018562,0.5897216796875,0.026383133179657143,0.008247630164604036,54,0.0317895705279374,0.36793776111769244,0.31054062123341514,0.0199737548828125,1.0,0.08686753389150736,0.0,0.01011640060734359,1.0
sparse_dgp,73,0.35782136051034885,0.5697479248046875,0.497292173328689,0.4114421213116092,0.582763671875,0.02576528779000996,0.007934601141668017,56,0.03126431223514305,0.34096135005810024,0.31623421819061814,0.0130157470703125,1.0,0.053620760801260325,0.0,-0.01686001045224861,1.0
sparse_dgp,74,0.35782136051034885,0.5697479248046875,0.6152097471965208,0.44924302735158084,0.5792236328125,0.025440417809101133,0.008644552548460322,66,0.0344130557180421,0.37208221406928027,0.3117059681447338,0.0094757080078125,1.0,0.09142166684123199,0.0,0.014260853558931419,1.0
sparse_dgp,75,0.35782136051034885,0.5697479248046875,0.5691463821588505,0.43230674615585263,0.579833984375,0.02617395563176904,0.008343125743083971,66,0.03787890060020979,0.35566455725919766,0.3129188372938031,0.0100860595703125,1.0,0.07448538564550378,0.0,-0.002156803251151196,1.0
sparse_dgp,76,0.35782136051034885,0.5697479248046875,0.5090397598794132,0.41694883673397387,0.56982421875,0.02499161704511086,0.008180406733308691,56,0.030793177288792776,0.34975252676674917,0.3135784289541669,7.62939453125e-05,1.0,0.05912747622362502,0.0,-0.00806883374359968,1.0
sparse_dgp,77,0.35782136051034885,0.5697479248046875,0.554708527422367,0.43161803856715636,0.5704345703125,0.02639640347329315,0.008572271775662506,57,0.03119391295122704,0.3597767016416122,0.31296434855958194,0.0006866455078125,1.0,0.07379667805680751,0.0,0.001955341131263333,1.0
sparse_dgp,78,0.35782136051034885,0.5697479248046875,0.5240338506698349,0.44307284858557966,0.5982666015625,0.026360611804386088,0.00807174842160202,66,0.035772998598766,0.365435650268113,0.31317270366745814,0.0285186767578125,1.0,0.08525148807523081,0.0,0.0076142897577641255,1.0
sparse_dgp,79,0.35782136051034885,0.5697479248046875,0.5050373488324644,0.4050444366936611,0.5679931640625,0.025633901078199524,0.008090533149627302,76,0.03909925876796425,0.33158175528311495,0.3119995311906291,-0.0017547607421875,1.0,0.04722307618331223,1.0,-0.026239605227233898,1.0
sparse_dgp,80,0.35782136051034885,0.5697479248046875,0.5331315949028964,0.42073846759105893,0.5643310546875,0.024211988862963423,0.008452757447341934,63,0.03026048207576398,0.3515975005197216,0.31125404173489574,-0.0054168701171875,1.0,0.06291710708071008,0.0,-0.006223859990627245,1.0
sparse_dgp,81,0.35782136051034885,0.5697479248046875,0.6301451484172809,0.4517069962844024,0.5711669921875,0.025954634111621397,0.008957959511690204,55,0.029621146544423084,0.3818231142639689,0.31428830821161624,0.0014190673828125,1.0,0.09388563577405357,0.0,0.02400175375362007,1.0
sparse_dgp,82,0.35782136051034885,0.5697479248046875,0.5355129538838579,0.42280436819999556,0.5572509765625,0.024422512201080566,0.00860064776555545,71,0.037988933040028774,0.347088614025775,0.3111155036421395,-0.0124969482421875,1.0,0.06498300768964671,0.0,-0.01073274648457384,1.0
sparse_dgp,83,0.35782136051034885,0.5697479248046875,0.5089856872595063,0.407988606238026,0.5712890625,0.02587709345360071,0.008080033705972078,83,0.03913767157100807,0.32222164865500125,0.31193649969992426,0.0015411376953125,1.0,0.05016724572767717,1.0,-0.035599711855347604,1.0
sparse_dgp,84,0.35782136051034885,0.5697479248046875,0.5457147563154321,0.4313914039205819,0.573486328125,0.025855628048832527,0.008418244067638811,75,0.03512625208178984,0.3519770780139042,0.311360147176837,0.0037384033203125,1.0,0.07357004341023304,0.0,-0.005844282496444642,1.0
sparse_dgp,85,0.35782136051034885,0.5697479248046875,0.5036709317724901,0.46138170439507975,0.6082763671875,0.02655977726590791,0.00802990656329816,41,0.025959088525557936,0.39768737448047853,0.31685166567614087,0.0385284423828125,1.0,0.1035603438847309,0.0,0.03986601397012968,1.0
sparse_dgp,86,0.35782136051034885,0.5697479248046875,0.5549178343147649,0.48350770879020444,0.600341796875,0.026002683585286325,0.008726774991055366,65,0.03282834452583346,0.4118469917679327,0.31442667701211297,0.0305938720703125,1.0,0.1256863482798556,0.0,0.05402563125758386,0.0
sparse_dgp,87,0.35782136051034885,0.5697479248046875,0.546553530293439,0.37024356490910243,0.5435791015625,0.024875927827172344,0.007864872137918616,65,0.03623842398716496,0.29015528122938294,0.31187106553205335,-0.0261688232421875,1.0,0.012422204398753578,1.0,-0.06766607928096591,0.0
sparse_dgp,88,0.35782136051034885,0.5697479248046875,0.5973302831033813,0.43665366837923314,0.5723876953125,0.02579452860222042,0.008679714851489821,60,0.03329544153478952,0.3628121938362645,0.3123882841604328,0.0026397705078125,1.0,0.07883230786888429,0.0,0.004990833325915656,1.0
sparse_dgp,89,0.35782136051034885,0.5697479248046875,0.5590927922094436,0.40333758730137226,0.5728759765625,0.025066139267352117,0.007971743922764984,57,0.033804075931892955,0.3271823219094919,0.31249644474187477,0.0031280517578125,1.0,0.045516226791023406,1.0,-0.030639038600856927,1.0
sparse_dgp,90,0.35782136051034885,0.5697479248046875,0.5544549292523563,0.44400984162441537,0.5521240234375,0.025026757274883165,0.009159171924136303,72,0.034320747878237474,0.3761232153574058,0.3143427858750783,-0.0176239013671875,1.0,0.08618848111406652,0.0,0.01830185484705693,1.0
sparse_dgp,91,0.35782136051034885,0.5697479248046875,0.5490558245989396,0.41171295406914554,0.5811767578125,0.02523016338161615,0.008043984188830889,61,0.03806346585570934,0.3398116058961374,0.3110798718750061,0.0114288330078125,1.0,0.05389159355879669,0.0,-0.01800975461421145,1.0
sparse_dgp,92,0.35782136051034885,0.5697479248046875,0.5126334642377036,0.40957757174887244,0.562744140625,0.024481292049048184,0.008257280541193615,76,0.036485245248472034,0.33189374061731935,0.31363892126345483,-0.0070037841796875,1.0,0.051756211238523586,0.0,-0.025927619893029497,1.0
sparse_dgp,93,0.35782136051034885,0.5697479248046875,0.5250848122580446,0.41912503627359765,0.5809326171875,0.025285714734976844,0.008008996898903357,68,0.03843617640476529,0.3496951266767374,0.31577397977475213,0.0111846923828125,1.0,0.0613036757632488,0.0,-0.00812623383361144,1.0
sparse_dgp,94,0.35782136051034885,0.5697479248046875,0.5763239149194102,0.40708866023944074,0.579833984375,0.025822283459146875,0.007952526176564863,63,0.03773886390025141,0.32798568585587384,0.3126828814105487,0.0100860595703125,1.0,0.049267299729091885,1.0,-0.02983567465447501,1.0
sparse_dgp,95,0.35782136051034885,0.5697479248046875,0.4958935627595712,0.3917460864613748,0.56884765625,0.025623015739446607,0.007823287748792358,59,0.0336223467342438,0.3186708790605448,0.314465380962628,-0.0009002685546875,1.0,0.03392472595102597,1.0,-0.03915048144980404,1.0
sparse_dgp,96,0.35782136051034885,0.5697479248046875,0.5281214245102778,0.39498128253307346,0.5504150390625,0.024143614945904758,0.008287734307184878,71,0.035314806922181204,0.3174394756130263,0.3132495343101106,-0.0193328857421875,1.0,0.03715992202272461,1.0,-0.04038188489732253,1.0
sparse_dgp,97,0.35782136051034885,0.5697479248046875,0.565073044061755,0.4750501057647256,0.600830078125,0.026160612432969202,0.008626924084374625,56,0.03310064553739529,0.4128041028830218,0.3153846390455465,0.0310821533203125,1.0,0.11722874525437676,0.0,0.05498274237267292,0.0
sparse_dgp,98,0.35782136051034885,0.5697479248046875,0.5034869951950742,0.41008173559181416,0.5733642578125,0.024788008411662284,0.00814947503462935,65,0.03676222346342103,0.3351067021947533,0.31126052748797134,0.0036163330078125,1.0,0.052260375081465305,0.0,-0.02271465831559555,1.0
sparse_dgp,99,0.35782136051034885,0.5697479248046875,0.548537022845766,0.46731438186239393,0.5968017578125,0.02579935527923519,0.008477592274015207,65,0.03678618066939883,0.402138235318755,0.3143740087656081,0.0270538330078125,1.0,0.10949302135204508,0.0,0.044316874808406126,1.0
sparse_dgp,100,0.35782136051034885,0.5697479248046875,0.5694887246710015,0.44357355259282366,0.6011962890625,0.02605634013297699,0.008100650699170951,54,0.032161670507333734,0.3745912132895434,0.31269245071421653,0.0314483642578125,1.0,0.08575219208247481,0.0,0.01676985277919457,1.0
sparse_dgp,101,0.35782136051034885,0.5697479248046875,0.5450495621752264,0.43029440813905806,0.5765380859375,0.025044088137058416,0.008200379807458337,48,0.027732460847690255,0.3675617442326121,0.3105125715398923,0.0067901611328125,1.0,0.07247304762870921,0.0,0.009740383722263268,1.0
sparse_dgp,102,0.35782136051034885,0.5697479248046875,0.5850217858430459,0.46090586411672885,0.620361328125,0.026416183933862063,0.007957553500725741,68,0.03436318981052918,0.38539454687943425,0.3108931369647513,0.0506134033203125,1.0,0.10308450360638,0.0,0.0275731863690854,1.0
sparse_dgp,103,0.35782136051034885,0.5697479248046875,0.5939985426595243,0.42948168642534523,0.5782470703125,0.025094962967172584,0.008267979889311288,55,0.031191882728730316,0.3591217709233079,0.3123132983036204,0.0084991455078125,1.0,0.07166032591499638,0.0,0.00130041041295903,1.0
sparse_dgp,104,0.35782136051034885,0.5697479248046875,0.5058551008761062,0.45499967463047275,0.57666015625,0.025878968130523004,0.00868881368406968,55,0.028825792529182957,0.3917439282888736,0.31401732521866565,0.0069122314453125,1.0,0.0971783141201239,0.0,0.03392256777852476,1.0
sparse_dgp,105,0.35782136051034885,0.5697479248046875,0.5702386503181338,0.4260475972283937,0.56298828125,0.024043158800757043,0.008585410378038259,55,0.028694179382993304,0.36189597984826155,0.311306397156022,-0.0067596435546875,1.0,0.06822623671804484,0.0,0.004074619337912699,1.0
sparse_dgp,106,0.35782136051034885,0.5697479248046875,0.5533918121184688,0.4143347879415001,0.587646484375,0.025696909934308638,0.007856790780892684,55,0.03446667487333265,0.34131346020340464,0.3160164912423454,0.0178985595703125,1.0,0.05651342743115123,0.0,-0.016507900306944212,1.0
sparse_dgp,107,0.35782136051034885,0.5697479248046875,0.5007186444222451,0.4035520277712467,0.57470703125,0.026281370334154543,0.007847650281485893,56,0.032460660097867126,0.3287426537588336,0.31102506916854555,0.0049591064453125,1.0,0.04573066726089786,1.0,-0.02907870675151525,1.0
sparse_dgp,108,0.35782136051034885,0.5697479248046875,0.5002447649115401,0.3977258668892407,0.5667724609375,0.025799123978329532,0.007854463029970121,67,0.04050051311373362,0.31374346206178855,0.3117122072339431,-0.0029754638671875,1.0,0.03990450637889187,1.0,-0.044077898448560304,1.0
sparse_dgp,109,0.35782136051034885,0.5697479248046875,0.5406382420226273,0.4362885871258207,0.56787109375,0.025884562331523593,0.008460775865707579,57,0.03086895835018188,0.36761237812364966,0.312497653191199,-0.0018768310546875,1.0,0.07846722661547184,0.0,0.009791017613300812,1.0
sparse_dgp,110,0.35782136051034885,0.5697479248046875,0.5906326871239888,0.44241922519164806,0.575439453125,0.0247061234906854,0.008585825815553994,68,0.03255311538808922,0.3729389987005565,0.31261984463893666,0.0056915283203125,1.0,0.0845978646812992,0.0,0.015117638190207672,1.0
sparse_dgp,111,0.35782136051034885,0.5697479248046875,0.48184813849422115,0.39012883362644313,0.562744140625,0.02536776629578006,0.007875278512196134,64,0.037379405047820474,0.31521781636697366,0.31439572507241387,-0.0070037841796875,1.0,0.032307473116094276,1.0,-0.042603544143375194,1.0
sparse_dgp,112,0.35782136051034885,0.5697479248046875,0.5620461875725404,0.4645695437308964,0.585205078125,0.025264198921404496,0.008799928655666832,62,0.0330096896828197,0.39706064677582925,0.3119651647593753,0.0154571533203125,1.0,0.10674818322054752,0.0,0.0392392862654804,1.0
sparse_dgp,113,0.35782136051034885,0.5697479248046875,0.5792645537688135,0.41633093405689814,0.55712890625,0.02606105035933869,0.00858074777999717,72,0.0369103090690911,0.34030500873849506,0.3135885642907901,-0.0126190185546875,1.0,0.05850957354654929,0.0,-0.01751635177185379,1.0
sparse_dgp,114,0.35782136051034885,0.5697479248046875,0.555034878171097,0.3952906497016784,0.5521240234375,0.024142619023130803,0.00830725528089568,70,0.03451018268664577,0.3200052727287055,0.3149914699189775,-0.0176239013671875,1.0,0.037469289191329525,1.0,-0.03781608778164336,1.0
sparse_dgp,115,0.35782136051034885,0.5697479248046875,0.5806810275309197,0.44280726607022275,0.56591796875,0.026063771579616875,0.008881685621012837,52,0.029541511048675587,0.3821188225314654,0.31139987599684754,-0.0038299560546875,1.0,0.0849859055598739,0.0,0.024297462021116545,1.0
sparse_dgp,116,0.35782136051034885,0.5697479248046875,0.5469930331209785,0.4369426528559691,0.583251953125,0.025319043724243755,0.008206104839095866,70,0.03554241972233683,0.3611630989952562,0.31173852642509065,0.0135040283203125,1.0,0.07912129234562026,0.0,0.003341738484907375,1.0
sparse_dgp,117,0.35782136051034885,0.5697479248046875,0.5603581814027944,0.4509896712856643,0.606201171875,0.025649884452131722,0.008236563203102685,53,0.029162532926903302,0.38560936481921954,0.3119975737639148,0.0364532470703125,1.0,0.09316831077531545,0.0,0.027788004308870684,1.0
sparse_dgp,118,0.35782136051034885,0.5697479248046875,0.6040472007305486,0.38977141576912316,0.55322265625,0.026009297837255814,0.008197836091783088,52,0.02771476650588084,0.3223513906564802,0.3142443175850021,-0.0165252685546875,1.0,0.03195005525877431,1.0,-0.03546996985386863,1.0
sparse_dgp,119,0.35782136051034885,0.5697479248046875,0.550061322711691,0.41360506004870345,0.583740234375,0.02627377626427053,0.008024976089598406,45,0.02931699999739865,0.3427743378896603,0.314977463259208,0.0139923095703125,1.0,0.0557836995383546,0.0,-0.015047022620688577,1.0
sparse_dgp,120,0.35782136051034885,0.5697479248046875,0.51249078622529,0.39640803699152266,0.577392578125,0.025814457047634957,0.007699787292843128,63,0.036254625234712325,0.3224009632724689,0.3126848565321672,0.0076446533203125,1.0,0.03858667648117381,1.0,-0.03542039723787993,1.0
sparse_dgp,121,0.35782136051034885,0.5697479248046875,0.5226802617752878,0.4297385394676302,0.5809326171875,0.02552345734926156,0.008303014354621307,62,0.033884198207403404,0.36000291083667935,0.3120064806520815,0.0111846923828125,1.0,0.07191717895728134,0.0,0.0021815503263304947,1.0
sparse_dgp,122,0.35782136051034885,0.5697479248046875,0.5411629956249044,0.401516271297011,0.5838623046875,0.025375338051720576,0.007680486569686671,57,0.03540542143072272,0.3237945050777962,0.313863051332722,0.0141143798828125,1.0,0.043694910786662156,1.0,-0.03402685543255263,1.0
sparse_dgp,123,0.35782136051034885,0.5697479248046875,0.5205674296772319,0.3884166659849595,0.566650390625,0.024919083098000134,0.007868817475787923,54,0.03300879354398927,0.31614644889920324,0.31141126685408305,-0.0030975341796875,1.0,0.030595305474610646,1.0,-0.041674911611145615,1.0
sparse_dgp,124,0.35782136051034885,0.5697479248046875,0.5663228158256891,0.43378019423137476,0.5657958984375,0.024709672960935788,0.00869568209522344,53,0.027440129843561038,0.3700376977680528,0.3127244994749645,-0.0039520263671875,1.0,0.07595883372102591,0.0,0.012216337257703935,1.0
sparse_dgp,125,0.35782136051034885,0.5697479248046875,0.5274285587056741,0.36874977129576153,0.5596923828125,0.02525823166150036,0.007819960789654228,54,0.030744748060850535,0.29137664697424637,0.31068591778719923,-0.0100555419921875,1.0,0.010928410785412679,1.0,-0.06644471353610248,0.0
sparse_dgp,126,0.35782136051034885,0.5697479248046875,0.561857869089393,0.4437330554908849,0.5909423828125,0.02560338053119339,0.008403454447744648,72,0.03477206294223629,0.3725701725810112,0.3123470897628906,0.0211944580078125,1.0,0.08591169498053602,0.0,0.014748812070662365,1.0
sparse_dgp,127,0.35782136051034885,0.5697479248046875,0.5437616422806666,0.38584467576717907,0.56005859375,0.024844739610441483,0.008067916970444504,60,0.034848419722319834,0.313679143228476,0.31277446521314106,-0.0096893310546875,1.0,0.028023315256830217,1.0,-0.04414221728187284,1.0
sparse_dgp,128,0.35782136051034885,0.5697479248046875,0.589545565171698,0.470771469764833,0.6126708984375,0.026566178778118354,0.008284327172183957,68,0.034281304072163093,0.4012811581413558,0.31269495854013374,0.0429229736328125,1.0,0.11295010925448412,0.0,0.043459797631006936,1.0
sparse_dgp,129,0.35782136051034885,0.5697479248046875,0.5668599219257008,0.3968628238827171,0.5811767578125,0.025125433347186168,0.007744920215175757,68,0.0364848563056907,0.3240035092898499,0.3128579877969581,0.0114288330078125,1.0,0.039041463372368246,1.0,-0.03381785122049896,1.0
sparse_dgp,130,0.35782136051034885,0.5697479248046875,0.6132432886772426,0.4617892939817695,0.5838623046875,0.02629905507657682,0.008847029689977923,52,0.029017576184432597,0.392866937384182,0.312617529846391,0.0141143798828125,1.0,0.10396793347142064,0.0,0.03504557687383314,1.0
sparse_dgp,131,0.35782136051034885,0.5697479248046875,0.5655783339190859,0.40297811543471207,0.55517578125,0.024362047111929477,0.008531490509116639,57,0.030921639142817217,0.337111157611842,0.31289491670210395,-0.0145721435546875,1.0,0.04515675492436322,1.0,-0.020710202898506835,1.0
sparse_dgp,132,0.35782136051034885,0.5697479248046875,0.5582097139356692,0.436423332999347,0.599365234375,0.02572775549192854,0.007914892703361048,64,0.03816278264198015,0.3633083391433023,0.3117424900241292,0.0296173095703125,1.0,0.07860197248899814,0.0,0.005486978632953443,1.0
sparse_dgp,133,0.35782136051034885,0.5697479248046875,0.5349996396930378,0.4355264307647533,0.583740234375,0.025024487427077552,0.008361543921742591,53,0.028573373773218214,0.36772128450003605,0.3130816177932881,0.0139923095703125,1.0,0.07770507025440443,0.0,0.009899923989687198,1.0
sparse_dgp,134,0.35782136051034885,0.5697479248046875,0.5219964079162785,0.4068673382500719,0.5809326171875,0.026346507280859993,0.007775511058823934,53,0.032035723553767936,0.3317640874342093,0.3118838634704186,0.0111846923828125,1.0,0.04904597773972302,1.0,-0.02605727307613953,1.0
sparse_dgp,135,0.35782136051034885,0.5697479248046875,0.5511123253966675,0.43996872483007743,0.59716796875,0.02606103609650226,0.007966205268449617,69,0.03901845672228949,0.3643683527309827,0.31323714358695715,0.0274200439453125,1.0,0.08214736431972858,0.0,0.006546992220633874,1.0
sparse_dgp,136,0.35782136051034885,0.5697479248046875,0.5486281421076417,0.4119365366871408,0.5653076171875,0.02567175787951983,0.008226317124139125,55,0.033165382807406926,0.34403205588687324,0.31206084017391017,-0.0044403076171875,1.0,0.05411517617679196,0.0,-0.013789304623475607,1.0
sparse_dgp,137,0.35782136051034885,0.5697479248046875,0.5094300438357681,0.46864505724815675,0.6051025390625,0.025969042452571606,0.008291432687527852,59,0.033393020648390864,0.3930868444273674,0.31360215414180315,0.0353546142578125,1.0,0.1108236967378079,0.0,0.03526548391701856,1.0
sparse_dgp,138,0.35782136051034885,0.5697479248046875,0.5343920446790484,0.43851751140535417,0.600341796875,0.026352041707061735,0.008114892409482061,67,0.03633636905961588,0.3623485330852244,0.3123672436677628,0.0305938720703125,1.0,0.08069615089500531,0.0,0.00452717257487556,1.0
sparse_dgp,139,0.35782136051034885,0.5697479248046875,0.5166264005267813,0.4401989155188489,0.599365234375,0.027277607131786914,0.00799274228828063,62,0.03833139034740474,0.36420704438405327,0.31195328910839587,0.0296173095703125,1.0,0.08237755500850003,0.0,0.0063856838737044175,1.0
sparse_dgp,140,0.35782136051034885,0.5697479248046875,0.5260013025755025,0.43153390922782986,0.5596923828125,0.024702314205764724,0.008750974228125976,58,0.029516392336646838,0.3696205767472244,0.31315783915319484,-0.0100555419921875,1.0,0.07371254871748101,0.0,0.011799216236875576,1.0
sparse_dgp,141,0.35782136051034885,0.5697479248046875,0.5772523071585633,0.38915369108453196,0.5316162109375,0.024796705192926094,0.008695908110077982,58,0.032058681849012435,0.3175333383101756,0.31180554404140864,-0.0381317138671875,1.0,0.03133233057418311,1.0,-0.040288022200173246,1.0
sparse_dgp,142,0.35782136051034885,0.5697479248046875,0.49016176581126114,0.41087349326458833,0.561767578125,0.025261314125082875,0.0082306064147907,60,0.03423003408106773,0.342983882000059,0.3129762533471578,-0.0079803466796875,1.0,0.05305213275423948,0.0,-0.014837478510289825,1.0
sparse_dgp,143,0.35782136051034885,0.5697479248046875,0.5816029860155998,0.43884366924574275,0.5877685546875,0.026821844432103323,0.008408658585809307,68,0.03758593566322414,0.3536502773811773,0.3111131468329022,0.0180206298828125,1.0,0.0810223087353939,0.0,-0.004171083129171527,1.0
sparse_dgp,144,0.35782136051034885,0.5697479248046875,0.6392034717107803,0.48774045900698587,0.61669921875,0.027267556332744237,0.008651532013281501,61,0.033152189688350465,0.4130097923589558,0.3134102884861455,0.0469512939453125,1.0,0.12991909849663702,0.0,0.055188431848606945,0.0
sparse_dgp,145,0.35782136051034885,0.5697479248046875,0.5603176490087501,0.4429728212388132,0.598876953125,0.026594749738227823,0.008090617693977356,75,0.035486267717053106,0.36693166010121503,0.3145504971588203,0.0291290283203125,1.0,0.08515146072846436,0.0,0.009110299590866178,1.0
sparse_dgp,146,0.35782136051034885,0.5697479248046875,0.5802203606420008,0.40242381416519785,0.5806884765625,0.026657298408799882,0.007772520862971313,67,0.037635577596763246,0.32004025788537005,0.312318547308656,0.0109405517578125,1.0,0.044602453654848995,1.0,-0.0377811026249788,1.0
sparse_dgp,147,0.35782136051034885,0.5697479248046875,0.5659908723445995,0.46028635553623426,0.58544921875,0.02626203254067809,0.008803972157332383,61,0.033227537636366954,0.39468143178812026,0.3115766705088973,0.0157012939453125,1.0,0.10246499502588541,0.0,0.03686007127777141,1.0
sparse_dgp,148,0.35782136051034885,0.5697479248046875,0.5846641410572171,0.3826410159455884,0.5306396484375,0.02373762963587787,0.008573188060775463,59,0.030325862243443084,0.31689710456269604,0.31224061144114457,-0.0391082763671875,1.0,0.024819655435239563,1.0,-0.04092425594765281,1.0
sparse_dgp,149,0.35782136051034885,0.5697479248046875,0.5695796925290486,0.46161170435801213,0.6153564453125,0.027080770152386573,0.007987993121506259,62,0.03574453885446067,0.39427460676724185,0.31196533235355894,0.0456085205078125,1.0,0.10379034384766328,0.0,0.036453246256893,1.0
