p,n,K,rep,W_true,V_true,h_rmse,W_hat,V_hat,W_se,eps_band,n_band,V_se,V_loo,W_loo,V_hat_dev,V_hat_cover,V_loo_dev,V_loo_cover,W_hat_dev,W_hat_cover,W_loo_dev,W_loo_cover,V_sqerr_plug,V_sqerr_loo
1.6,1000,80,0,0.22573558700716836,0.5,0.3436982897227554,0.30459707104528966,0.535400390625,0.042421481342517234,0.005987846727638583,115,0.13292503034128925,0.5422342154599549,0.25986953153460585,0.035400390625,1.0,0.04223421545995487,1.0,0.0788614840381213,1.0,0.03413394452743748,1.0,0.0012531876564025879,0.001783728955517891
1.6,1000,80,1,0.22573558700716836,0.5,0.34673581224554556,0.26451223198282775,0.4732666015625,0.03983067748186976,0.005358576931774664,56,0.05609732118806955,0.4489551032763274,0.23385370228908395,-0.0267333984375,1.0,-0.05104489672367257,1.0,0.038776644975659386,1.0,0.008118115281915583,1.0,0.0007146745920181274,0.002605581481530399
1.6,1000,80,2,0.22573558700716836,0.5,0.32850904013818916,0.23369200981513918,0.5333251953125,0.04573728359395133,0.005313086429818648,86,0.0994382477192049,0.6570203175463659,0.17225091070996304,0.0333251953125,1.0,0.15702031754636592,1.0,0.00795642280797082,1.0,-0.053484676297205325,1.0,0.001110568642616272,0.024655380122361587
1.6,1000,80,3,0.22573558700716836,0.5,0.36433150195464037,0.21729273294250767,0.56005859375,0.04298636374682346,0.004471024444898803,135,0.16088132473237543,0.867153189953555,0.14612163142404883,0.06005859375,1.0,0.36715318995355495,0.0,-0.008442854064660693,1.0,-0.07961395558311954,1.0,0.003607034683227539,0.1348014648930712
1.6,1000,80,4,0.22573558700716836,0.5,0.3771815646056348,0.3087707385735764,0.5262451171875,0.045554447902562537,0.006191181636626977,61,0.0563841456635182,0.43177945851751454,0.2777283783752284,0.0262451171875,1.0,-0.06822054148248546,1.0,0.08303515156640803,1.0,0.05199279136806004,1.0,0.0006888061761856079,0.00465404228016352
1.6,1000,80,5,0.22573558700716836,0.5,0.2952579087281225,0.26410136682126883,0.50537109375,0.04513029717881217,0.005397629758426376,66,0.09102946906168069,0.45157082056453623,0.2040681999122517,0.00537109375,1.0,-0.048429179435463765,1.0,0.03836577981410047,1.0,-0.021667387094916668,1.0,2.8848648071289062e-05,0.0023453854207923465
1.6,1000,80,6,0.22573558700716836,0.5,0.39136829882373,0.24542622367508038,0.5164794921875,0.04281604260874091,0.005437911689753843,57,0.05851145781903148,0.5804987031949184,0.21026545590806392,0.0164794921875,1.0,0.08049870319491836,1.0,0.019690636667912015,1.0,-0.015470131099104445,1.0,0.00027157366275787354,0.00648004121606356
1.6,1000,80,7,0.22573558700716836,0.5,0.3321383837374632,0.29590270770886096,0.5838623046875,0.04366938100761184,0.005398734659443784,87,0.11400685708906544,0.7872535428245848,0.2461723815072679,0.0838623046875,1.0,0.2872535428245848,0.0,0.07016712070169259,1.0,0.020436794500099525,1.0,0.0070328861474990845,0.08251459786527558
1.6,1000,80,8,0.22573558700716836,0.5,0.31554652108170267,0.32090367267600006,0.5921630859375,0.050302522506689054,0.005071152587492434,59,0.07767337263528136,0.5947946694357858,0.27288440684873794,0.0921630859375,1.0,0.09479466943578585,1.0,0.0951680856688317,1.0,0.04714881984156957,1.0,0.00849403440952301,0.008986029353439912
1.6,1000,80,9,0.22573558700716836,0.5,0.3120833407773052,0.3108025322701998,0.4666748046875,0.039500827965216964,0.006082460797857477,55,0.05670258203288991,0.46112187818996425,0.2767580477225779,-0.0333251953125,1.0,-0.03887812181003575,1.0,0.08506694526303146,0.0,0.05102246071540953,1.0,0.001110568642616272,0.0015115083554759774
1.6,1000,80,10,0.22573558700716836,0.5,0.2894172664070964,0.20505712782619318,0.54345703125,0.043497768725211,0.004539388632347995,58,0.08395070243292156,0.5470966638767517,0.1699913536015899,0.04345703125,1.0,0.04709666387675171,1.0,-0.02067845918097519,1.0,-0.055744233405578464,1.0,0.0018885135650634766,0.0022180957483197293
1.6,1000,80,11,0.22573558700716836,0.5,0.2447240287896076,0.22864656715836462,0.53857421875,0.041303989081231875,0.004829058986614627,148,0.23212525781153362,0.9126511774584405,0.14771096061638112,0.03857421875,1.0,0.4126511774584405,1.0,0.0029109801511962574,1.0,-0.07802462639078725,1.0,0.0014879703521728516,0.17028099425783735
1.6,1000,80,12,0.22573558700716836,0.5,0.3138229076818147,0.19994428747509985,0.40771484375,0.0389906255359667,0.004865984651413479,41,0.06852138217487466,0.4037489706258349,0.15792173522574623,-0.09228515625,1.0,-0.09625102937416508,1.0,-0.025791299532068518,1.0,-0.06781385178142213,1.0,0.008516550064086914,0.009264260655586389
1.6,1000,80,13,0.22573558700716836,0.5,0.2731586291743864,0.24795189357541292,0.4093017578125,0.03898306118651221,0.005591896101154404,46,0.056192962325569105,0.414521010092422,0.21369560728686932,-0.0906982421875,1.0,-0.08547898990757802,1.0,0.022216306568244554,1.0,-0.012039979720299049,1.0,0.008226171135902405,0.007306657715619825
1.6,1000,80,14,0.22573558700716836,0.5,0.38242260573536335,0.23201056228865397,0.471435546875,0.03753062988512695,0.0051131974409518435,97,0.13660374137743572,0.29846222109485177,0.17082686622680063,-0.028564453125,1.0,-0.20153777890514823,1.0,0.006274975281485601,1.0,-0.05490872078036774,1.0,0.0008159279823303223,0.04061747632602041
1.6,1000,80,15,0.22573558700716836,0.5,0.28877123091446194,0.2693728777897404,0.5946044921875,0.04926990064914205,0.004845033448510744,39,0.04443563625567059,0.7060079443059423,0.23646284380308186,0.0946044921875,0.0,0.20600794430594227,0.0,0.04363729078257203,1.0,0.010727256795913492,1.0,0.008950009942054749,0.04243927311716021
1.6,1000,80,16,0.22573558700716836,0.5,0.3767511598973239,0.2940660096906579,0.484375,0.04029727367239606,0.00604736126615586,53,0.05018776860999402,0.37961218673549924,0.2721493041944916,-0.015625,1.0,-0.12038781326450076,0.0,0.06833042268348952,1.0,0.04641371718732326,1.0,0.000244140625,0.014493225582608306
1.6,1000,80,17,0.22573558700716836,0.5,0.36355564202534885,0.3563449181449359,0.595947265625,0.04678302296589789,0.006179209678076069,97,0.08920582651581264,0.646060425881645,0.31061321301093725,0.095947265625,1.0,0.14606042588164503,1.0,0.13060933113776754,0.0,0.08487762600376889,1.0,0.009205877780914307,0.021333648008727522
1.6,1000,80,18,0.22573558700716836,0.5,0.3603613848138304,0.3507533687494804,0.5120849609375,0.042563721873461725,0.005930044880910916,49,0.05049891044482984,0.48592414807593937,0.3211635718637625,0.0120849609375,1.0,-0.014075851924060634,1.0,0.125017781742312,0.0,0.09542798485659412,0.0,0.00014604628086090088,0.00019812960738808144
1.6,1000,80,19,0.22573558700716836,0.5,0.32122572270014077,0.2542279860115346,0.4925537109375,0.04334275967522906,0.005750234607568834,57,0.06045665645553713,0.4598332524669413,0.2275729475694967,-0.0074462890625,1.0,-0.04016674753305871,1.0,0.02849239900436626,1.0,0.0018373605623283329,1.0,5.544722080230713e-05,0.001613367607384478
1.6,1000,80,20,0.22573558700716836,0.5,0.29887596502377584,0.2783126653220927,0.561767578125,0.04328712718589259,0.0051161727112350106,82,0.11106948019448191,0.32518831668412806,0.2192184865750341,0.061767578125,1.0,-0.17481168331587194,1.0,0.052577078314924336,1.0,-0.006517100432134271,1.0,0.0038152337074279785,0.030559124623728697
1.6,1000,80,21,0.22573558700716836,0.5,0.42903104176598816,0.28712977134391404,0.4703369140625,0.03862349420326986,0.00641190956100322,57,0.05824264720363052,0.33404107543606687,0.24909021323192082,-0.0296630859375,1.0,-0.16595892456393313,0.0,0.06139418433674568,1.0,0.023354626224752456,1.0,0.0008798986673355103,0.027542364642417248
1.6,1000,80,22,0.22573558700716836,0.5,0.2975452870363843,0.25830942922172545,0.5550537109375,0.04177212518686695,0.005344119925670181,53,0.053719154878539024,0.6140863301727959,0.22662358918737974,0.0550537109375,1.0,0.1140863301727959,0.0,0.032573842214557086,1.0,0.0008880021802113724,1.0,0.003030911087989807,0.013015690732296201
1.6,1000,80,23,0.22573558700716836,0.5,0.33578964025791286,0.29247375962402644,0.652587890625,0.05223450864392909,0.004448796306745699,62,0.07298492779151886,0.6087438569740699,0.24334556221098316,0.152587890625,0.0,0.10874385697406985,1.0,0.06673817261685808,1.0,0.0176099752038148,1.0,0.023283064365386963,0.01182522642959696
1.6,1000,80,24,0.22573558700716836,0.5,0.3876320905484491,0.300904235351573,0.4495849609375,0.03967227419904973,0.006836248986767954,72,0.05995399553267083,0.4541638849735628,0.2684918431342074,-0.0504150390625,1.0,-0.045836115026437196,1.0,0.07516864834440465,1.0,0.04275625612703901,1.0,0.002541676163673401,0.0021009494407167816
1.6,1000,80,25,0.22573558700716836,0.5,0.3683739295086316,0.26601619176521174,0.5010986328125,0.04240507637291987,0.005342555171802913,58,0.06604096018349757,0.5528290600220499,0.23583431766423896,0.0010986328125,1.0,0.0528290600220499,1.0,0.040280604758043376,1.0,0.010098730657070593,1.0,1.2069940567016602e-06,0.0027909095828133512
1.6,1000,80,26,0.22573558700716836,0.5,0.461337155754169,0.2703784340515633,0.479736328125,0.04476689840759264,0.00603932402048365,53,0.05528617642931268,0.5143204622449427,0.23795009689941676,-0.020263671875,1.0,0.014320462244942656,1.0,0.044642847044394945,1.0,0.012214509892248399,1.0,0.000410616397857666,0.00020507563890882804
1.6,1000,80,27,0.22573558700716836,0.5,0.28729723141316377,0.3240284735807292,0.556640625,0.048039684655702665,0.005779027160601639,59,0.06558993139592292,0.6747732543689257,0.2819389410722395,0.056640625,1.0,0.17477325436892566,0.0,0.09829288657356086,0.0,0.056203354065071126,1.0,0.003208160400390625,0.030545690442705192
1.6,1000,80,28,0.22573558700716836,0.5,0.26886550479441274,0.2837119671237707,0.50634765625,0.04606181843692889,0.0057995174228508625,67,0.07822714724668164,0.6729926093874482,0.2396502608338112,0.00634765625,1.0,0.1729926093874482,0.0,0.05797638011660236,1.0,0.013914673826642826,1.0,4.029273986816406e-05,0.029926442902678232
1.6,1000,80,29,0.22573558700716836,0.5,0.3376620862548341,0.28713024968326395,0.4835205078125,0.040713223383733746,0.0056269895427200275,84,0.09138011552115012,0.3023685648048857,0.24866507699129042,-0.0164794921875,1.0,-0.19763143519511428,0.0,0.061394662676095585,1.0,0.02292948998412206,1.0,0.00027157366275787354,0.03905818417728066
1.6,1000,80,30,0.22573558700716836,0.5,0.3530330122297226,0.24372971807763016,0.4024658203125,0.03933665945071797,0.006252507631048018,76,0.09104556254969141,0.42906736278045876,0.20767300329657393,-0.0975341796875,1.0,-0.07093263721954124,1.0,0.0179941310704618,1.0,-0.018062583710594438,1.0,0.009512916207313538,0.005031439022919047
1.6,1000,80,31,0.22573558700716836,0.5,0.3166568914412334,0.26401775949623435,0.5562744140625,0.04369445176341549,0.005291111622327291,47,0.04859619062606666,0.6474965476096115,0.23271070274232722,0.0562744140625,1.0,0.1474965476096115,0.0,0.038282172489065985,1.0,0.006975115735158854,1.0,0.0031668096780776978,0.021755231556754392
1.6,1000,80,32,0.22573558700716836,0.5,0.2875091146911795,0.22870206268035054,0.48095703125,0.04090842654947215,0.004732110628136553,106,0.15399931406291045,0.31682551095006084,0.15487685337999524,-0.01904296875,1.0,-0.18317448904993916,1.0,0.002966475673182173,1.0,-0.07085873362717313,1.0,0.00036263465881347656,0.03355289343870628
1.6,1000,80,33,0.22573558700716836,0.5,0.2601898022746472,0.2731472999120125,0.4700927734375,0.04017477166409025,0.005455690789761321,83,0.09389372115491076,0.38213506272676423,0.23373000684328343,-0.0299072265625,1.0,-0.11786493727323577,1.0,0.04741171290484411,1.0,0.007994419836115069,1.0,0.0008944422006607056,0.013892143438423803
1.6,1000,80,34,0.22573558700716836,0.5,0.322340702474975,0.32382404645419927,0.5350341796875,0.04366552609126317,0.00590213265936151,75,0.0905878355052672,0.48350918032812856,0.2837472268569257,0.0350341796875,1.0,-0.016490819671871437,1.0,0.0980884594470309,0.0,0.05801163984975735,1.0,0.0012273937463760376,0.000271947133450182
1.6,1000,80,35,0.22573558700716836,0.5,0.32788824547070744,0.2931053717641946,0.528076171875,0.047025467213550165,0.005866381341083947,46,0.04640375138685219,0.4931703610576326,0.2662962276175803,0.028076171875,1.0,-0.0068296389423673776,1.0,0.06736978475702624,1.0,0.04056064061041195,1.0,0.000788271427154541,4.6643968083100995e-05
1.6,1000,80,36,0.22573558700716836,0.5,0.3264292528624456,0.33324333160465547,0.518310546875,0.04443911252800936,0.0054782784663132715,115,0.18564128269606056,0.31169565809773275,0.28396767810828977,0.018310546875,1.0,-0.18830434190226725,1.0,0.1075077445974871,0.0,0.0582320911011214,1.0,0.00033527612686157227,0.03545852517924596
1.6,1000,80,37,0.22573558700716836,0.5,0.3447988158410633,0.3030874929274686,0.5770263671875,0.04607833754278012,0.005467349147976127,41,0.046676407203912036,0.5260090684931648,0.2738048727981976,0.0770263671875,1.0,0.026009068493164755,1.0,0.07735190592030025,1.0,0.04806928579102923,1.0,0.005933061242103577,0.0006764716438821355
1.6,1000,80,38,0.22573558700716836,0.5,0.44574705444922036,0.3582742613129746,0.556640625,0.045779520164180604,0.006834365103155988,49,0.04173113437966602,0.5395081679026449,0.32834446496317166,0.056640625,1.0,0.039508167902644886,1.0,0.1325386743058062,0.0,0.10260887795600329,0.0,0.003208160400390625,0.0015608953310235797
1.6,1000,80,39,0.22573558700716836,0.5,0.3621017389802123,0.2568309591692275,0.4654541015625,0.04307469261165155,0.005531180685586346,80,0.08879868760116066,0.404541711290008,0.2071026616306432,-0.0345458984375,1.0,-0.09545828870999201,1.0,0.031095372162059126,1.0,-0.018632925376525167,1.0,0.001193419098854065,0.009112284883440189
1.6,1000,80,40,0.22573558700716836,0.5,0.44169615178816274,0.19214234871746239,0.4022216796875,0.03484404102175276,0.005522355449021295,40,0.038254810220639854,0.38864706197342164,0.16573740029151546,-0.0977783203125,0.0,-0.11135293802657836,0.0,-0.03359323828970598,1.0,-0.05999818671565291,1.0,0.00956059992313385,0.012399476807151002
1.6,1000,80,41,0.22573558700716836,0.5,0.34326801658073314,0.27469104714681103,0.5791015625,0.046452589046984176,0.005200390497125799,65,0.07385311611403231,0.530865436701896,0.23606631420716753,0.0791015625,1.0,0.03086543670189601,1.0,0.048955460139642665,1.0,0.010330727199999168,1.0,0.006257057189941406,0.0009526751827987492
1.6,1000,80,42,0.22573558700716836,0.5,0.41829339989569553,0.2730140009982899,0.4656982421875,0.043731488293226546,0.0060024829519173505,56,0.08532143162963865,0.4565507162549682,0.23210361393293483,-0.0343017578125,1.0,-0.04344928374503182,1.0,0.04727841399112151,1.0,0.006368026925766462,1.0,0.0011766105890274048,0.0018878402579562863
1.6,1000,80,43,0.22573558700716836,0.5,0.3885294934148986,0.16248543020876438,0.453857421875,0.04224832427013936,0.0041293693329853805,58,0.08098143434539783,0.5769975155359662,0.12054130707013327,-0.046142578125,1.0,0.07699751553596623,1.0,-0.06325015679840398,1.0,-0.10519427993703509,0.0,0.0021291375160217285,0.005928617398711361
1.6,1000,80,44,0.22573558700716836,0.5,0.3194540013345354,0.26662619840356483,0.4971923828125,0.043141656907859864,0.005614146836326919,27,0.03209082724728803,0.4455529919445773,0.24628429850149602,-0.0028076171875,1.0,-0.054447008055422685,1.0,0.040890611396396465,1.0,0.02054871149432766,1.0,7.88271427154541e-06,0.002964476686187263
1.6,1000,80,45,0.22573558700716836,0.5,0.5110841811023766,0.2666164238384777,0.5357666015625,0.04226896989664924,0.005701780338412192,71,0.07389106287282872,0.33891236394272684,0.22878974651570747,0.0357666015625,1.0,-0.16108763605727316,0.0,0.04088083683130936,1.0,0.0030541595085391005,1.0,0.0012792497873306274,0.025949226490520495
1.6,1000,80,46,0.22573558700716836,0.5,0.27115620177020994,0.17936640783973395,0.3388671875,0.036414588959373016,0.004440671044480485,30,0.04640795164058322,0.10085910893650638,0.14758968658427044,-0.1611328125,0.0,-0.3991408910634936,0.0,-0.04636917916743441,1.0,-0.07814590042289793,0.0,0.025963783264160156,0.15931345091895965
1.6,1000,80,47,0.22573558700716836,0.5,0.35569560037435183,0.2738820409609175,0.4400634765625,0.0413362561955779,0.005685385440857754,54,0.06188309335050578,0.3720011148067366,0.24523172340500463,-0.0599365234375,1.0,-0.1279988851932634,0.0,0.04814645395374914,1.0,0.01949613639783626,1.0,0.003592386841773987,0.016383714610718227
1.6,1000,80,48,0.22573558700716836,0.5,0.32395251055218144,0.3051746370352515,0.7232666015625,0.05108479306057615,0.0041998941713663925,64,0.09118178798284927,0.7464888303983742,0.25783104801777584,0.2232666015625,0.0,0.24648883039837421,0.0,0.07943905002808313,1.0,0.03209546101060748,1.0,0.04984797537326813,0.060756743511158486
1.6,1000,80,49,0.22573558700716836,0.5,0.3769432785245047,0.3210004471690535,0.6248779296875,0.05007694104985478,0.0050306982136049515,44,0.04565788269115011,0.6247430827256966,0.2926736699323385,0.1248779296875,0.0,0.12474308272569656,0.0,0.09526486016188515,1.0,0.06693808292517014,1.0,0.015594497323036194,0.015560836687909977
1.6,1000,80,50,0.22573558700716836,0.5,0.28805239740906724,0.24663649975495605,0.5931396484375,0.04601333682169633,0.004548345321117989,50,0.05916823371515817,0.5873236840214118,0.21693323878301474,0.0931396484375,1.0,0.08732368402141177,1.0,0.020900912747787687,1.0,-0.008802348224153628,1.0,0.008674994111061096,0.007625425791071366
1.6,1000,80,51,0.22573558700716836,0.5,0.3363536622220687,0.25853351124251744,0.4462890625,0.041057542589331975,0.006000159496039539,73,0.07094708018298825,0.47527565696528407,0.2278704186996609,-0.0537109375,1.0,-0.024724343034715934,1.0,0.03279792423534908,1.0,0.0021348316924925392,1.0,0.0028848648071289062,0.0006112931384983063
1.6,1000,80,52,0.22573558700716836,0.5,0.4255356978450391,0.2621045737079849,0.541015625,0.043591425661505916,0.005528680329103321,75,0.07341927798413204,0.5264006189963487,0.22222774581495308,0.041015625,1.0,0.026400618996348713,1.0,0.036368986700816536,1.0,-0.003507841192215283,1.0,0.001682281494140625,0.0006969926833903685
1.6,1000,80,53,0.22573558700716836,0.5,0.2957393925025673,0.28627524546747196,0.60693359375,0.048438364759409755,0.0049441606927071525,71,0.07345523298187169,0.37359294125406617,0.24595462882827995,0.10693359375,1.0,-0.12640705874593383,1.0,0.0605396584603036,1.0,0.02021904182111159,1.0,0.011434793472290039,0.015978744500797965
1.6,1000,80,54,0.22573558700716836,0.5,0.33493958370822974,0.2135006631728682,0.570068359375,0.042225162557911346,0.004145500470186788,49,0.0689661278180643,0.6169831774854371,0.16277068086434757,0.070068359375,1.0,0.11698317748543707,1.0,-0.012234923834300165,1.0,-0.0629649061428208,1.0,0.00490957498550415,0.013685063814589272
1.6,1000,80,55,0.22573558700716836,0.5,0.35922389606636396,0.2912908778545547,0.5499267578125,0.04782709334125194,0.00579907057067987,36,0.03972576921592507,0.6780634075368195,0.2620615405166591,0.0499267578125,1.0,0.17806340753681948,0.0,0.06555529084738634,1.0,0.03632595350949072,1.0,0.00249268114566803,0.031706577103623464
1.6,1000,80,56,0.22573558700716836,0.5,0.35364374544060584,0.27621742577629566,0.5704345703125,0.04711301196967738,0.005394219036707822,94,0.14152976475986734,0.7575205698682321,0.21870256615002093,0.0704345703125,1.0,0.25752056986823213,1.0,0.05048183876912729,1.0,-0.007033020857147437,1.0,0.004961028695106506,0.06631684390525902
1.6,1000,80,57,0.22573558700716836,0.5,0.30427327995053416,0.28876944434827323,0.5159912109375,0.046372054180719526,0.0060107244034453555,65,0.07521828057474378,0.5523895552686229,0.2582684485112061,0.0159912109375,1.0,0.05238955526862288,1.0,0.06303385734110487,1.0,0.03253286150403775,1.0,0.00025571882724761963,0.0027446655012440912
1.6,1000,80,58,0.22573558700716836,0.5,0.3692545286539797,0.25366930939991256,0.471923828125,0.0417538732824877,0.005476278911917922,69,0.0709136227268844,0.4053443789696902,0.2218845507553875,-0.028076171875,1.0,-0.09465562103030978,1.0,0.027933722392744192,1.0,-0.003851036251780876,1.0,0.000788271427154541,0.008959686592633622
1.6,1000,80,59,0.22573558700716836,0.5,0.30982195517157185,0.27369490695140253,0.6082763671875,0.04867932818984492,0.00446273233730912,48,0.07073342216716727,0.5117687550020031,0.24174478013014053,0.1082763671875,1.0,0.01176875500200314,1.0,0.04795931994423416,1.0,0.016009193122972165,1.0,0.011723771691322327,0.00013850359429717392
1.6,1000,80,60,0.22573558700716836,0.5,0.3112755495766924,0.25243129041394574,0.5802001953125,0.0453231397229878,0.004823950394983292,60,0.07167205889122354,0.5634231565060874,0.2077556211874366,0.0802001953125,1.0,0.06342315650608743,1.0,0.026695703406777377,1.0,-0.01797996581973177,1.0,0.006432071328163147,0.004022496781195661
1.6,1000,80,61,0.22573558700716836,0.5,0.3745511318530621,0.3657211685255214,0.49755859375,0.04142263979809739,0.006360615622242707,48,0.04983894534945713,0.4899708885832365,0.3394725912260123,-0.00244140625,1.0,-0.010029111416763492,1.0,0.13998558151835302,0.0,0.11373700421884395,0.0,5.9604644775390625e-06,0.00010058307580985583
1.6,1000,80,62,0.22573558700716836,0.5,0.24668348464981324,0.29068769614564166,0.5198974609375,0.04445860003678596,0.005498223679877028,62,0.05987074712419149,0.6323732406836943,0.25272945375406725,0.0198974609375,1.0,0.13237324068369427,0.0,0.0649521091384733,1.0,0.02699386674689888,1.0,0.0003959089517593384,0.01752267484910325
1.6,1000,80,63,0.22573558700716836,0.5,0.35665611413047155,0.23297926688934636,0.4954833984375,0.04279463265315679,0.0054521708872204465,88,0.1270143662536809,0.24457984666047644,0.17262007438072297,-0.0045166015625,1.0,-0.25542015333952356,0.0,0.007243679882178,1.0,-0.0531155126264454,1.0,2.039968967437744e-05,0.06523945473198572
1.6,1000,80,64,0.22573558700716836,0.5,0.3615473336071149,0.23733831535630434,0.4976806640625,0.041550952681902446,0.004910199903463243,77,0.09507355332662207,0.4884361976086458,0.19158611544499837,-0.0023193359375,1.0,-0.011563802391354183,1.0,0.011602728349135977,1.0,-0.03414947156216999,1.0,5.379319190979004e-06,0.00013372152574628874
1.6,1000,80,65,0.22573558700716836,0.5,0.2980091866474267,0.20566698315376386,0.518798828125,0.040608357042312034,0.004474875160326123,104,0.1747045586045494,0.6327301860069688,0.14504964285450536,0.018798828125,1.0,0.13273018600696884,1.0,-0.020068603853404504,1.0,-0.080685944152663,0.0,0.000353395938873291,0.017617302277444548
1.6,1000,80,66,0.22573558700716836,0.5,0.31336774134740475,0.2512559735897605,0.427490234375,0.04331692302457108,0.005380553039396123,65,0.07980183022609796,0.47784826306112427,0.21144950677221153,-0.072509765625,1.0,-0.022151736938875732,1.0,0.02552038658259212,1.0,-0.014286080234956838,1.0,0.005257666110992432,0.0004906994494091516
1.6,1000,80,67,0.22573558700716836,0.5,0.2790453745463962,0.27101040992999054,0.5531005859375,0.04687716232230688,0.005052220978123571,42,0.04969759797110644,0.506289679390466,0.23249361124693416,0.0531005859375,1.0,0.006289679390465985,1.0,0.04527482292282217,1.0,0.006758024239765792,1.0,0.0028196722269058228,3.956006683485257e-05
1.6,1000,80,68,0.22573558700716836,0.5,0.3306291576047652,0.2069570902747126,0.446533203125,0.04362128718626895,0.0052700863376772804,70,0.07659413537694586,0.4682570956893557,0.16264558645227167,-0.053466796875,1.0,-0.031742904310644304,1.0,-0.01877849673245577,1.0,-0.06309000055489669,1.0,0.0028586983680725098,0.0010076119740747207
1.6,1000,80,69,0.22573558700716836,0.5,0.29375293281978854,0.21808741003117185,0.4990234375,0.044098007170746176,0.00526389655957917,66,0.08802091670383207,0.4267908460759061,0.17674874067434446,-0.0009765625,1.0,-0.07320915392409388,1.0,-0.007648176975996512,1.0,-0.04898684633282391,1.0,9.5367431640625e-07,0.005359580218281671
1.6,1000,80,70,0.22573558700716836,0.5,0.2984791216357859,0.25343480102579413,0.4000244140625,0.03736596681178783,0.005971071378324625,52,0.050862592652812254,0.24470901293388778,0.21916906240440934,-0.0999755859375,0.0,-0.2552909870661122,0.0,0.027699214018625767,1.0,-0.006566524602759027,1.0,0.009995117783546448,0.06517348807718987
1.6,1000,80,71,0.22573558700716836,0.5,0.36965733864853156,0.24275714095821854,0.4931640625,0.04180177950309376,0.005436059185359343,87,0.09874507420054945,0.23187268822064228,0.20030926999137466,-0.0068359375,1.0,-0.2681273117793577,0.0,0.017021553951050178,1.0,-0.025426317015793704,1.0,4.673004150390625e-05,0.07189225532202491
1.6,1000,80,72,0.22573558700716836,0.5,0.41079376728706046,0.29797827487644246,0.5343017578125,0.045010009708797,0.006302207467633031,65,0.06154290709939701,0.530680754767498,0.2615981733095022,0.0343017578125,1.0,0.030680754767497986,1.0,0.0722426878692741,1.0,0.035862586302333826,1.0,0.0011766105890274048,0.0009413087131033504
1.6,1000,80,73,0.22573558700716836,0.5,0.33717839204570904,0.2667457508972392,0.482666015625,0.04340794730400367,0.005895246832267862,75,0.07861671031992744,0.47347467046792935,0.22976507435525426,-0.017333984375,1.0,-0.02652532953207065,1.0,0.04101016389007081,1.0,0.004029487348085892,1.0,0.00030046701431274414,0.0007035931067849395
1.6,1000,80,74,0.22573558700716836,0.5,0.3855251879067479,0.2511539042254199,0.4775390625,0.042060331678034045,0.005706980083142025,101,0.1183077600231826,0.6344939909684771,0.198100935024941,-0.0224609375,1.0,0.13449399096847714,1.0,0.025418317218251524,1.0,-0.027634651982227365,1.0,0.0005044937133789062,0.01808863360662881
1.6,1000,80,75,0.22573558700716836,0.5,0.4005285084251623,0.28170810482899966,0.560791015625,0.0464959014922274,0.005579577774369599,62,0.06491129697862014,0.6849710307277672,0.24836814134659516,0.060791015625,1.0,0.18497103072776722,0.0,0.0559725178218313,1.0,0.02263255433942679,1.0,0.003695547580718994,0.034214282208492604
1.6,1000,80,76,0.22573558700716836,0.5,0.42370337315419393,0.3058432478755728,0.5782470703125,0.045926062978085026,0.0060660420966739724,68,0.056826751708174805,0.6462288347777466,0.2804688046811911,0.0782470703125,1.0,0.14622883477774662,0.0,0.08010766086840446,1.0,0.054733217674022755,1.0,0.006122604012489319,0.02138287212045752
1.6,1000,80,77,0.22573558700716836,0.5,0.36913403135445433,0.24054347456284383,0.5379638671875,0.04379724317753507,0.004787466687049859,94,0.10538521846528258,0.5191541019743806,0.18633996960911123,0.0379638671875,1.0,0.01915410197438061,1.0,0.01480788755567547,1.0,-0.03939561739805714,1.0,0.0014412552118301392,0.0003668796224449712
1.6,1000,80,78,0.22573558700716836,0.5,0.3560953672864239,0.23410308364509122,0.5576171875,0.04293093951189046,0.005284231331721611,115,0.17403818743343974,0.6182940721524206,0.18624082421178983,0.0576171875,1.0,0.1182940721524206,1.0,0.008367496637922855,1.0,-0.03949476279537853,1.0,0.0033197402954101562,0.013993487506402091
1.6,1000,80,79,0.22573558700716836,0.5,0.37479791333309775,0.21313354467814635,0.361328125,0.03474281701580669,0.005708501420373342,56,0.06543770045734824,0.23683069941158721,0.17752294198736493,-0.138671875,0.0,-0.2631693005884128,0.0,-0.012602042329022012,1.0,-0.048212645019803435,1.0,0.019229888916015625,0.06925808077219438
1.6,1000,80,80,0.22573558700716836,0.5,0.304400436934938,0.2381360521926062,0.495849609375,0.04327442717922025,0.005144529951700674,63,0.08354501283901411,0.48579772893091966,0.17628985114369639,-0.004150390625,1.0,-0.014202271069080341,1.0,0.012400465185437831,1.0,-0.04944573586347198,1.0,1.722574234008789e-05,0.00020170450351963645
1.6,1000,80,81,0.22573558700716836,0.5,0.27329409545767175,0.23904426978950627,0.4730224609375,0.04212494144718771,0.004994462336389121,104,0.10507770038125921,0.3783743161491899,0.19495355542525938,-0.0269775390625,1.0,-0.12162568385081007,1.0,0.013308682782337905,1.0,-0.03078203158190898,1.0,0.0007277876138687134,0.014792806972177202
1.6,1000,80,82,0.22573558700716836,0.5,0.37576962926980706,0.32392243975787804,0.7265625,0.05494945921175957,0.00449851575169544,28,0.04305551409680191,0.8228169078062175,0.29608792740698897,0.2265625,0.0,0.3228169078062175,0.0,0.09818685275070968,1.0,0.0703523403998206,1.0,0.05133056640625,0.10421075596556795
1.6,1000,80,83,0.22573558700716836,0.5,0.2796512384587839,0.28696305583306236,0.634521484375,0.04974191400578877,0.004543841509834106,78,0.11405177432713126,0.7738710126504214,0.2359719519622736,0.134521484375,1.0,0.27387101265042135,0.0,0.061227468825894,1.0,0.010236364955105243,1.0,0.01809602975845337,0.07500533157016726
1.6,1000,80,84,0.22573558700716836,0.5,0.37140611856300704,0.30885766470454956,0.5216064453125,0.04840264304043119,0.005543586011688862,61,0.07604312676196616,0.5656055877401377,0.2732282079962082,0.0216064453125,1.0,0.0656055877401377,1.0,0.0831220776973812,1.0,0.04749262098903986,1.0,0.0004668384790420532,0.004304093142728905
1.6,1000,80,85,0.22573558700716836,0.5,0.34185471777577753,0.254022407982824,0.4859619140625,0.042260285956414935,0.0053026815615256654,69,0.07172358079144267,0.2401394212554314,0.21243669539103552,-0.0140380859375,1.0,-0.2598605787445686,0.0,0.02828682097565563,1.0,-0.013298891616132846,1.0,0.00019706785678863525,0.06752752038546213
1.6,1000,80,86,0.22573558700716836,0.5,0.3499264749330272,0.31468174174023644,0.440673828125,0.0374528970467301,0.0064117474168210575,78,0.08116242523084922,0.42219504135540986,0.27896609359595415,-0.059326171875,1.0,-0.07780495864459014,1.0,0.08894615473306808,0.0,0.05323050658878578,1.0,0.003519594669342041,0.006053611589686382
1.6,1000,80,87,0.22573558700716836,0.5,0.4790252799186773,0.37990605095509833,0.5643310546875,0.04757691524175741,0.00635266441831593,76,0.06861189978155316,0.5259898876706699,0.35385580919925164,0.0643310546875,1.0,0.025989887670669898,1.0,0.15417046394792996,0.0,0.12812022219208327,0.0,0.004138484597206116,0.0006754742611340392
1.6,1000,80,88,0.22573558700716836,0.5,0.476936442520756,0.19878163970765356,0.5538330078125,0.044357101617305786,0.005022265302940094,80,0.07978996209634853,0.5285079583735313,0.1524181030549871,0.0538330078125,1.0,0.02850795837353126,1.0,-0.026953947299514808,1.0,-0.07331748395218127,1.0,0.002897992730140686,0.0008127036906269912
1.6,1000,80,89,0.22573558700716836,0.5,0.2758069461672883,0.29734693236019033,0.572265625,0.04499709408914784,0.005051078884615545,76,0.07321696663614492,0.601931995581051,0.2483991801570431,0.072265625,1.0,0.10193199558105104,1.0,0.07161134535302197,1.0,0.022663593149874733,1.0,0.005222320556640625,0.010390131723135408
1.6,1000,80,90,0.22573558700716836,0.5,0.3080120978740844,0.2580133764875868,0.53076171875,0.04446539774382329,0.004670425349780415,69,0.09252879451804041,0.6537374597759399,0.2150051529261531,0.03076171875,1.0,0.1537374597759399,1.0,0.032277789480418456,1.0,-0.010730434081015261,1.0,0.0009462833404541016,0.023635206538358735
1.6,1000,80,91,0.22573558700716836,0.5,0.27393074890978947,0.23126017809281393,0.423583984375,0.04333767397964177,0.0053237934024543375,74,0.08543879936683035,0.3379259868088196,0.19492132431389855,-0.076416015625,1.0,-0.16207401319118042,1.0,0.005524591085645569,1.0,-0.03081426269326981,1.0,0.005839407444000244,0.026267985751894925
1.6,1000,80,92,0.22573558700716836,0.5,0.327961143079813,0.21475038612522987,0.504150390625,0.04095610439945249,0.004882033840526954,65,0.0815185362647947,0.45335864444631657,0.17509014468135659,0.004150390625,1.0,-0.04664135555368343,1.0,-0.010985200881938495,1.0,-0.05064544232581178,1.0,1.722574234008789e-05,0.002175416047885116
1.6,1000,80,93,0.22573558700716836,0.5,0.33460470552593163,0.24047627235846641,0.5604248046875,0.044398164410588414,0.004807387992419986,69,0.07436658171769535,0.2941628185557252,0.20106630278503004,0.0604248046875,1.0,-0.20583718144427482,0.0,0.01474068535129805,1.0,-0.02466928422213832,1.0,0.003651157021522522,0.04236894526492331
1.6,1000,80,94,0.22573558700716836,0.5,0.41731609748215587,0.24439149430276624,0.55029296875,0.044754063976472316,0.0057169188343739056,76,0.0807904931124888,0.5167783448322883,0.20312498625688355,0.05029296875,1.0,0.01677834483228835,1.0,0.01865590729559788,1.0,-0.022610600750284815,1.0,0.0025293827056884766,0.0002815128553111772
1.6,1000,80,95,0.22573558700716836,0.5,0.38157857340159657,0.29504543450543164,0.4693603515625,0.04428666497322211,0.005941417531021988,100,0.11917156462143808,0.16364927046288807,0.2550323809324729,-0.0306396484375,1.0,-0.3363507295371119,0.0,0.06930984749826327,1.0,0.029296793925304515,1.0,0.0009387880563735962,0.11313181326014742
1.6,1000,80,96,0.22573558700716836,0.5,0.3146987424521638,0.2482956282045597,0.472412109375,0.041148823343042165,0.004977673944693733,58,0.06565985367050059,0.38915988793523815,0.21341534268844076,-0.027587890625,1.0,-0.11084011206476185,1.0,0.02256004119739133,1.0,-0.012320244318727608,1.0,0.0007610917091369629,0.012285530442528966
1.6,1000,80,97,0.22573558700716836,0.5,0.36064679114005416,0.3681189967517015,0.577392578125,0.04740495295432999,0.006032128820827918,93,0.09165720304483946,0.5835451259527726,0.3286942438996128,0.077392578125,1.0,0.08354512595277264,1.0,0.14238340974453315,0.0,0.10295865689244446,0.0,0.0059896111488342285,0.006979788070464644
1.6,1000,80,98,0.22573558700716836,0.5,0.3538808087589679,0.24746400227708248,0.512939453125,0.04360130503628209,0.005742988962171345,41,0.04928711310317156,0.6236071631324404,0.22180767388333503,0.012939453125,1.0,0.12360716313244036,0.0,0.02172841526991412,1.0,-0.003927913123833338,1.0,0.00016742944717407227,0.015278730777649723
1.6,1000,80,99,0.22573558700716836,0.5,0.38570289026467675,0.2521449757947115,0.5299072265625,0.04424944926333367,0.005003819731204747,63,0.07425121919661885,0.5887567531280001,0.2145735074476683,0.0299072265625,1.0,0.08875675312800013,1.0,0.026409388787543148,1.0,-0.011162079559500077,1.0,0.0008944422006607056,0.00787776122582476
1.6,1000,80,100,0.22573558700716836,0.5,0.3084033787854382,0.1695563902531954,0.481201171875,0.03890291037152798,0.0038097429530685348,97,0.1424807259478915,0.5158000517126519,0.12095087711155711,-0.018798828125,1.0,0.015800051712651864,1.0,-0.056179196753972954,1.0,-0.10478470989561126,0.0,0.000353395938873291,0.0002496416341224731
1.6,1000,80,101,0.22573558700716836,0.5,0.3969623568396455,0.28389519002432845,0.520263671875,0.04374729748432453,0.005952789686988273,61,0.07915232373520145,0.6866314168651303,0.24737846318499587,0.020263671875,1.0,0.1866314168651303,0.0,0.05815960301716008,1.0,0.021642876177827508,1.0,0.000410616397857666,0.03483128576108604
1.6,1000,80,102,0.22573558700716836,0.5,0.40242266583209896,0.3268191682575409,0.65380859375,0.05224263936151054,0.0052131972956933935,72,0.07080008159111345,0.7271287350416993,0.2838139095751476,0.15380859375,0.0,0.22712873504169928,0.0,0.10108358125037256,1.0,0.05807832256797926,1.0,0.02365708351135254,0.05158746228164243
1.6,1000,80,103,0.22573558700716836,0.5,0.43067929181397646,0.3253878935857125,0.5316162109375,0.044110947250212855,0.007197537167431316,82,0.06379193193950397,0.6895329935740377,0.2928688849195277,0.0316162109375,1.0,0.18953299357403774,0.0,0.09965230657854415,0.0,0.06713329791235936,1.0,0.0009995847940444946,0.03592275565313623
1.6,1000,80,104,0.22573558700716836,0.5,0.2678351162254015,0.22113724854690286,0.46826171875,0.0412386192904432,0.004754203137585224,65,0.08320047975393037,0.3914134495191985,0.17176224209967772,-0.03173828125,1.0,-0.10858655048080151,1.0,-0.0045983384602655,1.0,-0.053973344907490645,1.0,0.0010073184967041016,0.011791038945319656
1.6,1000,80,105,0.22573558700716836,0.5,0.2643085077437122,0.2562722809225203,0.5203857421875,0.04677068017323103,0.005190570723757238,56,0.10597700483302334,0.2590575375890871,0.20166374289809702,0.0203857421875,1.0,-0.24094246241091288,0.0,0.030536693915351937,1.0,-0.024071844109071344,1.0,0.0004155784845352173,0.05805327019263417
1.6,1000,80,106,0.22573558700716836,0.5,0.3932140932282404,0.34275362597263814,0.6859130859375,0.0521417782444041,0.005002794489558241,68,0.0703186262796393,0.6775081245686004,0.30382253842964724,0.1859130859375,0.0,0.17750812456860043,0.0,0.11701803896546978,0.0,0.07808695142247887,1.0,0.03456367552280426,0.03150913428786177
1.6,1000,80,107,0.22573558700716836,0.5,0.39895035154390424,0.35084397461065275,0.6414794921875,0.04709303676774103,0.005733172419631171,53,0.049591868883309305,0.6432857772419467,0.32322482883169606,0.1414794921875,0.0,0.1432857772419467,0.0,0.1251083876034844,0.0,0.0974892418245277,0.0,0.020016446709632874,0.020530813959828767
1.6,1000,80,108,0.22573558700716836,0.5,0.34601535542820433,0.36391814808592843,0.5223388671875,0.047598799046178884,0.006163227492514275,66,0.07680632245702808,0.42889073617415263,0.32555540302823005,0.0223388671875,1.0,-0.07110926382584737,1.0,0.13818256107876006,0.0,0.09981981602106169,0.0,0.0004990249872207642,0.005056527401853965
1.6,1000,80,109,0.22573558700716836,0.5,0.3182649043414818,0.24931242750372046,0.5093994140625,0.04460535272762372,0.004829275719283776,69,0.0797478338829915,0.4590845391442818,0.19310076210559524,0.0093994140625,1.0,-0.04091546085571818,1.0,0.023576840496552093,1.0,-0.03263482490157313,1.0,8.834898471832275e-05,0.0016740749370358064
1.6,1000,80,110,0.22573558700716836,0.5,0.3162809748368454,0.19995116714733116,0.524169921875,0.044902469963364895,0.0045831977801423195,109,0.14446082377162595,0.602837783755733,0.13219976317802545,0.024169921875,1.0,0.10283778375573305,1.0,-0.025784419859837204,1.0,-0.09353582382914291,0.0,0.0005841851234436035,0.010575609767790912
1.6,1000,80,111,0.22573558700716836,0.5,0.31866989908229904,0.2822178480468285,0.578369140625,0.049409926889008235,0.004847117915527367,57,0.06227705531593918,0.49222764772253336,0.24622244938764373,0.078369140625,1.0,-0.007772352277466643,1.0,0.056482261039660114,1.0,0.020486862380475368,1.0,0.006141722202301025,6.0409459925040913e-05
1.6,1000,80,112,0.22573558700716836,0.5,0.2598861055620861,0.25517829370047246,0.532470703125,0.039299753406333175,0.004773113152161327,67,0.08281297778288978,0.3096393663507983,0.21255040094073424,0.032470703125,1.0,-0.1903606336492017,0.0,0.029442706693304094,1.0,-0.013185186066434124,1.0,0.0010543465614318848,0.03623717084332558
1.6,1000,80,113,0.22573558700716836,0.5,0.4003339481878022,0.2774611420248511,0.4954833984375,0.04405448248269399,0.00579987585148479,59,0.054700829613319055,0.4773104758944953,0.24066480941008545,-0.0045166015625,1.0,-0.022689524105504677,1.0,0.05172555501768275,1.0,0.01492922240291708,1.0,2.039968967437744e-05,0.0005148145041342778
1.6,1000,80,114,0.22573558700716836,0.5,0.3336936305060162,0.26702295878065135,0.4801025390625,0.03946835100411003,0.005789000128046618,61,0.05913429493821236,0.4666437117228445,0.23578902300844598,-0.0198974609375,1.0,-0.03335628827715548,1.0,0.04128737177348299,1.0,0.010053436001277616,1.0,0.0003959089517593384,0.0011126419676287
1.6,1000,80,115,0.22573558700716836,0.5,0.2782019424502172,0.2876980445261027,0.603271484375,0.04914048477075822,0.005064058456541945,83,0.08745801605559086,0.6933046169647653,0.24315132951671348,0.103271484375,1.0,0.1933046169647653,0.0,0.06196245751893434,1.0,0.017415742509545112,1.0,0.01066499948501587,0.03736667493989463
1.6,1000,80,116,0.22573558700716836,0.5,0.2676735059268665,0.2510222602914295,0.461669921875,0.04223236673665856,0.0055429290112806295,56,0.06408607263160546,0.35429994327352093,0.19970424330610576,-0.038330078125,1.0,-0.14570005672647907,0.0,0.025286673284261124,1.0,-0.02603134370106261,1.0,0.0014691948890686035,0.02122850653009922
1.6,1000,80,117,0.22573558700716836,0.5,0.4786340429378227,0.37957748510605394,0.5330810546875,0.045627529233503765,0.007085417184638524,95,0.07086692151389315,0.5037025885785763,0.34401089481511976,0.0330810546875,1.0,0.0037025885785763046,1.0,0.15384189809888557,0.0,0.1182753078079514,0.0,0.0010943561792373657,1.37091621822037e-05
1.6,1000,80,118,0.22573558700716836,0.5,0.25762061127317754,0.2312698413195115,0.448974609375,0.04024625569066964,0.005095163525270228,42,0.059189632359125,0.42851012396506205,0.20283423519851498,-0.051025390625,1.0,-0.07148987603493795,1.0,0.00553425431234314,1.0,-0.02290135180865338,1.0,0.002603590488433838,0.005110802375490795
1.6,1000,80,119,0.22573558700716836,0.5,0.3371515929196464,0.26745712627670126,0.5865478515625,0.04478825533214734,0.004783720793085235,54,0.060449691889457195,0.6500037724351113,0.23717751563200482,0.0865478515625,1.0,0.15000377243511132,0.0,0.0417215392695329,1.0,0.01144192862483645,1.0,0.007490530610084534,0.02250113174476466
1.6,1000,80,120,0.22573558700716836,0.5,0.387551236822487,0.31534066477898937,0.61474609375,0.046853813027064935,0.005677059775738556,81,0.07656617174060938,0.6708418832287498,0.2720445048863997,0.11474609375,1.0,0.17084188322874982,0.0,0.089605077771821,1.0,0.04630891787923133,1.0,0.013166666030883789,0.029186949065145792
1.6,1000,80,121,0.22573558700716836,0.5,0.3191883934364597,0.2227703324770462,0.456787109375,0.037663588001558716,0.005332795175760495,87,0.09219165490592564,0.27362028345330575,0.16528479603714974,-0.043212890625,1.0,-0.22637971654669425,0.0,-0.002965254530122169,1.0,-0.060450790970018625,1.0,0.0018673539161682129,0.05124777606376164
1.6,1000,80,122,0.22573558700716836,0.5,0.3461512733323052,0.2328389735438776,0.4210205078125,0.03716628486985039,0.005843845537663135,77,0.08056381194024771,0.4736534844924237,0.19540615662029664,-0.0789794921875,1.0,-0.026346515507576274,1.0,0.007103386536709222,1.0,-0.03032943038687172,1.0,0.0062377601861953735,0.000694138879390957
1.6,1000,80,123,0.22573558700716836,0.5,0.35885448532731173,0.25333977162037374,0.6456298828125,0.04686433789305687,0.004144730462490534,75,0.1268820056275894,1.037830458188151,0.19251763533403785,0.1456298828125,1.0,0.537830458188151,0.0,0.02760418461320538,1.0,-0.03321795167313052,1.0,0.021208062767982483,0.2892616017548765
1.6,1000,80,124,0.22573558700716836,0.5,0.3418208207032732,0.23044341040732327,0.5087890625,0.03922303682640124,0.005020002651495473,77,0.08930534255962212,0.3408484812972771,0.18057024419016768,0.0087890625,1.0,-0.15915151870272293,1.0,0.004707823400154909,1.0,-0.04516534281700069,1.0,7.724761962890625e-05,0.025329205905383165
1.6,1000,80,125,0.22573558700716836,0.5,0.47188269037888886,0.3318288098690404,0.6417236328125,0.045474090839548655,0.0062448311708721465,80,0.06812583208498393,0.6283225879348807,0.2978762618241348,0.1417236328125,0.0,0.12832258793488072,1.0,0.10609322286187203,0.0,0.07214067481696643,1.0,0.020085588097572327,0.016466686574305195
1.6,1000,80,126,0.22573558700716836,0.5,0.24416640159013414,0.2816918704210425,0.5057373046875,0.04340156754936025,0.0051485156908837515,88,0.11259909763054682,0.16354878025997488,0.22391494532252673,0.0057373046875,1.0,-0.3364512197400251,0.0,0.055956283413874125,1.0,-0.001820641684641633,1.0,3.291666507720947e-05,0.11319942326455067
1.6,1000,80,127,0.22573558700716836,0.5,0.3366817943383651,0.22347272416235103,0.35498046875,0.036089117158205994,0.005708543865250182,43,0.04786921414911656,0.29398385827623613,0.1970897874614392,-0.14501953125,0.0,-0.20601614172376387,0.0,-0.0022628628448173316,1.0,-0.028645799545729156,1.0,0.021030664443969727,0.04244265065074596
1.6,1000,80,128,0.22573558700716836,0.5,0.36384204375519985,0.31365207909777804,0.7220458984375,0.0526112863076897,0.005324281192264757,86,0.08728066162877798,1.0035230590692779,0.26575961411324345,0.2220458984375,0.0,0.5035230590692779,0.0,0.08791649209060967,1.0,0.04002402710607508,1.0,0.049304381012916565,0.2535354710144835
1.6,1000,80,129,0.22573558700716836,0.5,0.27838437231128355,0.2949105178796724,0.589111328125,0.04565835865640281,0.005212460306769795,54,0.061110327200163864,0.6895766200461648,0.2635757609254813,0.089111328125,1.0,0.18957662004616482,0.0,0.06917493087250401,1.0,0.03784017391831293,1.0,0.007940828800201416,0.03593929486812794
1.6,1000,80,130,0.22573558700716836,0.5,0.41490518685881295,0.27544355707027424,0.40966796875,0.042207952125000385,0.00707956970184214,60,0.06057272384720272,0.35193359162312493,0.2518885224236503,-0.09033203125,1.0,-0.14806640837687507,0.0,0.04970797006310587,1.0,0.02615293541648192,1.0,0.008159875869750977,0.02192366128962754
1.6,1000,80,131,0.22573558700716836,0.5,0.3713078525753886,0.38910505712652155,0.6998291015625,0.053949447430785016,0.005331987244342917,64,0.0627473224858575,0.7694166571872076,0.3469018288635115,0.1998291015625,0.0,0.26941665718720764,0.0,0.16336947011935318,0.0,0.12116624185634314,0.0,0.03993166983127594,0.07258533516992936
1.6,1000,80,132,0.22573558700716836,0.5,0.36687177259572584,0.3024408127451602,0.56591796875,0.04330403283878177,0.00544431504817849,106,0.10225500716377256,0.4487689542642714,0.245575918375308,0.06591796875,1.0,-0.05123104573572862,1.0,0.07670522573799185,1.0,0.019840331368139646,1.0,0.0043451786041259766,0.002624620047176318
1.6,1000,80,133,0.22573558700716836,0.5,0.32808950773951745,0.32774519022613857,0.5303955078125,0.04860673928544553,0.005968317891433749,64,0.06712083621722349,0.5961090799424629,0.29720495949968534,0.0303955078125,1.0,0.09610907994246287,1.0,0.10200960321897021,0.0,0.07146937249251697,1.0,0.0009238868951797485,0.009236955247386719
1.6,1000,80,134,0.22573558700716836,0.5,0.3731349099556226,0.27791242278630945,0.474853515625,0.0432695138214105,0.00608660924978667,60,0.05829743434784159,0.48943265228670935,0.23859833880946058,-0.025146484375,1.0,-0.010567347713290653,1.0,0.05217683577914109,1.0,0.01286275180229221,1.0,0.0006323456764221191,0.00011166883769358921
1.6,1000,80,135,0.22573558700716836,0.5,0.4700387578049527,0.2757460766879841,0.572265625,0.043347171696575225,0.00536063713293497,60,0.06453913539742129,0.7643732150421945,0.22067786617990037,0.072265625,1.0,0.26437321504219446,0.0,0.050010489680815756,1.0,-0.005057720827267992,1.0,0.005222320556640625,0.0698931968317464
1.6,1000,80,136,0.22573558700716836,0.5,0.3755504175878499,0.29409493560103045,0.6103515625,0.0483259135806668,0.005622772801368183,117,0.11544148621532299,0.7202651002731446,0.24007270338777226,0.1103515625,1.0,0.2202651002731446,1.0,0.06835934859386208,1.0,0.014337116380603893,1.0,0.012177467346191406,0.04851671439833845
1.6,1000,80,137,0.22573558700716836,0.5,0.41293241581302625,0.32453911531878255,0.6409912109375,0.05055940132399791,0.005381658486223756,93,0.11460559758694489,0.8344887107928101,0.27493215171297974,0.1409912109375,1.0,0.33448871079281006,0.0,0.09880352831161418,1.0,0.04919656470581138,1.0,0.01987852156162262,0.11188269764783614
1.6,1000,80,138,0.22573558700716836,0.5,0.34759288582867637,0.3331331997749172,0.58984375,0.04940639866595668,0.0053726897284344126,55,0.056743650772499814,0.5401338096155867,0.29982734199953204,0.08984375,1.0,0.04013380961558666,1.0,0.10739761276774881,0.0,0.07409175499236367,1.0,0.0080718994140625,0.0016107226742601562
1.6,1000,80,139,0.22573558700716836,0.5,0.26618057435985093,0.2819824919962861,0.5350341796875,0.044731690406728954,0.005267655011485592,37,0.040993649129636225,0.599745849264134,0.24568846716102613,0.0350341796875,1.0,0.09974584926413399,0.0,0.056246904989117746,1.0,0.019952880153857766,1.0,0.0012273937463760376,0.00994923444542334
1.6,1000,80,140,0.22573558700716836,0.5,0.3174682494100675,0.19593328399404863,0.443603515625,0.03781012106188889,0.004597421946797865,73,0.08839326719248516,0.06945862477099296,0.13823454923231826,-0.056396484375,1.0,-0.43054137522900704,0.0,-0.02980230301311973,1.0,-0.0875010377748501,0.0,0.003180563449859619,0.18536587578408464
1.6,1000,80,141,0.22573558700716836,0.5,0.28251104046831693,0.22169424751267752,0.5396728515625,0.04677946680405869,0.004377855577581285,80,0.09847195264106763,0.7966935612421822,0.13637707318987446,0.0396728515625,1.0,0.29669356124218216,0.0,-0.004041339494490842,1.0,-0.0893585138172939,1.0,0.0015739351511001587,0.0880270692825685
1.6,1000,80,142,0.22573558700716836,0.5,0.3353124868217752,0.2825432198399037,0.6494140625,0.0493620131241243,0.004381029965326882,63,0.0934701923645167,0.5292145429925947,0.24138734095871783,0.1494140625,1.0,0.02921454299259474,1.0,0.05680763283273535,1.0,0.01565175395154947,1.0,0.022324562072753906,0.0008534895222661663
1.6,1000,80,143,0.22573558700716836,0.5,0.34140406341220947,0.3007262686447949,0.5753173828125,0.04452930566581718,0.005181210208915823,63,0.07205712406875422,0.6202693870148743,0.25385940477228847,0.0753173828125,1.0,0.12026938701487433,1.0,0.07499068163762654,1.0,0.0281238177651201,1.0,0.00567270815372467,0.014464725452933622
1.6,1000,80,144,0.22573558700716836,0.5,0.3828751147960686,0.2645505625399386,0.4803466796875,0.04179928950865532,0.005704401109006756,51,0.052279393371364814,0.3786284941184107,0.23723788252057929,-0.0196533203125,1.0,-0.12137150588158929,0.0,0.03881497553277022,1.0,0.01150229551341092,1.0,0.0003862529993057251,0.014731042439964663
1.6,1000,80,145,0.22573558700716836,0.5,0.469096496965315,0.3159188052632398,0.48974609375,0.04283077797011812,0.0073595606737388375,61,0.05257041712798076,0.46500022330507723,0.2868398129118047,-0.01025390625,1.0,-0.03499977669492277,1.0,0.09018321825607142,0.0,0.06110422590463635,1.0,0.00010514259338378906,0.001224984368694459
1.6,1000,80,146,0.22573558700716836,0.5,0.37100724520134654,0.2656024693637261,0.50390625,0.046963253429766254,0.005300269469637733,59,0.06766556834933982,0.5351618596627085,0.22708450880001788,0.00390625,1.0,0.03516185966270846,1.0,0.03986688235655775,1.0,0.0013489217928495112,1.0,1.52587890625e-05,0.0012363563749400045
1.6,1000,80,147,0.22573558700716836,0.5,0.37285354156455935,0.28183975161058966,0.5025634765625,0.03911039087771686,0.005927835219621055,66,0.06644099181775263,0.48986885500697885,0.24793569493021286,0.0025634765625,1.0,-0.010131144993021146,1.0,0.0561041646034213,1.0,0.0222001079230445,1.0,6.571412086486816e-06,0.00010264009886961744
1.6,1000,80,148,0.22573558700716836,0.5,0.2706760455439637,0.2746527736715559,0.5115966796875,0.04345726402187821,0.005071380000513928,56,0.08383223982031693,0.4304801232664157,0.21797812766319827,0.0115966796875,1.0,-0.06951987673358428,1.0,0.04891718666438752,1.0,-0.007757459343970097,1.0,0.0001344829797744751,0.004833013261052754
1.6,1000,80,149,0.22573558700716836,0.5,0.43231465656303997,0.38006339998466226,0.5443115234375,0.047668548720080375,0.006592063456792993,127,0.15472254820214695,0.5184202828314798,0.3439087043966548,0.0443115234375,1.0,0.018420282831479784,1.0,0.1543278129774939,0.0,0.11817311738948641,0.0,0.001963511109352112,0.0003393068195917089
1.6,4000,156,0,0.22573558700716836,0.5,0.17872200722130352,0.2378794407600463,0.4959716796875,0.022456340403973145,0.004466432908246997,100,0.07251153004412718,0.4175810597913906,0.22326958600092137,-0.0040283203125,1.0,-0.0824189402086094,1.0,0.012143853752877937,1.0,-0.0024660010062469984,1.0,1.6227364540100098e-05,0.006792881705110332
1.6,4000,156,1,0.22573558700716836,0.5,0.16290625778769702,0.245770482804737,0.4737548828125,0.020840316260090853,0.004938479294287416,76,0.05079433751163831,0.46659998161538135,0.2324555421976381,-0.0262451171875,1.0,-0.033400018384618646,1.0,0.020034895797568647,1.0,0.006719955190469723,1.0,0.0006888061761856079,0.0011155612280928635
1.6,4000,156,2,0.22573558700716836,0.5,0.16504790344554313,0.21000680543864975,0.484619140625,0.02170877868441387,0.00384597456811348,46,0.03615635648441347,0.47525026692076033,0.1993727874844005,-0.015380859375,1.0,-0.024749733079239666,1.0,-0.01572878156851862,1.0,-0.026362799522767877,1.0,0.0002365708351135254,0.0006125492874936102
1.6,4000,156,3,0.22573558700716836,0.5,0.15490595634636728,0.23663993567398278,0.50634765625,0.022213010031340144,0.004625834610012716,61,0.04956514363033411,0.5624702556323475,0.2270594296772002,0.00634765625,1.0,0.06247025563234754,1.0,0.010904348666814417,1.0,0.0013238426700318273,1.0,4.029273986816406e-05,0.0039025328387708494
1.6,4000,156,4,0.22573558700716836,0.5,0.1611729543248686,0.22761533618686236,0.4932861328125,0.02242649360986729,0.004437688533691945,119,0.12761458953364074,0.5154976771970532,0.20491892718399662,-0.0067138671875,1.0,0.015497677197053195,1.0,0.0018797491796939958,1.0,-0.02081665982317174,1.0,4.507601261138916e-05,0.00024017799850406256
1.6,4000,156,5,0.22573558700716836,0.5,0.16725308259881858,0.2266542129124405,0.4774169921875,0.021544439825939222,0.004543221038841627,72,0.05181343449586126,0.48986953467985683,0.21444626152621954,-0.0225830078125,1.0,-0.010130465320143167,1.0,0.0009186259052721413,1.0,-0.011289325480948825,1.0,0.000509992241859436,0.0001026263276026234
1.6,4000,156,6,0.22573558700716836,0.5,0.20462527697005087,0.2518313688846512,0.4931640625,0.021537817141543954,0.004982770632865544,65,0.04008511818879815,0.48743713052253057,0.23965384765858036,-0.0068359375,1.0,-0.01256286947746943,1.0,0.02609578187748282,1.0,0.013918260651411996,1.0,4.673004150390625e-05,0.000157825689507933
1.6,4000,156,7,0.22573558700716836,0.5,0.1968642959468551,0.24554397632840352,0.5660400390625,0.02322553519130588,0.0042041061593064205,66,0.0461810048703001,0.5645338706170526,0.2344505048134271,0.0660400390625,1.0,0.06453387061705262,1.0,0.01980838932123516,1.0,0.008714917806258743,1.0,0.004361286759376526,0.004164620456818488
1.6,4000,156,8,0.22573558700716836,0.5,0.14531434510404684,0.23303230126534244,0.521728515625,0.02222961625596818,0.004174635496927341,87,0.08440762457882334,0.5186370535857104,0.2168153943097723,0.021728515625,1.0,0.01863705358571044,1.0,0.007296714258174075,1.0,-0.008920192697396051,1.0,0.00047212839126586914,0.0003473397663566423
1.6,4000,156,9,0.22573558700716836,0.5,0.1597899786037862,0.24569468090130445,0.4803466796875,0.022050301013639417,0.004909448237961877,63,0.04413945808140031,0.4118943755850911,0.23401834865846488,-0.0196533203125,1.0,-0.08810562441490888,0.0,0.019959093894136082,1.0,0.008282761651296516,1.0,0.0003862529993057251,0.007762601053540988
1.6,4000,156,10,0.22573558700716836,0.5,0.13556567002960637,0.20800124551546295,0.5426025390625,0.02256907942781872,0.004055491959864964,97,0.07566341605316527,0.5407089860204968,0.19037348211291608,0.0426025390625,1.0,0.040708986020496774,1.0,-0.017734341491705413,1.0,-0.03536210489425229,1.0,0.0018149763345718384,0.0016572215428170018
1.6,4000,156,11,0.22573558700716836,0.5,0.16241527971888506,0.19836520975045818,0.4031982421875,0.020161474844189495,0.004491471514310082,49,0.040316138663734874,0.3517594701567495,0.1905906358988122,-0.0968017578125,0.0,-0.14824052984325048,0.0,-0.027370377256710182,1.0,-0.035144951108356165,1.0,0.009370580315589905,0.021975254688207636
1.6,4000,156,12,0.22573558700716836,0.5,0.1597641070817369,0.25010927153729984,0.5606689453125,0.02252273507484409,0.004260937993661554,101,0.08580538924314958,0.5884163128700665,0.23617529470198884,0.0606689453125,1.0,0.08841631287006646,1.0,0.024373684530131473,1.0,0.010439707694820471,1.0,0.0036807209253311157,0.00781744438153748
1.6,4000,156,13,0.22573558700716836,0.5,0.1715562567659469,0.21455415977466108,0.5494384765625,0.02268468645320791,0.0038529981580427007,58,0.04358855766421165,0.546602024045899,0.20339521605244876,0.0494384765625,1.0,0.04660202404589897,1.0,-0.011181427232507285,1.0,-0.022340370954719607,1.0,0.002444162964820862,0.002171748645174546
1.6,4000,156,14,0.22573558700716836,0.5,0.1985288260933056,0.2982513079829938,0.550048828125,0.02327069681253857,0.004972232684106101,46,0.02759885348894783,0.5657428219520488,0.2905077656406202,0.050048828125,1.0,0.06574282195204884,0.0,0.07251572097582545,0.0,0.06477217863345183,0.0,0.002504885196685791,0.0043221186382187944
1.6,4000,156,15,0.22573558700716836,0.5,0.12297419296521524,0.23586552182626197,0.47509765625,0.020762692754482937,0.004538708704877671,62,0.044943680901092985,0.46283528300599275,0.2266459678533014,-0.02490234375,1.0,-0.03716471699400725,1.0,0.010129934819093606,1.0,0.0009103808461330409,1.0,0.0006201267242431641,0.0013812161892446514
1.6,4000,156,16,0.22573558700716836,0.5,0.13951615771430487,0.23234421619051318,0.54150390625,0.02301891889777584,0.0042122066572898775,52,0.03941610779447989,0.5318012659011431,0.2195619176418916,0.04150390625,1.0,0.03180126590114307,1.0,0.006608629183344816,1.0,-0.006173669365276774,1.0,0.001722574234008789,0.0010113205129152051
1.6,4000,156,17,0.22573558700716836,0.5,0.136689135943623,0.2304397119957861,0.51806640625,0.022245350924079886,0.004012729870702439,60,0.05494940979827279,0.5008750925752173,0.21645936041468858,0.01806640625,1.0,0.00087509257521734,1.0,0.004704124988617747,1.0,-0.009276226592479786,1.0,0.00032639503479003906,7.657870152005158e-07
1.6,4000,156,18,0.22573558700716836,0.5,0.15556250665217808,0.24556677189395193,0.5379638671875,0.021961568729173386,0.00431978083575097,121,0.10786981106248793,0.43998860782324367,0.22790718804742605,0.0379638671875,1.0,-0.06001139217675633,1.0,0.019831184886783565,1.0,0.0021716010402576813,1.0,0.0014412552118301392,0.003601367190992451
1.6,4000,156,19,0.22573558700716836,0.5,0.1661718471618689,0.23344286979223516,0.4755859375,0.02115921759816361,0.004706307925405398,70,0.052967397256781304,0.4772600780341303,0.22133147659159666,-0.0244140625,1.0,-0.022739921965869714,1.0,0.007707282785066799,1.0,-0.004404110415571705,1.0,0.0005960464477539062,0.0005171040510138439
1.6,4000,156,20,0.22573558700716836,0.5,0.14084268992016005,0.23876462164302883,0.5308837890625,0.02255980674212565,0.00432752329815828,52,0.0409234578056888,0.511413425207324,0.22943179771513872,0.0308837890625,1.0,0.011413425207324024,1.0,0.01302903463586047,1.0,0.0036962107079703543,1.0,0.0009538084268569946,0.00013026627496317943
1.6,4000,156,21,0.22573558700716836,0.5,0.1880807389690602,0.19270962479675174,0.441162109375,0.020560835611452243,0.00425527084115825,97,0.08277665055148271,0.44344379270162,0.17747002682791163,-0.058837890625,1.0,-0.05655620729838001,1.0,-0.03302596221041662,1.0,-0.048265560179256733,0.0,0.003461897373199463,0.0031986045839773325
1.6,4000,156,22,0.22573558700716836,0.5,0.17721117931710093,0.24855532999384142,0.52880859375,0.021936591250834366,0.004400510757336452,89,0.0591963290028161,0.49523692452245904,0.23381547342802653,0.02880859375,1.0,-0.004763075477540957,1.0,0.022819742986673053,1.0,0.008079886420858162,1.0,0.0008299350738525391,2.2686888004752012e-05
1.6,4000,156,23,0.22573558700716836,0.5,0.14600770136607516,0.2654301029999395,0.5325927734375,0.02273687683275786,0.004673540804577135,66,0.047348195882922356,0.5251816248602922,0.25523701333092774,0.0325927734375,1.0,0.025181624860292184,1.0,0.03969451599277116,1.0,0.029501426323759378,1.0,0.0010622888803482056,0.0006341142306044853
1.6,4000,156,24,0.22573558700716836,0.5,0.14801070574517988,0.2606734607387746,0.563232421875,0.02314958537389502,0.004162744807289161,66,0.04560505876984906,0.455172639703017,0.2475314048972802,0.063232421875,1.0,-0.044827360296982977,1.0,0.034937873731606256,1.0,0.02179581789011184,1.0,0.0039983391761779785,0.0020094922311955257
1.6,4000,156,25,0.22573558700716836,0.5,0.14204650518287218,0.25186094192586034,0.5509033203125,0.022567902012455905,0.004419719428082663,62,0.04040929278242022,0.5820347506414195,0.2390677307468282,0.0509033203125,1.0,0.08203475064141952,0.0,0.026125354918691973,1.0,0.013332143739659824,1.0,0.002591148018836975,0.00672970031279988
1.6,4000,156,26,0.22573558700716836,0.5,0.18510973793291627,0.25299117289478534,0.4730224609375,0.020923005167624093,0.004834418565109663,55,0.0353751788446836,0.47230647412510063,0.24340281026425725,-0.0269775390625,1.0,-0.027693525874899372,1.0,0.02725558588761698,1.0,0.017667223257088888,1.0,0.0007277876138687134,0.0007669313753837211
1.6,4000,156,27,0.22573558700716836,0.5,0.17335832067117277,0.18405467497415823,0.4283447265625,0.019190209939839446,0.0038462498905671816,150,0.12938170895026407,0.1621337046695983,0.15888881335735125,-0.0716552734375,1.0,-0.3378662953304017,0.0,-0.04168091203301014,0.0,-0.06684677364981712,0.0,0.005134478211402893,0.11415363352029022
1.6,4000,156,28,0.22573558700716836,0.5,0.15646609209481058,0.2608662773397286,0.5194091796875,0.021746305891108455,0.0045413667036329885,86,0.07451226249627536,0.43335965099436835,0.24696894704331007,0.0194091796875,1.0,-0.06664034900563165,1.0,0.03513069033256025,1.0,0.021233360036141707,1.0,0.0003767162561416626,0.004440936115592391
1.6,4000,156,29,0.22573558700716836,0.5,0.1362715575233875,0.22145195773095283,0.455322265625,0.020866290166063457,0.0042837492722016856,58,0.04847044121778433,0.4567467641829397,0.21056387710588476,-0.044677734375,1.0,-0.04325323581706031,1.0,-0.004283629276215534,1.0,-0.015171709901283609,1.0,0.0019960999488830566,0.0018708424086462288
1.6,4000,156,30,0.22573558700716836,0.5,0.17277297349009701,0.24759148427159444,0.4998779296875,0.02195163294670001,0.004574155967712524,70,0.04250525851891321,0.5438520689961417,0.23769369313678965,-0.0001220703125,1.0,0.04385206899614169,1.0,0.021855897264426077,1.0,0.011958106129621282,1.0,1.4901161193847656e-08,0.0019230039552423713
1.6,4000,156,31,0.22573558700716836,0.5,0.20350925707051476,0.2744628715940064,0.546875,0.022227369049082298,0.00516516933569971,61,0.03413665935846966,0.5646583956501321,0.26390882021784134,0.046875,1.0,0.0646583956501321,1.0,0.04872728458683803,0.0,0.03817323321067298,1.0,0.002197265625,0.004180708128049021
1.6,4000,156,32,0.22573558700716836,0.5,0.12738048118745937,0.23508442160350174,0.5230712890625,0.022390984186989704,0.0040993288596141,78,0.0744487574597358,0.47491769104005277,0.2216016412545036,0.0230712890625,1.0,-0.02508230895994723,1.0,0.009348834596333372,1.0,-0.004133945752664764,1.0,0.0005322843790054321,0.0006291222227622492
1.6,4000,156,33,0.22573558700716836,0.5,0.15680435534820858,0.2271998137471532,0.4769287109375,0.022585249484071798,0.004208478146254295,53,0.04131488807422128,0.4668067571435328,0.21574713110233998,-0.0230712890625,1.0,-0.03319324285646719,1.0,0.0014642267399848363,1.0,-0.009988455904828386,1.0,0.0005322843790054321,0.0011017913713284098
1.6,4000,156,34,0.22573558700716836,0.5,0.17248540440122873,0.2526612934864359,0.500732421875,0.021149400867991996,0.004562294706607953,53,0.03431060364865398,0.4622843912843092,0.24329756834201588,0.000732421875,1.0,-0.037715608715690796,1.0,0.026925706479267536,1.0,0.017561981334847515,1.0,5.364418029785156e-07,0.0014224671407950915
1.6,4000,156,35,0.22573558700716836,0.5,0.16222264644139126,0.2356056573530691,0.4757080078125,0.020842007134421008,0.0044186786199159915,50,0.03600668203017504,0.487710388146331,0.22773870833026308,-0.0242919921875,1.0,-0.012289611853669002,1.0,0.009870070345900733,1.0,0.0020031213230947142,1.0,0.000590100884437561,0.00015103455951384165
1.6,4000,156,36,0.22573558700716836,0.5,0.16251651649460608,0.2516685222193421,0.5054931640625,0.021942757599068507,0.004456513497451679,60,0.042667538763993526,0.48468847475865623,0.2406897830604433,0.0054931640625,1.0,-0.01531152524134377,1.0,0.02593293521217374,1.0,0.014954196053274943,1.0,3.0174851417541504e-05,0.0002344428052163074
1.6,4000,156,37,0.22573558700716836,0.5,0.17540207100633887,0.26336774389183676,0.5302734375,0.022358194502482862,0.004786583293379538,73,0.0477718342194987,0.5085986741327316,0.2499336865196906,0.0302734375,1.0,0.008598674132731632,1.0,0.037632156884668394,1.0,0.024198099512522248,1.0,0.0009164810180664062,7.393719684090808e-05
1.6,4000,156,38,0.22573558700716836,0.5,0.1664439904489139,0.24726514838656724,0.5037841796875,0.021823580302386174,0.004734753978850161,75,0.05014619922971281,0.5128498082270271,0.232438673718312,0.0037841796875,1.0,0.012849808227027082,1.0,0.021529561379398876,1.0,0.006703086711143641,1.0,1.4320015907287598e-05,0.00016511757147137288
1.6,4000,156,39,0.22573558700716836,0.5,0.1546454955560459,0.27175911730585256,0.5894775390625,0.024822307117951723,0.004526505870445225,64,0.04029709691671762,0.6194875210873051,0.25926447486883963,0.0894775390625,0.0,0.11948752108730509,0.0,0.046023530298684195,1.0,0.03352888786167127,1.0,0.008006229996681213,0.01427726769558918
1.6,4000,156,40,0.22573558700716836,0.5,0.21088806589897666,0.2572885592321757,0.554931640625,0.022605149959910902,0.004618788285663623,76,0.049885209755179606,0.5282845552076281,0.24653928561048524,0.054931640625,1.0,0.02828455520762807,1.0,0.03155297222500733,1.0,0.020803698603316878,1.0,0.0030174851417541504,0.0008000160632933602
1.6,4000,156,41,0.22573558700716836,0.5,0.20172864354420755,0.21569155503332088,0.4390869140625,0.019770303656857443,0.00459829447924686,79,0.05935409482487149,0.4136780429679689,0.20519253550048935,-0.0609130859375,1.0,-0.0863219570320311,1.0,-0.010044031973847484,1.0,-0.02054305150667901,1.0,0.0037104040384292603,0.007451480265839824
1.6,4000,156,42,0.22573558700716836,0.5,0.14202604683954517,0.2381496463333489,0.503173828125,0.021972124556375865,0.004443781472410702,42,0.029581596482371124,0.49856743161055117,0.22991775841359882,0.003173828125,1.0,-0.0014325683894488295,1.0,0.012414059326180532,1.0,0.004182171406430457,1.0,1.0073184967041016e-05,2.0522521904480133e-06
1.6,4000,156,43,0.22573558700716836,0.5,0.19988247785084493,0.2491957146131626,0.473388671875,0.02100128484989453,0.0050046787704995255,89,0.05974401132808709,0.32149008891221853,0.2324559141472135,-0.026611328125,1.0,-0.17850991108778147,0.0,0.023460127605994224,1.0,0.00672032714004514,1.0,0.000708162784576416,0.03186578835656764
1.6,4000,156,44,0.22573558700716836,0.5,0.19018775412055033,0.24441084796296225,0.5679931640625,0.022534086239339224,0.004369717334629579,52,0.03110387539854546,0.5775330279563285,0.23519527604123497,0.0679931640625,0.0,0.07753302795632855,0.0,0.018675260955793888,1.0,0.009459689034066604,1.0,0.0046230703592300415,0.006011370424076824
1.6,4000,156,45,0.22573558700716836,0.5,0.17401816476045734,0.22943377921949681,0.5216064453125,0.022542548373254333,0.0044290240064184284,62,0.04745787903849604,0.5386174597486507,0.21807734584431418,0.0216064453125,1.0,0.03861745974865072,1.0,0.0036981922123284494,1.0,-0.007658241162854185,1.0,0.0004668384790420532,0.0014913081974386583
1.6,4000,156,46,0.22573558700716836,0.5,0.19310045688202923,0.25182377639336617,0.4732666015625,0.021282912692737816,0.004800807630146886,68,0.05719147277990219,0.4655112578858226,0.23751437214415974,-0.0267333984375,1.0,-0.034488742114177406,1.0,0.026088189386197808,1.0,0.011778785136991377,1.0,0.0007146745920181274,0.0011894733326182343
1.6,4000,156,47,0.22573558700716836,0.5,0.16152658597044392,0.2090960909486638,0.4683837890625,0.02120970144875389,0.004504020100344712,75,0.05705915827192264,0.42414735586762503,0.19699827344578016,-0.0316162109375,1.0,-0.07585264413237497,1.0,-0.016639496058504566,1.0,-0.0287373135613882,1.0,0.0009995847940444946,0.0057536236218727185
1.6,4000,156,48,0.22573558700716836,0.5,0.18754558408485036,0.24248259671456113,0.529052734375,0.023088278262299144,0.00428129867245163,71,0.04665984819480137,0.5916467924070964,0.22924094976734904,0.029052734375,1.0,0.09164679240709639,0.0,0.016747009707392763,1.0,0.0035053627601806803,1.0,0.0008440613746643066,0.00839913455850942
1.6,4000,156,49,0.22573558700716836,0.5,0.17775907360115495,0.28583012829167187,0.5465087890625,0.02251116005933413,0.005042498745478502,62,0.03883213570833149,0.5555558251243277,0.2755322651362102,0.0465087890625,1.0,0.05555582512432766,1.0,0.060094541284503505,0.0,0.049796678129041844,0.0,0.0021630674600601196,0.0030864497052448766
1.6,4000,156,50,0.22573558700716836,0.5,0.145056526195549,0.21833078048395965,0.4735107421875,0.021570296537268982,0.004013870424613757,79,0.07030688859802171,0.37674869891051355,0.2057125574392623,-0.0264892578125,1.0,-0.12325130108948645,1.0,-0.007404806523208712,1.0,-0.020023029567906053,1.0,0.0007016807794570923,0.015190883220251245
1.6,4000,156,51,0.22573558700716836,0.5,0.21525290881095047,0.24009876712842732,0.5335693359375,0.022478088878416427,0.004601635443713698,51,0.03407281847319947,0.5426818297285413,0.232286483989734,0.0335693359375,1.0,0.04268182972854129,1.0,0.01436318012125895,1.0,0.0065508969825656405,1.0,0.001126900315284729,0.0018217385889761908
1.6,4000,156,52,0.22573558700716836,0.5,0.18588621554486412,0.19849603798457383,0.4012451171875,0.019059433260915356,0.004607227557156563,65,0.05718400801329769,0.3658293503294018,0.1851779209944872,-0.0987548828125,1.0,-0.13417064967059822,0.0,-0.02723954902259454,1.0,-0.040557666012681154,0.0,0.009752526879310608,0.018001763233030398
1.6,4000,156,53,0.22573558700716836,0.5,0.15495793639775574,0.23323346385794314,0.537353515625,0.02307450008832,0.0041531681769087486,45,0.0365655641058108,0.5216428249832789,0.22385448757251958,0.037353515625,1.0,0.021642824983278852,1.0,0.007497876850774771,1.0,-0.0018810994346487864,1.0,0.0013952851295471191,0.00046841187325683925
1.6,4000,156,54,0.22573558700716836,0.5,0.12077304588059602,0.24297610822711457,0.5765380859375,0.023350761828874748,0.003914241320361564,63,0.0473585880179869,0.6135216491517858,0.23184352978117254,0.0765380859375,1.0,0.11352164915178575,0.0,0.01724052121994621,1.0,0.006107942774004171,1.0,0.005858078598976135,0.01288716482614114
1.6,4000,156,55,0.22573558700716836,0.5,0.1959326052161395,0.2300090356421711,0.5455322265625,0.023020247113673193,0.004376819346464485,64,0.043045604944660684,0.5663481697719516,0.2165508216244832,0.0455322265625,1.0,0.06634816977195157,1.0,0.00427344863500273,1.0,-0.009184765382685173,1.0,0.0020731836557388306,0.004402079632087708
1.6,4000,156,56,0.22573558700716836,0.5,0.14903647525657585,0.25792879578708117,0.5416259765625,0.022314928935961757,0.004695112902334245,78,0.04810578115588985,0.510564939611064,0.2461772607351551,0.0416259765625,1.0,0.010564939611063973,1.0,0.0321932087799128,1.0,0.020441673727986748,1.0,0.0017327219247817993,0.00011161794898542857
1.6,4000,156,57,0.22573558700716836,0.5,0.16873241281728285,0.22987747664704178,0.522216796875,0.022157091133627887,0.004372075257022076,74,0.05187687905270063,0.5627872712211472,0.21837297778251877,0.022216796875,1.0,0.06278727122114725,1.0,0.004141889639873414,1.0,-0.007362609224649597,1.0,0.0004935860633850098,0.003942241427397905
1.6,4000,156,58,0.22573558700716836,0.5,0.12748894187359547,0.2285757616243721,0.4271240234375,0.02036384950418806,0.00435088095848579,59,0.05808725601090597,0.3207688700014185,0.21112854257139257,-0.0728759765625,1.0,-0.17923112999858148,0.0,0.0028401746172037334,1.0,-0.01460704443577579,1.0,0.005310907959938049,0.03212379796056842
1.6,4000,156,59,0.22573558700716836,0.5,0.19592100255188052,0.23264620922647591,0.5040283203125,0.02165443753761631,0.004536641641647167,78,0.06736255796745637,0.4815429831291309,0.2204877025688522,0.0040283203125,1.0,-0.018457016870869092,1.0,0.0069106222193075495,1.0,-0.005247884438316169,1.0,1.6227364540100098e-05,0.0003406614717715463
1.6,4000,156,60,0.22573558700716836,0.5,0.19309413477991838,0.2632604579915505,0.51220703125,0.02223074771274757,0.004901183824232926,70,0.04777848820816752,0.5281070197867622,0.2512961186231534,0.01220703125,1.0,0.028107019786762222,1.0,0.03752487098438215,1.0,0.02556053161598501,1.0,0.00014901161193847656,0.000790004561293443
1.6,4000,156,61,0.22573558700716836,0.5,0.15249926452978477,0.22701545510103668,0.5362548828125,0.022517031647899855,0.004185741150691548,68,0.05137678189057821,0.5117744789846072,0.21714476932814247,0.0362548828125,1.0,0.01177447898460715,1.0,0.0012798680938683193,1.0,-0.008590817679025892,1.0,0.001314416527748108,0.00013863835535895543
1.6,4000,156,62,0.22573558700716836,0.5,0.16894227574581333,0.25945546741296344,0.5478515625,0.02270821942324282,0.004386038326159732,61,0.04424172893465335,0.575222751085113,0.24986945251293805,0.0478515625,1.0,0.075222751085113,1.0,0.03371988040579507,1.0,0.02413386550576968,1.0,0.0022897720336914062,0.00565846228081287
1.6,4000,156,63,0.22573558700716836,0.5,0.16572682435259936,0.236154685038834,0.543701171875,0.022871502822357198,0.004227243167366542,57,0.04282211061274628,0.5576663289895091,0.2257277246713999,0.043701171875,1.0,0.057666328989509075,1.0,0.01041909803166563,1.0,-7.862335768465956e-06,1.0,0.001909792423248291,0.0033254054991262946
1.6,4000,156,64,0.22573558700716836,0.5,0.1509597069256421,0.22337405036502667,0.473388671875,0.021588491870113975,0.004468943934629119,77,0.07986856100946976,0.5063476788480022,0.2068682650118237,-0.026611328125,1.0,0.006347678848002247,1.0,-0.0023615366421416983,1.0,-0.01886732199534466,1.0,0.000708162784576416,4.029302675737514e-05
1.6,4000,156,65,0.22573558700716836,0.5,0.16401101335475848,0.19308545930097332,0.5,0.021171519250163837,0.00415780282509875,73,0.05645574081276569,0.54124509723441,0.18287913494239907,0.0,1.0,0.041245097234410055,1.0,-0.03265012770619505,1.0,-0.04285645206476929,0.0,0.0,0.00170115804587594
1.6,4000,156,66,0.22573558700716836,0.5,0.1663103006579691,0.24638861651654126,0.4793701171875,0.021527651791057846,0.004564479758891565,43,0.03274074600004229,0.46670431055276523,0.23670734169426427,-0.0206298828125,1.0,-0.033295689447234766,1.0,0.020653029509372894,1.0,0.010971754687095908,1.0,0.0004255920648574829,0.0011086029357667007
1.6,4000,156,67,0.22573558700716836,0.5,0.1558625778523004,0.27491775044427946,0.5196533203125,0.023035459067418718,0.00476065011556275,50,0.032882474864480996,0.5073751900288899,0.2668924249571885,0.0196533203125,1.0,0.007375190028889866,1.0,0.0491821634371111,0.0,0.04115683795002015,1.0,0.0003862529993057251,5.439342796223651e-05
1.6,4000,156,68,0.22573558700716836,0.5,0.1704561914861066,0.198597552587557,0.5230712890625,0.022829707260715357,0.0037031037406624473,88,0.0759487032893193,0.4797424773976369,0.18132040725477724,0.0230712890625,1.0,-0.020257522602363076,1.0,-0.02713803441961135,1.0,-0.04441517975239112,1.0,0.0005322843790054321,0.0004103672219852509
1.6,4000,156,69,0.22573558700716836,0.5,0.16115223977193732,0.2090255913376754,0.4503173828125,0.020165383898255913,0.004247482035440516,55,0.04172407239258249,0.4234668011934566,0.199744816161705,-0.0496826171875,1.0,-0.07653319880654341,1.0,-0.016709995669492966,1.0,-0.025990770845463362,1.0,0.0024683624505996704,0.005857330519561898
1.6,4000,156,70,0.22573558700716836,0.5,0.14399430942870675,0.23976073730973965,0.560546875,0.023385386998902268,0.004182863101074652,58,0.04327741406488121,0.5774548789733258,0.22644921423965786,0.060546875,1.0,0.07745487897332581,1.0,0.014025150302571288,1.0,0.0007136272324894943,1.0,0.003665924072265625,0.005999258276772549
1.6,4000,156,71,0.22573558700716836,0.5,0.18606481069240963,0.2613380103952084,0.5303955078125,0.02287536424578544,0.004589050075023259,58,0.03876829741787246,0.5584716466206638,0.25073643446950256,0.0303955078125,1.0,0.05847164662066384,1.0,0.03560242338804001,1.0,0.02500084746233419,1.0,0.0009238868951797485,0.0034189334585317892
1.6,4000,156,72,0.22573558700716836,0.5,0.15173898457211646,0.2288169536011801,0.5423583984375,0.022709764699973444,0.0038474235998374523,73,0.059119528760539844,0.5773963116137588,0.2177446033275211,0.0423583984375,1.0,0.07739631161375882,1.0,0.0030813665940117307,1.0,-0.007990983679647262,1.0,0.0017942339181900024,0.005990189051414058
1.6,4000,156,73,0.22573558700716836,0.5,0.2010015024926787,0.23648656903246856,0.4866943359375,0.020801149492345773,0.005025937950520465,85,0.05662951563457987,0.46245802800070185,0.22492398077304518,-0.0133056640625,1.0,-0.03754197199929815,1.0,0.010750982025300199,1.0,-0.0008116062341231856,1.0,0.000177040696144104,0.0014093996615960865
1.6,4000,156,74,0.22573558700716836,0.5,0.17321441370228016,0.19939801895092885,0.5350341796875,0.02228447489038886,0.0037485843699696037,83,0.06440029586757609,0.48491008299452004,0.1856637221836505,0.0350341796875,1.0,-0.015089917005479958,1.0,-0.02633756805623952,1.0,-0.04007186482351788,1.0,0.0012273937463760376,0.00022770559523227322
1.6,4000,156,75,0.22573558700716836,0.5,0.16330225107635357,0.225823102772112,0.4027099609375,0.019332666654972484,0.004640667589517059,32,0.0229609505581043,0.36017598721596655,0.2178781110495804,-0.0972900390625,0.0,-0.13982401278403345,0.0,8.751576494364643e-05,1.0,-0.007857475957587956,1.0,0.009465351700782776,0.01955075455102955
1.6,4000,156,76,0.22573558700716836,0.5,0.20902841131455227,0.24820526144903088,0.4678955078125,0.02127027417105151,0.00469914565800963,44,0.03320295255953705,0.36384009852333665,0.23962087831062756,-0.0321044921875,1.0,-0.13615990147666335,0.0,0.022469674441862514,1.0,0.013885291303459196,1.0,0.0010306984186172485,0.01853951877013467
1.6,4000,156,77,0.22573558700716836,0.5,0.1867413098980488,0.21374587851239155,0.463134765625,0.020118697261009014,0.004413851321280474,96,0.08601419369721902,0.4939279245140012,0.199593666344039,-0.036865234375,1.0,-0.006072075485998807,1.0,-0.011989708494776818,1.0,-0.02614192066312937,1.0,0.0013590455055236816,3.6870100707667646e-05
1.6,4000,156,78,0.22573558700716836,0.5,0.1914934889031323,0.2558499150446113,0.5299072265625,0.02174312858579008,0.004490427111295505,89,0.06185629109020777,0.520008457212318,0.2400654743610984,0.0299072265625,1.0,0.02000845721231803,1.0,0.030114328037442933,1.0,0.014329887353930038,1.0,0.0008944422006607056,0.00040033836001716146
1.6,4000,156,79,0.22573558700716836,0.5,0.1474632102807241,0.20017893624997207,0.45654296875,0.021571216245966456,0.003919597626624771,77,0.06757076619045621,0.35504253957074083,0.1853828716241637,-0.04345703125,1.0,-0.14495746042925917,0.0,-0.025556650757196292,1.0,-0.04035271538300467,1.0,0.0018885135650634766,0.021012665334100237
1.6,4000,156,80,0.22573558700716836,0.5,0.16410164065531418,0.1861862075962117,0.4071044921875,0.01970586978704582,0.004180780627885674,85,0.08121822645420773,0.3647783499114461,0.17093071626348744,-0.0928955078125,1.0,-0.1352216500885539,1.0,-0.03954937941095665,0.0,-0.05480487074368093,0.0,0.008629575371742249,0.018284894652671312
1.6,4000,156,81,0.22573558700716836,0.5,0.13291485753614798,0.235101314873231,0.4847412109375,0.021764887657002543,0.004569135698145425,53,0.03660150703528517,0.4873396381916973,0.22428065722639084,-0.0152587890625,1.0,-0.012660361808302711,1.0,0.009365727866062629,1.0,-0.0014549297807775197,1.0,0.00023283064365386963,0.0001602847611171299
1.6,4000,156,82,0.22573558700716836,0.5,0.15157618137975867,0.2452668620292286,0.5091552734375,0.021512020843883987,0.004478052928452067,61,0.045980319698761464,0.450992223654989,0.23191281398148023,0.0091552734375,1.0,-0.04900777634501102,1.0,0.01953127502206023,1.0,0.006177226974311861,1.0,8.381903171539307e-05,0.002401762142282622
1.6,4000,156,83,0.22573558700716836,0.5,0.13949196161336175,0.24626053349225752,0.569091796875,0.02312780650291265,0.004076556317287462,72,0.053204662861312965,0.5781822485108249,0.23344319772736657,0.069091796875,1.0,0.07818224851082489,1.0,0.02052494648508915,1.0,0.00770761072019821,1.0,0.00477367639541626,0.006112463982208381
1.6,4000,156,84,0.22573558700716836,0.5,0.20949624925672558,0.2331054587994647,0.528076171875,0.022155081101312833,0.004057165348768308,52,0.04193981344251193,0.5051607384233905,0.2220989800350562,0.028076171875,1.0,0.005160738423390487,1.0,0.00736987179229634,1.0,-0.0036366069721121552,1.0,0.000788271427154541,2.6633221074658933e-05
1.6,4000,156,85,0.22573558700716836,0.5,0.16607417835406274,0.2625636853173941,0.485107421875,0.022517438898841342,0.004589981453150676,62,0.05330994406488139,0.4279588495366343,0.24794041033945657,-0.014892578125,1.0,-0.07204115046336568,1.0,0.03682809831022574,1.0,0.02220482333228821,1.0,0.00022178888320922852,0.005189927360085293
1.6,4000,156,86,0.22573558700716836,0.5,0.1421974720208495,0.22583512127297817,0.46142578125,0.02119810084751255,0.004480031637413647,68,0.04866623613253904,0.4167461984684408,0.215238341965883,-0.03857421875,1.0,-0.0832538015315592,1.0,9.953426580980307e-05,1.0,-0.010497245041285352,1.0,0.0014879703521728516,0.006931195469456249
1.6,4000,156,87,0.22573558700716836,0.5,0.1326309106182016,0.23360602231990302,0.4696044921875,0.02116461730805154,0.0048063684258937076,53,0.03834637499933966,0.4144615699045366,0.22117331535974272,-0.0303955078125,1.0,-0.08553843009546341,0.0,0.007870435312734653,1.0,-0.0045622716474256475,1.0,0.0009238868951797485,0.007316823023196481
1.6,4000,156,88,0.22573558700716836,0.5,0.16329971762925902,0.26450082280186327,0.599365234375,0.02350343773786768,0.004153578515310904,60,0.041141344363056574,0.5700949964394814,0.2557143145689049,0.099365234375,0.0,0.07009499643948136,1.0,0.0387652357946949,1.0,0.029978727561736557,1.0,0.009873449802398682,0.004913308525850904
1.6,4000,156,89,0.22573558700716836,0.5,0.14822295466544236,0.2190217109024317,0.5855712890625,0.022907582356869995,0.003753004265467682,83,0.06387017708402837,0.7070974137188529,0.20044163907547277,0.0855712890625,1.0,0.20709741371885293,0.0,-0.006713876104736671,1.0,-0.025293947931695593,1.0,0.007322445511817932,0.042889338769037735
1.6,4000,156,90,0.22573558700716836,0.5,0.18496931273384418,0.2007889716932834,0.447998046875,0.019779360236447052,0.004259618810010984,48,0.03936801194175166,0.42904726278214744,0.19086035838598814,-0.052001953125,1.0,-0.07095273721785256,1.0,-0.02494661531388495,1.0,-0.034875228621180226,1.0,0.0027042031288146973,0.00503429091870564
1.6,4000,156,91,0.22573558700716836,0.5,0.18053283896459485,0.21443148596144998,0.5067138671875,0.021808708985037055,0.0038860297313085893,78,0.06149430396119007,0.5021027491676804,0.2001521541073038,0.0067138671875,1.0,0.0021027491676803844,1.0,-0.011304101045718384,1.0,-0.02558343289986456,1.0,4.507601261138916e-05,4.42155406218055e-06
1.6,4000,156,92,0.22573558700716836,0.5,0.18480969269831193,0.23251322703614427,0.5338134765625,0.022494392982596596,0.004157200226193201,65,0.04252390519649765,0.49357842809879915,0.21984093583915498,0.0338134765625,1.0,-0.006421571901200851,1.0,0.0067776400289759064,1.0,-0.005894651168013382,1.0,0.0011433511972427368,4.123658568229231e-05
1.6,4000,156,93,0.22573558700716836,0.5,0.14962115484718194,0.22224269548078643,0.4825439453125,0.021098077943331125,0.004094936020391794,59,0.04603939901330455,0.43810854896703544,0.21213503418092738,-0.0174560546875,1.0,-0.06189145103296456,1.0,-0.003492891526381936,1.0,-0.01360055282624098,1.0,0.0003047138452529907,0.00383055171096585
1.6,4000,156,94,0.22573558700716836,0.5,0.14365203500445356,0.22654893520472474,0.510986328125,0.022271965047193136,0.004401138018621579,74,0.07065087832007111,0.5340296843724401,0.21251055220519127,0.010986328125,1.0,0.03402968437244014,1.0,0.0008133481975563794,1.0,-0.013225034801977092,1.0,0.00012069940567016602,0.0011580194184878966
1.6,4000,156,95,0.22573558700716836,0.5,0.18134554311712386,0.24355352219601367,0.566162109375,0.023198895267231342,0.004055603949255221,58,0.04250494767142447,0.5424562751689644,0.23330701802909437,0.066162109375,1.0,0.04245627516896444,1.0,0.017817935188845307,1.0,0.007571431021926006,1.0,0.004377424716949463,0.0018025353012228267
1.6,4000,156,96,0.22573558700716836,0.5,0.1744015796369379,0.2872509495703429,0.5380859375,0.02252761824759296,0.004996605688149004,84,0.05659585265572531,0.5304816295673055,0.27611379963570043,0.0380859375,1.0,0.03048162956730549,1.0,0.06151536256317455,0.0,0.050378212628532065,0.0,0.0014505386352539062,0.0009291297410784323
1.6,4000,156,97,0.22573558700716836,0.5,0.14101055694271955,0.2048440561290113,0.375,0.018708668511505704,0.00422243539392906,60,0.06879977817338362,0.13515012903640758,0.1880858953293346,-0.125,1.0,-0.36484987096359245,0.0,-0.020891530878157066,1.0,-0.037649691677833774,0.0,0.015625,0.13311542834215007
1.6,4000,156,98,0.22573558700716836,0.5,0.18017392390496448,0.1984415080781034,0.4635009765625,0.020667018516328996,0.003945181007953123,67,0.062426642973786604,0.35954966636487706,0.18589942852677624,-0.0364990234375,1.0,-0.14045033363512294,0.0,-0.027294078929064963,1.0,-0.039836158480392125,1.0,0.0013321787118911743,0.019726296218217344
1.6,4000,156,99,0.22573558700716836,0.5,0.1301514915227213,0.23653330873975342,0.5718994140625,0.02398382174599179,0.004074112998334738,65,0.04926591090343672,0.5944908050435518,0.2256290007830422,0.0718994140625,1.0,0.09449080504355178,1.0,0.010797721732585058,1.0,-0.00010658622412615393,1.0,0.005169525742530823,0.008928512237778512
1.6,4000,156,100,0.22573558700716836,0.5,0.17098899583173519,0.2486992343903347,0.4576416015625,0.020952532132359945,0.004750389500732251,64,0.0473226140772885,0.4209877554442613,0.23815615618947925,-0.0423583984375,1.0,-0.07901224455573869,1.0,0.022963647383166336,1.0,0.012420569182310881,1.0,0.0017942339181900024,0.006242934789735858
1.6,4000,156,101,0.22573558700716836,0.5,0.1943908763337622,0.23067165864930422,0.532470703125,0.021980850248621054,0.0039658427273097235,159,0.13732305518954396,0.40342615746949645,0.21284255389377604,0.032470703125,1.0,-0.09657384253050355,1.0,0.004936071642135859,1.0,-0.012893033113392321,1.0,0.0010543465614318848,0.009326507061106496
1.6,4000,156,102,0.22573558700716836,0.5,0.19267029967583543,0.21684180919864626,0.487548828125,0.021640083959697045,0.004226157663374995,79,0.061435538853582765,0.4703447941196419,0.20558074681982785,-0.012451171875,1.0,-0.029655205880358082,1.0,-0.008893777808522102,1.0,-0.02015484018734051,1.0,0.00015503168106079102,0.0008794312358064246
1.6,4000,156,103,0.22573558700716836,0.5,0.18556677718601847,0.2660160851328645,0.4874267578125,0.021672410115909566,0.005029908352929888,64,0.040136283528027394,0.4640693161050882,0.2562946306391257,-0.0125732421875,1.0,-0.035930683894911775,1.0,0.040280498125696146,1.0,0.030559043631957356,1.0,0.00015808641910552979,0.0012910140451560723
1.6,4000,156,104,0.22573558700716836,0.5,0.1872295511712455,0.2479544274353672,0.4910888671875,0.02143489745278911,0.004575504819758703,57,0.036373367275559704,0.49353761733982376,0.23773281639443444,-0.0089111328125,1.0,-0.006462382660176236,1.0,0.022218840428198827,1.0,0.011997229387266078,1.0,7.940828800201416e-05,4.1762389646546485e-05
1.6,4000,156,105,0.22573558700716836,0.5,0.16517516545794525,0.23047201535827286,0.481689453125,0.021199074128913847,0.0047673723029961635,61,0.04310668115806833,0.4570589350278761,0.21952428021747067,-0.018310546875,1.0,-0.04294106497212391,1.0,0.0047364283511044936,1.0,-0.006211306789697696,1.0,0.00033527612686157227,0.001843935060940167
1.6,4000,156,106,0.22573558700716836,0.5,0.15184394813203733,0.2487300367266408,0.4722900390625,0.021499215865722867,0.004671773110146047,65,0.0505492821961296,0.4101649245947829,0.23326705285097632,-0.0277099609375,1.0,-0.08983507540521712,1.0,0.022994449719472426,1.0,0.007531465843807955,1.0,0.0007678419351577759,0.008070340773061046
1.6,4000,156,107,0.22573558700716836,0.5,0.17553117103852478,0.2537599109860633,0.5771484375,0.02393853722329821,0.004436431355541338,49,0.036801926632263185,0.6394093581230266,0.2441411537332179,0.0771484375,0.0,0.13940935812302657,0.0,0.028024323978894955,1.0,0.018405566726049538,1.0,0.005951881408691406,0.019434969132274275
1.6,4000,156,108,0.22573558700716836,0.5,0.12296420080747447,0.24200852522965755,0.4786376953125,0.02112589957131894,0.004583027413621306,67,0.04696876926133644,0.4631856557094216,0.23364258886782097,-0.0213623046875,1.0,-0.036814344290578394,1.0,0.01627293822248918,1.0,0.007907001860652602,1.0,0.00045634806156158447,0.001355295945545242
1.6,4000,156,109,0.22573558700716836,0.5,0.1463397222588462,0.2501960274864928,0.452880859375,0.020007362280422197,0.004902544319440075,68,0.04621339195836501,0.4050031586346916,0.2392679448240511,-0.047119140625,1.0,-0.0949968413653084,0.0,0.024460440479324413,1.0,0.013532357816882723,1.0,0.0022202134132385254,0.009024399869385568
1.6,4000,156,110,0.22573558700716836,0.5,0.13052479083792448,0.2534667837568154,0.5374755859375,0.022294570644201744,0.004597598261233948,62,0.043139176203477875,0.5706775599895737,0.2424884653012262,0.0374755859375,1.0,0.0706775599895737,1.0,0.027731196749647052,1.0,0.016752878294057832,1.0,0.0014044195413589478,0.004995317486079789
1.6,4000,156,111,0.22573558700716836,0.5,0.17814247005183892,0.2869974005377807,0.5477294921875,0.023162729556316302,0.004761584110979307,54,0.03382275149375337,0.5545578006767405,0.2785779329197941,0.0477294921875,1.0,0.05455780067674054,1.0,0.06126181353061236,0.0,0.05284234591262574,0.0,0.0022781044244766235,0.0029765536146829506
1.6,4000,156,112,0.22573558700716836,0.5,0.1542265258577299,0.23677995692958123,0.537109375,0.02261661497426018,0.003743518689459952,77,0.06324603351260216,0.45513262144910216,0.22310865975403243,0.037109375,1.0,-0.04486737855089784,1.0,0.011044369922412867,1.0,-0.00262692725313593,1.0,0.001377105712890625,0.002013081658029568
1.6,4000,156,113,0.22573558700716836,0.5,0.117450689294504,0.2181570691957516,0.575439453125,0.023434778455206157,0.0037411394847651175,91,0.07327026354448274,0.6916547869806822,0.19697527068670856,0.075439453125,1.0,0.19165478698068217,0.0,-0.007578517811416774,1.0,-0.028760316320459806,1.0,0.005691111087799072,0.036731557372610656
1.6,4000,156,114,0.22573558700716836,0.5,0.20625233060190964,0.26207211760678273,0.5858154296875,0.023679143413327663,0.004096384933097081,81,0.05471111439480965,0.535398050675991,0.25128959654442967,0.0858154296875,1.0,0.035398050675991,1.0,0.036336530599614364,1.0,0.025554009537261307,1.0,0.007364287972450256,0.0012530219916600269
1.6,4000,156,115,0.22573558700716836,0.5,0.16986553635822974,0.22106547686913444,0.45166015625,0.02079625847285276,0.004665476308243645,47,0.03651906514217312,0.41635542513330565,0.21108374985182532,-0.04833984375,1.0,-0.08364457486669435,0.0,-0.004670110138033923,1.0,-0.014651837155343045,1.0,0.002336740493774414,0.006996414904630037
1.6,4000,156,116,0.22573558700716836,0.5,0.19209405340758506,0.22386237651757437,0.468017578125,0.020427348467677128,0.004751583827382604,50,0.038473225013816524,0.4630224147512729,0.21056601938603178,-0.031982421875,1.0,-0.036977585248727074,1.0,-0.0018732104895939905,1.0,-0.015169567621136582,1.0,0.0010228753089904785,0.001367341810826878
1.6,4000,156,117,0.22573558700716836,0.5,0.17149524757704454,0.1886747956934347,0.51171875,0.021483205020378468,0.0037816203092842673,79,0.06517683455723795,0.5431974814789824,0.172565114706074,0.01171875,1.0,0.04319748147898239,1.0,-0.03706079131373366,1.0,-0.05317047230109437,0.0,0.0001373291015625,0.0018660224061270267
1.6,4000,156,118,0.22573558700716836,0.5,0.10846469309726987,0.2615437655346699,0.5399169921875,0.02256831016655554,0.004403583992514996,49,0.034422389568720374,0.547233122245829,0.2523797424758512,0.0399169921875,1.0,0.047233122245828985,1.0,0.03580817852750154,1.0,0.026644155468682845,1.0,0.001593366265296936,0.002230967837089425
1.6,4000,156,119,0.22573558700716836,0.5,0.1413630723187595,0.2342065489070321,0.523193359375,0.02255915890974497,0.004017536710068325,119,0.17185310736585155,0.6121248039651696,0.2150019696558831,0.023193359375,1.0,0.11212480396516955,1.0,0.008470961899863738,1.0,-0.010733617351285252,1.0,0.0005379319190979004,0.012571971664227702
1.6,4000,156,120,0.22573558700716836,0.5,0.15881660584528048,0.278768616774133,0.519775390625,0.022351130244499834,0.004738816335293318,63,0.04097267377131342,0.5150388770077281,0.2667563735718751,0.019775390625,1.0,0.015038877007728102,1.0,0.05303302976696464,0.0,0.04102078656470673,1.0,0.0003910660743713379,0.00022616782165357294
1.6,4000,156,121,0.22573558700716836,0.5,0.16891142782348542,0.2286656195850137,0.4927978515625,0.021855477865790198,0.004617916018723491,71,0.058739767319508564,0.57360010278716,0.21317901939355965,-0.0072021484375,1.0,0.07360010278716,1.0,0.0029300325778453262,1.0,-0.01255656761360871,1.0,5.187094211578369e-05,0.005416975130280518
1.6,4000,156,122,0.22573558700716836,0.5,0.16771072428838396,0.18481303272421556,0.4776611328125,0.02118023929348743,0.003875935686756316,53,0.046851961741517414,0.4849734838613871,0.17277708816976545,-0.0223388671875,1.0,-0.015026516138612889,1.0,-0.0409225542829528,1.0,-0.05295849883740292,0.0,0.0004990249872207642,0.0002257961872639936
1.6,4000,156,123,0.22573558700716836,0.5,0.17465060250415357,0.2249094111672753,0.475830078125,0.02091530676961636,0.004190966298906643,59,0.0444368760370997,0.4225384430616133,0.21542447079295937,-0.024169921875,1.0,-0.07746155693838669,1.0,-0.0008261758398930563,1.0,-0.010311116214208993,1.0,0.0005841851234436035,0.006000292803318923
1.6,4000,156,124,0.22573558700716836,0.5,0.14057636003814486,0.22198601312004226,0.450439453125,0.020035728367651117,0.004442600948866857,49,0.03710114211271942,0.4595899001257956,0.21285097897011931,-0.049560546875,1.0,-0.04041009987420441,1.0,-0.003749573887126101,1.0,-0.01288460803704905,1.0,0.0024562478065490723,0.001632976171843175
1.6,4000,156,125,0.22573558700716836,0.5,0.17537447844104687,0.22758217266008657,0.50244140625,0.021762044067533518,0.004502320638090652,79,0.054019118997833994,0.43147477750420904,0.21247357782905554,0.00244140625,1.0,-0.06852522249579096,1.0,0.0018465856529182034,1.0,-0.013262009178112821,1.0,5.9604644775390625e-06,0.004695706118097656
1.6,4000,156,126,0.22573558700716836,0.5,0.139522603423112,0.23310954030127035,0.5408935546875,0.023019159190029007,0.004183672997563514,78,0.05669988375328341,0.547391802826164,0.22049579525146018,0.0408935546875,1.0,0.04739180282616395,1.0,0.007373953294101981,1.0,-0.005239791755708184,1.0,0.0016722828149795532,0.002245982975114002
1.6,4000,156,127,0.22573558700716836,0.5,0.1666916645573886,0.22597064124345576,0.4539794921875,0.020565383869014672,0.004172017183856457,73,0.06655534937708889,0.40177199053712426,0.211922788120762,-0.0460205078125,1.0,-0.09822800946287574,1.0,0.00023505423628739086,1.0,-0.013812798886406352,1.0,0.0021178871393203735,0.009648741843038806
1.6,4000,156,128,0.22573558700716836,0.5,0.21656409810751878,0.24020517888583287,0.5587158203125,0.02241503676475719,0.004205577252615451,60,0.049110604375477075,0.5694269969264313,0.22932198014663732,0.0587158203125,1.0,0.06942699692643128,1.0,0.014469591878664506,1.0,0.0035863931394689574,1.0,0.0034475475549697876,0.004820107902222699
1.6,4000,156,129,0.22573558700716836,0.5,0.14473580666153377,0.2510954414054194,0.5565185546875,0.02365436268674368,0.004364549032826668,67,0.046810266635528924,0.5731448043887953,0.23952555737614611,0.0565185546875,1.0,0.07314480438879534,1.0,0.02535985439825103,1.0,0.01378997036897775,1.0,0.0031943470239639282,0.0053501624090751335
1.6,4000,156,130,0.22573558700716836,0.5,0.12627395740004685,0.2578463541293575,0.52880859375,0.023269730642741637,0.004578975091388312,57,0.0392452238952104,0.5960715831552135,0.24642981952038004,0.02880859375,1.0,0.09607158315521347,0.0,0.03211076712218916,1.0,0.020694232513211674,1.0,0.0008299350738525391,0.009229749089949096
1.6,4000,156,131,0.22573558700716836,0.5,0.18002030381856277,0.25566429927233425,0.5191650390625,0.022640231339486973,0.0047048972951431,65,0.041792419382668256,0.5168307217837446,0.24470642207882323,0.0191650390625,1.0,0.016830721783744562,1.0,0.029928712265165885,1.0,0.018970835071654868,1.0,0.0003672987222671509,0.0002832731957618137
1.6,4000,156,132,0.22573558700716836,0.5,0.17327020429219342,0.23838560393962874,0.43408203125,0.020693560295821898,0.004476745400221859,49,0.03811200790442934,0.3735244030298219,0.230403290745128,-0.06591796875,1.0,-0.12647559697017807,0.0,0.012650016932460373,1.0,0.004667703737959633,1.0,0.0043451786041259766,0.015996076628962918
1.6,4000,156,133,0.22573558700716836,0.5,0.21913588968944292,0.2688948743934486,0.5389404296875,0.022353767206588777,0.004437887782138941,81,0.061779680681411944,0.5585207138959735,0.25661681501736877,0.0389404296875,1.0,0.058520713895973464,1.0,0.04315928738628025,1.0,0.030881228010200407,1.0,0.0015163570642471313,0.0034246739548943815
1.6,4000,156,134,0.22573558700716836,0.5,0.16013760781417924,0.2226805479387428,0.48974609375,0.022028088248237983,0.004237568981855743,62,0.04860196576667473,0.4898683641930553,0.2126755768848711,-0.01025390625,1.0,-0.010131635806944705,1.0,-0.0030550390684255524,1.0,-0.013060010122297266,1.0,0.00010514259338378906,0.0001026500441245641
1.6,4000,156,135,0.22573558700716836,0.5,0.16179764840370423,0.21859298184315837,0.4754638671875,0.020955432175149905,0.004251284490555374,68,0.048295034243993194,0.452287414733379,0.20638426851216404,-0.0245361328125,1.0,-0.04771258526662098,1.0,-0.007142605164009996,1.0,-0.01935131849500432,1.0,0.0006020218133926392,0.002276490792824577
1.6,4000,156,136,0.22573558700716836,0.5,0.1788187036638556,0.23615388821576652,0.5589599609375,0.02302131209306428,0.003934673594880103,61,0.05396656281773574,0.5548006271773157,0.2248785258070149,0.0589599609375,1.0,0.05480062717731571,1.0,0.010418301208598157,1.0,-0.0008570612001534694,1.0,0.003476276993751526,0.003003108739027153
1.6,4000,156,137,0.22573558700716836,0.5,0.12331120655588997,0.26047881047693344,0.5341796875,0.022564678505913573,0.004553202134680748,62,0.0433167116414338,0.5740570948111392,0.2502078177620851,0.0341796875,1.0,0.0740570948111392,1.0,0.03474322346976508,1.0,0.02447223075491675,1.0,0.0011682510375976562,0.005484453291866061
1.6,4000,156,138,0.22573558700716836,0.5,0.15830052040544382,0.22604025306188713,0.4737548828125,0.021795174278517564,0.0042067457386160655,57,0.043597546489872796,0.4468074524928786,0.214467962033881,-0.0262451171875,1.0,-0.05319254750712138,1.0,0.0003046660547187663,1.0,-0.011267624973287371,1.0,0.0006888061761856079,0.0028294471102973647
1.6,4000,156,139,0.22573558700716836,0.5,0.14426113282866154,0.23218330407304882,0.539306640625,0.02272000980729377,0.004319954271653608,51,0.03963348170924562,0.5553198900938325,0.2238304831800746,0.039306640625,1.0,0.055319890093832536,1.0,0.0064477170658804595,1.0,-0.0019051038270937737,1.0,0.0015450119972229004,0.003060290239993711
1.6,4000,156,140,0.22573558700716836,0.5,0.1682397304173476,0.2610626984157143,0.5054931640625,0.0218933954802681,0.004675851437253923,59,0.03431166644169477,0.48142480974994206,0.25111824896877893,0.0054931640625,1.0,-0.018575190250057938,1.0,0.035327111408545914,1.0,0.02538266196161057,1.0,3.0174851417541504e-05,0.0003450376928258475
1.6,4000,156,141,0.22573558700716836,0.5,0.1749475623184943,0.21033816800092933,0.44482421875,0.0200891682485038,0.004177202585285824,54,0.046700454053077316,0.3876197006927592,0.19873390275063613,-0.05517578125,1.0,-0.1123802993072408,0.0,-0.015397419006239033,1.0,-0.027001684256532238,1.0,0.0030443668365478516,0.012629331672385028
1.6,4000,156,142,0.22573558700716836,0.5,0.1721214125526871,0.25176944152840575,0.5216064453125,0.02226682635560192,0.0047674200733037585,56,0.03545582126648009,0.5086740577453753,0.24238119125670016,0.0216064453125,1.0,0.00867405774537533,1.0,0.026033854521237382,1.0,0.016645604249531792,1.0,0.0004668384790420532,7.523927777010575e-05
1.6,4000,156,143,0.22573558700716836,0.5,0.14073188980239748,0.21599558169167465,0.4918212890625,0.021808390865264943,0.004098905696273115,63,0.0499961974192316,0.4217843097360385,0.20446128598365673,-0.0081787109375,1.0,-0.07821569026396152,1.0,-0.00974000531549371,1.0,-0.021274301023511633,1.0,6.689131259918213e-05,0.0061176942034679655
1.6,4000,156,144,0.22573558700716836,0.5,0.15358980550866755,0.1995456749093868,0.47265625,0.02107652534083854,0.003859893617502327,74,0.07222846052627616,0.42805028228670416,0.18636534456629222,-0.02734375,1.0,-0.07194971771329584,1.0,-0.02618991209778157,1.0,-0.03937024244087614,1.0,0.0007476806640625,0.005176761879022956
1.6,4000,156,145,0.22573558700716836,0.5,0.15490460835642195,0.24360848537788654,0.4969482421875,0.02166718321135448,0.00447553579981115,97,0.08203373102957942,0.5208600776692367,0.2296226793213236,-0.0030517578125,1.0,0.0208600776692367,1.0,0.017872898370718177,1.0,0.0038870923141552383,1.0,9.313225746154785e-06,0.0004351428403665876
1.6,4000,156,146,0.22573558700716836,0.5,0.13954882059942977,0.2578232423588438,0.5325927734375,0.022601600810015807,0.0045640237779884605,88,0.06584329038884541,0.5857680940336276,0.24250869526949426,0.0325927734375,1.0,0.08576809403362762,1.0,0.03208765535167543,1.0,0.016773108262325892,1.0,0.0010622888803482056,0.00735616595416119
1.6,4000,156,147,0.22573558700716836,0.5,0.2001216823312908,0.23826275768792154,0.48095703125,0.022575208985171333,0.004453197233559865,45,0.03520478729950751,0.4708117969614432,0.23164788443855144,-0.01904296875,1.0,-0.029188203038556793,1.0,0.01252717068075318,1.0,0.005912297431383079,1.0,0.00036263465881347656,0.0008519511966200159
1.6,4000,156,148,0.22573558700716836,0.5,0.1752758425975624,0.1873227785965986,0.4627685546875,0.021255784442097,0.003540427840408808,62,0.0652019466902001,0.2930985378800184,0.1678781053600928,-0.0372314453125,1.0,-0.20690146211998162,0.0,-0.038412808410569765,1.0,-0.057857481647075576,0.0,0.0013861805200576782,0.04280821502738619
1.6,4000,156,149,0.22573558700716836,0.5,0.10414601048047023,0.2250091559907729,0.4444580078125,0.02005461394750292,0.0044511608270292905,60,0.04302543895450703,0.4823472345202345,0.21319491622128958,-0.0555419921875,1.0,-0.01765276547976552,1.0,-0.0007264310163954679,1.0,-0.012540670785878782,1.0,0.003084912896156311,0.0003116201290836012
1.6,16000,301,0,0.22573558700716836,0.5,0.0890769962686543,0.23068306926979606,0.4759521484375,0.010610868897511424,0.004183829175721719,67,0.025851062870571644,0.4725456460975529,0.22765378056597615,-0.0240478515625,1.0,-0.027454353902447104,1.0,0.0049474822626277,1.0,0.0019181935588077903,1.0,0.0005782991647720337,0.0007537415482008125
1.6,16000,301,1,0.22573558700716836,0.5,0.07245992305758246,0.2211076575215138,0.5399169921875,0.011644352103437632,0.0037946834220381077,67,0.028582546000782687,0.5621814872688938,0.21775215633356224,0.0399169921875,1.0,0.06218148726889383,0.0,-0.004627929485654575,1.0,-0.007983430673606129,1.0,0.001593366265296936,0.0038665373589716057
1.6,16000,301,2,0.22573558700716836,0.5,0.08028123691128929,0.23318096477647265,0.54931640625,0.011496456685480204,0.004172943594510043,72,0.030021920314715577,0.563707751025398,0.22893350950858993,0.04931640625,1.0,0.06370775102539805,0.0,0.00744537776930429,1.0,0.003197922501421563,1.0,0.002432107925415039,0.004058677540714106
1.6,16000,301,3,0.22573558700716836,0.5,0.06817192885027544,0.23016644744475986,0.4945068359375,0.010856608232544869,0.0041891926045121005,62,0.025651410502671414,0.4892831284633247,0.22636698867428698,-0.0054931640625,1.0,-0.010716871536675276,1.0,0.0044308604375914995,1.0,0.000631401667118614,1.0,3.0174851417541504e-05,0.0001148513355336007
1.6,16000,301,4,0.22573558700716836,0.5,0.09050347767405587,0.2325802719742434,0.477294921875,0.01065167305848654,0.00437601074347784,66,0.02549207575698829,0.4819912613441051,0.22883749524678632,-0.022705078125,1.0,-0.018008738655894918,1.0,0.006844684967075049,1.0,0.003101908239617951,1.0,0.0005155205726623535,0.0003243146679763239
1.6,16000,301,5,0.22573558700716836,0.5,0.09096456802425927,0.2502771261483024,0.5263671875,0.011377271689324904,0.004343032814806801,59,0.02296695167326309,0.5209205620036164,0.24815445861680413,0.0263671875,1.0,0.02092056200361636,1.0,0.024541539141134022,0.0,0.022418871609635765,0.0,0.0006952285766601562,0.0004376699145471566
1.6,16000,301,6,0.22573558700716836,0.5,0.05686172511450138,0.2140413683535563,0.4774169921875,0.010658161737636934,0.004076932701342851,70,0.031437283201979284,0.46157802411428367,0.2105654536874316,-0.0225830078125,1.0,-0.03842197588571633,1.0,-0.01169421865361206,1.0,-0.015170133319736767,1.0,0.000509992241859436,0.0014762482309625673
1.6,16000,301,7,0.22573558700716836,0.5,0.08221408258585443,0.21408586999925583,0.507568359375,0.011160774992189296,0.0038840409081739185,76,0.037385059425584746,0.518745471851586,0.2094335282344622,0.007568359375,1.0,0.018745471851586037,1.0,-0.011649717007912536,1.0,-0.016302058772706157,1.0,5.728006362915039e-05,0.0003513927149386045
1.6,16000,301,8,0.22573558700716836,0.5,0.10043878167594392,0.23515096487999357,0.54052734375,0.011418000265703061,0.004289580557588638,65,0.02368811453057384,0.539668572352737,0.2324198518860656,0.04052734375,1.0,0.03966857235273702,1.0,0.009415377872825204,1.0,0.006684264878897228,1.0,0.001642465591430664,0.0015735956325043318
1.6,16000,301,9,0.22573558700716836,0.5,0.07959837089835305,0.20767261277530674,0.5091552734375,0.010745636419437673,0.003925969623981517,45,0.018907816141780557,0.5087337877101004,0.2051700660343142,0.0091552734375,1.0,0.00873378771010036,1.0,-0.018062974231861623,1.0,-0.020565520972854162,1.0,8.381903171539307e-05,7.62790477651001e-05
1.6,16000,301,10,0.22573558700716836,0.5,0.0830755968631749,0.21085157682471561,0.4466552734375,0.010319837873746884,0.004180413048311941,63,0.026132225355885642,0.4502501002685159,0.20740572711176283,-0.0533447265625,0.0,-0.04974989973148408,1.0,-0.01488401018245275,1.0,-0.01832985989540553,1.0,0.002845659852027893,0.00247505252329272
1.6,16000,301,11,0.22573558700716836,0.5,0.08811534627967843,0.22692856811966688,0.505615234375,0.011046643789027043,0.004056371057190094,59,0.024086240519857124,0.5046218845831357,0.22450673442467028,0.005615234375,1.0,0.004621884583135727,1.0,0.0011929811124985201,1.0,-0.00122885258249808,1.0,3.153085708618164e-05,2.136181709982771e-05
1.6,16000,301,12,0.22573558700716836,0.5,0.08976924190568987,0.23942074857943874,0.5166015625,0.011191713268040545,0.004331493074658538,64,0.025305341267890188,0.5284660334570774,0.23639900924520382,0.0166015625,1.0,0.028466033457077433,1.0,0.013685161572270371,1.0,0.010663422238035458,1.0,0.00027561187744140625,0.0008103150607794518
1.6,16000,301,13,0.22573558700716836,0.5,0.07982515897130646,0.22545497661980382,0.459228515625,0.010363873252132188,0.004190984228305852,63,0.03117127861584631,0.46062596327219185,0.22146910490738267,-0.040771484375,1.0,-0.03937403672780815,1.0,-0.0002806103873645438,1.0,-0.004266482099785696,1.0,0.0016623139381408691,0.001550314768242785
1.6,16000,301,14,0.22573558700716836,0.5,0.09473731936443605,0.2287387697044161,0.548583984375,0.011562661372592238,0.004140596891557573,82,0.03531398204453402,0.5572633677590584,0.22556952819057316,0.048583984375,1.0,0.05726336775905838,1.0,0.003003182697247725,1.0,-0.00016605881659520483,1.0,0.002360403537750244,0.003279093287109167
1.6,16000,301,15,0.22573558700716836,0.5,0.07937326875058404,0.2332826239254185,0.49609375,0.010645936299722124,0.004104346554149909,57,0.021620349739483326,0.48643765101613157,0.23038324655721018,-0.00390625,1.0,-0.013562348983868433,1.0,0.007547036918250122,1.0,0.004647659550041816,1.0,1.52587890625e-05,0.00018393730996023712
1.6,16000,301,16,0.22573558700716836,0.5,0.09249077672319085,0.236856529172872,0.4967041015625,0.01099304920638723,0.004406059444753432,56,0.02076828183631088,0.49500634949567063,0.23438394835317422,-0.0032958984375,1.0,-0.004993650504329372,1.0,0.01112094216570364,1.0,0.008648361346005856,1.0,1.0862946510314941e-05,2.4936545359388992e-05
1.6,16000,301,17,0.22573558700716836,0.5,0.06988091149764356,0.24975378251925393,0.5042724609375,0.011092048643142609,0.004342070800246457,70,0.02784708376530034,0.5074931903343871,0.24636151421978858,0.0042724609375,1.0,0.007493190334387112,1.0,0.02401819551208556,0.0,0.020625927212620215,1.0,1.825392246246338e-05,5.614790138735244e-05
1.6,16000,301,18,0.22573558700716836,0.5,0.0898930297288246,0.23057143705256639,0.4764404296875,0.010702086479785747,0.004203843479859013,51,0.0202217944457045,0.4772851355897022,0.22755331457350758,-0.0235595703125,1.0,-0.022714864410297797,1.0,0.004835850045398021,1.0,0.0018177275663392167,1.0,0.0005550533533096313,0.0005159650651782135
1.6,16000,301,19,0.22573558700716836,0.5,0.0791630389953029,0.23124973031276874,0.4595947265625,0.010224442988813212,0.004356185542131017,61,0.026773034885753152,0.46019218277658464,0.2284189832824527,-0.0404052734375,1.0,-0.039807817223415365,1.0,0.0055141433056003775,1.0,0.0026833962752843277,1.0,0.001632586121559143,0.001584662312092845
1.6,16000,301,20,0.22573558700716836,0.5,0.07379614470382016,0.23082660670652702,0.4853515625,0.010794666739943186,0.004349836079709465,58,0.022883803691760407,0.48771602372773415,0.22787020282610126,-0.0146484375,1.0,-0.01228397627226585,1.0,0.0050910196993586565,1.0,0.0021346158189329,1.0,0.00021457672119140625,0.0001508960730575904
1.6,16000,301,21,0.22573558700716836,0.5,0.07163266686423199,0.21839312691827267,0.4337158203125,0.010071189015501946,0.004222434840895848,55,0.023889626379931424,0.4229916193143979,0.21514231201621872,-0.0662841796875,0.0,-0.07700838068560212,0.0,-0.0073424600888956915,1.0,-0.010593274990949642,1.0,0.004393592476844788,0.0059302906958186175
1.6,16000,301,22,0.22573558700716836,0.5,0.06848887499601086,0.21471510804727142,0.4639892578125,0.010468579102025116,0.0041174670486842655,65,0.027199384738218077,0.4594086108942409,0.21076969569194104,-0.0360107421875,1.0,-0.0405913891057591,1.0,-0.01102047895989694,1.0,-0.014965891315227325,1.0,0.0012967735528945923,0.0016476608695351386
1.6,16000,301,23,0.22573558700716836,0.5,0.1000469434886511,0.22979414456223712,0.4342041015625,0.010046834895855217,0.004437576087620002,64,0.025087714783277402,0.4242354688161084,0.22582992376927274,-0.0657958984375,0.0,-0.07576453118389159,0.0,0.004058557555068759,1.0,9.433676210438002e-05,1.0,0.004329100251197815,0.005740264185514881
1.6,16000,301,24,0.22573558700716836,0.5,0.09518411256268879,0.24571567917621928,0.4991455078125,0.010692465453264294,0.004443940684360059,98,0.04567636296139902,0.5098886301289934,0.24104115178745214,-0.0008544921875,1.0,0.009888630128993436,1.0,0.019980092169050917,1.0,0.015305564780283776,1.0,7.301568984985352e-07,9.778500582803674e-05
1.6,16000,301,25,0.22573558700716836,0.5,0.08603303043525434,0.21509086433570251,0.47216796875,0.01041886530024833,0.004153341060725295,66,0.026201932710134473,0.46788157141572034,0.21159675752821377,-0.02783203125,1.0,-0.03211842858427966,1.0,-0.01064472267146585,1.0,-0.01413882947895459,1.0,0.0007746219635009766,0.0010315934547234726
1.6,16000,301,26,0.22573558700716836,0.5,0.08866664902297834,0.22869189467206563,0.460693359375,0.01073257754982301,0.004321815845094672,60,0.024613101270461263,0.46214111352090065,0.22618557345488077,-0.039306640625,1.0,-0.03785888647909935,1.0,0.0029563076648972675,1.0,0.00044998644771240826,1.0,0.0015450119972229004,0.0014332952854373318
1.6,16000,301,27,0.22573558700716836,0.5,0.09819552152241862,0.20249498573509342,0.4698486328125,0.010381742404412711,0.003995282120438219,79,0.03363502057149296,0.44369586053016147,0.1979770320838036,-0.0301513671875,1.0,-0.05630413946983853,1.0,-0.023240601272074946,0.0,-0.027758554923364764,0.0,0.0009091049432754517,0.0031701561214390293
1.6,16000,301,28,0.22573558700716836,0.5,0.07853745562176478,0.2246868565312992,0.4996337890625,0.010796474061419911,0.004190323046565341,66,0.027126826550971664,0.5039142525227857,0.22123857943778533,-0.0003662109375,1.0,0.003914252522785655,1.0,-0.0010487304758691751,1.0,-0.004497007569383038,1.0,1.341104507446289e-07,1.5321372812133864e-05
1.6,16000,301,29,0.22573558700716836,0.5,0.08892284145565381,0.21111839988223713,0.4886474609375,0.010637994748811965,0.0040267471112146475,66,0.02890290234156845,0.5093755574398642,0.2081712813182678,-0.0113525390625,1.0,0.00937555743986418,1.0,-0.014617187124931236,1.0,-0.017564305688900578,1.0,0.00012888014316558838,8.790107730819257e-05
1.6,16000,301,30,0.22573558700716836,0.5,0.07792697957781948,0.2557072961579673,0.5203857421875,0.011203847316188687,0.004332156462992349,59,0.022557845389831726,0.5234088984861978,0.2530786409052593,0.0203857421875,1.0,0.02340889848619776,1.0,0.029971709150798914,0.0,0.027343053898090913,0.0,0.0004155784845352173,0.0005479765283371117
1.6,16000,301,31,0.22573558700716836,0.5,0.08346114263494779,0.23718546577970467,0.5177001953125,0.01111799779013992,0.004232006906808492,64,0.024702743920918636,0.5122265806577697,0.23473029225482311,0.0177001953125,1.0,0.012226580657769714,1.0,0.01144987877253631,1.0,0.00899470524765475,1.0,0.00031329691410064697,0.0001494892745809485
1.6,16000,301,32,0.22573558700716836,0.5,0.09407297776964733,0.23839605064312924,0.511474609375,0.011090056842936114,0.004227602364675783,68,0.0255222177387291,0.5011385943879438,0.23464017638029439,0.011474609375,1.0,0.0011385943879438365,1.0,0.012660463635960878,1.0,0.00890458937312602,1.0,0.0001316666603088379,1.2963971802571996e-06
1.6,16000,301,33,0.22573558700716836,0.5,0.0683058771566283,0.22520681240462448,0.4942626953125,0.010786947807069848,0.004204377838524982,57,0.0232566525498265,0.48862157851072596,0.22256188130038293,-0.0057373046875,1.0,-0.011378421489274038,1.0,-0.0005287746025438855,1.0,-0.0031737057067854346,1.0,3.291666507720947e-05,0.00012946847558757322
1.6,16000,301,34,0.22573558700716836,0.5,0.08889962111046944,0.22394896416713242,0.4732666015625,0.01049195675438554,0.0042142020663688195,62,0.02644252528989354,0.46811629590461606,0.2201331582886459,-0.0267333984375,1.0,-0.031883704095383936,1.0,-0.0017866228400359452,1.0,-0.005602428718522456,1.0,0.0007146745920181274,0.0010165705868420024
1.6,16000,301,35,0.22573558700716836,0.5,0.0612210385320436,0.2281915748432658,0.4942626953125,0.010714773643016555,0.0040553858573620025,59,0.023844697701415733,0.48934168432255065,0.22493985399681315,-0.0057373046875,1.0,-0.010658315677449348,1.0,0.002455987836097434,1.0,-0.0007957330103552096,1.0,3.291666507720947e-05,0.00011359969308016255
1.6,16000,301,36,0.22573558700716836,0.5,0.09839926378459692,0.24068696950599644,0.5103759765625,0.011047840976687222,0.00434164663555719,66,0.02448613073878262,0.5111419129160852,0.2377573499382126,0.0103759765625,1.0,0.01114191291608524,1.0,0.014951382498828075,1.0,0.012021762931044233,1.0,0.00010766088962554932,0.00012414222342962709
1.6,16000,301,37,0.22573558700716836,0.5,0.08541078804159859,0.2336127223346134,0.5322265625,0.011528522075753094,0.004190244222716811,60,0.023525529672208674,0.5345660405501349,0.23113770745195117,0.0322265625,1.0,0.0345660405501349,1.0,0.007877135327445023,1.0,0.005402120444782804,1.0,0.0010385513305664062,0.0011948111593135704
1.6,16000,301,38,0.22573558700716836,0.5,0.08238950954261956,0.24683559243757008,0.5111083984375,0.010928085865996555,0.004218153543395341,50,0.020427420698505627,0.49978691790301494,0.2443081615683963,0.0111083984375,1.0,-0.0002130820969850622,1.0,0.02110000543040172,1.0,0.018572574561227934,1.0,0.00012339651584625244,4.540398005555145e-08
1.6,16000,301,39,0.22573558700716836,0.5,0.08391744504503894,0.22359251077701794,0.521728515625,0.011047578855208313,0.003983885301224124,67,0.02726404862801247,0.5340300361464717,0.2202462218924305,0.021728515625,1.0,0.03403003614647171,1.0,-0.0021430762301504203,1.0,-0.005489365114737854,1.0,0.00047212839126586914,0.001158043360130171
1.6,16000,301,40,0.22573558700716836,0.5,0.08827161685710484,0.22955121788483335,0.4964599609375,0.011133301388361405,0.004335278856153666,92,0.03873031270955548,0.5166620663031603,0.22525394090349737,-0.0035400390625,1.0,0.01666206630316025,1.0,0.0038156308776649828,1.0,-0.0004816461036709907,1.0,1.2531876564025879e-05,0.00027762445349090826
1.6,16000,301,41,0.22573558700716836,0.5,0.10843133362904694,0.22282764407101724,0.5367431640625,0.011270391377100232,0.004011009359911399,92,0.04036825796128414,0.5632719581231744,0.21740790143996425,0.0367431640625,1.0,0.06327195812317443,1.0,-0.0029079429361511255,1.0,-0.008327685567204118,1.0,0.0013500601053237915,0.004003340684740739
1.6,16000,301,42,0.22573558700716836,0.5,0.08143389927803128,0.24930638091185162,0.4920654296875,0.010930782274696774,0.004512238996700635,69,0.02573282644544364,0.4849944373377095,0.24698816559106676,-0.0079345703125,1.0,-0.015005562662290473,1.0,0.02357079390468325,0.0,0.021252578583898396,1.0,6.295740604400635e-05,0.00022516691081192594
1.6,16000,301,43,0.22573558700716836,0.5,0.09758511807620843,0.24211145113214327,0.52099609375,0.011126095516585234,0.004521815603553135,55,0.021162309938561896,0.5169033872625098,0.23947845723741226,0.02099609375,1.0,0.01690338726250984,1.0,0.01637586412497491,1.0,0.013742870230243898,1.0,0.00044083595275878906,0.00028572450094637987
1.6,16000,301,44,0.22573558700716836,0.5,0.08604024139107677,0.25053914677080413,0.522216796875,0.01116185596747053,0.004437981896644982,85,0.03334702503737942,0.523504255557532,0.24627450608293014,0.022216796875,1.0,0.023504255557531994,1.0,0.02480355976363577,0.0,0.020538919075761775,1.0,0.0004935860633850098,0.0005524500293137736
1.6,16000,301,45,0.22573558700716836,0.5,0.08879515049433875,0.21967775170016027,0.4866943359375,0.010635483779943795,0.0042776478993354254,60,0.02324905750769494,0.4785691268683435,0.2167710054723343,-0.0133056640625,1.0,-0.02143087313165648,1.0,-0.006057835307008097,1.0,-0.008964581534834065,1.0,0.000177040696144104,0.00045928232318515565
1.6,16000,301,46,0.22573558700716836,0.5,0.0997219728987904,0.21095008389285186,0.4688720703125,0.010438604799640374,0.004150208539636587,63,0.026025531608501778,0.483672049191892,0.20778123544494842,-0.0311279296875,1.0,-0.016327950808108005,1.0,-0.014785503114316506,1.0,-0.017954351562219945,1.0,0.0009689480066299438,0.00026660197759199487
1.6,16000,301,47,0.22573558700716836,0.5,0.10122771363525392,0.23648582767298895,0.479248046875,0.010807387141250811,0.004567497385304834,64,0.02478133103417216,0.4833900117085247,0.23353660928247685,-0.020751953125,1.0,-0.01660998829147531,1.0,0.010750240665820587,1.0,0.007801022275308489,1.0,0.00043064355850219727,0.00027589171104294686
1.6,16000,301,48,0.22573558700716836,0.5,0.0743579134252736,0.2213971419662693,0.4957275390625,0.010950822609615904,0.004194448891192275,79,0.03777699600465862,0.5223443800295648,0.21720295498089517,-0.0042724609375,1.0,0.022344380029564848,1.0,-0.004338445040899058,1.0,-0.00853263202627319,1.0,1.825392246246338e-05,0.0004992713189056163
1.6,16000,301,49,0.22573558700716836,0.5,0.09501556828694081,0.24420370146373183,0.4931640625,0.010679625640677868,0.00452828128819814,49,0.018364474731156093,0.49273507311825054,0.24151884637492352,-0.0068359375,1.0,-0.007264926881749456,1.0,0.01846811445656346,1.0,0.015783259367755154,1.0,4.673004150390625e-05,5.277916259716588e-05
1.6,16000,301,50,0.22573558700716836,0.5,0.08141291591022096,0.24527118733604933,0.538330078125,0.011407737214433835,0.0043504127869592015,65,0.023726792071781713,0.5495647763163778,0.24269085902646137,0.038330078125,1.0,0.04956477631637779,0.0,0.019535600328880964,1.0,0.016955272019293005,1.0,0.0014691948890686035,0.002456667051292565
1.6,16000,301,51,0.22573558700716836,0.5,0.07766835016410568,0.23856451979895119,0.5277099609375,0.01148602375908049,0.0042215137435483415,56,0.021251301605408345,0.5332077638628498,0.23578534032867812,0.0277099609375,1.0,0.03320776386284985,1.0,0.012828932791782821,1.0,0.010049753321509758,1.0,0.0007678419351577759,0.0011027555807707962
1.6,16000,301,52,0.22573558700716836,0.5,0.09226970670247475,0.21601153153675223,0.5040283203125,0.010818191552083802,0.0039341210419329455,57,0.024408079807358898,0.502224672577818,0.2131552367354133,0.0040283203125,1.0,0.0022246725778179988,1.0,-0.009724055470416132,1.0,-0.012580350271755053,1.0,1.6227364540100098e-05,4.94916807849538e-06
1.6,16000,301,53,0.22573558700716836,0.5,0.07781526001160705,0.24521015805631402,0.5313720703125,0.011535643938519401,0.004371055087899484,64,0.023933138092343896,0.5412036741160148,0.24219997921013808,0.0313720703125,1.0,0.04120367411601478,1.0,0.019474571049145656,1.0,0.01646439220296972,1.0,0.0009842067956924438,0.0016977427606587462
1.6,16000,301,54,0.22573558700716836,0.5,0.09632774554218385,0.24163939221435823,0.53515625,0.011378403980416561,0.004423214177042263,59,0.02101834728500994,0.5376652998379956,0.23877074318369204,0.03515625,1.0,0.0376652998379956,1.0,0.01590380520718987,1.0,0.013035156176523677,1.0,0.0012359619140625,0.0014186748118861115
1.6,16000,301,55,0.22573558700716836,0.5,0.08360128398074546,0.2199427069015523,0.51025390625,0.01115530762070309,0.004015798811876017,65,0.027974050735756255,0.49801932760424666,0.21694112664510473,0.01025390625,1.0,-0.0019806723957533356,1.0,-0.005792880105616072,1.0,-0.008794460362063633,1.0,0.00010514259338378906,3.923063139299258e-06
1.6,16000,301,56,0.22573558700716836,0.5,0.07189850340685294,0.21547000239744432,0.513427734375,0.011020648855499129,0.004037769887335062,60,0.024708374070036575,0.5153306787754094,0.21235139443692683,0.013427734375,1.0,0.01533067877540939,1.0,-0.010265584609724043,1.0,-0.013384192570241538,1.0,0.00018030405044555664,0.00023502971171478795
1.6,16000,301,57,0.22573558700716836,0.5,0.06560554138200028,0.2407861535918383,0.5042724609375,0.010973779288470705,0.004507445757830494,66,0.025813168458382458,0.5099476898060059,0.23782113300606095,0.0042724609375,1.0,0.00994768980600591,1.0,0.015050566584669939,1.0,0.012085545998892583,1.0,1.825392246246338e-05,9.895653247651391e-05
1.6,16000,301,58,0.22573558700716836,0.5,0.08967799661975227,0.22567797869933076,0.47314453125,0.010533110533621493,0.004209362763113046,74,0.03567839942330809,0.46389712201481204,0.22148303951051776,-0.02685546875,1.0,-0.036102877985187964,1.0,-5.760830783760329e-05,1.0,-0.004252547496650605,1.0,0.0007212162017822266,0.0013034177988133697
1.6,16000,301,59,0.22573558700716836,0.5,0.11140107223601244,0.23827177835783425,0.484619140625,0.010669024569206143,0.0045016848479226095,69,0.02564078991943589,0.480132493895153,0.2354156521697897,-0.015380859375,1.0,-0.019867506104847,1.0,0.012536191350665887,1.0,0.009680065162621349,1.0,0.0002365708351135254,0.0003947177988261328
1.6,16000,301,60,0.22573558700716836,0.5,0.07555679446475683,0.22803496375560028,0.4967041015625,0.010950822380592204,0.004252879901077603,59,0.024030960617338108,0.5002983774918414,0.22527226674308143,-0.0032958984375,1.0,0.00029837749184136175,1.0,0.0022993767484319194,1.0,-0.00046332026408693605,1.0,1.0862946510314941e-05,8.90291276375419e-08
1.6,16000,301,61,0.22573558700716836,0.5,0.07480060334142807,0.21684694175688596,0.4783935546875,0.010461772962509993,0.004158424077681703,64,0.026534323005222266,0.47685765508180633,0.21408709042184007,-0.0216064453125,1.0,-0.02314234491819367,1.0,-0.008888645250282406,1.0,-0.011648496585328294,1.0,0.0004668384790420532,0.0005355681283126443
1.6,16000,301,62,0.22573558700716836,0.5,0.0679054242085859,0.21748762656413223,0.4871826171875,0.010571154788321682,0.004179374529657353,92,0.03839006269746715,0.49037975967116687,0.21197563605285555,-0.0128173828125,1.0,-0.00962024032883313,1.0,-0.008247960443036134,1.0,-0.013759950954312816,1.0,0.0001642853021621704,9.254902398450736e-05
1.6,16000,301,63,0.22573558700716836,0.5,0.07870980910824932,0.23385710957917358,0.5135498046875,0.011153204813454493,0.004085160606186644,66,0.025858173238022062,0.5074616907697285,0.23096172572776513,0.0135498046875,1.0,0.0074616907697284685,1.0,0.008121522572005213,1.0,0.005226138720596768,1.0,0.00018359720706939697,5.5676829143051025e-05
1.6,16000,301,64,0.22573558700716836,0.5,0.09155890837255039,0.21947149764877197,0.500244140625,0.01091558115892216,0.004204899396120957,69,0.025908161213057924,0.495121282209612,0.2168247254835908,0.000244140625,1.0,-0.00487871779038801,1.0,-0.006264089358396396,1.0,-0.008910861523577562,1.0,5.960464477539063e-08,2.3801887278248464e-05
1.6,16000,301,65,0.22573558700716836,0.5,0.0803479592750017,0.2391807373609746,0.525634765625,0.011383106365487967,0.004291693883872001,58,0.02423214852595128,0.5224810113152484,0.2367390738226765,0.025634765625,1.0,0.022481011315248378,1.0,0.013445150353806223,1.0,0.01100348681550814,1.0,0.0006571412086486816,0.0005053958697563256
1.6,16000,301,66,0.22573558700716836,0.5,0.07248650997838882,0.24082248926578503,0.49609375,0.010677515234133992,0.004315317103605819,68,0.025898327394343047,0.49506281601911,0.2375144136797345,-0.00390625,1.0,-0.004937183980889992,1.0,0.015086902258616669,1.0,0.011778826672566134,1.0,1.52587890625e-05,2.4375785661156748e-05
1.6,16000,301,67,0.22573558700716836,0.5,0.07730321600142541,0.22698617675635083,0.504150390625,0.01099620213886218,0.004155531382275004,57,0.02301527797286481,0.502747858295839,0.2241836813959368,0.004150390625,1.0,0.002747858295839012,1.0,0.0012505897491824625,1.0,-0.0015519056112315577,1.0,1.722574234008789e-05,7.550725214011279e-06
1.6,16000,301,68,0.22573558700716836,0.5,0.07394877475583762,0.22903944797711479,0.5250244140625,0.011132021727281142,0.0039894896321460965,57,0.024451852393327277,0.5222746947591299,0.2257676766713032,0.0250244140625,1.0,0.02227469475912991,1.0,0.0033038609699464205,1.0,3.2089664134843376e-05,1.0,0.0006262212991714478,0.0004961620266124094
1.6,16000,301,69,0.22573558700716836,0.5,0.0784304714925618,0.24552619748858237,0.52197265625,0.01122582274128433,0.0044490491975238584,55,0.02006708599857784,0.5242669996482213,0.2434630080367197,0.02197265625,1.0,0.02426699964822132,1.0,0.019790610481414006,1.0,0.017727421029551327,1.0,0.00048279762268066406,0.0005888872719267737
1.6,16000,301,70,0.22573558700716836,0.5,0.07248813802005417,0.23242917148713987,0.5078125,0.010884458596123489,0.004305671034363922,102,0.0561535531017927,0.494102761920604,0.22866000742984724,0.0078125,1.0,-0.005897238079396017,1.0,0.006693584479971509,1.0,0.002924420422678875,1.0,6.103515625e-05,3.477741696507842e-05
1.6,16000,301,71,0.22573558700716836,0.5,0.08607725051610814,0.22424664209148654,0.498291015625,0.010769529362625175,0.004147811146710291,61,0.024530918563785604,0.5102463736863816,0.2214735509707365,-0.001708984375,1.0,0.010246373686381594,1.0,-0.001488944915681828,1.0,-0.004262036036431854,1.0,2.9206275939941406e-06,0.00010498817372097313
1.6,16000,301,72,0.22573558700716836,0.5,0.06565261323020687,0.22331362527732668,0.4959716796875,0.010850508143356887,0.004102897862306938,85,0.03731087854892425,0.5102028239605378,0.21854195816855712,-0.0040283203125,1.0,0.010202823960537843,1.0,-0.0024219617298416873,1.0,-0.0071936288386112435,1.0,1.6227364540100098e-05,0.00010409761676972513
1.6,16000,301,73,0.22573558700716836,0.5,0.08278432849031188,0.2462051366260315,0.5357666015625,0.011541915173752275,0.004377188407799475,66,0.03008528124759229,0.5454874913076749,0.24196804007884928,0.0357666015625,1.0,0.04548749130767493,1.0,0.02046954961886313,1.0,0.01623245307168092,1.0,0.0012792497873306274,0.0020691118654658025
1.6,16000,301,74,0.22573558700716836,0.5,0.07880311686273936,0.22448775671599885,0.525634765625,0.011223295477577468,0.004173378207165108,56,0.022339088614156906,0.530328449001314,0.22065758172719213,0.025634765625,1.0,0.03032844900131404,1.0,-0.0012478302911695105,1.0,-0.005078005279976233,1.0,0.0006571412086486816,0.0009198148188253065
1.6,16000,301,75,0.22573558700716836,0.5,0.0846015381483849,0.235102846418578,0.542236328125,0.011381524328392411,0.004151415161389996,54,0.022658134874513073,0.5457793948280389,0.2327196305458,0.042236328125,1.0,0.045779394828038944,0.0,0.009367259411409645,1.0,0.006984043538631635,1.0,0.001783907413482666,0.002095752990821479
1.6,16000,301,76,0.22573558700716836,0.5,0.07823100593896569,0.23108155814664072,0.5203857421875,0.011208554208073063,0.004060073796650617,74,0.03012672893392584,0.5261161423004491,0.22768335070367526,0.0203857421875,1.0,0.02611614230044912,1.0,0.005345971139472355,1.0,0.001947763696506899,1.0,0.0004155784845352173,0.0006820528886573078
1.6,16000,301,77,0.22573558700716836,0.5,0.09192291115528066,0.2133521849934137,0.457763671875,0.010456913301229347,0.004390661392327839,74,0.030990929898576894,0.46190836330527035,0.2098675394517829,-0.042236328125,1.0,-0.03809163669472965,1.0,-0.012383402013754652,1.0,-0.015868047555385456,1.0,0.001783907413482666,0.0014509727860832742
1.6,16000,301,78,0.22573558700716836,0.5,0.07425330561500151,0.24376090714920828,0.5208740234375,0.011261522739388437,0.004233268965802521,51,0.01966865661855673,0.5129454249828105,0.2415298983293976,0.0208740234375,1.0,0.012945424982810483,1.0,0.01802532014203992,1.0,0.01579431132222925,1.0,0.0004357248544692993,0.0001675840279855738
1.6,16000,301,79,0.22573558700716836,0.5,0.09477783084320823,0.2212530988743296,0.532958984375,0.01121579026775348,0.004114052653255426,68,0.026893601369184277,0.540351917741671,0.21783434289626127,0.032958984375,1.0,0.04035191774167102,1.0,-0.0044824881328387745,1.0,-0.00790124411090709,1.0,0.0010862946510314941,0.0016282772654305842
1.6,16000,301,80,0.22573558700716836,0.5,0.0880177376199637,0.2404826158098924,0.5089111328125,0.011012048848285777,0.004185570572040679,67,0.027167645353378997,0.5004366995755235,0.23743648319523447,0.0089111328125,1.0,0.0004366995755235026,1.0,0.01474702880272405,1.0,0.011700896188066107,1.0,7.940828800201416e-05,1.9070651926240733e-07
1.6,16000,301,81,0.22573558700716836,0.5,0.09204571044265099,0.25861881413927656,0.4951171875,0.010772710357020621,0.004538501079872859,58,0.02159287632674688,0.4947531089327138,0.25558469578031856,-0.0048828125,1.0,-0.005246891067286208,1.0,0.0328832271321082,0.0,0.029849108773150196,0.0,2.384185791015625e-05,2.75298658719678e-05
1.6,16000,301,82,0.22573558700716836,0.5,0.08314021450644478,0.2197364315310743,0.507568359375,0.011234345667482213,0.0038813434609362603,74,0.03394410140328388,0.5034792831804084,0.215411770377856,0.007568359375,1.0,0.0034792831804083546,1.0,-0.005999155476094059,1.0,-0.010323816629312366,1.0,5.728006362915039e-05,1.2105411449472475e-05
1.6,16000,301,83,0.22573558700716836,0.5,0.08211550336855614,0.22129771609047388,0.496337890625,0.01078748655368547,0.004086133709210998,70,0.027288810944419154,0.4879191683507553,0.2181282268357235,-0.003662109375,1.0,-0.012080831649244728,1.0,-0.004437870916694481,1.0,-0.007607360171444866,1.0,1.341104507446289e-05,0.0001459464933373931
1.6,16000,301,84,0.22573558700716836,0.5,0.0875786322204762,0.22385999615046492,0.4700927734375,0.01050174635833847,0.004223070921216084,56,0.022777303264953558,0.45444026159401835,0.22114696004606332,-0.0299072265625,1.0,-0.045559738405981653,0.0,-0.0018755908567034407,1.0,-0.004588626961105041,1.0,0.0008944422006607056,0.0020756897636214798
1.6,16000,301,85,0.22573558700716836,0.5,0.08519676449839439,0.219752294342199,0.48828125,0.010845474358330498,0.004295041206888576,57,0.024101620204434397,0.491038409476457,0.21683243765562854,-0.01171875,1.0,-0.008961590523543006,1.0,-0.0059832926649693585,1.0,-0.008903149351539824,1.0,0.0001373291015625,8.03101047116558e-05
1.6,16000,301,86,0.22573558700716836,0.5,0.08389608711197968,0.24046234588989712,0.51904296875,0.011098476446043483,0.004255952848800834,68,0.025581529911005256,0.5196608607171458,0.2377339374833068,0.01904296875,1.0,0.01966086071714579,1.0,0.014726758882728758,1.0,0.011998350476138425,1.0,0.00036263465881347656,0.00038654944413900647
1.6,16000,301,87,0.22573558700716836,0.5,0.07723776391191625,0.21571859415963138,0.4359130859375,0.010224975604359038,0.004221563856726367,71,0.029184458182208738,0.4201509698806576,0.2125488265206826,-0.0640869140625,0.0,-0.07984903011934241,0.0,-0.010016992847536987,1.0,-0.01318676048648576,1.0,0.00410713255405426,0.006375867610999651
1.6,16000,301,88,0.22573558700716836,0.5,0.06732452660387803,0.23780015224260526,0.4830322265625,0.010613172182365216,0.004381454066378844,61,0.022543849626151368,0.4862228583172724,0.2344157200721496,-0.0169677734375,1.0,-0.01377714168272759,1.0,0.012064565235436892,1.0,0.00868013306498125,1.0,0.00028790533542633057,0.00018980963294595
1.6,16000,301,89,0.22573558700716836,0.5,0.08996601630009982,0.22048707415218533,0.4681396484375,0.010672187352979003,0.0043500668628158766,60,0.022991321972547826,0.45487955130002905,0.21697898625871612,-0.0318603515625,1.0,-0.04512044869997095,0.0,-0.0052485128549830395,1.0,-0.008756600748452248,1.0,0.0010150820016860962,0.00203585489088671
1.6,16000,301,90,0.22573558700716836,0.5,0.07121932461619032,0.23765425712642269,0.51611328125,0.01117746439122612,0.004307061821088158,67,0.025060930367611,0.5270324723920548,0.23440985458510397,0.01611328125,1.0,0.02703247239205475,1.0,0.011918670119254321,1.0,0.008674267577935602,1.0,0.00025963783264160156,0.0007307545636272023
1.6,16000,301,91,0.22573558700716836,0.5,0.08886097080305258,0.23855468268644459,0.4697265625,0.010593426963606377,0.004584933300935951,69,0.02676071993620952,0.4629555080303923,0.23583821105634847,-0.0302734375,1.0,-0.037044491969607685,1.0,0.012819095679276221,1.0,0.010102624049180109,1.0,0.0009164810180664062,0.0013722943852863283
1.6,16000,301,92,0.22573558700716836,0.5,0.07741509906032829,0.2214311845788744,0.5125732421875,0.01109275273333065,0.0039974127258716845,51,0.021028288127814765,0.5147717739398321,0.21870789821833198,0.0125732421875,1.0,0.014771773939832089,1.0,-0.004304402428293969,1.0,-0.007027688788836389,1.0,0.00015808641910552979,0.00021820530532950245
1.6,16000,301,93,0.22573558700716836,0.5,0.08281922473192545,0.23920955585039708,0.4698486328125,0.010513564431399915,0.004474414811311402,65,0.02392933208316335,0.4689455505502976,0.23552690219165914,-0.0301513671875,1.0,-0.031054449449702426,1.0,0.013473968843228712,1.0,0.009791315184490779,1.0,0.0009091049432754517,0.0009643788306241233
1.6,16000,301,94,0.22573558700716836,0.5,0.06143527784758768,0.23524472531515087,0.5174560546875,0.011169746625358235,0.004268647587310984,73,0.03318369090537849,0.5253888943812604,0.2313663903612155,0.0174560546875,1.0,0.025388894381260352,1.0,0.009509138307982501,1.0,0.0056308033540471425,1.0,0.0003047138452529907,0.0006445959579027934
1.6,16000,301,95,0.22573558700716836,0.5,0.10264783756146195,0.2329574141385644,0.5150146484375,0.011191797350188286,0.004376663926410872,62,0.022013984258024945,0.5089791857227486,0.23023165669443516,0.0150146484375,1.0,0.008979185722748584,1.0,0.007221827131396047,1.0,0.0044960696872667905,1.0,0.0002254396677017212,8.062577624361201e-05
1.6,16000,301,96,0.22573558700716836,0.5,0.09233877173309722,0.21461924708477154,0.46337890625,0.010502952231814702,0.004164301135232668,68,0.03143877504755876,0.45746061163662344,0.21120874808028925,-0.03662109375,1.0,-0.04253938836337656,1.0,-0.011116339922396828,1.0,-0.014526838926879115,1.0,0.001341104507446289,0.0018095995623301773
1.6,16000,301,97,0.22573558700716836,0.5,0.09737728651354138,0.23405465167243983,0.4962158203125,0.010865338900229718,0.0043469840262038255,64,0.02367263655521057,0.476182011988923,0.23088503630454554,-0.0037841796875,1.0,-0.023817988011076985,1.0,0.008319064665271464,1.0,0.005149449297377179,1.0,1.4320015907287598e-05,0.000567296552895807
1.6,16000,301,98,0.22573558700716836,0.5,0.08027184503181552,0.21871489888892165,0.4798583984375,0.010606054110308565,0.004202648240234485,52,0.021831899648148342,0.490986501945146,0.2157218748371009,-0.0201416015625,1.0,-0.009013498054854019,1.0,-0.007020688118246715,1.0,-0.010013712170067468,1.0,0.00040568411350250244,8.124314718485718e-05
1.6,16000,301,99,0.22573558700716836,0.5,0.08056659638971309,0.22549076117045463,0.5172119140625,0.01127620108796041,0.004116172129154222,56,0.023282611684481015,0.5216843157264462,0.22249622260797483,0.0172119140625,1.0,0.021684315726446246,1.0,-0.00024482583671373015,1.0,-0.003239364399193534,1.0,0.00029624998569488525,0.000470209548524204
1.6,16000,301,100,0.22573558700716836,0.5,0.07920050840546668,0.2248086911437302,0.4971923828125,0.010738853418259703,0.004277255377999981,60,0.02262139327860168,0.49971613648351226,0.22262892294155043,-0.0028076171875,1.0,-0.0002838635164877368,1.0,-0.0009268958634381652,1.0,-0.0031066640656179367,1.0,7.88271427154541e-06,8.05784959927836e-08
1.6,16000,301,101,0.22573558700716836,0.5,0.09823814647304904,0.2374382230888909,0.4793701171875,0.01062952376800556,0.004534896219617597,89,0.05061349839251012,0.48733952375803785,0.2336682045906032,-0.0206298828125,1.0,-0.012660476241962149,1.0,0.011702636081722534,1.0,0.007932617583434831,1.0,0.0004255920648574829,0.000160287658673288
1.6,16000,301,102,0.22573558700716836,0.5,0.06631098915558323,0.21690777340908154,0.515869140625,0.010991291985956782,0.004019729332886607,65,0.026935340623251217,0.5125644479621082,0.21343949472866366,0.015869140625,1.0,0.012564447962108205,1.0,-0.00882781359808682,1.0,-0.0122960922785047,1.0,0.0002518296241760254,0.00015786535259252504
1.6,16000,301,103,0.22573558700716836,0.5,0.08651460036367983,0.23335520528562453,0.521728515625,0.011021916896713353,0.0042214606369564865,69,0.030967662158051364,0.5314907627876789,0.22892483715652254,0.021728515625,1.0,0.03149076278767893,1.0,0.0076196182784561695,1.0,0.0031892501493541725,1.0,0.00047212839126586914,0.000991668140949864
1.6,16000,301,104,0.22573558700716836,0.5,0.08787407799916172,0.22526739118681866,0.4876708984375,0.010736439270640826,0.004130819872135313,45,0.01789727251343894,0.48400165883765023,0.2226540080146387,-0.0123291015625,1.0,-0.015998341162349772,1.0,-0.0004681958203497094,1.0,-0.003081578992529671,1.0,0.00015200674533843994,0.00025594691994693504
1.6,16000,301,105,0.22573558700716836,0.5,0.07743352155526997,0.20803983653009703,0.4464111328125,0.01040328444541565,0.0040961046999305065,70,0.03149265808696051,0.440996789876763,0.20271483157052322,-0.0535888671875,1.0,-0.059003210123237004,1.0,-0.017695750477071337,1.0,-0.02302075543664514,0.0,0.002871766686439514,0.003481378804846858
1.6,16000,301,106,0.22573558700716836,0.5,0.08149068968637853,0.2426195595216063,0.4947509765625,0.010677251158057764,0.004372647952900205,60,0.02208112573632951,0.495969938035642,0.23992624774423166,-0.0052490234375,1.0,-0.0040300619643580116,1.0,0.016883972514437934,1.0,0.014190660737063293,1.0,2.7552247047424316e-05,1.6241399436565156e-05
1.6,16000,301,107,0.22573558700716836,0.5,0.083538381217755,0.21716580436343508,0.479736328125,0.01085093471487727,0.004135163472099367,56,0.02209504643462135,0.4666546267288696,0.21406212120965232,-0.020263671875,1.0,-0.03334537327113041,1.0,-0.008569782643733287,1.0,-0.011673465797516047,1.0,0.000410616397857666,0.001111913918591018
1.6,16000,301,108,0.22573558700716836,0.5,0.0991191223529474,0.21566532457093524,0.475830078125,0.01036035485936524,0.003932562205060363,65,0.030030533356577762,0.4603152920778363,0.21214524975042587,-0.024169921875,1.0,-0.03968470792216372,1.0,-0.01007026243623313,1.0,-0.013590337256742496,1.0,0.0005841851234436035,0.001574876042867444
1.6,16000,301,109,0.22573558700716836,0.5,0.07497158297080375,0.23876820065952592,0.4945068359375,0.011048363978775087,0.004399965510303921,65,0.03179610074797821,0.47797931274741506,0.23544785522517803,-0.0054931640625,1.0,-0.022020687252584936,1.0,0.013032613652357555,1.0,0.009712268218009662,1.0,3.0174851417541504e-05,0.0004849106670761567
1.6,16000,301,110,0.22573558700716836,0.5,0.07413098507507836,0.24002461727262386,0.5115966796875,0.010818773675891234,0.004226395135839812,74,0.02936638562051517,0.5131442781794642,0.23754968870719373,0.0115966796875,1.0,0.013144278179464175,1.0,0.014289030265455499,1.0,0.011814101700025365,1.0,0.0001344829797744751,0.00017277204885913805
1.6,16000,301,111,0.22573558700716836,0.5,0.07394621187240127,0.23201007852470323,0.5179443359375,0.01109941683564515,0.004154124720458691,61,0.024226673764021205,0.5381227818321921,0.2282512249515952,0.0179443359375,1.0,0.03812278183219209,1.0,0.006274491517534869,1.0,0.0025156379444268295,1.0,0.000321999192237854,0.0014533464946249151
1.6,16000,301,112,0.22573558700716836,0.5,0.07974635528485675,0.2256466948258882,0.504638671875,0.011045971097875295,0.004335324285379397,68,0.026171689180366452,0.49968972004230083,0.22278751829942378,0.004638671875,1.0,-0.0003102799576991666,1.0,-8.889218128016463e-05,1.0,-0.0029480687077445833,1.0,2.1517276763916016e-05,9.627365214979663e-08
1.6,16000,301,113,0.22573558700716836,0.5,0.05970354672119773,0.24095370018261603,0.49853515625,0.010887135680342531,0.004366795175085945,63,0.024144432795328106,0.4993020761492353,0.23827982057396063,-0.00146484375,1.0,-0.0006979238507647256,1.0,0.015218113175447662,1.0,0.012544233566792268,1.0,2.1457672119140625e-06,4.87097701466263e-07
1.6,16000,301,114,0.22573558700716836,0.5,0.09404175230180073,0.2235510921318677,0.499755859375,0.01087795495438504,0.004327808659531678,64,0.023876148762268328,0.5155637597771334,0.22030237741389605,-0.000244140625,1.0,0.015563759777133424,1.0,-0.0021844948753006743,1.0,-0.0054332095932723146,1.0,5.960464477539063e-08,0.00024223061840031624
1.6,16000,301,115,0.22573558700716836,0.5,0.08005962651891531,0.2266731769032861,0.4765625,0.01059191864518871,0.004290217604879985,111,0.06089654674497515,0.4617254322397706,0.2218283914998431,-0.0234375,1.0,-0.03827456776022942,1.0,0.0009375898961177243,1.0,-0.003907195507325267,1.0,0.00054931640625,0.001464942537232393
1.6,16000,301,116,0.22573558700716836,0.5,0.08436349251994278,0.23827772162224964,0.5538330078125,0.011582486050275075,0.00418431598851091,66,0.026645894394385746,0.5560238652223953,0.23514496453838393,0.0538330078125,0.0,0.05602386522239533,0.0,0.012542134615081274,1.0,0.009409377531215568,1.0,0.002897992730140686,0.003138673474457117
1.6,16000,301,117,0.22573558700716836,0.5,0.0900222811801013,0.21873969436284887,0.487548828125,0.010622193958693509,0.004277690821779176,64,0.025636584601626638,0.49344130680330067,0.21641172131774944,-0.012451171875,1.0,-0.006558693196699328,1.0,-0.00699589264431949,1.0,-0.009323865689418925,1.0,0.00015503168106079102,4.301645644843005e-05
1.6,16000,301,118,0.22573558700716836,0.5,0.06764307541972832,0.24341606292719015,0.5372314453125,0.01122807932202837,0.0041121695847025855,72,0.027260061229029825,0.5304904677330129,0.24027150897894273,0.0372314453125,1.0,0.030490467733012894,1.0,0.017680475920021782,1.0,0.014535921971774363,1.0,0.0013861805200576782,0.0009296686225779004
1.6,16000,301,119,0.22573558700716836,0.5,0.10293012219854308,0.22947463386237277,0.519287109375,0.011293488974157436,0.004178007990259838,73,0.02756159683099355,0.5181268679441915,0.22647887567988137,0.019287109375,1.0,0.018126867944191494,1.0,0.003739046855204403,1.0,0.000743288672713005,1.0,0.0003719925880432129,0.00032858334146615713
1.6,16000,301,120,0.22573558700716836,0.5,0.09062198882262598,0.23940387912151917,0.468017578125,0.010510549702240673,0.004456943314539847,57,0.02207338650084475,0.46278033007174463,0.23649632144168556,-0.031982421875,1.0,-0.03721966992825537,1.0,0.013668292114350805,1.0,0.010760734434517194,1.0,0.0010228753089904785,0.0013853038295682772
1.6,16000,301,121,0.22573558700716836,0.5,0.0669204913368132,0.24052633857144334,0.5255126953125,0.01118902605884827,0.004253476271695886,59,0.023675767201383317,0.5340247493055452,0.23807957724793063,0.0255126953125,1.0,0.03402474930554522,1.0,0.014790751564274979,1.0,0.01234399024076227,1.0,0.0006508976221084595,0.0011576835653052
1.6,16000,301,122,0.22573558700716836,0.5,0.0850794278968491,0.21744733199764654,0.4600830078125,0.010495634655734429,0.004265265858377279,68,0.026764573344682137,0.4564774981404243,0.21355029443067908,-0.0399169921875,1.0,-0.04352250185957568,1.0,-0.008288255009521822,1.0,-0.012185292576489287,1.0,0.001593366265296936,0.0018942081681167684
1.6,16000,301,123,0.22573558700716836,0.5,0.0785707896558484,0.2367018563435027,0.5277099609375,0.011129008807349327,0.004312833296985185,62,0.023145309867846145,0.5375143494882297,0.233772692554982,0.0277099609375,1.0,0.03751434948822974,1.0,0.010966269336334322,1.0,0.008037105547813644,1.0,0.0007678419351577759,0.0014073264175250427
1.6,16000,301,124,0.22573558700716836,0.5,0.08285598297941835,0.23610398410116717,0.5052490234375,0.010750735283048601,0.004403313930107813,61,0.02265333744053072,0.5095238911209963,0.23358589138125177,0.0052490234375,1.0,0.009523891120996275,1.0,0.01036839709399881,1.0,0.007850304374083406,1.0,2.7552247047424316e-05,9.070450208459168e-05
1.6,16000,301,125,0.22573558700716836,0.5,0.09506775396992534,0.22361864977574233,0.4970703125,0.010906343131816213,0.0041629041923450264,58,0.022900817768529733,0.496066580524435,0.22089635809033262,-0.0029296875,1.0,-0.003933419475565025,1.0,-0.0021169372314260304,1.0,-0.004839228916835747,1.0,8.58306884765625e-06,1.547178877075424e-05
1.6,16000,301,126,0.22573558700716836,0.5,0.07329993967187909,0.23107686051967674,0.5250244140625,0.011314479055731479,0.004150514085601874,62,0.02553119268164005,0.5315852172511991,0.22751159734012996,0.0250244140625,1.0,0.031585217251199116,1.0,0.0053412735125083766,1.0,0.0017760103329615973,1.0,0.0006262212991714478,0.0009976259488054461
1.6,16000,301,127,0.22573558700716836,0.5,0.08634091060977467,0.23663189513246424,0.5064697265625,0.011219686625897339,0.004144250008263549,61,0.02555175706734612,0.4959402680518596,0.2338622033742123,0.0064697265625,1.0,-0.00405973194814041,1.0,0.010896308125295878,1.0,0.008126616367043926,1.0,4.1857361793518066e-05,1.648142349075193e-05
1.6,16000,301,128,0.22573558700716836,0.5,0.07629530717370368,0.2069151642000992,0.500244140625,0.010732266371797592,0.0038854879813257303,55,0.024429148303741002,0.5209371720414261,0.20397261671599903,0.000244140625,1.0,0.02093717204142609,1.0,-0.018820422807069165,1.0,-0.02176297029116933,0.0,5.960464477539063e-08,0.0004383651730922743
1.6,16000,301,129,0.22573558700716836,0.5,0.09442773479713235,0.22540073497442098,0.529541015625,0.011263681173605107,0.004121233583387604,66,0.02835640056270392,0.5552083370755595,0.2220543509376075,0.029541015625,1.0,0.0552083370755595,1.0,-0.00033485203274738473,1.0,-0.0036812360695608615,1.0,0.0008726716041564941,0.0030479604826485975
1.6,16000,301,130,0.22573558700716836,0.5,0.07704575551716433,0.2304353086821724,0.4779052734375,0.010624387046323923,0.004259027706489371,66,0.02495283116842662,0.48421067692915115,0.22768518943969485,-0.0220947265625,1.0,-0.01578932307084885,1.0,0.004699721675004043,1.0,0.0019496024325264816,1.0,0.00048817694187164307,0.00024930272303563974
1.6,16000,301,131,0.22573558700716836,0.5,0.0726104596174813,0.22666002808670754,0.521240234375,0.011356442112660755,0.004180545767047244,70,0.02741993655887189,0.5246371141831719,0.22361050553273704,0.021240234375,1.0,0.024637114183171938,1.0,0.0009244410795391789,1.0,-0.0021250814744313284,1.0,0.00045114755630493164,0.0006069873952746519
1.6,16000,301,132,0.22573558700716836,0.5,0.06410123755935832,0.22899786529103067,0.4931640625,0.01096058350582312,0.004289486648415768,72,0.0331090198852342,0.5119553322654875,0.22540099105075131,-0.0068359375,1.0,0.011955332265487506,1.0,0.003262278283862302,1.0,-0.00033459595641704976,1.0,4.673004150390625e-05,0.00014292996957820662
1.6,16000,301,133,0.22573558700716836,0.5,0.09946374096772777,0.23685115749273036,0.4970703125,0.01087705162255204,0.004328223571086189,58,0.02182678629751094,0.48737844355907795,0.23405242675393226,-0.0029296875,1.0,-0.012621556440922055,1.0,0.011115570485561999,1.0,0.008316839746763893,1.0,8.58306884765625e-06,0.000159303686991381
1.6,16000,301,134,0.22573558700716836,0.5,0.1061673546063134,0.23388211525821984,0.494873046875,0.010754730129201624,0.004201576829070187,64,0.026885414865482748,0.5016492624216793,0.23108875767303333,-0.005126953125,1.0,0.0016492624216792873,1.0,0.008146528251051471,1.0,0.005353170665864965,1.0,2.6285648345947266e-05,2.720066535563427e-06
1.6,16000,301,135,0.22573558700716836,0.5,0.08488947315319414,0.2364106414882457,0.491455078125,0.010884352575704422,0.00420302777689524,53,0.02275360231842928,0.4899086142409936,0.23353352015906104,-0.008544921875,1.0,-0.010091385759006422,1.0,0.010675054481077334,1.0,0.007797933151892672,1.0,7.301568984985352e-05,0.00010183606653707761
1.6,16000,301,136,0.22573558700716836,0.5,0.10706807310601833,0.1967200892747461,0.455078125,0.010445864583583398,0.0036936644017260697,62,0.03030066870926999,0.4487081118129125,0.1936229751322342,-0.044921875,1.0,-0.05129188818708752,1.0,-0.029015497732422263,0.0,-0.032112611874934166,0.0,0.002017974853515625,0.0026308577937966884
1.6,16000,301,137,0.22573558700716836,0.5,0.08242875585395762,0.21751156301964583,0.5096435546875,0.01090234596932218,0.003968876020199914,57,0.023371182267875587,0.5097613736877641,0.21486912083819765,0.0096435546875,1.0,0.009761373687764086,1.0,-0.008224023987522533,1.0,-0.010866466168970718,1.0,9.299814701080322e-05,9.528441627217303e-05
1.6,16000,301,138,0.22573558700716836,0.5,0.08157604680305908,0.23411409223885732,0.5032958984375,0.011076727816618188,0.004372100120989527,64,0.037610641596376726,0.49943712525033285,0.23067338506128662,0.0032958984375,1.0,-0.0005628747496671527,1.0,0.008378505231688954,1.0,0.004937798054118259,1.0,1.0862946510314941e-05,3.168279838128598e-07
1.6,16000,301,139,0.22573558700716836,0.5,0.09052892333538444,0.21831791146344587,0.509765625,0.010938368063756454,0.003958742258055183,55,0.02263207472637615,0.5126626898918119,0.21584072159593037,0.009765625,1.0,0.012662689891811851,1.0,-0.007417675543722496,1.0,-0.00989486541123799,1.0,9.5367431640625e-05,0.00016034371529619404
1.6,16000,301,140,0.22573558700716836,0.5,0.08367654647157532,0.22976653128986288,0.5316162109375,0.011483433380881583,0.003985541068406529,67,0.02845812257930958,0.5415056602216707,0.22648382374447787,0.0316162109375,1.0,0.04150566022167068,1.0,0.004030944282694515,1.0,0.0007482367373095045,1.0,0.0009995847940444946,0.001722719830436776
1.6,16000,301,141,0.22573558700716836,0.5,0.07787957653002879,0.23720810681417087,0.531005859375,0.011317358951358408,0.00437551195659918,70,0.026917704499882775,0.5443764670157656,0.234009391942393,0.031005859375,1.0,0.044376467015765586,1.0,0.011472519807002507,1.0,0.008273804935224643,1.0,0.0009613633155822754,0.001969270824801331
1.6,16000,301,142,0.22573558700716836,0.5,0.09811991359008285,0.22778282086318535,0.4742431640625,0.0106656866020469,0.004459394864017376,111,0.04783165246747989,0.4706582860357723,0.2236113866155437,-0.0257568359375,1.0,-0.02934171396422769,1.0,0.002047233856016989,1.0,-0.00212420039162467,1.0,0.0006634145975112915,0.0008609361783585541
1.6,16000,301,143,0.22573558700716836,0.5,0.09082546119621238,0.23769100177582853,0.479736328125,0.010727451339925751,0.004242014367719561,58,0.022409915527915446,0.47847843360663955,0.23482201870714883,-0.020263671875,1.0,-0.021521566393360447,1.0,0.01195541476866016,1.0,0.009086431699980468,1.0,0.000410616397857666,0.0004631778200238218
1.6,16000,301,144,0.22573558700716836,0.5,0.08226905749875922,0.21637377495212134,0.497802734375,0.010912650046892987,0.004052145917809834,86,0.038397113556214085,0.5011565254514073,0.21204738270731321,-0.002197265625,1.0,0.0011565254514073198,1.0,-0.00936181205504702,1.0,-0.01368820429985515,1.0,4.827976226806641e-06,1.3375511197529049e-06
1.6,16000,301,145,0.22573558700716836,0.5,0.10066466877931107,0.2344278632140394,0.4508056640625,0.010232615136615322,0.0045718818437023205,56,0.020287236510223083,0.44634892669886167,0.23235964519740726,-0.0491943359375,0.0,-0.05365107330113833,0.0,0.008692276206871047,1.0,0.006624058190238896,1.0,0.002420082688331604,0.002878437666364118
1.6,16000,301,146,0.22573558700716836,0.5,0.09367278830915432,0.2628580105298579,0.5257568359375,0.011113432217362272,0.004453154603000207,79,0.030584001118419912,0.5309002612420503,0.2599555042140209,0.0257568359375,1.0,0.030900261242050253,1.0,0.037122423522689546,0.0,0.03421991720685255,0.0,0.0006634145975112915,0.000954826144826953
1.6,16000,301,147,0.22573558700716836,0.5,0.06757726099568942,0.23674967471444905,0.535400390625,0.011276048423105428,0.0040895829075038225,72,0.02972688316937226,0.5334485964846067,0.23373258001013855,0.035400390625,1.0,0.03344859648460674,1.0,0.011014087707280684,1.0,0.007996993002970187,1.0,0.0012531876564025879,0.0011188086067900464
1.6,16000,301,148,0.22573558700716836,0.5,0.09543819633439066,0.2382071211341269,0.52099609375,0.011200961025602377,0.004362593038115984,66,0.025408689065062984,0.5299838223346575,0.234950966348584,0.02099609375,1.0,0.02998382233465746,1.0,0.012471534126958533,1.0,0.009215379341415642,1.0,0.00044083595275878906,0.0008990296017963036
1.6,16000,301,149,0.22573558700716836,0.5,0.06900316607247114,0.212535771128035,0.4974365234375,0.010925156528846215,0.0039203687161928165,70,0.028446062373075877,0.4870651731466735,0.20898132319593682,-0.0025634765625,1.0,-0.012934826853326475,1.0,-0.013199815879133353,1.0,-0.016754263811231546,1.0,6.571412086486816e-06,0.0001673097457255357
2.5,1000,30,0,0.15124738716286684,0.5,0.3005271017542969,0.23059655643403454,0.676513671875,0.050086353111964556,0.003563264492638076,65,0.11508876971941337,1.086265992642129,0.1775237644766345,0.176513671875,1.0,0.586265992642129,0.0,0.0793491692711677,1.0,0.026276377313767668,1.0,0.031157076358795166,0.3437078141286608
2.5,1000,30,1,0.15124738716286684,0.5,0.2500560580845872,0.2433962671519948,0.6002197265625,0.05029996968983331,0.004023929219469484,55,0.07899777242331368,1.0581991938123716,0.186552402253289,0.1002197265625,1.0,0.5581991938123716,0.0,0.09214887998912796,1.0,0.035305015090422165,1.0,0.010043993592262268,0.31158633997278157
2.5,1000,30,2,0.15124738716286684,0.5,0.31641103440418644,0.15961021646570492,0.489013671875,0.042110481429985434,0.0035387087427210134,71,0.10161906800952336,0.42777474895754597,0.09986968087381907,-0.010986328125,1.0,-0.07222525104245403,1.0,0.008362829302838076,1.0,-0.05137770628904777,1.0,0.00012069940567016602,0.005216486888145507
2.5,1000,30,3,0.15124738716286684,0.5,0.3298181243549501,0.23927213805321867,0.6129150390625,0.05192566396370067,0.004080619759273976,52,0.06625522820612326,0.6507883060818511,0.19854557790156407,0.1129150390625,1.0,0.15078830608185112,0.0,0.08802475089035183,1.0,0.04729819073869723,1.0,0.012749806046485901,0.02273711325103402
2.5,1000,30,4,0.15124738716286684,0.5,0.32371973955550076,0.22786630765571975,0.4595947265625,0.039883204742520675,0.004861797046168081,100,0.12532837275492253,0.3764283642497306,0.18129273990155462,-0.0404052734375,1.0,-0.12357163575026942,1.0,0.0766189204928529,1.0,0.030045352738687775,1.0,0.001632586121559143,0.015269949161997263
2.5,1000,30,5,0.15124738716286684,0.5,0.2780463186059801,0.20653224210261273,0.55908203125,0.043288961014135395,0.0037948987168649802,57,0.08023811917130917,0.5272128487371798,0.16843814204452612,0.05908203125,1.0,0.027212848737179773,1.0,0.05528485493974589,1.0,0.017190754881659276,1.0,0.0034906864166259766,0.0007405391363926268
2.5,1000,30,6,0.15124738716286684,0.5,0.2972325130804747,0.2107190457928937,0.5528564453125,0.045230616638821525,0.003942121254662878,99,0.16623495662699506,0.46240954504105153,0.15751641104841396,0.0528564453125,1.0,-0.03759045495894847,1.0,0.05947165863002685,1.0,0.00626902388554712,1.0,0.0027938038110733032,0.0014130423040207337
2.5,1000,30,7,0.15124738716286684,0.5,0.40166904973791373,0.28507021539712923,0.6654052734375,0.052667006136599574,0.004606603307592847,39,0.04309007968302155,0.7580561313761509,0.25990663943191555,0.1654052734375,0.0,0.2580561313761509,0.0,0.1338228282342624,0.0,0.10865925226904871,0.0,0.027358904480934143,0.06659296694082525
2.5,1000,30,8,0.15124738716286684,0.5,0.3771173426579078,0.25711678255663684,0.5018310546875,0.04468731082461565,0.005065194685341198,65,0.07028326219747771,0.4669205486169965,0.2269695709419254,0.0018310546875,1.0,-0.0330794513830035,1.0,0.10586939539377,0.0,0.07572218377905857,1.0,3.3527612686157227e-06,0.0010942501038004922
2.5,1000,30,9,0.15124738716286684,0.5,0.30189006725493406,0.159942390118163,0.454833984375,0.039485077099341036,0.004009569041701527,83,0.11283632384270367,0.5568881907206401,0.11444045107919223,-0.045166015625,1.0,0.05688819072064011,1.0,0.008695002955296155,1.0,-0.03680693608367461,1.0,0.002039968967437744,0.003236266243467923
2.5,1000,30,10,0.15124738716286684,0.5,0.3376885362170233,0.1692033419013317,0.601806640625,0.04425286544025952,0.0029765771651310813,66,0.10406068738436956,0.5573562396141849,0.09808655797500711,0.101806640625,1.0,0.0573562396141849,1.0,0.01795595473846487,1.0,-0.053160829187859734,1.0,0.0103645920753479,0.0032897382226797934
2.5,1000,30,11,0.15124738716286684,0.5,0.2863805277077006,0.20012691950792894,0.618896484375,0.045969569993943034,0.0037471513912524603,87,0.13155827604736461,1.1126475047536195,0.14597539119523417,0.118896484375,1.0,0.6126475047536195,0.0,0.04887953234506209,1.0,-0.00527199596763267,1.0,0.01413637399673462,0.37533696508083625
2.5,1000,30,12,0.15124738716286684,0.5,0.35406166048991927,0.20349067354088357,0.5260009765625,0.047038385693809026,0.004744092492264913,86,0.09223187576630124,0.6125564524500804,0.15969451920002037,0.0260009765625,1.0,0.11255645245008039,1.0,0.05224328637801673,1.0,0.008447132037153526,1.0,0.0006760507822036743,0.012668954988147208
2.5,1000,30,13,0.15124738716286684,0.5,0.3253822953554718,0.17127775804531226,0.4869384765625,0.043609976211767314,0.004382920157798393,72,0.0934945448898089,0.7914036779110216,0.11519325175425398,-0.0130615234375,1.0,0.2914036779110216,0.0,0.020030370882445414,1.0,-0.03605413540861287,1.0,0.00017060339450836182,0.08491610350007042
2.5,1000,30,14,0.15124738716286684,0.5,0.28476693958806104,0.17857427411044724,0.51953125,0.042162447216711516,0.0034853480009697587,58,0.09980258104548723,0.493568760506909,0.1291923063225919,0.01953125,1.0,-0.00643123949309099,1.0,0.027326886947580398,1.0,-0.022055080840274938,1.0,0.0003814697265625,4.1360841417493254e-05
2.5,1000,30,15,0.15124738716286684,0.5,0.3765457597192816,0.2673549897184645,0.6334228515625,0.05372770912780206,0.004949311909134247,100,0.10984198412523859,0.771427142456296,0.21984788002860492,0.1334228515625,1.0,0.27142714245629596,0.0,0.11610760255559766,0.0,0.06860049286573808,1.0,0.01780165731906891,0.07367269366199038
2.5,1000,30,16,0.15124738716286684,0.5,0.4184635160544046,0.342822150297299,0.725830078125,0.05229918455369374,0.004428647570305619,64,0.09958934694871724,0.9314521867660144,0.30261566887266655,0.225830078125,0.0,0.4314521867660144,0.0,0.19157476313443217,0.0,0.1513682817097997,0.0,0.050999224185943604,0.18615098946517575
2.5,1000,30,17,0.15124738716286684,0.5,0.3239014115325976,0.20027311221655383,0.5565185546875,0.043526228719422945,0.004288848694294749,81,0.0868686525438309,0.3869816736134609,0.14333727775305116,0.0565185546875,1.0,-0.11301832638653908,1.0,0.04902572505368699,1.0,-0.00791010940981568,1.0,0.0031943470239639282,0.012773142099214275
2.5,1000,30,18,0.15124738716286684,0.5,0.37509751218433324,0.22516850282260908,0.6004638671875,0.04670472042066773,0.004854691040527415,52,0.06636368899499537,0.6234948941164561,0.18583553101875921,0.1004638671875,1.0,0.12349489411645609,1.0,0.07392111565974224,1.0,0.03458814385589237,1.0,0.01009298861026764,0.0152509888728347
2.5,1000,30,19,0.15124738716286684,0.5,0.3560987850188447,0.24549071911998854,0.528564453125,0.044766198042509794,0.004658671787323264,74,0.10277227246206062,0.47975079680263816,0.2021955461449863,0.028564453125,1.0,-0.020249203197361842,1.0,0.0942433319571217,0.0,0.05094815898211946,1.0,0.0008159279823303223,0.0004100302301280491
2.5,1000,30,20,0.15124738716286684,0.5,0.23523019175127138,0.22486141302109927,0.59375,0.04387037140230921,0.003925193993162218,66,0.12085670626240744,0.5093665540350975,0.16890067949843646,0.09375,1.0,0.009366554035097452,1.0,0.07361402585823243,1.0,0.017653292335569615,1.0,0.0087890625,8.773233449240036e-05
2.5,1000,30,21,0.15124738716286684,0.5,0.24263436533197041,0.21422403711367477,0.7041015625,0.05077398898255588,0.0030698012808538467,67,0.113148495817835,1.012636419022683,0.12099082960202379,0.2041015625,1.0,0.5126364190226831,0.0,0.06297664995080793,1.0,-0.030256557560843056,1.0,0.041657447814941406,0.26279609810839993
2.5,1000,30,22,0.15124738716286684,0.5,0.3237880694195097,0.20312784116945493,0.631103515625,0.05119756561410712,0.003911263117505677,59,0.07539195358218816,0.7386453767425134,0.15739719911903488,0.131103515625,1.0,0.2386453767425134,0.0,0.051880454006588084,1.0,0.006149811956168039,1.0,0.01718813180923462,0.056951615840576154
2.5,1000,30,23,0.15124738716286684,0.5,0.351361528660735,0.20569426932140328,0.53369140625,0.044463986302490245,0.0043912086882969895,93,0.1136380121746699,0.6515358331931626,0.14003249110656138,0.03369140625,1.0,0.15153583319316255,1.0,0.054446882158536436,1.0,-0.011214896056305462,1.0,0.001135110855102539,0.022963108741545984
2.5,1000,30,24,0.15124738716286684,0.5,0.23663185430255662,0.22240775674489457,0.6602783203125,0.051346030294086256,0.00362540820989732,50,0.0809418278375637,0.9380819459282509,0.17056606857148138,0.1602783203125,0.0,0.4380819459282509,0.0,0.07116036958202773,1.0,0.019318681408614535,1.0,0.02568913996219635,0.19191579134828293
2.5,1000,30,25,0.15124738716286684,0.5,0.3229311831897059,0.13597171679081066,0.4774169921875,0.04810139218028333,0.003405177827188981,56,0.10698744736643528,0.769704035435987,0.08919551378188834,-0.0225830078125,1.0,0.269704035435987,0.0,-0.015275670372056183,1.0,-0.062051873380978506,1.0,0.000509992241859436,0.07274026673045612
2.5,1000,30,26,0.15124738716286684,0.5,0.2920470487879498,0.21072581262465573,0.6114501953125,0.05197340730105701,0.004257013745580187,38,0.05502634912225885,1.0671047461071188,0.17857111920524044,0.1114501953125,0.0,0.5671047461071188,0.0,0.059478425461788886,1.0,0.027323732042373594,1.0,0.012421146035194397,0.3216077930572197
2.5,1000,30,27,0.15124738716286684,0.5,0.30661410455938437,0.17340998265289564,0.47021484375,0.04356856913490806,0.00388591690507258,62,0.09682875937478415,0.572091414869232,0.11992599621126976,-0.02978515625,1.0,0.07209141486923198,1.0,0.022162595490028802,1.0,-0.03132139095159708,1.0,0.0008871555328369141,0.005197172097847723
2.5,1000,30,28,0.15124738716286684,0.5,0.30883431677206674,0.21846941111193297,0.597900390625,0.04855507655093384,0.004628940554591109,100,0.11345764089824896,0.766113348617443,0.16201754304882854,0.097900390625,1.0,0.26611334861744296,0.0,0.06722202394906612,1.0,0.010770155885961696,1.0,0.009584486484527588,0.07081631431238873
2.5,1000,30,29,0.15124738716286684,0.5,0.3580402792153586,0.16311241146860483,0.4036865234375,0.03470475174950981,0.004436644898309137,108,0.14244793098655203,0.24751738228339604,0.10454738895865029,-0.0963134765625,1.0,-0.25248261771660396,1.0,0.011865024305737992,1.0,-0.04669999820421655,1.0,0.009276285767555237,0.06374747224902878
2.5,1000,30,30,0.15124738716286684,0.5,0.3134225053236079,0.18851982425551206,0.4234619140625,0.039330493894899135,0.004151543847352948,45,0.0719001107969155,0.24791791171557148,0.15398864339155477,-0.0765380859375,1.0,-0.2520820882844285,0.0,0.037272437092645216,1.0,0.002741256228687927,1.0,0.005858078598976135,0.06354537923383842
2.5,1000,30,31,0.15124738716286684,0.5,0.40301104504229784,0.22463961733048146,0.3870849609375,0.0383659564165016,0.005413653900990046,70,0.08626129402819215,0.23824642220265052,0.19348020721431897,-0.1129150390625,1.0,-0.2617535777973495,0.0,0.07339223016761462,1.0,0.042232820051452125,1.0,0.012749806046485901,0.06851493548971309
2.5,1000,30,32,0.15124738716286684,0.5,0.29333484027949414,0.2302623956397723,0.706787109375,0.04952360573821343,0.003307636457224215,52,0.08717595123338277,0.6027441327782603,0.1851230006212527,0.206787109375,0.0,0.10274413277826033,1.0,0.07901500847690546,1.0,0.033875613458385856,1.0,0.04276090860366821,0.010556356820356789
2.5,1000,30,33,0.15124738716286684,0.5,0.31077201727713316,0.26087407525195405,0.5672607421875,0.05126101319363105,0.004653190529060477,59,0.06391654228215728,0.37946530601249906,0.22516289209237073,0.0672607421875,1.0,-0.12053469398750094,1.0,0.10962668808908721,0.0,0.07391550492950388,1.0,0.004524007439613342,0.014528612454660495
2.5,1000,30,34,0.15124738716286684,0.5,0.27810103676069475,0.20418520807107407,0.5208740234375,0.04440151126368633,0.0037325731513650168,124,0.25350157758208686,0.4057554006230455,0.12689551466347418,0.0208740234375,1.0,-0.09424459937695451,1.0,0.05293782090820723,1.0,-0.024351872499392663,1.0,0.0004357248544692993,0.008882044511722654
2.5,1000,30,35,0.15124738716286684,0.5,0.3362420732804481,0.11466790851380242,0.4033203125,0.03734882208158445,0.0034919727157470765,84,0.13494519250587547,0.17443196327163782,0.04763871651109408,-0.0966796875,1.0,-0.3255680367283622,0.0,-0.036579478649064426,1.0,-0.10360867065177276,0.0,0.009346961975097656,0.1059945465391602
2.5,1000,30,36,0.15124738716286684,0.5,0.3445693819710897,0.29437037685421374,0.660400390625,0.05050548391480426,0.004160635156396592,51,0.07520558800339014,0.5250141775186508,0.26441084022747413,0.160400390625,0.0,0.02501417751865076,1.0,0.1431229896913469,0.0,0.11316345306460729,0.0,0.025728285312652588,0.0006257090769345731
2.5,1000,30,37,0.15124738716286684,0.5,0.33243094470337875,0.18165238068952616,0.459228515625,0.03788357100665595,0.0041174206719252655,164,0.31914106860364444,0.41833511302134807,0.0818886981261902,-0.040771484375,1.0,-0.08166488697865193,1.0,0.03040499352665932,1.0,-0.06935868903667664,1.0,0.0016623139381408691,0.006669153765235993
2.5,1000,30,38,0.15124738716286684,0.5,0.3275549892520707,0.34462885075642946,0.7281494140625,0.05527310013704397,0.004463362245943623,80,0.1127999605271278,0.9560006144579125,0.2885673666713756,0.2281494140625,0.0,0.4560006144579125,0.0,0.19338146359356262,0.0,0.13731997950850877,0.0,0.05205215513706207,0.20793656038599376
2.5,1000,30,39,0.15124738716286684,0.5,0.357113363165492,0.20079264870412242,0.561279296875,0.04149292119588723,0.004641994153663456,96,0.1103470494718245,0.6340997989272169,0.14300062078737016,0.061279296875,1.0,0.1340997989272169,1.0,0.049545261541255575,1.0,-0.008246766375496678,1.0,0.0037551522254943848,0.017982756072320003
2.5,1000,30,40,0.15124738716286684,0.5,0.31297184479574075,0.16057083974538972,0.5736083984375,0.04545961607510367,0.0029008485151580206,57,0.10305188367030711,0.68648293194847,0.10132622749942471,0.0736083984375,1.0,0.18648293194847,1.0,0.009323452582522873,1.0,-0.04992115966344213,1.0,0.0054181963205337524,0.03477588390809769
2.5,1000,30,41,0.15124738716286684,0.5,0.38096764017115614,0.21782315661842488,0.5244140625,0.04622946103364035,0.004323642222101268,58,0.08532651244339921,0.48909661714917313,0.1753229079947351,0.0244140625,1.0,-0.01090338285082687,1.0,0.06657576945555804,1.0,0.024075520831868258,1.0,0.0005960464477539062,0.0001188837575917055
2.5,1000,30,42,0.15124738716286684,0.5,0.3092348463006338,0.2300750421796675,0.6136474609375,0.04593844918969204,0.003981480047011977,91,0.11809471979731247,0.7526497209576594,0.17107003481356528,0.1136474609375,1.0,0.25264972095765936,0.0,0.07882765501680067,1.0,0.01982264765069844,1.0,0.012915745377540588,0.06383188149998315
2.5,1000,30,43,0.15124738716286684,0.5,0.42259500944009687,0.25933813143180334,0.5472412109375,0.04540722503764126,0.005331546212423102,100,0.11125757617763195,0.42248035113955695,0.2000876262448157,0.0472412109375,1.0,-0.07751964886044305,1.0,0.1080907442689365,0.0,0.048840239081948844,1.0,0.0022317320108413696,0.006009295959446389
2.5,1000,30,44,0.15124738716286684,0.5,0.29234055726451674,0.16137711606925362,0.522705078125,0.04008642667877004,0.003504383925289513,97,0.2008015877705494,0.9440062475908588,0.0942707800661432,0.022705078125,1.0,0.4440062475908588,0.0,0.010129728906386776,1.0,-0.05697660709672364,1.0,0.0005155205726623535,0.19714154789971503
2.5,1000,30,45,0.15124738716286684,0.5,0.3511061910468981,0.1521145119369952,0.4267578125,0.03937402913170093,0.004318491591085771,52,0.06729811808059603,0.2422389328221628,0.10696517508998854,-0.0732421875,1.0,-0.2577610671778372,0.0,0.0008671247741283694,1.0,-0.0442822120728783,1.0,0.005364418029785156,0.0664407677526575
2.5,1000,30,46,0.15124738716286684,0.5,0.27600081036994706,0.22649714667635606,0.4920654296875,0.044623637208892473,0.004639833618583297,66,0.08440140873270735,0.48397829260075287,0.18456490169953843,-0.0079345703125,1.0,-0.01602170739924713,1.0,0.07524975951348922,1.0,0.03331751453667159,1.0,6.295740604400635e-05,0.0002566951079870903
2.5,1000,30,47,0.15124738716286684,0.5,0.26933189631048504,0.19482927199821776,0.5869140625,0.04591691091999713,0.0035904125052580262,74,0.11393580158289131,0.8574383030563464,0.13579817115495474,0.0869140625,1.0,0.3574383030563464,0.0,0.043581884835350915,1.0,-0.015449216007912103,1.0,0.007554054260253906,0.1277621404918005
2.5,1000,30,48,0.15124738716286684,0.5,0.3102060281299789,0.18677011422659262,0.5224609375,0.04626604998626618,0.004262071442290814,94,0.12955820787467368,0.3248562746038339,0.12718691052553058,0.0224609375,1.0,-0.17514372539616607,1.0,0.03552272706372578,1.0,-0.024060476637336264,1.0,0.0005044937133789062,0.030675324545647628
2.5,1000,30,49,0.15124738716286684,0.5,0.2930964543963451,0.1758982640889152,0.5252685546875,0.04050320587267983,0.003665186256731447,67,0.11906921810975059,0.4939370883266015,0.11412686690608595,0.0252685546875,1.0,-0.006062911673398508,1.0,0.024650876926048365,1.0,-0.03712052025678089,1.0,0.0006384998559951782,3.675889795943189e-05
2.5,1000,30,50,0.15124738716286684,0.5,0.31171800660050103,0.1920871037420666,0.5472412109375,0.04470415304386387,0.003750476622642362,92,0.16515045999995473,0.2832698579202624,0.09538529745046391,0.0472412109375,1.0,-0.21673014207973762,1.0,0.04083971657919977,1.0,-0.05586208971240293,1.0,0.0022317320108413696,0.04697195448590326
2.5,1000,30,51,0.15124738716286684,0.5,0.360755531021998,0.29447891903174755,0.7764892578125,0.05692420243716738,0.0034634241633589987,46,0.10367944771289454,1.2874981635181726,0.24432937800780488,0.2764892578125,0.0,0.7874981635181726,0.0,0.1432315318688807,0.0,0.09308199084493804,1.0,0.07644630968570709,0.6201533575444945
2.5,1000,30,52,0.15124738716286684,0.5,0.28267787150602447,0.1454964952360009,0.6383056640625,0.04548070326709923,0.002882219567116809,106,0.1816579394509088,0.5526923447070538,0.07156398038026868,0.1383056640625,1.0,0.05269234470705375,1.0,-0.005750891926865953,1.0,-0.07968340678259817,1.0,0.019128456711769104,0.0027764831907269756
2.5,1000,30,53,0.15124738716286684,0.5,0.28763232903813146,0.1465546930794859,0.53369140625,0.044999558976255405,0.0030188229016101134,55,0.09895313398365478,0.4450531909378924,0.09685589834200817,0.03369140625,1.0,-0.05494680906210758,1.0,-0.004692694083380938,1.0,-0.054391488820858674,1.0,0.001135110855102539,0.0030191518261077077
2.5,1000,30,54,0.15124738716286684,0.5,0.2842299839756919,0.20984609916636612,0.548828125,0.04494056155896098,0.004297857757492445,63,0.089720155571174,0.7956446320531018,0.14168390570774675,0.048828125,1.0,0.29564463205310176,0.0,0.05859871200349928,1.0,-0.009563481455120093,1.0,0.002384185791015625,0.08740574846181393
2.5,1000,30,55,0.15124738716286684,0.5,0.3584175747581359,0.22245336689558637,0.5997314453125,0.049312822694170325,0.004512482370586269,76,0.12465808582711307,0.5757082005805769,0.17939543816411463,0.0997314453125,1.0,0.07570820058057692,1.0,0.07120597973271953,1.0,0.028148051001247787,1.0,0.009946361184120178,0.005731731635148868
2.5,1000,30,56,0.15124738716286684,0.5,0.3013476547888528,0.18577610558750735,0.6021728515625,0.04693586469706931,0.0038930733668975782,104,0.20972767996277616,0.9077806287326344,0.136594004245654,0.1021728515625,1.0,0.40778062873263443,1.0,0.0345287184246405,1.0,-0.014653382917212854,1.0,0.010439291596412659,0.16628504116958265
2.5,1000,30,57,0.15124738716286684,0.5,0.37782871681649044,0.32976597324719853,0.789794921875,0.05148489111293599,0.0043968780174718555,63,0.09393172789819079,0.7355045977186345,0.3019293071691807,0.289794921875,0.0,0.23550459771863452,0.0,0.1785185860843317,0.0,0.15068192000631386,0.0,0.08398109674453735,0.05546241554661588
2.5,1000,30,58,0.15124738716286684,0.5,0.296757105269532,0.20786172537440684,0.5391845703125,0.042844864321486396,0.004314477793644801,136,0.17456485529316587,0.5186069284123531,0.13902657569615254,0.0391845703125,1.0,0.01860692841235312,1.0,0.056614338211539994,1.0,-0.012220811466714304,1.0,0.0015354305505752563,0.00034621778494243376
2.5,1000,30,59,0.15124738716286684,0.5,0.34044615710057036,0.1870541919405906,0.496337890625,0.042468613079510435,0.003756854236149681,73,0.11831665013402187,0.2841590309859269,0.14667380646009215,-0.003662109375,1.0,-0.21584096901407313,1.0,0.035806804777723744,1.0,-0.004573580702774693,1.0,1.341104507446289e-05,0.04658732390493407
2.5,1000,30,60,0.15124738716286684,0.5,0.2813912544887262,0.2781651804572514,0.7943115234375,0.0516810234774403,0.003499619488498185,71,0.12965205338099062,0.8711968996399936,0.2080650146786338,0.2943115234375,0.0,0.3711968996399936,0.0,0.12691779329438457,0.0,0.056817627515766966,1.0,0.08661927282810211,0.13778713830234346
2.5,1000,30,61,0.15124738716286684,0.5,0.3255042416055606,0.31151036719714986,0.6683349609375,0.046996160558707534,0.004947842185179922,86,0.1070663501356714,0.5626769249632946,0.2627280548140581,0.1683349609375,1.0,0.06267692496329458,1.0,0.16026298003428302,0.0,0.11148066765119125,0.0,0.02833665907382965,0.003928396922854459
2.5,1000,30,62,0.15124738716286684,0.5,0.3596553889113575,0.18834623918124632,0.4215087890625,0.03815039051959681,0.00477643047576813,129,0.1652727926924138,0.15632911881834594,0.1382332592522972,-0.0784912109375,1.0,-0.34367088118165406,0.0,0.03709885201837948,1.0,-0.013014127910569634,1.0,0.00616087019443512,0.11810967457217458
2.5,1000,30,63,0.15124738716286684,0.5,0.3495167521101795,0.22699675160246188,0.5703125,0.04367260970790473,0.004189778324621046,105,0.12589352546969831,0.2926798798991187,0.17323009438775294,0.0703125,1.0,-0.2073201201008813,1.0,0.07574936443959504,1.0,0.0219827072248861,1.0,0.00494384765625,0.04298163219864384
2.5,1000,30,64,0.15124738716286684,0.5,0.3125949344168054,0.1883535003672296,0.5462646484375,0.045194627766984054,0.0038024513912342183,53,0.07095293851017569,0.5708336350743765,0.14678276324704054,0.0462646484375,1.0,0.07083363507437646,1.0,0.037106113204362745,1.0,-0.004464623915826305,1.0,0.002140417695045471,0.0050174038578499345
2.5,1000,30,65,0.15124738716286684,0.5,0.3798949478914584,0.27941122624506765,0.6260986328125,0.05035334510467852,0.004885409104711655,63,0.07545333951476667,0.7335241995570828,0.2409794531527948,0.1260986328125,1.0,0.2335241995570828,0.0,0.1281638390822008,0.0,0.08973206598992794,1.0,0.0159008651971817,0.05453355177877624
2.5,1000,30,66,0.15124738716286684,0.5,0.33357287085689263,0.2273683433365991,0.61279296875,0.049115692958367284,0.003979355203319006,78,0.12716708659376771,0.7263130232039761,0.17426186319455605,0.11279296875,1.0,0.22631302320397606,1.0,0.07612095617373227,1.0,0.023014476031689213,1.0,0.012722253799438477,0.05121758447172341
2.5,1000,30,67,0.15124738716286684,0.5,0.3142359831858963,0.23029480743748676,0.7161865234375,0.05297492065747079,0.0036115739204022872,83,0.13238837436363282,0.8410087631460031,0.17571463069173432,0.2161865234375,1.0,0.34100876314600315,0.0,0.07904742027461992,1.0,0.024467243528867477,1.0,0.04673661291599274,0.11628697654236687
2.5,1000,30,68,0.15124738716286684,0.5,0.22751088335214084,0.1368181508734101,0.5029296875,0.04337716194650661,0.0030928454874130265,122,0.27623050679805844,0.8785168902865268,0.04947895079534523,0.0029296875,1.0,0.3785168902865268,1.0,-0.014429236289456748,1.0,-0.10176843636752161,0.0,8.58306884765625e-06,0.14327503623218257
2.5,1000,30,69,0.15124738716286684,0.5,0.24052348695888126,0.22817450710175347,0.5797119140625,0.04876715612032726,0.003778821708499039,62,0.08415240140478913,0.5607764060069946,0.17599012620714669,0.0797119140625,1.0,0.06077640600699463,1.0,0.07692711993888662,1.0,0.024742739044279843,1.0,0.006353989243507385,0.003693771527127053
2.5,1000,30,70,0.15124738716286684,0.5,0.3692815015183997,0.22302342211960113,0.462890625,0.04672409016119068,0.005080825475700612,42,0.055630232727154595,0.5909357972668016,0.17920172530956416,-0.037109375,1.0,0.09093579726680157,1.0,0.07177603495673429,1.0,0.027954338146697316,1.0,0.001377105712890625,0.008269319224548835
2.5,1000,30,71,0.15124738716286684,0.5,0.3156086867746654,0.21535978057540167,0.6048583984375,0.046641197674032187,0.0037599032727824457,62,0.09599203667820463,0.4677729200968834,0.17254336918300395,0.1048583984375,1.0,-0.03222707990311657,1.0,0.06411239341253483,1.0,0.021295982020137105,1.0,0.010995283722877502,0.0010385846790818601
2.5,1000,30,72,0.15124738716286684,0.5,0.3504540686181286,0.1592301167255421,0.365966796875,0.03806074573998458,0.004477203076245388,72,0.11271719009656725,0.0637011559793253,0.10120095180378008,-0.134033203125,1.0,-0.4362988440206747,0.0,0.007982729562675261,1.0,-0.05004643535908676,1.0,0.01796489953994751,0.19035668129377703
2.5,1000,30,73,0.15124738716286684,0.5,0.2808773045502851,0.22148169720704886,0.5184326171875,0.03910969381428717,0.004074181084989855,71,0.08135250755852087,0.6099232086875725,0.1896894043771835,0.0184326171875,1.0,0.10992320868757255,1.0,0.07023431004418201,1.0,0.03844201721431667,1.0,0.0003397613763809204,0.012083111808171626
2.5,1000,30,74,0.15124738716286684,0.5,0.27686617255231755,0.19362686635148782,0.602783203125,0.049069151048242145,0.003760178460172316,68,0.10805961542525765,1.2469732303034433,0.13850525187150006,0.102783203125,1.0,0.7469732303034433,0.0,0.04237947918862098,1.0,-0.01274213529136678,1.0,0.01056438684463501,0.557969006789961
2.5,1000,30,75,0.15124738716286684,0.5,0.342039268813271,0.19614109493040502,0.591796875,0.04836040974881302,0.003337685350429989,44,0.07174362877815722,0.8627583219530206,0.12466871302621135,0.091796875,1.0,0.3627583219530206,0.0,0.04489370776753818,1.0,-0.02657867413665549,1.0,0.008426666259765625,0.13159360014617136
2.5,1000,30,76,0.15124738716286684,0.5,0.29026312661146164,0.2725383379561992,0.662841796875,0.05344119759377981,0.004302489046504608,89,0.12874855519144857,0.7655124519280161,0.2187724275060558,0.162841796875,1.0,0.2655124519280161,0.0,0.12129095079333235,0.0,0.06752504034318896,1.0,0.02651745080947876,0.07049686212882705
2.5,1000,30,77,0.15124738716286684,0.5,0.26961794727426763,0.24247096485808123,0.6817626953125,0.0548811853276797,0.003626789057700045,43,0.07157868712490087,0.9836516824684234,0.20462924691522227,0.1817626953125,0.0,0.4836516824684234,0.0,0.09122357769521439,1.0,0.05338185975235543,1.0,0.03303767740726471,0.23391894995453663
2.5,1000,30,78,0.15124738716286684,0.5,0.27256552448150445,0.24920744006382745,0.6864013671875,0.04768899441234313,0.003837734446315758,52,0.09258150362881133,0.8283970670262347,0.1934762032355885,0.1864013671875,0.0,0.3283970670262347,0.0,0.0979600529009606,0.0,0.042228816072721664,1.0,0.0347454696893692,0.1078446336314333
2.5,1000,30,79,0.15124738716286684,0.5,0.33368405221155306,0.24354199912497101,0.6241455078125,0.05257797934738221,0.004285478400554792,101,0.1465823702149819,1.1276577007800839,0.19422172546995417,0.1241455078125,1.0,0.6276577007800839,0.0,0.09229461196210417,1.0,0.04297433830708733,1.0,0.015412107110023499,0.3939541893485413
2.5,1000,30,80,0.15124738716286684,0.5,0.2570649911914353,0.18518304643567662,0.5537109375,0.047017026141544745,0.0035582029891799874,48,0.08269477167856881,0.7242645077182132,0.1438930993046881,0.0537109375,1.0,0.22426450771821316,0.0,0.03393565927280978,1.0,-0.007354287858178737,1.0,0.0028848648071289062,0.05029456942209249
2.5,1000,30,81,0.15124738716286684,0.5,0.326177681555887,0.2406124673678824,0.6328125,0.049918030906983865,0.004245711802839334,74,0.13215111437681024,0.7166386514616636,0.19519648602000833,0.1328125,1.0,0.2166386514616636,1.0,0.08936508020501555,1.0,0.04394909885714149,1.0,0.01763916015625,0.046932305307128164
2.5,1000,30,82,0.15124738716286684,0.5,0.31441547372707274,0.1641720686399614,0.55859375,0.043144812585267776,0.003765168144531966,118,0.1661573342762218,0.6128362281261103,0.08574930383617156,0.05859375,1.0,0.11283622812611027,1.0,0.012924681477094552,1.0,-0.06549808332669528,1.0,0.0034332275390625,0.012732014377727599
2.5,1000,30,83,0.15124738716286684,0.5,0.24312176536183608,0.1799306467399992,0.558349609375,0.042976161909104464,0.003689005103932983,97,0.1381685541449633,0.6147554609505843,0.1350903768945504,0.058349609375,1.0,0.11475546095058431,1.0,0.02868325957713236,1.0,-0.016157010268316452,1.0,0.003404676914215088,0.01316881581798108
2.5,1000,30,84,0.15124738716286684,0.5,0.27892738659835803,0.21203715719267688,0.5657958984375,0.04682330792199986,0.0037606504659356828,74,0.11997370173795394,0.6202207798654138,0.16011563003644208,0.0657958984375,1.0,0.1202207798654138,1.0,0.060789770029810036,1.0,0.008868242873575238,1.0,0.004329100251197815,0.014453035911448283
2.5,1000,30,85,0.15124738716286684,0.5,0.284170889317691,0.1937512157799434,0.4822998046875,0.04412870399322913,0.003967971171134324,122,0.209550231534263,-0.06850656404822297,0.13640626147936213,-0.0177001953125,1.0,-0.568506564048223,0.0,0.04250382861707655,1.0,-0.014841125683504708,1.0,0.00031329691410064697,0.32319971336591624
2.5,1000,30,86,0.15124738716286684,0.5,0.37152056439072223,0.1502645260874254,0.4794921875,0.04345776826300789,0.004256241518450294,55,0.06285507534553054,0.48399795674643636,0.1082749851333894,-0.0205078125,1.0,-0.016002043253563636,1.0,-0.0009828610754414324,1.0,-0.04297240202947744,1.0,0.00042057037353515625,0.00025606538828892145
2.5,1000,30,87,0.15124738716286684,0.5,0.41804325272984466,0.24614488892420136,0.689453125,0.05012894944908257,0.004748648533294094,86,0.11982141650157632,0.9315909604523576,0.20957733188027197,0.189453125,1.0,0.43159096045235756,0.0,0.09489750176133452,1.0,0.05832994471740513,1.0,0.035892486572265625,0.18627075714418848
2.5,1000,30,88,0.15124738716286684,0.5,0.31818031823193516,0.17558186764348596,0.36572265625,0.03919238742363648,0.004334191224702362,39,0.06850478972755558,-0.225676281716651,0.13538781397848504,-0.13427734375,0.0,-0.725676281716651,0.0,0.02433448048061912,1.0,-0.015859573184381803,1.0,0.018030405044555664,0.5266060658461043
2.5,1000,30,89,0.15124738716286684,0.5,0.27805416641827496,0.20392113728884273,0.52783203125,0.04119255536214884,0.004231005152618735,98,0.13939420800036104,0.1860390724989361,0.1291387240639408,0.02783203125,1.0,-0.3139609275010639,0.0,0.05267375012597589,1.0,-0.022108663098926035,1.0,0.0007746219635009766,0.09857146399732832
2.5,1000,30,90,0.15124738716286684,0.5,0.2766732156900266,0.13973179639122918,0.4298095703125,0.03833409505993612,0.0035878595408944235,67,0.10854740725844608,0.21354796988770755,0.09384628973829226,-0.0701904296875,1.0,-0.2864520301122925,0.0,-0.011515590771637663,1.0,-0.05740109742457458,1.0,0.004926696419715881,0.08205476555545371
2.5,1000,30,91,0.15124738716286684,0.5,0.39562669780460913,0.2596905088038435,0.5328369140625,0.04166556713401014,0.0053071153842519005,100,0.11946445731329572,0.44076816994007517,0.218523096003473,0.0328369140625,1.0,-0.05923183005992483,1.0,0.10844312164097664,0.0,0.06727570884060616,1.0,0.0010782629251480103,0.0035084096922478143
2.5,1000,30,92,0.15124738716286684,0.5,0.290808950432235,0.2142471899223039,0.6627197265625,0.052458755873703806,0.0034825190694542448,84,0.11504263491813596,0.8317435416236963,0.16173552146772638,0.1627197265625,1.0,0.33174354162369635,0.0,0.06299980275943706,1.0,0.010488134304859537,1.0,0.026477709412574768,0.11005377740903315
2.5,1000,30,93,0.15124738716286684,0.5,0.2938112271317645,0.2490440266465916,0.749755859375,0.05410612479110543,0.003483952369009418,101,0.1955390626462337,1.7083038326037319,0.19285169131620644,0.249755859375,1.0,1.2083038326037319,0.0,0.09779663948372475,1.0,0.0416043041533396,1.0,0.062377989292144775,1.4599981518848673
2.5,1000,30,94,0.15124738716286684,0.5,0.3580482720302651,0.16092886893795205,0.578857421875,0.04494603693370467,0.0036305682521780005,63,0.09708904452799388,0.9886861043771901,0.11567142637133895,0.078857421875,1.0,0.48868610437719007,0.0,0.00968148177508521,1.0,-0.03557596079152789,1.0,0.0062184929847717285,0.2388141086113539
2.5,1000,30,95,0.15124738716286684,0.5,0.4326399435168511,0.22561912534790496,0.5733642578125,0.04747788023323246,0.004926724397670208,102,0.12251761941704682,0.6452711141005357,0.15340855223146033,0.0733642578125,1.0,0.14527111410053573,1.0,0.07437173818503812,1.0,0.0021611650685934847,1.0,0.005382314324378967,0.02110369659201087
2.5,1000,30,96,0.15124738716286684,0.5,0.3361380820884073,0.1555917219475399,0.4390869140625,0.04659300301654027,0.003745972963849199,44,0.07180700691080899,0.8562302908689248,0.10388295390292229,-0.0609130859375,1.0,0.35623029086892477,0.0,0.004344334784673054,1.0,-0.04736443325994455,1.0,0.0037104040384292603,0.12690002013255874
2.5,1000,30,97,0.15124738716286684,0.5,0.29658150639850744,0.2731066024796408,0.614990234375,0.04738338078039975,0.004691586083622805,84,0.12070012840811693,0.3592159552644633,0.22453823132549708,0.114990234375,1.0,-0.14078404473553668,1.0,0.12185921531677396,0.0,0.07329084416263024,1.0,0.013222754001617432,0.019820147252097596
2.5,1000,30,98,0.15124738716286684,0.5,0.2956290957473367,0.2286720358577288,0.61474609375,0.044218254312795524,0.0041227940456104095,95,0.1344955370346557,0.744869947084464,0.18039116454287427,0.11474609375,1.0,0.24486994708446397,1.0,0.07742464869486196,1.0,0.029143777380007424,1.0,0.013166666030883789,0.059961290985148186
2.5,1000,30,99,0.15124738716286684,0.5,0.2713740746674076,0.24718441822342824,0.6322021484375,0.04860698146678861,0.0038387244048581843,76,0.11767079658374047,0.7145184427493605,0.18942372113353761,0.1322021484375,1.0,0.2145184427493605,1.0,0.0959370310605614,0.0,0.03817633397067077,1.0,0.017477408051490784,0.046018162279610655
2.5,1000,30,100,0.15124738716286684,0.5,0.3091768443153957,0.14762168886096488,0.5008544921875,0.042878117267139707,0.003732561197456671,109,0.20401430991454683,0.8011472862133571,0.07792416196158972,0.0008544921875,1.0,0.30114728621335707,1.0,-0.0036256983019019584,1.0,-0.07332322520127713,1.0,7.301568984985352e-07,0.0906896879936696
2.5,1000,30,101,0.15124738716286684,0.5,0.29102418212184833,0.2987713080764176,0.7060546875,0.050991901007419196,0.004472272344636155,136,0.20429649816704898,0.6376548809097285,0.24639675336137168,0.2060546875,1.0,0.13765488090972855,1.0,0.14752392091355077,0.0,0.09514936619850484,1.0,0.042458534240722656,0.01894886623827155
2.5,1000,30,102,0.15124738716286684,0.5,0.4374831806999781,0.21088428512892507,0.5601806640625,0.045687884245678476,0.004659723960168888,60,0.06731084879232177,0.5637001069554166,0.16988346897176723,0.0601806640625,1.0,0.06370010695541661,1.0,0.05963689796605823,1.0,0.01863608180890039,1.0,0.003621712327003479,0.004057703626131516
2.5,1000,30,103,0.15124738716286684,0.5,0.29265292308828633,0.14444378997256807,0.5633544921875,0.04175909511487045,0.0031291704133611883,56,0.09592056959661845,0.7885694566621542,0.08995523307123116,0.0633544921875,1.0,0.28856945666215417,0.0,-0.006803597190298771,1.0,-0.06129215409163569,1.0,0.0040137916803359985,0.08327233131829087
2.5,1000,30,104,0.15124738716286684,0.5,0.4548735929437984,0.24058606278061234,0.459228515625,0.0410083195008264,0.006229644274634869,94,0.09227298949666358,0.5345615693610938,0.19740593719683253,-0.040771484375,1.0,0.03456156936109378,1.0,0.0893386756177455,0.0,0.046158550033965684,1.0,0.0016623139381408691,0.0011945020767016963
2.5,1000,30,105,0.15124738716286684,0.5,0.3140277358180706,0.2917444042191003,0.7066650390625,0.053728593624902544,0.004031425921257632,90,0.13254179507988234,0.891200855775287,0.23885789959060685,0.2066650390625,1.0,0.39120085577528696,0.0,0.14049701705623346,0.0,0.08761051242774001,1.0,0.04271043837070465,0.15303810955931688
2.5,1000,30,106,0.15124738716286684,0.5,0.2813185414293373,0.1994140621705534,0.6947021484375,0.052028448383339795,0.0034602693040495414,143,0.23628263029422727,0.7511903477353914,0.11422064355135277,0.1947021484375,1.0,0.2511903477353914,1.0,0.048166675007686566,1.0,-0.037026743611514076,1.0,0.037908926606178284,0.06309659079542684
2.5,1000,30,107,0.15124738716286684,0.5,0.4266427784273439,0.31070842544608535,0.5872802734375,0.04507247014734209,0.005516596970506266,88,0.11278682551804352,0.42018674913395443,0.27622004683985435,0.0872802734375,1.0,-0.07981325086604557,1.0,0.1594610382832185,0.0,0.12497265967698751,0.0,0.007617846131324768,0.006370155013806324
2.5,1000,30,108,0.15124738716286684,0.5,0.21964556107130914,0.13776110227063446,0.4959716796875,0.03885932004531307,0.0032262692108052365,132,0.21961102021574566,0.724773543727607,0.05985361995895852,-0.0040283203125,1.0,0.22477354372760705,1.0,-0.013486284892232386,1.0,-0.09139376720390832,0.0,1.6227364540100098e-05,0.050523145959866476
2.5,1000,30,109,0.15124738716286684,0.5,0.3951445362534293,0.22598941019556457,0.5792236328125,0.043571236729112825,0.004641537840651075,90,0.1218989440598871,0.6648427588321758,0.18423926658518466,0.0792236328125,1.0,0.1648427588321758,1.0,0.07474202303269772,1.0,0.03299187942231782,1.0,0.006276383996009827,0.027173135139402876
2.5,1000,30,110,0.15124738716286684,0.5,0.3376735745836533,0.3109403753276859,0.736328125,0.052610974309748,0.004116124454941735,73,0.10202679334605297,0.6333696365878682,0.27514495908771075,0.236328125,0.0,0.13336963658786816,1.0,0.15969298816481908,0.0,0.12389757192484391,0.0,0.055850982666015625,0.01778745996358002
2.5,1000,30,111,0.15124738716286684,0.5,0.3159132501253391,0.2741365965981063,0.650390625,0.04807128763571175,0.004058530794269933,64,0.08181254097239073,0.5240948197430924,0.2343946834005286,0.150390625,1.0,0.024094819743092355,1.0,0.12288920943523945,0.0,0.08314729623766176,1.0,0.022617340087890625,0.0005805603384521132
2.5,1000,30,112,0.15124738716286684,0.5,0.3367526571242455,0.2931799225531111,0.75537109375,0.05113089033161682,0.0040165379511941735,39,0.056673764212488965,0.9483632393772486,0.26223106609795915,0.25537109375,0.0,0.44836323937724865,0.0,0.14193253539024425,0.0,0.11098367893509231,0.0,0.06521439552307129,0.20102959442485996
2.5,1000,30,113,0.15124738716286684,0.5,0.2809066074270922,0.14035554796867072,0.3951416015625,0.035298960630153475,0.0035812058023785716,102,0.1684945382745291,0.02942337053434496,0.08327421668724055,-0.1048583984375,1.0,-0.47057662946565504,0.0,-0.010891839194196118,1.0,-0.06797317047562629,1.0,0.010995283722877502,0.2214423641992564
2.5,1000,30,114,0.15124738716286684,0.5,0.3299260390558754,0.21397806745871564,0.6043701171875,0.04724493678158815,0.0040319651233640145,81,0.11793973931983016,0.7674568165988435,0.1610594012931716,0.1043701171875,1.0,0.26745681659884346,0.0,0.0627306802958488,1.0,0.009812014130304747,1.0,0.010893121361732483,0.07153314874518739
2.5,1000,30,115,0.15124738716286684,0.5,0.25806111619864136,0.163148900859788,0.594482421875,0.04498464857463517,0.003256719109223826,109,0.16955935269769584,0.6576844399415416,0.0982020968528432,0.094482421875,1.0,0.15768443994154158,1.0,0.011901513696921162,1.0,-0.05304529031002364,1.0,0.008926928043365479,0.02486438259967763
2.5,1000,30,116,0.15124738716286684,0.5,0.40656834030748856,0.3080458473831591,0.655517578125,0.04644616330114242,0.005224607476543175,101,0.11211710600813145,0.4981501870559359,0.2636517983616783,0.155517578125,1.0,-0.001849812944064111,1.0,0.15679846022029226,0.0,0.11240441119881145,0.0,0.02418571710586548,3.4218079280271334e-06
2.5,1000,30,117,0.15124738716286684,0.5,0.32987677673788623,0.2536993585701704,0.537841796875,0.046060440721396145,0.004551768458344742,40,0.050515826162606414,0.6179803789597654,0.22120955467069703,0.037841796875,1.0,0.11798037895976543,0.0,0.10245197140730355,0.0,0.06996216750783019,1.0,0.0014320015907287598,0.013919369819489862
2.5,1000,30,118,0.15124738716286684,0.5,0.40345420050146025,0.2727953080906682,0.6285400390625,0.046756418382347814,0.004876446215204153,92,0.11430873173086527,0.5522614302935117,0.22126961586127367,0.1285400390625,1.0,0.05226143029351171,1.0,0.12154792092780137,0.0,0.07002222869840682,1.0,0.016522541642189026,0.0027312570963235836
2.5,1000,30,119,0.15124738716286684,0.5,0.36375313789885777,0.17797157075397171,0.5660400390625,0.04657450795652296,0.003959087351697476,84,0.10771738516610999,0.6248434930173061,0.12095826577457558,0.0660400390625,1.0,0.12484349301730613,1.0,0.026724183591104872,1.0,-0.030289121388291262,1.0,0.004361286759376526,0.015585897748762165
2.5,1000,30,120,0.15124738716286684,0.5,0.351771434062968,0.1655824673893319,0.5078125,0.04305533203849072,0.004527186279284577,73,0.09390052695892674,0.7360873693407534,0.11851373293937295,0.0078125,1.0,0.23608736934075336,0.0,0.014335080226465069,1.0,-0.03273365422349389,1.0,6.103515625e-05,0.05573724596223729
2.5,1000,30,121,0.15124738716286684,0.5,0.264528928466106,0.1687130566914048,0.5296630859375,0.04480769262927859,0.003579982799238901,66,0.09974798717218598,0.4121631716705564,0.12789604030195556,0.0296630859375,1.0,-0.08783682832944362,1.0,0.017465669528537953,1.0,-0.023351346860911282,1.0,0.0008798986673355103,0.007715308410976149
2.5,1000,30,122,0.15124738716286684,0.5,0.2501697580243206,0.17819559448512273,0.5556640625,0.04394517155231712,0.0035757013419522106,86,0.1611397594699437,0.2808853530362362,0.12662992192515574,0.0556640625,1.0,-0.21911464696376382,1.0,0.02694820732225589,1.0,-0.024617465237711106,1.0,0.0030984878540039062,0.04801122851405485
2.5,1000,30,123,0.15124738716286684,0.5,0.28623703813705836,0.21227714287123234,0.5826416015625,0.0469588412643055,0.004149702467290868,133,0.18949478509362994,0.22991590914873095,0.1263556462409735,0.0826416015625,1.0,-0.27008409085126905,1.0,0.061029755708365496,1.0,-0.024891740921893335,1.0,0.0068296343088150024,0.07294541613095655
2.5,1000,30,124,0.15124738716286684,0.5,0.3837201865326876,0.18969019960422032,0.5350341796875,0.04403728335298439,0.004357410635461101,92,0.11105894121053334,0.858672584525111,0.1336911065546409,0.0350341796875,1.0,0.35867258452511097,0.0,0.038442812441353474,1.0,-0.01755628060822595,1.0,0.0012273937463760376,0.12864602288992288
2.5,1000,30,125,0.15124738716286684,0.5,0.34890690731637736,0.287983458777635,0.6341552734375,0.04755495675197678,0.004780295593541471,65,0.07620279450160325,0.5474618303786444,0.2488481689653789,0.1341552734375,1.0,0.047461830378644376,1.0,0.13673607161476814,0.0,0.09760078180251205,0.0,0.017997637391090393,0.00225262534289121
2.5,1000,30,126,0.15124738716286684,0.5,0.28778790209418903,0.20956577989617908,0.624755859375,0.05194404634099726,0.003459607660618069,74,0.12652907488474432,1.3532767910919659,0.13405930601942098,0.124755859375,1.0,0.8532767910919659,0.0,0.05831839273331224,1.0,-0.01718808114344586,1.0,0.015564024448394775,0.7280812822162024
2.5,1000,30,127,0.15124738716286684,0.5,0.30742327261895047,0.289233812306706,0.66650390625,0.0484451188772166,0.004422783467446157,79,0.09770895841927202,0.8503768658509976,0.24790169465602313,0.16650390625,1.0,0.3503768658509976,0.0,0.13798642514383913,0.0,0.09665430749315629,0.0,0.02772355079650879,0.12276394812356796
2.5,1000,30,128,0.15124738716286684,0.5,0.30286134304813234,0.1814706533466386,0.51513671875,0.04329345290839498,0.004248141030005598,161,0.25665310399458574,0.5707567588859866,0.09120702187913307,0.01513671875,1.0,0.07075675888598665,1.0,0.030223266183771746,1.0,-0.06004036528373377,1.0,0.00022912025451660156,0.005006518928049651
2.5,1000,30,129,0.15124738716286684,0.5,0.33208233357364364,0.2140293765229989,0.4832763671875,0.04531836814292245,0.004674169576957591,51,0.06723824187248008,0.44938269765179134,0.17785718724427316,-0.0167236328125,1.0,-0.05061730234820866,1.0,0.06278198936013205,1.0,0.026609800081406315,1.0,0.00027967989444732666,0.0025621112970099697
2.5,1000,30,130,0.15124738716286684,0.5,0.24094669695194576,0.21628324373015856,0.542236328125,0.04295220497657529,0.0038977561924246826,54,0.08506700024716116,0.1492614917896103,0.17402717149347346,0.042236328125,1.0,-0.3507385082103897,0.0,0.06503585656729172,1.0,0.022779784330606623,1.0,0.001783907413482666,0.12301750114164961
2.5,1000,30,131,0.15124738716286684,0.5,0.3630807805101662,0.2129692012089504,0.408935546875,0.03926721185527653,0.005092134623824097,117,0.1708585279996374,0.36484649849410483,0.17052719740391845,-0.091064453125,1.0,-0.13515350150589517,1.0,0.06172181404608357,1.0,0.019279810241051604,1.0,0.008292734622955322,0.018266468969304006
2.5,1000,30,132,0.15124738716286684,0.5,0.3557244319377166,0.17763519707577552,0.6341552734375,0.04837928429086168,0.0036356385285067016,82,0.11560953288118535,0.7664663706661581,0.12019956648430986,0.1341552734375,1.0,0.2664663706661581,0.0,0.026387809912908677,1.0,-0.031047820678556978,1.0,0.017997637391090393,0.07100432669599435
2.5,1000,30,133,0.15124738716286684,0.5,0.43019166584434915,0.2003252356844093,0.510498046875,0.04081345102818475,0.005042457641071684,85,0.07674800097489247,0.3632856506641372,0.1519540951493622,0.010498046875,1.0,-0.1367143493358628,1.0,0.049077848521542455,1.0,0.0007067079864953585,1.0,0.00011020898818969727,0.018690813314328328
2.5,1000,30,134,0.15124738716286684,0.5,0.37444775286284365,0.24361250304883697,0.6448974609375,0.04807651355301297,0.0036581270887300894,48,0.0717230014640144,0.6980203773891815,0.20774633842763834,0.1448974609375,0.0,0.19802037738918155,0.0,0.09236511588597013,1.0,0.0564989512647715,1.0,0.02099527418613434,0.03921206986135388
2.5,1000,30,135,0.15124738716286684,0.5,0.30248594264599216,0.22074057490382937,0.53173828125,0.04290766995638593,0.004105262155989734,67,0.10462224646555165,0.24397666895868747,0.15824412051951153,0.03173828125,1.0,-0.25602333104131253,0.0,0.06949318774096253,1.0,0.006996733356644691,1.0,0.0010073184967041016,0.06554794603748951
2.5,1000,30,136,0.15124738716286684,0.5,0.2840982342977606,0.15570583503325452,0.519775390625,0.03953202171990109,0.0034774930972702816,86,0.12456111318447402,0.051512550982344196,0.09829663946034498,0.019775390625,1.0,-0.4484874490176558,0.0,0.004458447870387683,1.0,-0.052950747702521866,1.0,0.0003910660743713379,0.20114099192636442
2.5,1000,30,137,0.15124738716286684,0.5,0.31920181576275836,0.22228327870302156,0.660400390625,0.0518895360430504,0.004013216144564138,70,0.10817821470701698,0.6379565161587091,0.16883131778969793,0.160400390625,1.0,0.13795651615870907,1.0,0.07103589154015472,1.0,0.017583930626831085,1.0,0.025728285312652588,0.019032000350648157
2.5,1000,30,138,0.15124738716286684,0.5,0.3684421979954965,0.22172746744947686,0.6055908203125,0.05025990360333168,0.004065184051772855,86,0.12655305666433922,0.44855562112537956,0.15877260259758144,0.1055908203125,1.0,-0.051444378874620444,1.0,0.07048008028661001,1.0,0.007525215434714599,1.0,0.011149421334266663,0.002646524117795494
2.5,1000,30,139,0.15124738716286684,0.5,0.35195169805283394,0.18395691458782928,0.474365234375,0.040251161496803675,0.004575169002409262,102,0.15961604825755948,0.5633179269793032,0.13228749616226781,-0.025634765625,1.0,0.06331792697930316,1.0,0.03270952742496244,1.0,-0.018959891000599027,1.0,0.0006571412086486816,0.004009159876956368
2.5,1000,30,140,0.15124738716286684,0.5,0.34396148616655325,0.14418537615623211,0.411376953125,0.03861589260045962,0.0039052522866241334,87,0.1126229578624749,0.21123314188343706,0.08331916561008035,-0.088623046875,1.0,-0.28876685811656294,0.0,-0.0070620110066347275,1.0,-0.0679282215527865,1.0,0.007854044437408447,0.08338629834651119
2.5,1000,30,141,0.15124738716286684,0.5,0.364706426795249,0.2687449600045203,0.6878662109375,0.047807109676934384,0.004382486115859862,85,0.11950300207091065,0.5281619031592519,0.21754722254108974,0.1878662109375,1.0,0.028161903159251933,1.0,0.11749757284165346,0.0,0.0662998353782229,1.0,0.035293713212013245,0.000793092789551084
2.5,1000,30,142,0.15124738716286684,0.5,0.32654234299032675,0.13331796576065064,0.4508056640625,0.0405054341024472,0.003658877614125684,104,0.1703524895026321,0.3257771259641703,0.06472943803758453,-0.0491943359375,1.0,-0.1742228740358297,1.0,-0.017929421402216206,1.0,-0.08651794912528231,0.0,0.002420082688331604,0.030353609837304583
2.5,1000,30,143,0.15124738716286684,0.5,0.2971234510468757,0.19687150254543223,0.5208740234375,0.03991755087160012,0.004187552884134755,108,0.1297315070761178,0.3218452526357135,0.1509026032046734,0.0208740234375,1.0,-0.1781547473642865,1.0,0.04562411538256539,1.0,-0.00034478395819342866,1.0,0.0004357248544692993,0.031739114008432746
2.5,1000,30,144,0.15124738716286684,0.5,0.24297920001295795,0.1830293857229189,0.490478515625,0.048536817925040256,0.003807017085852496,92,0.1455221569294933,0.8179102401598751,0.10648700139048592,-0.009521484375,1.0,0.3179102401598751,0.0,0.031781998560052066,1.0,-0.04476038577238092,1.0,9.065866470336914e-05,0.10106692079850947
2.5,1000,30,145,0.15124738716286684,0.5,0.3698480689641806,0.31999769846535925,0.7110595703125,0.051951838598246,0.0049343185333392305,92,0.09433319026975134,0.7118723880210918,0.29046732425318744,0.2110595703125,0.0,0.21187238802109176,0.0,0.1687503113024924,0.0,0.1392199370903206,0.0,0.04454614222049713,0.04488990880576007
2.5,1000,30,146,0.15124738716286684,0.5,0.2769545643234325,0.1691246858762992,0.6083984375,0.045526802838081866,0.00304863639420508,64,0.14276003803956028,0.5602446972504147,0.10959035924451431,0.1083984375,1.0,0.0602446972504147,1.0,0.017877298713432355,1.0,-0.04165702791835253,1.0,0.011750221252441406,0.003629423546794125
2.5,1000,30,147,0.15124738716286684,0.5,0.34271456133300443,0.31214249116367343,0.6815185546875,0.05999614913580913,0.004589490416628786,60,0.08255386649611753,0.6965900519011371,0.2691421028863675,0.1815185546875,0.0,0.1965900519011371,0.0,0.1608951040008066,0.0,0.11789471572350063,0.0,0.03294898569583893,0.03864764850649178
2.5,1000,30,148,0.15124738716286684,0.5,0.31278634277184547,0.2780148947653206,0.7225341796875,0.047476145391329834,0.003901955073271386,76,0.11586815490077856,0.8163877498264706,0.24643339278603382,0.2225341796875,1.0,0.31638774982647055,0.0,0.12676750760245376,0.0,0.09518600562316698,0.0,0.04952146112918854,0.10010120824025732
2.5,1000,30,149,0.15124738716286684,0.5,0.2284342443706192,0.21455232008282793,0.714111328125,0.04853000257977559,0.0031908035634253137,97,0.16610978746553712,0.7762732569340507,0.1456429293471271,0.214111328125,1.0,0.2762732569340507,1.0,0.06330493291996109,1.0,-0.005604457815739733,1.0,0.045843660831451416,0.076326912496948
2.5,4000,48,0,0.15124738716286684,0.5,0.1339918618933717,0.14309654002507322,0.57861328125,0.022816886026158716,0.002889014326801914,75,0.07867050431234728,0.7727575962776441,0.1235677161151631,0.07861328125,1.0,0.27275759627764407,0.0,-0.008150847137793626,1.0,-0.027679671047703747,1.0,0.0061800479888916016,0.07439670632715827
2.5,4000,48,1,0.15124738716286684,0.5,0.1427814933862697,0.1799179240760378,0.5521240234375,0.023222982383755527,0.0029599861949607233,86,0.0982630610703133,0.3356922036687703,0.15876860589573738,0.0521240234375,1.0,-0.16430779633122972,1.0,0.028670536913170952,1.0,0.007521218732870538,1.0,0.0027169138193130493,0.026997051935224864
2.5,4000,48,2,0.15124738716286684,0.5,0.18797561881077587,0.19346275055871828,0.543701171875,0.022223534822423802,0.0036239008796524726,70,0.06326821463860566,0.5389475902855846,0.17976905385569095,0.043701171875,1.0,0.03894759028558459,1.0,0.04221536339585144,1.0,0.028521666692824105,1.0,0.001909792423248291,0.001516914789053763
2.5,4000,48,3,0.15124738716286684,0.5,0.16431537406974944,0.22425083050291783,0.59814453125,0.023671343517285438,0.003543927967530922,78,0.06903022576387666,0.49155207892834624,0.20846116822990984,0.09814453125,1.0,-0.008447921071653763,1.0,0.07300344334005099,0.0,0.057213781067043,0.0,0.009632349014282227,7.136737043289167e-05
2.5,4000,48,4,0.15124738716286684,0.5,0.14050329141668977,0.17732862814213526,0.56982421875,0.023190408008592477,0.0029484707572368448,273,0.34041145249914584,0.1084224431777202,0.13820581445736138,0.06982421875,1.0,-0.3915775568222798,1.0,0.026081240979268422,1.0,-0.013041572705505461,1.0,0.0048754215240478516,0.15333298300690576
2.5,4000,48,5,0.15124738716286684,0.5,0.17687575454715126,0.1519068532300059,0.5240478515625,0.021487602768695192,0.002814016367326715,140,0.1959189936515486,0.17437379972641542,0.12813294969671774,0.0240478515625,1.0,-0.3256262002735846,1.0,0.0006594660671390695,1.0,-0.023114437466149107,1.0,0.0005782991647720337,0.10603242230461261
2.5,4000,48,6,0.15124738716286684,0.5,0.17319346335667454,0.18905209508128112,0.681640625,0.025690101754197118,0.0027209353499312357,70,0.07789734352557909,0.5957291310762655,0.17148146122586597,0.181640625,0.0,0.09572913107626546,1.0,0.03780470791841428,1.0,0.020234074062999124,1.0,0.032993316650390625,0.009164066536616814
2.5,4000,48,7,0.15124738716286684,0.5,0.15815510428793092,0.17700372447509205,0.59619140625,0.025065481172229453,0.003248500830272062,39,0.03532332573139302,0.654091935006801,0.16608639519000942,0.09619140625,0.0,0.15409193500680096,0.0,0.025756337312225208,1.0,0.01483900802714258,1.0,0.009252786636352539,0.023744324434140172
2.5,4000,48,8,0.15124738716286684,0.5,0.14562167820587554,0.16386430986968584,0.582275390625,0.02301495173511195,0.0028071346682213573,87,0.09267062474097305,0.6763800099892588,0.14140773482757518,0.082275390625,1.0,0.17638000998925885,1.0,0.012616922706818995,1.0,-0.00983965233529166,1.0,0.006769239902496338,0.03110990792381105
2.5,4000,48,9,0.15124738716286684,0.5,0.14749266382678458,0.18217067050667557,0.477783203125,0.02132660466595931,0.0037084376347721383,83,0.06120049910882423,0.47460995303224085,0.16668977932319218,-0.022216796875,1.0,-0.02539004696775915,1.0,0.030923283343808727,1.0,0.015442392160325336,1.0,0.0004935860633850098,0.0006446544850250156
2.5,4000,48,10,0.15124738716286684,0.5,0.172634637032964,0.20600777565014589,0.5208740234375,0.02236280761730058,0.0036363774498562804,115,0.10410453524332584,0.423257117819135,0.18559456611416342,0.0208740234375,1.0,-0.076742882180865,1.0,0.054760388487279044,0.0,0.034347178951296575,1.0,0.0004357248544692993,0.005889469965426127
2.5,4000,48,11,0.15124738716286684,0.5,0.13785002778864505,0.18804612739422946,0.5872802734375,0.023483512697662814,0.0031304898970800966,138,0.1590789821939563,0.706809913452969,0.16674468564671205,0.0872802734375,1.0,0.20680991345296895,1.0,0.03679874023136262,1.0,0.015497298483845207,1.0,0.007617846131324768,0.042770340302424506
2.5,4000,48,12,0.15124738716286684,0.5,0.13814661409707668,0.1951048307617613,0.57958984375,0.02339265810338459,0.0031281727259447373,85,0.08206780059921205,0.5650905945921729,0.17943709840999794,0.07958984375,1.0,0.06509059459217292,1.0,0.04385744359889446,1.0,0.0281897112471311,1.0,0.006334543228149414,0.004236785504362611
2.5,4000,48,13,0.15124738716286684,0.5,0.15061326412452494,0.1546181604049089,0.5684814453125,0.02312173677891428,0.0026072635156781988,104,0.09764984833981043,0.29309228130512993,0.12959706794741108,0.0684814453125,1.0,-0.20690771869487007,0.0,0.0033707732420420466,1.0,-0.021650319215455766,1.0,0.004689708352088928,0.04281080405551548
2.5,4000,48,14,0.15124738716286684,0.5,0.17283211760749637,0.15136567256292746,0.5726318359375,0.022509529148274827,0.0027411485969595956,162,0.18445398304808205,0.6703022360846947,0.12366067677094146,0.0726318359375,1.0,0.17030223608469475,1.0,0.00011828540006061927,1.0,-0.02758671039192538,1.0,0.0052753835916519165,0.029002851615447106
2.5,4000,48,15,0.15124738716286684,0.5,0.13586660361686156,0.12727827118180352,0.498291015625,0.022114702062225725,0.0024545992387540786,98,0.12736770952736254,0.4198681267115707,0.10441689641546267,-0.001708984375,1.0,-0.0801318732884293,1.0,-0.023969115981063327,1.0,-0.04683049074740417,0.0,2.9206275939941406e-06,0.006421117116712889
2.5,4000,48,16,0.15124738716286684,0.5,0.14870761322923495,0.1693316013410508,0.4681396484375,0.019945529198136414,0.0033963497438775866,91,0.08791006627815456,0.3925716692984953,0.14976145801210577,-0.0318603515625,1.0,-0.1074283307015047,1.0,0.018084214178183955,1.0,-0.0014859291507610672,1.0,0.0010150820016860962,0.011540846237311858
2.5,4000,48,17,0.15124738716286684,0.5,0.1464857850924215,0.16923859035455485,0.5567626953125,0.023624771948794834,0.0030383577643174693,89,0.08296033142312198,0.5269303879986178,0.15169926175275303,0.0567626953125,1.0,0.0269303879986178,1.0,0.01799120319168801,1.0,0.00045187458988618645,1.0,0.0032220035791397095,0.0007252457977560976
2.5,4000,48,18,0.15124738716286684,0.5,0.17922318095486292,0.2346095598552747,0.7713623046875,0.02665628025093446,0.0033916102505208235,188,0.20026019482826807,0.9035458229871361,0.20715733141999249,0.2713623046875,1.0,0.40354582298713615,0.0,0.08336217269240787,0.0,0.05590994425712564,0.0,0.07363750040531158,0.16284923125036502
2.5,4000,48,19,0.15124738716286684,0.5,0.136098707883542,0.1351647997902578,0.4508056640625,0.02056631700700016,0.002679126900142127,100,0.1356537572348733,-0.22115849932218834,0.1111904480018563,-0.0491943359375,1.0,-0.7211584993221883,0.0,-0.016082587372609036,1.0,-0.04005693916101054,1.0,0.002420082688331604,0.5200695811446308
2.5,4000,48,20,0.15124738716286684,0.5,0.18677811191942273,0.16869151114461975,0.645263671875,0.025066508196583504,0.0027856575880364537,70,0.08876043661020454,0.7404130564014666,0.14746646233516258,0.145263671875,1.0,0.2404130564014666,0.0,0.017444123981752907,1.0,-0.0037809248277042573,1.0,0.021101534366607666,0.057798437688294756
2.5,4000,48,21,0.15124738716286684,0.5,0.1800237121726535,0.15720718863483846,0.5501708984375,0.022380006195709224,0.003127665112907933,153,0.1478899208511452,0.4643546398773666,0.13420936734044647,0.0501708984375,1.0,-0.03564536012263342,1.0,0.005959801471971615,1.0,-0.01703801982242037,1.0,0.00251711905002594,0.0012705916982722247
2.5,4000,48,22,0.15124738716286684,0.5,0.19393835586726943,0.16886856129989902,0.4495849609375,0.02043619237308859,0.003457616831628338,131,0.14730839446601127,0.35316437963644765,0.14972123856860495,-0.0504150390625,1.0,-0.14683562036355235,1.0,0.01762117413703218,1.0,-0.0015261485942618946,1.0,0.002541676163673401,0.02156069940754927
2.5,4000,48,23,0.15124738716286684,0.5,0.1398938583387583,0.14835688976751849,0.5462646484375,0.022404272194587446,0.002935438393290286,169,0.16881903984385813,0.3587974802462698,0.11970267795998425,0.0462646484375,1.0,-0.14120251975373022,1.0,-0.002890497395348357,1.0,-0.03154470920288259,1.0,0.002140417695045471,0.019938151584802572
2.5,4000,48,24,0.15124738716286684,0.5,0.13018946019156485,0.17143883328955564,0.546875,0.022794305948425946,0.0030136757922254293,110,0.10346056876269139,0.5076259449399927,0.14856374447702514,0.046875,1.0,0.00762594493999269,1.0,0.0201914461266888,1.0,-0.002683642685841703,1.0,0.002197265625,5.815503622780012e-05
2.5,4000,48,25,0.15124738716286684,0.5,0.1622899352899391,0.17042563732155197,0.486328125,0.02117830784586692,0.0033465236459101697,73,0.06644089690464353,0.4361609423650214,0.1566312238447639,-0.013671875,1.0,-0.0638390576349786,1.0,0.01917825015868513,1.0,0.0053838366818970695,1.0,0.000186920166015625,0.00407542527972212
2.5,4000,48,26,0.15124738716286684,0.5,0.15324432158443682,0.22274362768818415,0.7119140625,0.02619417111859223,0.003368200718454347,126,0.10936922158016742,0.8044791169622646,0.1995158240308067,0.2119140625,1.0,0.3044791169622646,0.0,0.0714962405253173,0.0,0.04826843686793986,1.0,0.044907569885253906,0.0927075326661204
2.5,4000,48,27,0.15124738716286684,0.5,0.15842440834950308,0.16148360262747108,0.4481201171875,0.020258037843172427,0.0032739900577905866,56,0.05399748492641477,0.42201218817436636,0.14511214397265565,-0.0518798828125,1.0,-0.07798781182563364,1.0,0.010236215464604237,1.0,-0.006135243190211193,1.0,0.002691522240638733,0.006082098793350441
2.5,4000,48,28,0.15124738716286684,0.5,0.13074388224611275,0.15703546002016047,0.430908203125,0.02023272075311125,0.0028446994396288732,48,0.05637532852816825,0.37519816795879957,0.14458052016749617,-0.069091796875,1.0,-0.12480183204120043,0.0,0.00578807285729363,1.0,-0.006666866995370668,1.0,0.00477367639541626,0.015575497280840003
2.5,4000,48,29,0.15124738716286684,0.5,0.17640100135274567,0.18906170556562776,0.584228515625,0.02409826811546861,0.0032661735458082443,59,0.05204617972841157,0.6804938081513959,0.1755811014700828,0.084228515625,1.0,0.18049380815139593,0.0,0.03781431840276092,1.0,0.024333714307215953,1.0,0.007094442844390869,0.03257801478099292
2.5,4000,48,30,0.15124738716286684,0.5,0.12524002787883787,0.16020874808292312,0.4520263671875,0.020309384471555513,0.003196740278036432,69,0.06679872420101601,0.458426996461209,0.1437814230737964,-0.0479736328125,1.0,-0.04157300353879101,1.0,0.008961360920056283,1.0,-0.007465964089070437,1.0,0.0023014694452285767,0.0017283146232363298
2.5,4000,48,31,0.15124738716286684,0.5,0.15684470203356796,0.17038500573033394,0.6029052734375,0.023344892536734635,0.0029166108186563892,99,0.09035780028831421,0.6128147626834106,0.1526443041921858,0.1029052734375,1.0,0.11281476268341062,1.0,0.019137618567467096,1.0,0.0013969170293189614,1.0,0.010589495301246643,0.012727170679314257
2.5,4000,48,32,0.15124738716286684,0.5,0.16116018930039622,0.1394064092038353,0.5712890625,0.022959646944282604,0.0025940657954745035,65,0.07203087741159547,0.5756392736809295,0.12218553413042439,0.0712890625,1.0,0.07563927368092949,1.0,-0.011840977959031551,1.0,-0.02906185303244245,1.0,0.005082130432128906,0.005721299722978552
2.5,4000,48,33,0.15124738716286684,0.5,0.17667266308981455,0.19868772961079728,0.8326416015625,0.027827689181667732,0.002635873604144034,99,0.11815454584020148,0.7907349672999032,0.17539028946335572,0.3326416015625,0.0,0.2907349672999032,0.0,0.04744034244793044,1.0,0.024142902300488878,1.0,0.110650435090065,0.08452682121087579
2.5,4000,48,34,0.15124738716286684,0.5,0.14075147117263842,0.16102392039875602,0.6551513671875,0.024598640097936938,0.0026247072046022037,57,0.06570175065237373,0.7280350088409266,0.1421450503707203,0.1551513671875,0.0,0.22803500884092665,0.0,0.009776533235889173,1.0,-0.009102336792146531,1.0,0.02407194674015045,0.05199996525708149
2.5,4000,48,35,0.15124738716286684,0.5,0.159621046912433,0.15038307805846668,0.4779052734375,0.02292290719375622,0.00302042200419549,47,0.0483238261681647,0.49968892274088594,0.13930503257000065,-0.0220947265625,1.0,-0.0003110772591140565,1.0,-0.0008643091044001627,1.0,-0.011942354592866189,1.0,0.00048817694187164307,9.676906113791383e-08
2.5,4000,48,36,0.15124738716286684,0.5,0.1815419240180087,0.1513711160244229,0.50341796875,0.02098785760018864,0.003255401657367298,77,0.07074809164982708,0.4249433988675265,0.13276699016020052,0.00341796875,1.0,-0.07505660113247348,1.0,0.0001237288615560661,1.0,-0.01848039700266632,1.0,1.1682510375976562e-05,0.005633493373559219
2.5,4000,48,37,0.15124738716286684,0.5,0.1846086847658892,0.17609293568181308,0.577880859375,0.02370129906098352,0.0030079396014986715,78,0.07402585482564478,0.4955221166508631,0.16095847124310464,0.077880859375,1.0,-0.004477883349136902,1.0,0.024845548518946242,1.0,0.009711084080237797,1.0,0.006065428256988525,2.0051439288477517e-05
2.5,4000,48,38,0.15124738716286684,0.5,0.11756303730964925,0.1785997514089792,0.6304931640625,0.024288151956327258,0.002739926076932495,99,0.12598756911524478,0.7478300332410166,0.15201182837565624,0.1304931640625,1.0,0.2478300332410166,0.0,0.02735236424611237,1.0,0.0007644412127894018,1.0,0.01702846586704254,0.06141972537624339
2.5,4000,48,39,0.15124738716286684,0.5,0.2003821269327734,0.18262683005560615,0.673583984375,0.024295475193345753,0.003117544728814705,165,0.17340060771729396,0.9802034423562851,0.1567697421454957,0.173583984375,1.0,0.4802034423562851,0.0,0.03137944289273931,1.0,0.0055223549826288465,1.0,0.030131399631500244,0.23059534605082602
2.5,4000,48,40,0.15124738716286684,0.5,0.15400143357859672,0.2007964873191726,0.7578125,0.026591549921104015,0.002763237755671702,116,0.12260615173607003,0.7512105133811613,0.1787906812961528,0.2578125,0.0,0.2512105133811613,0.0,0.04954910015630576,1.0,0.02754329413328596,1.0,0.06646728515625,0.06310672203322662
2.5,4000,48,41,0.15124738716286684,0.5,0.1449436235698853,0.15435221651569897,0.4912109375,0.02135408669440171,0.002965186146973067,92,0.08681148680565474,0.46233686011609965,0.13109296417320612,-0.0087890625,1.0,-0.037663139883900354,1.0,0.003104829352832128,1.0,-0.02015442298966072,1.0,7.724761962890625e-05,0.0014185121059142455
2.5,4000,48,42,0.15124738716286684,0.5,0.1705866809062173,0.183017981058597,0.604736328125,0.02350782194095555,0.0026733412280691778,69,0.07835112083872509,0.5810843839587089,0.16572170836146224,0.104736328125,1.0,0.08108438395870887,1.0,0.03177059389573017,1.0,0.014474321198595402,1.0,0.010969698429107666,0.006574677321963325
2.5,4000,48,43,0.15124738716286684,0.5,0.1701426469299715,0.21450079299086366,0.68310546875,0.02528066553245223,0.0028923494395504084,75,0.07117839087971362,0.703804105524266,0.20126403904714968,0.18310546875,0.0,0.20380410552426598,0.0,0.06325340582799682,0.0,0.05001665188428284,0.0,0.03352761268615723,0.04153611342854614
2.5,4000,48,44,0.15124738716286684,0.5,0.1463533441862313,0.1764458252633747,0.5208740234375,0.021382113785877045,0.0030980883921703927,56,0.05483102526422542,0.4674412456729424,0.16036417224161933,0.0208740234375,1.0,-0.032558754327057626,1.0,0.02519843810050787,1.0,0.009116785078752493,1.0,0.0004357248544692993,0.0010600724833296938
2.5,4000,48,45,0.15124738716286684,0.5,0.1645784940211947,0.18513715148792462,0.5804443359375,0.022738615410441917,0.0032735812985426127,137,0.13283943839496865,0.5561772231898483,0.16103385184743563,0.0804443359375,1.0,0.0561772231898483,1.0,0.033889764325057775,1.0,0.009786464684568785,1.0,0.006471291184425354,0.0031558804053220296
2.5,4000,48,46,0.15124738716286684,0.5,0.18414846902334636,0.11492542549560969,0.3768310546875,0.018621506360074758,0.002795276216248423,75,0.1020587681350813,0.34906427209665924,0.09792657323796311,-0.1231689453125,1.0,-0.15093572790334076,1.0,-0.03632196166725715,1.0,-0.05332081392490373,0.0,0.015170589089393616,0.022781593957711316
2.5,4000,48,47,0.15124738716286684,0.5,0.13660236851072993,0.15273782927538554,0.6060791015625,0.02384469314028578,0.0024469135960624635,65,0.07252505253410343,0.6976919384549022,0.13515727502820363,0.1060791015625,1.0,0.19769193845490218,0.0,0.0014904421125186973,1.0,-0.016090112134663215,1.0,0.01125277578830719,0.03908210253005683
2.5,4000,48,48,0.15124738716286684,0.5,0.16895566967848843,0.15995388586164444,0.611083984375,0.0228928162115258,0.0027568724087293837,66,0.06204650278505796,0.5374693829321007,0.14331160052251996,0.111083984375,1.0,0.03746938293210067,1.0,0.008706498698777598,1.0,-0.007935786640346887,1.0,0.012339651584625244,0.001403954657312397
2.5,4000,48,49,0.15124738716286684,0.5,0.19418288557781113,0.21489648970459177,0.701171875,0.025417865422184972,0.0033209313183824476,82,0.07265936654543108,0.9102246891181758,0.19810094430761688,0.201171875,0.0,0.4102246891181758,0.0,0.06364910254172493,0.0,0.046853557144750035,1.0,0.040470123291015625,0.16828429556210397
2.5,4000,48,50,0.15124738716286684,0.5,0.10193665172675272,0.15960512258002474,0.546875,0.02201525473221069,0.0027121833456751755,166,0.17601816889902747,0.7089758704094282,0.1165946819138209,0.046875,1.0,0.20897587040942822,1.0,0.008357735417157897,1.0,-0.03465270524904594,1.0,0.002197265625,0.043670914413378135
2.5,4000,48,51,0.15124738716286684,0.5,0.14728637531707084,0.16668195674203196,0.5745849609375,0.024431867472083497,0.0030702885960519834,90,0.0801518950112597,0.6948400120201464,0.1473220976707769,0.0745849609375,1.0,0.19484001202014645,0.0,0.015434569579165114,1.0,-0.003925289492089951,1.0,0.005562916398048401,0.03796263028401081
2.5,4000,48,52,0.15124738716286684,0.5,0.17246166157184742,0.16562945042438604,0.5233154296875,0.022177410519091393,0.003041130269992736,61,0.05063185601934972,0.5630466725206054,0.15333959396378508,0.0233154296875,1.0,0.06304667252060536,1.0,0.014382063261519196,1.0,0.0020922068009182337,1.0,0.0005436092615127563,0.003974882915920456
2.5,4000,48,53,0.15124738716286684,0.5,0.1593512249644323,0.16841768030606677,0.5345458984375,0.0223433135952761,0.0030161153012652478,89,0.08767309688545383,0.5517213093567473,0.14872077958115432,0.0345458984375,1.0,0.05172130935674735,1.0,0.017170293143199927,1.0,-0.0025266075817125255,1.0,0.001193419098854065,0.0026750938415763606
2.5,4000,48,54,0.15124738716286684,0.5,0.17049780409727802,0.16341875473235934,0.56884765625,0.023025136512096835,0.003153820794203806,103,0.08744053259488352,0.7028066623445142,0.14445680735776031,0.06884765625,1.0,0.20280666234451417,0.0,0.012171367569492497,1.0,-0.006790579805106528,1.0,0.004739999771118164,0.04113054229132178
2.5,4000,48,55,0.15124738716286684,0.5,0.14815514670246274,0.15354607552246985,0.513671875,0.021659295689733172,0.0028513435391639102,71,0.07054313835637463,0.451063892515002,0.13693335911457338,0.013671875,1.0,-0.04893610748499799,1.0,0.002298688359603007,1.0,-0.014314028048293459,1.0,0.000186920166015625,0.0023947426157832764
2.5,4000,48,56,0.15124738716286684,0.5,0.15514907331733768,0.18274625507700917,0.6209716796875,0.022615849704310423,0.0029515095370602653,134,0.11948311667166539,0.6663442918418137,0.15666178336613412,0.1209716796875,1.0,0.16634429184181365,1.0,0.03149886791414233,1.0,0.00541439620326728,1.0,0.0146341472864151,0.027670423428354473
2.5,4000,48,57,0.15124738716286684,0.5,0.1790180649381055,0.17970794336183277,0.6090087890625,0.024143173530414046,0.003137341029114582,105,0.0985337731768988,0.6935161760677926,0.1629782236676621,0.1090087890625,1.0,0.1935161760677926,0.0,0.028460556198965925,1.0,0.011730836504795256,1.0,0.01188291609287262,0.0374485103999009
2.5,4000,48,58,0.15124738716286684,0.5,0.1225808134136163,0.16086657477397198,0.573974609375,0.023356321541146967,0.002565863223300399,80,0.07671403605482004,0.6055139414819286,0.1435940472944315,0.073974609375,1.0,0.10551394148192861,1.0,0.00961918761110514,1.0,-0.007653339868435333,1.0,0.005472242832183838,0.011133191847051855
2.5,4000,48,59,0.15124738716286684,0.5,0.1367177689971507,0.19658916103134505,0.6416015625,0.02414610329085716,0.00311105437189453,90,0.07649015999035862,0.5268303770415113,0.17655106455226072,0.1416015625,1.0,0.026830377041511255,1.0,0.04534177386847821,1.0,0.025303677389393875,1.0,0.020051002502441406,0.0007198691321896542
2.5,4000,48,60,0.15124738716286684,0.5,0.17060277791514408,0.19831847086687743,0.61669921875,0.02398331192209395,0.003301244046860781,81,0.061491314462256766,0.6247779152657392,0.18207562085348084,0.11669921875,1.0,0.12477791526573923,0.0,0.047071083704010586,0.0,0.030828233690613993,1.0,0.013618707656860352,0.015569528138063999
2.5,4000,48,61,0.15124738716286684,0.5,0.1577438214905706,0.15081232656717064,0.55224609375,0.021964006723972595,0.0026801911985370247,68,0.07282393423416901,0.5025072618272379,0.13190318176391477,0.05224609375,1.0,0.0025072618272379277,1.0,-0.0004350605956962017,1.0,-0.01934420539895207,1.0,0.002729654312133789,6.286361870324472e-06
2.5,4000,48,62,0.15124738716286684,0.5,0.15183445557838013,0.14830372886515578,0.570068359375,0.02330362538445545,0.0025412989246285916,76,0.10781833370873249,0.4057426620406722,0.12940938816895647,0.070068359375,1.0,-0.09425733795932778,1.0,-0.002943658297711066,1.0,-0.021837998993910368,1.0,0.00490957498550415,0.008884445759178934
2.5,4000,48,63,0.15124738716286684,0.5,0.18954220154138332,0.16848638665179413,0.56787109375,0.023938978331929157,0.0034612679440344974,69,0.058872743099650564,0.5856564821270202,0.15357295261458284,0.06787109375,1.0,0.08565648212702015,1.0,0.017238999488927292,1.0,0.0023255654517159996,1.0,0.004606485366821289,0.007337032930376523
2.5,4000,48,64,0.15124738716286684,0.5,0.16537082791023047,0.18185239577523932,0.50390625,0.021543958030547223,0.003421020997585925,80,0.09470280607503363,0.5173725488721918,0.16681178482632286,0.00390625,1.0,0.01737254887219175,1.0,0.030605008612372475,1.0,0.01556439766345602,1.0,1.52587890625e-05,0.00030180545431669086
2.5,4000,48,65,0.15124738716286684,0.5,0.12954775327485496,0.1499691760219973,0.6265869140625,0.024025445190619745,0.0023063045941628035,88,0.11306626656218893,0.45042860881917,0.12544692873487534,0.1265869140625,1.0,-0.04957139118082998,1.0,-0.0012782111408695396,1.0,-0.0258004584279915,1.0,0.01602424681186676,0.0024573228236028687
2.5,4000,48,66,0.15124738716286684,0.5,0.1653673877057344,0.13463816924957694,0.473388671875,0.021064716500583665,0.002984237882823085,84,0.08762723305488651,0.49881316846198975,0.11922427644941058,-0.026611328125,1.0,-0.0011868315380102468,1.0,-0.016609217913289898,1.0,-0.03202311071345626,1.0,0.000708162784576416,1.4085690996157677e-06
2.5,4000,48,67,0.15124738716286684,0.5,0.14000019924268226,0.14880384451507433,0.4798583984375,0.021309376226776658,0.0029945457032350127,97,0.11489486766687447,0.4711281664495318,0.12345846138131442,-0.0201416015625,1.0,-0.028871833550468184,1.0,-0.002443542647792507,1.0,-0.027788925781552426,1.0,0.00040568411350250244,0.0008335827725659403
2.5,4000,48,68,0.15124738716286684,0.5,0.14041461228500687,0.16467247169369192,0.513671875,0.022455454448028173,0.00314383241715204,134,0.13497200538410245,0.5108990425522004,0.14027232028114478,0.013671875,1.0,0.010899042552200422,1.0,0.013425084530825082,1.0,-0.010975066881722062,1.0,0.000186920166015625,0.00011878912855467548
2.5,4000,48,69,0.15124738716286684,0.5,0.13018535567604353,0.17251706798743977,0.7039794921875,0.025947112685509616,0.002834257541109299,180,0.22202378247722787,0.8660654734140671,0.14522325272465594,0.2039794921875,1.0,0.36606547341406714,1.0,0.021269680824572923,1.0,-0.0060241344382108986,1.0,0.041607633233070374,0.1340039308258651
2.5,4000,48,70,0.15124738716286684,0.5,0.20007305332497158,0.1634995850600325,0.4862060546875,0.020978275628330188,0.0033276204880077426,79,0.07016543907237173,0.5046608510394822,0.15204292143262466,-0.0137939453125,1.0,0.004660851039482217,1.0,0.012252197897165668,1.0,0.0007955342697578138,1.0,0.00019027292728424072,2.172353241224246e-05
2.5,4000,48,71,0.15124738716286684,0.5,0.18049036974927252,0.16875083899650067,0.438232421875,0.02076818856208914,0.0036236370244108317,67,0.058462227092532563,0.25372529641029495,0.15530247569574765,-0.061767578125,1.0,-0.24627470358970505,0.0,0.017503451833633832,1.0,0.004055088532880807,1.0,0.0038152337074279785,0.06065122962819708
2.5,4000,48,72,0.15124738716286684,0.5,0.15863708885456776,0.18909911974082247,0.5335693359375,0.02187033061378151,0.003511841903584203,73,0.057237076200370454,0.5145256359453911,0.1759067432465742,0.0335693359375,1.0,0.014525635945391135,1.0,0.03785173257795563,1.0,0.024659356083707368,1.0,0.001126900315284729,0.00021099409961803902
2.5,4000,48,73,0.15124738716286684,0.5,0.12966047604995418,0.14969483774740655,0.41748046875,0.01929913143587905,0.003235264959238397,68,0.0711177944430845,0.3457906801665407,0.13546423605902297,-0.08251953125,1.0,-0.1542093198334593,0.0,-0.0015525494154602915,1.0,-0.015783151103843873,1.0,0.0068094730377197266,0.023780514323498148
2.5,4000,48,74,0.15124738716286684,0.5,0.16418447271847764,0.2111413047953527,0.694091796875,0.025507454965406927,0.00316561719770482,125,0.13500031011007557,0.6478913591347367,0.1877079662601448,0.194091796875,1.0,0.14789135913473672,1.0,0.05989391763248586,0.0,0.036460579097277956,1.0,0.03767162561416626,0.021871854106719674
2.5,4000,48,75,0.15124738716286684,0.5,0.19238651291178424,0.172652576843346,0.7183837890625,0.025732176110420186,0.002896084550714719,81,0.0828638592653288,0.7291779566721348,0.15909869892500836,0.2183837890625,0.0,0.2291779566721348,0.0,0.021405189680479164,1.0,0.007851311762141516,1.0,0.047691479325294495,0.0525225358244149
2.5,4000,48,76,0.15124738716286684,0.5,0.15011323126992437,0.17992191125792073,0.6336669921875,0.02443199608757011,0.003281002488988124,150,0.14047633871486037,0.8449848020489543,0.15361777431446041,0.1336669921875,1.0,0.3449848020489543,0.0,0.028674524095053888,1.0,0.0023703871515935726,1.0,0.017866864800453186,0.1190145136447562
2.5,4000,48,77,0.15124738716286684,0.5,0.13609785212084713,0.15121193304957437,0.4874267578125,0.02118920623766883,0.0031995947500826783,67,0.05947967522110109,0.3404720613528319,0.13089351447683506,-0.0125732421875,1.0,-0.15952793864716808,0.0,-3.545411329247683e-05,1.0,-0.020353872686031782,1.0,0.00015808641910552979,0.025449163209014622
2.5,4000,48,78,0.15124738716286684,0.5,0.1601989567631108,0.1759228748983122,0.5604248046875,0.023111684821682136,0.003161991283895414,106,0.10247761195744563,0.5009295350240427,0.15420987960133262,0.0604248046875,1.0,0.0009295350240426936,1.0,0.024675487735445367,1.0,0.0029624924384657747,1.0,0.003651157021522522,8.64035360922051e-07
2.5,4000,48,79,0.15124738716286684,0.5,0.14747335792431954,0.18390387503675515,0.57470703125,0.023012477405575504,0.003139596255382703,123,0.12851144506895032,0.49640024544254513,0.16559494659520044,0.07470703125,1.0,-0.0035997545574548706,1.0,0.03265648787388831,1.0,0.014347559432333595,1.0,0.0055811405181884766,1.295823287391711e-05
2.5,4000,48,80,0.15124738716286684,0.5,0.14733941503719733,0.15230442825303195,0.478759765625,0.020616513131027848,0.002956176566687447,72,0.07345704629729649,0.4505951040717541,0.13583526885863714,-0.021240234375,1.0,-0.04940489592824587,1.0,0.0010570410901651062,1.0,-0.0154121183042297,1.0,0.00045114755630493164,0.0024408437416808056
2.5,4000,48,81,0.15124738716286684,0.5,0.17709362099909112,0.18270170282085738,0.5279541015625,0.022197482184836276,0.0033090090091336915,92,0.08529586560244204,0.6168599991164919,0.16901204956729526,0.0279541015625,1.0,0.11685999911649192,1.0,0.031454315657990534,1.0,0.017764662404428422,1.0,0.0007814317941665649,0.013656259393506492
2.5,4000,48,82,0.15124738716286684,0.5,0.1955041393908365,0.18171846443702083,0.52001953125,0.02293621949615181,0.0034757690781348992,91,0.08260260913508367,0.5654339503992667,0.16892728556699957,0.02001953125,1.0,0.0654339503992667,1.0,0.03047107727415399,1.0,0.017679898404132727,1.0,0.00040078163146972656,0.004281601864853694
2.5,4000,48,83,0.15124738716286684,0.5,0.1411328610025626,0.17034542352777576,0.6676025390625,0.024925986507710482,0.0027511903652737476,103,0.10579985506774912,0.9331021928987064,0.1448876646600416,0.1676025390625,1.0,0.43310219289870644,0.0,0.01909803636490892,1.0,-0.006359722502825238,1.0,0.02809061110019684,0.18757750949366833
2.5,4000,48,84,0.15124738716286684,0.5,0.15933957643801877,0.1417077322409206,0.7664794921875,0.02692344049081313,0.0019121488612016517,83,0.14796858042539698,1.2883343803527736,0.11484978196261819,0.2664794921875,1.0,0.7883343803527736,0.0,-0.00953965492194625,1.0,-0.03639760520024865,1.0,0.07101131975650787,0.6214710952461915
2.5,4000,48,85,0.15124738716286684,0.5,0.1976561586788857,0.17438397864939942,0.61181640625,0.023895308136559462,0.003249937106783167,84,0.06306637692451668,0.6769632547987935,0.16003618788712232,0.11181640625,1.0,0.1769632547987935,0.0,0.023136591486532576,1.0,0.008788800724255474,1.0,0.012502908706665039,0.03131599354898271
2.5,4000,48,86,0.15124738716286684,0.5,0.17416316941457138,0.20576717070463346,0.820068359375,0.028044998335758575,0.0026745672923032216,70,0.08827143754191089,0.8531984198494174,0.1925696298302469,0.320068359375,0.0,0.35319841984941736,0.0,0.05451978354176662,1.0,0.04132224266738005,1.0,0.10244375467300415,0.1247491237841253
2.5,4000,48,87,0.15124738716286684,0.5,0.1840112467850436,0.22463751964939283,0.599365234375,0.022354776355956125,0.0035486638375550597,100,0.08989944688849838,0.6534384966099677,0.20989314300483763,0.099365234375,1.0,0.15343849660996767,1.0,0.07339013248652598,0.0,0.05864575584197079,0.0,0.009873449802398682,0.023543372241927058
2.5,4000,48,88,0.15124738716286684,0.5,0.17962389286283498,0.1972821337059582,0.5977783203125,0.023335176138654493,0.0032829404536958325,95,0.0742327190555365,0.5493105598969442,0.17802156165946253,0.0977783203125,1.0,0.04931055989694422,1.0,0.046034746543091365,0.0,0.026774174496595693,1.0,0.00956059992313385,0.0024315313173501234
2.5,4000,48,89,0.15124738716286684,0.5,0.13685929426473512,0.18491673945799056,0.5887451171875,0.023625914168031798,0.003138003020964906,72,0.058965187841830295,0.6588038414733325,0.16981188179928572,0.0887451171875,1.0,0.15880384147333249,0.0,0.03366935229512372,1.0,0.018564494636418877,1.0,0.007875695824623108,0.025218660066687316
2.5,4000,48,90,0.15124738716286684,0.5,0.163357054126908,0.1567243309537057,0.571044921875,0.02291664234413731,0.002903975591732501,70,0.07210939399807713,0.6108484900936476,0.13775544014935379,0.071044921875,1.0,0.11084849009364761,1.0,0.005476943790838851,1.0,-0.013491947013513056,1.0,0.0050473809242248535,0.012287387756041492
2.5,4000,48,91,0.15124738716286684,0.5,0.18066061883992685,0.19329980045921447,0.6844482421875,0.025328578352647436,0.002901037984086307,129,0.14330099231475502,0.6904087169800581,0.17094640185019372,0.1844482421875,1.0,0.19040871698005812,1.0,0.042052413296347624,1.0,0.019699014687326877,1.0,0.034021154046058655,0.03625547950199187
2.5,4000,48,92,0.15124738716286684,0.5,0.14583914609930226,0.15869770272821102,0.5234375,0.02223992141274975,0.0031919668369067267,85,0.08443181764426579,0.46318568454913284,0.13862690370294037,0.0234375,1.0,-0.03681431545086716,1.0,0.007450315565344173,1.0,-0.012620483459926474,1.0,0.00054931640625,0.0013552938221159567
2.5,4000,48,93,0.15124738716286684,0.5,0.14637989721049696,0.16080598944393742,0.599609375,0.023774996929186748,0.002590773223943702,70,0.08245034742406977,0.5298795495996551,0.14264996248718817,0.099609375,1.0,0.02987954959965511,1.0,0.009558602281070583,1.0,-0.008597424675678672,1.0,0.009922027587890625,0.0008927874842782498
2.5,4000,48,94,0.15124738716286684,0.5,0.18986568162123324,0.2108880387878206,0.6612548828125,0.024578118884817562,0.0032587997278261506,125,0.10988238150002555,0.701205634455823,0.18324355799200404,0.1612548828125,1.0,0.20120563445582296,1.0,0.059640651624953744,0.0,0.031996170829137194,1.0,0.026003137230873108,0.04048370733677025
2.5,4000,48,95,0.15124738716286684,0.5,0.1290698901986616,0.1565621111400002,0.5499267578125,0.022083954965945528,0.0029295587420525484,130,0.14141954707046012,0.4019554329670317,0.13004479930976923,0.0499267578125,1.0,-0.09804456703296832,1.0,0.005314723977133368,1.0,-0.021202587853097615,1.0,0.00249268114566803,0.009612737124682219
2.5,4000,48,96,0.15124738716286684,0.5,0.14046378260711986,0.16929674962761898,0.552490234375,0.022294632344195226,0.0030330272315235553,130,0.1251016816698389,0.5321956364013509,0.14708994340993833,0.052490234375,1.0,0.032195636401350924,1.0,0.01804936246475214,1.0,-0.004157443752928508,1.0,0.0027552247047424316,0.0010365590032879928
2.5,4000,48,97,0.15124738716286684,0.5,0.14952953216638673,0.17560256925646325,0.619140625,0.024232858484987425,0.002589810828912484,77,0.0831497644161663,0.7673703176504063,0.1537197431656135,0.119140625,1.0,0.2673703176504063,0.0,0.02435518209359641,1.0,0.002472356002746645,1.0,0.014194488525390625,0.07148688676047917
2.5,4000,48,98,0.15124738716286684,0.5,0.17405713909849707,0.16215161693686747,0.481201171875,0.0212772108906759,0.0033547600680800377,107,0.12436486732260722,0.5073190918742632,0.14263624291381866,-0.018798828125,1.0,0.007319091874263162,1.0,0.010904229774000629,1.0,-0.008611144249048186,1.0,0.000353395938873291,5.356910586390504e-05
2.5,4000,48,99,0.15124738716286684,0.5,0.1567446702251714,0.2106445018955677,0.5694580078125,0.023648733832361594,0.0035256926733829605,70,0.06068491027036336,0.5933352255790321,0.19389874653369124,0.0694580078125,1.0,0.09333522557903207,1.0,0.059397114732700845,0.0,0.0426513593708244,1.0,0.004824414849281311,0.008711464333888802
2.5,4000,48,100,0.15124738716286684,0.5,0.2151987072103625,0.15504097507500195,0.4266357421875,0.02007703058934635,0.003251423755321179,86,0.08031255082195744,0.09405043486657516,0.1359054372647827,-0.0733642578125,1.0,-0.40594956513342484,0.0,0.0037935879121351046,1.0,-0.015341949898084128,1.0,0.005382314324378967,0.16479504943201673
2.5,4000,48,101,0.15124738716286684,0.5,0.1986025714793542,0.19258013349973924,0.4493408203125,0.019899363205322065,0.0037568758780103886,81,0.0658872966526424,0.4199546213034183,0.1775688220822564,-0.0506591796875,1.0,-0.08004537869658168,1.0,0.041332746336872395,0.0,0.02632143491938957,1.0,0.0025663524866104126,0.006407262650679172
2.5,4000,48,102,0.15124738716286684,0.5,0.12382051775180418,0.15119837793572705,0.4530029296875,0.019924385232047412,0.0032032972672243133,126,0.12509318968014815,0.5294850560066506,0.12818316567651694,-0.0469970703125,1.0,0.029485056006650634,1.0,-4.900922713979572e-05,1.0,-0.0230642214863499,1.0,0.002208724617958069,0.0008693685277153246
2.5,4000,48,103,0.15124738716286684,0.5,0.169600233336328,0.15139355417785333,0.6080322265625,0.02333719385041487,0.0029083012592436663,125,0.12121170375182956,0.8649330273053015,0.1304175266705469,0.1080322265625,1.0,0.3649330273053015,0.0,0.00014616701498648688,1.0,-0.02082986049231994,1.0,0.01167096197605133,0.13317611441821195
2.5,4000,48,104,0.15124738716286684,0.5,0.15270427573077547,0.14944801606060537,0.578857421875,0.022725074532447657,0.0025932303776185993,84,0.09277915573621351,0.5280476234784947,0.12830218022670684,0.078857421875,1.0,0.028047623478494654,1.0,-0.0017993711022614711,1.0,-0.022945206936160006,1.0,0.0062184929847717285,0.0007866691827914046
2.5,4000,48,105,0.15124738716286684,0.5,0.17901706668091194,0.17993640650624915,0.6881103515625,0.02496747357583173,0.0029336456787100525,71,0.0870662637717196,0.8211858944586339,0.1658823107674042,0.1881103515625,0.0,0.3211858944586339,0.0,0.028689019343382305,1.0,0.014634923604537359,1.0,0.035385504364967346,0.1031603787991927
2.5,4000,48,106,0.15124738716286684,0.5,0.20572734509365478,0.2024312664737672,0.5625,0.02315837683125469,0.003468550950547047,65,0.04654893469651559,0.577230185046573,0.19146245287185473,0.0625,1.0,0.07723018504657297,1.0,0.05118387931090035,0.0,0.04021506570898789,1.0,0.00390625,0.005964501482327904
2.5,4000,48,107,0.15124738716286684,0.5,0.1844464065268263,0.19100432024206382,0.4761962890625,0.021603681078180226,0.003621978091414871,69,0.05743093082650566,0.45647718934609227,0.1774698988919855,-0.0238037109375,1.0,-0.04352281065390773,1.0,0.03975693307919698,1.0,0.026222511729118658,1.0,0.0005666166543960571,0.0018942350472159041
2.5,4000,48,108,0.15124738716286684,0.5,0.1465587780180407,0.1917453962486417,0.648681640625,0.02592903378017999,0.002798199543138024,63,0.06717063965005104,0.7103643112967536,0.1762694130487212,0.148681640625,0.0,0.2103643112967536,0.0,0.04049800908577486,1.0,0.025022025885854365,1.0,0.02210623025894165,0.04425314346735745
2.5,4000,48,109,0.15124738716286684,0.5,0.15417601310450135,0.16020440135258457,0.5928955078125,0.02342234727640318,0.0027453335601724683,126,0.13355888742534944,0.7762827465216787,0.13076982974027174,0.0928955078125,1.0,0.2762827465216787,0.0,0.008957014189717727,1.0,-0.020477557422595105,1.0,0.008629575371742249,0.07633215602556218
2.5,4000,48,110,0.15124738716286684,0.5,0.17352440273449563,0.1892808505076059,0.5565185546875,0.023019317496034773,0.003159823616336481,61,0.054455399568807364,0.4952283741659907,0.1758447620639391,0.0565185546875,1.0,-0.004771625834009308,1.0,0.03803346334473906,1.0,0.02459737490107225,1.0,0.0031943470239639282,2.276841309978502e-05
2.5,4000,48,111,0.15124738716286684,0.5,0.19164427113628077,0.18795638886938448,0.418212890625,0.020527156944349957,0.0037080052799626185,45,0.039863318084407545,0.34509254263567835,0.17720242447617193,-0.081787109375,0.0,-0.15490745736432165,0.0,0.03670900170651764,1.0,0.02595503731330509,1.0,0.006689131259918213,0.02399632034707913
2.5,4000,48,112,0.15124738716286684,0.5,0.18668455913862395,0.18025419129602116,0.561767578125,0.022833300097617464,0.0034282112020475436,118,0.12952439125544607,0.5780205388151324,0.16249493344245886,0.061767578125,1.0,0.07802053881513238,1.0,0.029006804133154318,1.0,0.011247546279592013,1.0,0.0038152337074279785,0.006087204477003578
2.5,4000,48,113,0.15124738716286684,0.5,0.19065335203189332,0.1803679702089472,0.587890625,0.023886746709649662,0.003260493551738021,101,0.10707348150170061,0.5224149626617739,0.16010520588459906,0.087890625,1.0,0.022414962661773896,1.0,0.029120583046080367,1.0,0.008857818721732219,1.0,0.007724761962890625,0.0005024305511287179
2.5,4000,48,114,0.15124738716286684,0.5,0.1749041179848577,0.16183968101872578,0.463623046875,0.02143857980235174,0.003100844340939103,67,0.06627270087525106,0.3316141717645473,0.14857639474560538,-0.036376953125,1.0,-0.16838582823545267,0.0,0.010592293855858942,1.0,-0.0026709924172614585,1.0,0.0013232827186584473,0.02835378715053937
2.5,4000,48,115,0.15124738716286684,0.5,0.14265737258019887,0.18198820749058794,0.592041015625,0.02361587663616104,0.0028880158117289014,82,0.09313401023973811,0.5877468433437939,0.16407853769588543,0.092041015625,1.0,0.0877468433437939,1.0,0.030740820327721102,1.0,0.012831150533018587,1.0,0.008471548557281494,0.007699508516800308
2.5,4000,48,116,0.15124738716286684,0.5,0.1822154374514741,0.2082839437418496,0.653076171875,0.024819883832791254,0.0035173778650201145,161,0.14780750494284606,0.6970428732681557,0.1849999719301062,0.153076171875,1.0,0.19704287326815573,1.0,0.05703655657898277,0.0,0.03375258476723936,1.0,0.02343231439590454,0.03882589390577048
2.5,4000,48,117,0.15124738716286684,0.5,0.1613239760970421,0.15925297185797632,0.5184326171875,0.022411038708768004,0.002842428961710598,86,0.08685491923201663,0.47447881959511923,0.14352752445590294,0.0184326171875,1.0,-0.025521180404880772,1.0,0.00800558469510948,1.0,-0.007719862706963898,1.0,0.0003397613763809204,0.0006513306492584703
2.5,4000,48,118,0.15124738716286684,0.5,0.15237843871843587,0.1485415412232954,0.6546630859375,0.025674899612365337,0.002248988157457709,70,0.09639956847333762,0.7519299193371133,0.13118336044425616,0.1546630859375,1.0,0.2519299193371133,0.0,-0.002705845939571433,1.0,-0.020064026718610684,1.0,0.02392067015171051,0.06346868425720441
2.5,4000,48,119,0.15124738716286684,0.5,0.14705469111992303,0.1983545844024347,0.564453125,0.02365253242242339,0.0035220125464831492,109,0.08292813881306889,0.4232403738059022,0.17455564325204798,0.064453125,1.0,-0.07675962619409782,1.0,0.047107197239567855,0.0,0.023308256089181134,1.0,0.004154205322265625,0.005892040213457628
2.5,4000,48,120,0.15124738716286684,0.5,0.15400663759093355,0.1479006992737888,0.541748046875,0.022234061288183875,0.0029272473367899067,81,0.07957544871599723,0.4730953198100692,0.12865724392138628,0.041748046875,1.0,-0.026904680189930807,1.0,-0.0033466878890780483,1.0,-0.022590143241480565,1.0,0.0017428994178771973,0.0007238618161224552
2.5,4000,48,121,0.15124738716286684,0.5,0.17527911001229424,0.1482544627282208,0.5750732421875,0.023124399863419243,0.002898422820852572,75,0.08316990911639591,0.6549853378061221,0.1314556194728758,0.0750732421875,1.0,0.15498533780612211,1.0,-0.0029929244346460493,1.0,-0.019791767689991052,1.0,0.00563599169254303,0.024020454934877786
2.5,4000,48,122,0.15124738716286684,0.5,0.14786137348982148,0.1876064790108694,0.6220703125,0.024138963733808066,0.0027136578347263457,60,0.061217210614938504,0.5374872879251644,0.17257636231522336,0.1220703125,0.0,0.037487287925164425,1.0,0.03635909184800257,1.0,0.021328975152356516,1.0,0.014901161193847656,0.0014052967559841786
2.5,4000,48,123,0.15124738716286684,0.5,0.16767380533651713,0.17808497960825886,0.528564453125,0.022163529685564433,0.0032325544169065057,71,0.06219565315826879,0.5278116830655322,0.16494910791583833,0.028564453125,1.0,0.027811683065532167,1.0,0.026837592445392022,1.0,0.013701720752971491,1.0,0.0008159279823303223,0.0007734897149376087
2.5,4000,48,124,0.15124738716286684,0.5,0.1395107933570124,0.15737426972470564,0.6998291015625,0.025660268922493124,0.0026086447653617855,135,0.16798033590508307,0.8312008352754313,0.12588811427140867,0.1998291015625,1.0,0.3312008352754313,0.0,0.006126882561838798,1.0,-0.025359272891458173,1.0,0.03993166983127594,0.10969399328714338
2.5,4000,48,125,0.15124738716286684,0.5,0.15398340094077195,0.17808568042714717,0.546630859375,0.022833851228237743,0.0029044274190741844,226,0.2708146985595946,-0.3681362223077438,0.15067438031376457,0.046630859375,1.0,-0.8681362223077438,0.0,0.026838293264280333,1.0,-0.0005730068491022755,1.0,0.0021744370460510254,0.7536605004827603
2.5,4000,48,126,0.15124738716286684,0.5,0.16777110634210152,0.1450632286235156,0.4715576171875,0.02082180502532971,0.003194535795759329,97,0.08377541702436131,0.439108796411266,0.12388023435317057,-0.0284423828125,1.0,-0.06089120358873401,1.0,-0.006184158539351253,1.0,-0.027367152809696274,1.0,0.0008089691400527954,0.003707738674484654
2.5,4000,48,127,0.15124738716286684,0.5,0.16464369028482054,0.18049173842657634,0.5543212890625,0.022935418160965646,0.003237465591248157,101,0.10825054313930367,0.6334065631178849,0.16195238071316156,0.0543212890625,1.0,0.1334065631178849,1.0,0.0292443512637095,1.0,0.010704993550294722,1.0,0.002950802445411682,0.017797311082926207
2.5,4000,48,128,0.15124738716286684,0.5,0.2112458757897271,0.21217380997150487,0.58935546875,0.02229673660900918,0.003456043956214337,69,0.04889707449393408,0.5277404156578472,0.19890079423587764,0.08935546875,1.0,0.02774041565784724,1.0,0.060926422808638026,0.0,0.0476534070730108,0.0,0.007984399795532227,0.0007695306608701363
2.5,4000,48,129,0.15124738716286684,0.5,0.10552855716084829,0.15285937435346134,0.6378173828125,0.0241557437510821,0.002601186293963652,111,0.13546019677315826,0.44723429657785396,0.12957086985137847,0.1378173828125,1.0,-0.05276570342214604,1.0,0.0016119871905944938,1.0,-0.02167651731148837,1.0,0.01899363100528717,0.002784219457633874
2.5,4000,48,130,0.15124738716286684,0.5,0.20948709371715674,0.2125020911494585,0.642822265625,0.024763721325789828,0.0032697094799245922,61,0.05898664463207845,0.6395484865876436,0.19892201360491618,0.142822265625,0.0,0.13954848658764363,0.0,0.06125470398659166,0.0,0.04767462644204934,1.0,0.020398199558258057,0.019473780108901752
2.5,4000,48,131,0.15124738716286684,0.5,0.1713015271971595,0.18679565851434127,0.5853271484375,0.023495350362370753,0.003240238309763974,97,0.09035678425844172,0.5434826507974342,0.16782625440940555,0.0853271484375,1.0,0.043482650797434186,1.0,0.035548271351474425,1.0,0.016578867246538703,1.0,0.007280722260475159,0.001890740920371604
2.5,4000,48,132,0.15124738716286684,0.5,0.18428876140520925,0.19007920291661556,0.572265625,0.024197601923429308,0.0035724184887708623,89,0.07916657423579836,0.5405636273017873,0.1722662324113017,0.072265625,1.0,0.04056362730178731,1.0,0.03883181575374872,1.0,0.021018845248434864,1.0,0.005222320556640625,0.0016454078598783046
2.5,4000,48,133,0.15124738716286684,0.5,0.16810561416447442,0.16158195622233204,0.504150390625,0.021517682301729107,0.003237117475241743,155,0.12834601530253448,0.24493544905232212,0.13588247788672025,0.004150390625,1.0,-0.2550645509476779,0.0,0.010334569059465198,1.0,-0.015364909276146588,1.0,1.722574234008789e-05,0.06505792515014057
2.5,4000,48,134,0.15124738716286684,0.5,0.18247698831068326,0.18710819651991073,0.5885009765625,0.023371840382737315,0.003193391078901449,78,0.07171351484840607,0.6542154646341481,0.17294148697766648,0.0885009765625,1.0,0.15421546463414815,0.0,0.03586080935704389,1.0,0.02169409981479964,1.0,0.007832422852516174,0.023782409532326198
2.5,4000,48,135,0.15124738716286684,0.5,0.15233449025458246,0.1661732172078289,0.5211181640625,0.022181714305800144,0.0029921810789544706,57,0.05383585860463661,0.4509004263283316,0.1488766586600973,0.0211181640625,1.0,-0.049099573671668395,1.0,0.014925830044962063,1.0,-0.002370728502769537,1.0,0.0004459768533706665,0.002410768134739592
2.5,4000,48,136,0.15124738716286684,0.5,0.1628180010431447,0.1707554831575363,0.552490234375,0.022356003087686108,0.0031496339161529063,92,0.09079779670837895,0.5891193341758431,0.15380307317069228,0.052490234375,1.0,0.08911933417584306,1.0,0.01950809599466946,1.0,0.002555686007825436,1.0,0.0027552247047424316,0.007942255723945588
2.5,4000,48,137,0.15124738716286684,0.5,0.15331542772336829,0.22713442147293433,0.6842041015625,0.025539713604816296,0.003214202177537869,87,0.07183894812305618,0.7527334168676731,0.21012453433817982,0.1842041015625,0.0,0.25273341686767314,0.0,0.07588703431006749,0.0,0.05887714717531298,0.0,0.033931151032447815,0.06387418000160905
2.5,4000,48,138,0.15124738716286684,0.5,0.179248164502604,0.16744416846728005,0.54052734375,0.022400062619947002,0.0033459996663306613,100,0.0781246326944681,0.5938936976104963,0.14825295097578386,0.04052734375,1.0,0.09389369761049626,1.0,0.01619678130441321,1.0,-0.002994436187082977,1.0,0.001642465591430664,0.008816026450971312
2.5,4000,48,139,0.15124738716286684,0.5,0.15663608880795915,0.16220681317390287,0.538818359375,0.021713942453243196,0.0030346251978811277,134,0.1476667286273686,0.5118838503894148,0.14283671319651778,0.038818359375,1.0,0.011883850389414752,1.0,0.010959426011036028,1.0,-0.008410673966349064,1.0,0.0015068650245666504,0.00014122590007799315
2.5,4000,48,140,0.15124738716286684,0.5,0.1678183573852031,0.19877036697056766,0.667236328125,0.024443123121330238,0.00302395289989257,65,0.057914730478075806,0.7139840662802075,0.18532365865554865,0.167236328125,0.0,0.2139840662802075,0.0,0.047522979807700816,1.0,0.0340762714926818,1.0,0.027967989444732666,0.04578918062181223
2.5,4000,48,141,0.15124738716286684,0.5,0.1752440270399159,0.22233052226520392,0.6756591796875,0.024650710125232882,0.003187002478856883,71,0.054551798834777065,0.729750974551142,0.20896052704574536,0.1756591796875,0.0,0.22975097455114202,0.0,0.07108313510233707,0.0,0.05771313988287852,0.0,0.030856147408485413,0.05278551030719951
2.5,4000,48,142,0.15124738716286684,0.5,0.15949888466483503,0.1453409119559545,0.659423828125,0.024814703247360684,0.0023621998467568965,99,0.11003669562450695,0.617667221885766,0.12387235286058278,0.159423828125,1.0,0.11766722188576595,1.0,-0.005906475206912343,1.0,-0.027375034302284065,1.0,0.02541595697402954,0.013845575106314078
2.5,4000,48,143,0.15124738716286684,0.5,0.1209761977329582,0.16014167668174528,0.5557861328125,0.02281624021430035,0.0028904393646531617,101,0.11184306453796523,0.4687954336338373,0.1335431999342884,0.0557861328125,1.0,-0.0312045663661627,1.0,0.00889428951887844,1.0,-0.017704187228578444,1.0,0.003112092614173889,0.0009737249621002525
2.5,4000,48,144,0.15124738716286684,0.5,0.16323109061620578,0.18212170740063732,0.57568359375,0.023198223496619326,0.0030712750560811172,90,0.0790083538324542,0.5462794386461276,0.16388343862209956,0.07568359375,1.0,0.0462794386461276,1.0,0.03087432023777048,1.0,0.012636051459232717,1.0,0.005728006362915039,0.002141786441400689
2.5,4000,48,145,0.15124738716286684,0.5,0.12482784037216009,0.18126076009764075,0.6434326171875,0.023531162848143765,0.0029311969153677877,142,0.17834627873445869,0.48681150455720407,0.1563901768527151,0.1434326171875,1.0,-0.013188495442795933,1.0,0.030013372934773908,1.0,0.0051427896898482706,1.0,0.02057291567325592,0.0001739364120446491
2.5,4000,48,146,0.15124738716286684,0.5,0.14589835618113997,0.21464708461100246,0.648193359375,0.0251392400926753,0.0031980718519342326,93,0.076640992344385,0.6597153272827766,0.1963672890011149,0.148193359375,1.0,0.1597153272827766,0.0,0.06339969744813562,0.0,0.045119901838248044,1.0,0.0219612717628479,0.025508985769044444
2.5,4000,48,147,0.15124738716286684,0.5,0.17559324892638425,0.1755542891522468,0.63232421875,0.023969013938774843,0.002924734677084237,86,0.08191448383239938,0.694012017215476,0.1581575601336462,0.13232421875,1.0,0.194012017215476,0.0,0.02430690198937996,1.0,0.006910172970779366,1.0,0.01750969886779785,0.03764066282401816
2.5,4000,48,148,0.15124738716286684,0.5,0.1898637256445927,0.1826132321235747,0.6630859375,0.024544161244373842,0.0030618723575775897,85,0.07796767610291316,0.6879007346717478,0.16381953208589262,0.1630859375,0.0,0.18790073467174784,0.0,0.03136584496070785,1.0,0.012572144923025774,1.0,0.026597023010253906,0.03530668609018258
2.5,4000,48,149,0.15124738716286684,0.5,0.17604957353908499,0.18259762425449297,0.7010498046875,0.026098913809234653,0.0027851264898180843,76,0.08086919334537396,0.8024218992343345,0.1682589491220877,0.2010498046875,0.0,0.3024218992343345,0.0,0.031350237091626126,1.0,0.01701156195922085,1.0,0.0404210239648819,0.09145900513650196
2.5,16000,76,0,0.15124738716286684,0.5,0.0852626756079403,0.17397257863912918,0.591064453125,0.011884191837268425,0.0027729692828097076,106,0.059864037863025035,0.558609569861525,0.16681259470227341,0.091064453125,1.0,0.05860956986152499,1.0,0.02272519147626234,1.0,0.015565207539406573,1.0,0.008292734622955322,0.0034350816793529784
2.5,16000,76,1,0.15124738716286684,0.5,0.06702889120945608,0.15426379824497813,0.514892578125,0.011099853918596702,0.002783960886407294,114,0.05542136876178702,0.4280149687152899,0.14770046384154795,0.014892578125,1.0,-0.07198503128471012,1.0,0.0030164110821112866,1.0,-0.0035469233213188955,1.0,0.00022178888320922852,0.005181844729060695
2.5,16000,76,2,0.15124738716286684,0.5,0.06477824628496233,0.1572526577941544,0.572021484375,0.011581812298287118,0.00263241387715712,115,0.07363727650476191,0.6351194134301109,0.14791812828497636,0.072021484375,1.0,0.1351194134301109,1.0,0.006005270631287557,1.0,-0.003329258877890484,1.0,0.005187094211578369,0.018257255885697238
2.5,16000,76,3,0.15124738716286684,0.5,0.06308727993474134,0.160586361174825,0.517822265625,0.010920442091584081,0.002718512368649171,165,0.09761190129647597,0.5045300228747388,0.15006802797343663,0.017822265625,1.0,0.004530022874738804,1.0,0.009338974011958157,1.0,-0.0011793591894302125,1.0,0.00031763315200805664,2.0521107245656815e-05
2.5,16000,76,4,0.15124738716286684,0.5,0.07078327612973448,0.1580836812598699,0.523193359375,0.01105270966711438,0.002795583602303094,107,0.06277862333419823,0.4823043671450736,0.15129339505534437,0.023193359375,1.0,-0.017695632854926424,1.0,0.006836294097003065,1.0,4.600789247752313e-05,1.0,0.0005379319190979004,0.0003131354221363515
2.5,16000,76,5,0.15124738716286684,0.5,0.06496710374864897,0.16475961627518607,0.555419921875,0.011322368169664192,0.0028947772958892847,89,0.04890106703773625,0.5587604470930543,0.15764320672811324,0.055419921875,1.0,0.05876044709305428,1.0,0.013512229112319224,1.0,0.006395819565246402,1.0,0.0030713677406311035,0.0034527901425756313
2.5,16000,76,6,0.15124738716286684,0.5,0.08235973243873355,0.15561789548905777,0.5184326171875,0.011130864179621383,0.00274969950777472,96,0.05382435459434716,0.4196293852163628,0.1493561314709225,0.0184326171875,1.0,-0.08037061478363722,1.0,0.0043705083261909305,1.0,-0.0018912556919443435,1.0,0.0003397613763809204,0.006459435720699805
2.5,16000,76,7,0.15124738716286684,0.5,0.08251969096564758,0.1613170763463984,0.5262451171875,0.010912469393825957,0.002760005659734656,106,0.05461461705113723,0.5024804903380476,0.15527589727367178,0.0262451171875,1.0,0.0024804903380476473,1.0,0.010069689183531572,1.0,0.004028510110804934,1.0,0.0006888061761856079,6.152832317147732e-06
2.5,16000,76,8,0.15124738716286684,0.5,0.06707449429487027,0.15741920424715114,0.597900390625,0.011852080582225002,0.002409931046347637,102,0.06200601557154645,0.5514755942679035,0.1496592139420752,0.097900390625,1.0,0.05147559426790349,1.0,0.006171817084284298,1.0,-0.0015881732207916333,1.0,0.009584486484527588,0.0026497368052338186
2.5,16000,76,9,0.15124738716286684,0.5,0.07978790647605537,0.159925638217109,0.521484375,0.01086073143770232,0.002800284594948279,124,0.07303292317722407,0.5477710673429943,0.15156614816006445,0.021484375,1.0,0.0477710673429943,1.0,0.008678251054242164,1.0,0.00031876099719760354,1.0,0.000461578369140625,0.0022820748750888966
2.5,16000,76,10,0.15124738716286684,0.5,0.07687157946571578,0.15455697941717728,0.5687255859375,0.01175829132658092,0.0027180239655687556,96,0.05278395308053566,0.5662943658974187,0.14826154762583943,0.0687255859375,1.0,0.06629436589741866,1.0,0.003309592254310434,1.0,-0.0029858395370274127,1.0,0.004723206162452698,0.0043949429497408266
2.5,16000,76,11,0.15124738716286684,0.5,0.07872289157038578,0.16464540203182892,0.5936279296875,0.011833837465023775,0.002717763771834788,145,0.08838078110443544,0.5297791499870691,0.1574174250989645,0.0936279296875,1.0,0.029779149987069098,1.0,0.013398014868962083,1.0,0.006170037936097661,1.0,0.008766189217567444,0.0008867977739523574
2.5,16000,76,12,0.15124738716286684,0.5,0.09076201166263516,0.161791872031128,0.493896484375,0.010619365508516516,0.002956235058227455,132,0.0733154603370937,0.5072031864894694,0.15257050862705396,-0.006103515625,1.0,0.007203186489469382,1.0,0.01054448486826115,1.0,0.0013231214641871158,1.0,3.725290298461914e-05,5.188589560207424e-05
2.5,16000,76,13,0.15124738716286684,0.5,0.08610823226865989,0.16092406848924073,0.517822265625,0.010948363648037559,0.002898450219636127,139,0.07142522027260668,0.47399233637021887,0.15290301881510054,0.017822265625,1.0,-0.02600766362978113,1.0,0.009676681326373893,1.0,0.0016556316522337022,1.0,0.00031763315200805664,0.0006763985674798402
2.5,16000,76,14,0.15124738716286684,0.5,0.06563783184694709,0.16178033616729234,0.498779296875,0.01072830817268966,0.002917126030521092,92,0.05019966829494017,0.4981874803509185,0.15559605059264542,-0.001220703125,1.0,-0.0018125196490815232,1.0,0.010532949004425501,1.0,0.0043486634297785765,1.0,1.4901161193847656e-06,3.285227478306608e-06
2.5,16000,76,15,0.15124738716286684,0.5,0.08473260471143167,0.1665729898813989,0.5513916015625,0.011258316065032385,0.0028994758428577483,115,0.06276694291755804,0.5555175365429882,0.1595357340473355,0.0513916015625,1.0,0.05551753654298819,1.0,0.015325602718532061,1.0,0.008288346884468667,1.0,0.0026410967111587524,0.0030821968638020288
2.5,16000,76,16,0.15124738716286684,0.5,0.08416031190450861,0.15838342923004198,0.5045166015625,0.01090812723256713,0.002887758520187761,71,0.03555571593190631,0.48298740577293325,0.15243427448170271,0.0045166015625,1.0,-0.017012594227066746,1.0,0.007136042067175136,1.0,0.001186887318835872,1.0,2.039968967437744e-05,0.0002894283623348248
2.5,16000,76,17,0.15124738716286684,0.5,0.07337111251004426,0.13054174639925953,0.51611328125,0.011053448438544096,0.002444958601107659,77,0.048983996837512506,0.5008920182013784,0.1239558930754684,0.01611328125,1.0,0.0008920182013784084,1.0,-0.020705640763607314,1.0,-0.027291494087398435,0.0,0.00025963783264160156,7.956964715903707e-07
2.5,16000,76,18,0.15124738716286684,0.5,0.07820541361820683,0.15928869058895156,0.48388671875,0.010679597700348637,0.002983125245706194,138,0.08065543935249544,0.474487008193466,0.1522561414884124,-0.01611328125,1.0,-0.02551299180653399,1.0,0.008041303426084723,1.0,0.0010087543255455633,1.0,0.00025963783264160156,0.0006509127509202705
2.5,16000,76,19,0.15124738716286684,0.5,0.09239825494610497,0.16605295931893083,0.48779296875,0.01051268946329803,0.002990714118074327,79,0.041252448417686785,0.4673122446981007,0.16093627175556954,-0.01220703125,1.0,-0.032687755301899324,1.0,0.014805572156063984,1.0,0.009688884592702701,1.0,0.00014901161193847656,0.0010684893466768473
2.5,16000,76,20,0.15124738716286684,0.5,0.07587071157682851,0.15672233440463623,0.574951171875,0.011663185981375706,0.002703010170431405,159,0.09117131468673535,0.5866859115467157,0.14613697081744753,0.074951171875,1.0,0.08668591154671568,1.0,0.00547494724176939,1.0,-0.005110416345419311,1.0,0.005617678165435791,0.007514447260685014
2.5,16000,76,21,0.15124738716286684,0.5,0.06935066519420587,0.1701440237464903,0.5294189453125,0.01113263076597545,0.002961266760614092,119,0.058239041246341224,0.5038056846056688,0.16396443805839123,0.0294189453125,1.0,0.0038056846056687688,1.0,0.01889663658362345,1.0,0.012717050895524384,1.0,0.0008654743432998657,1.4483235317824253e-05
2.5,16000,76,22,0.15124738716286684,0.5,0.08897020191788706,0.16395629647242727,0.4954833984375,0.010740737924030925,0.0030350776759729475,93,0.046536407064727545,0.4660200456837694,0.15828377556911147,-0.0045166015625,1.0,-0.033979954316230576,1.0,0.012708909309560423,1.0,0.007036388406244626,1.0,2.039968967437744e-05,0.001154637295333117
2.5,16000,76,23,0.15124738716286684,0.5,0.09728024927879762,0.1609359413647536,0.52197265625,0.01110324285927123,0.002862965353871632,83,0.04501630783542393,0.5128392594784329,0.15561585408308007,0.02197265625,1.0,0.012839259478432896,1.0,0.009688554201886745,1.0,0.0043684669202132265,1.0,0.00048279762268066406,0.00016484658395452895
2.5,16000,76,24,0.15124738716286684,0.5,0.10005467995256018,0.18151279797935813,0.5499267578125,0.011329655690590317,0.002985339072745713,100,0.043474284435039784,0.48986613069815893,0.1755204980654011,0.0499267578125,1.0,-0.01013386930184107,1.0,0.030265410816491284,0.0,0.024273110902534256,0.0,0.00249268114566803,0.00010269530702679681
2.5,16000,76,25,0.15124738716286684,0.5,0.0665808597140525,0.15742717019811286,0.569091796875,0.01159845367066583,0.002598147137795088,175,0.10297537979195791,0.4746030624519272,0.148923018413707,0.069091796875,1.0,-0.025396937548072818,1.0,0.006179783035246023,1.0,-0.0023243687491598386,1.0,0.00477367639541626,0.0006450044368207109
2.5,16000,76,26,0.15124738716286684,0.5,0.0613244947016416,0.15372874343743903,0.44384765625,0.010406405661727807,0.002846886142590246,74,0.04538982818437169,0.35116121265924577,0.14814036999673824,-0.05615234375,1.0,-0.14883878734075423,0.0,0.0024813562745721884,1.0,-0.0031070171661286006,1.0,0.003153085708618164,0.022152984617066263
2.5,16000,76,27,0.15124738716286684,0.5,0.07490840240913423,0.16406778382973072,0.5220947265625,0.011102090069297377,0.0026917722880005694,132,0.08023729653950816,0.4175305164496665,0.15637337970834533,0.0220947265625,1.0,-0.08246948355033351,1.0,0.012820396666863881,1.0,0.005125992545478492,1.0,0.00048817694187164307,0.0068012157170587294
2.5,16000,76,28,0.15124738716286684,0.5,0.09557899495690848,0.14754789690941217,0.4854736328125,0.010581535214392796,0.0028094352643305244,155,0.08258592718046708,0.46168099901957604,0.14006268077302358,-0.0145263671875,1.0,-0.038319000980423956,1.0,-0.0036994902534546736,1.0,-0.011184706389843257,1.0,0.00021101534366607666,0.0014683458361377322
2.5,16000,76,29,0.15124738716286684,0.5,0.06341969785549488,0.1441133506203779,0.5546875,0.011459085262401034,0.0025489889394784437,120,0.07480154408299802,0.5908405065295665,0.13608858570097104,0.0546875,1.0,0.09084050652956654,1.0,-0.007134036542488953,1.0,-0.015158801461895799,1.0,0.00299072265625,0.008251997626548222
2.5,16000,76,30,0.15124738716286684,0.5,0.08109944273806033,0.15911078077196184,0.515625,0.010973776837010875,0.0028617496754522005,103,0.056234365428925466,0.4390373986125355,0.15236850256146794,0.015625,1.0,-0.06096260138746451,1.0,0.007863393609094993,1.0,0.0011211153986011024,1.0,0.000244140625,0.00371643876792689
2.5,16000,76,31,0.15124738716286684,0.5,0.0775872597846958,0.15741392665135034,0.54443359375,0.01152528369968483,0.002807204372186868,112,0.06297033818960525,0.5428827121692328,0.14983925625661018,0.04443359375,1.0,0.042882712169232784,1.0,0.006166539488483502,1.0,-0.0014081309062566605,1.0,0.001974344253540039,0.0018389270029892655
2.5,16000,76,32,0.15124738716286684,0.5,0.0791832043124767,0.1642709934489617,0.6480712890625,0.01217320352964835,0.002630507374230553,175,0.09540586221779856,0.7152841477873942,0.15528360200217386,0.1480712890625,1.0,0.21528414778739424,0.0,0.013023606286094863,1.0,0.004036214839307023,1.0,0.021925106644630432,0.046347264288544604
2.5,16000,76,33,0.15124738716286684,0.5,0.07711109922141697,0.149486524343424,0.5025634765625,0.010716924895102228,0.0029006369006494793,102,0.05369975859688437,0.45606203789382166,0.1437194331563612,0.0025634765625,1.0,-0.04393796210617834,1.0,-0.0017608628194428488,1.0,-0.007527954006505633,1.0,6.571412086486816e-06,0.0019305445140439638
2.5,16000,76,34,0.15124738716286684,0.5,0.08843123413510467,0.17226350931058565,0.544677734375,0.011536771826352038,0.0030878984876375223,116,0.05680089526549236,0.5418182681108107,0.16635424375538854,0.044677734375,1.0,0.041818268110810686,1.0,0.021016122147718808,1.0,0.0151068565925217,1.0,0.0019960999488830566,0.001748767547787646
2.5,16000,76,35,0.15124738716286684,0.5,0.10242580159619745,0.1715130016424723,0.689453125,0.01255433232319104,0.0025230599572049865,168,0.10672860219061708,0.6960781377723092,0.16348686595339476,0.189453125,1.0,0.1960781377723092,1.0,0.020265614479605454,1.0,0.012239478790527919,1.0,0.035892486572265625,0.03844663611225667
2.5,16000,76,36,0.15124738716286684,0.5,0.07906364423915897,0.16800044878003323,0.551513671875,0.011555794488078145,0.0026418474277145987,99,0.05414989559628696,0.5203376869039187,0.1619007595465857,0.051513671875,1.0,0.020337686903918684,1.0,0.016753061617166387,1.0,0.010653372383718857,1.0,0.002653658390045166,0.0004136215086018255
2.5,16000,76,37,0.15124738716286684,0.5,0.09839473885621113,0.16910671874933608,0.53662109375,0.011437067882179545,0.00289150196036147,100,0.05010510536662264,0.5116532507977082,0.1636051877790694,0.03662109375,1.0,0.011653250797708181,1.0,0.01785933158646924,1.0,0.012357800616202563,1.0,0.001341104507446289,0.00013579825415428636
2.5,16000,76,38,0.15124738716286684,0.5,0.08760894419675198,0.17266387822198642,0.577392578125,0.011665555595345187,0.0028939338107401027,233,0.15415569268703866,0.6251210599284694,0.16450641915214415,0.077392578125,1.0,0.12512105992846945,1.0,0.02141649105911958,1.0,0.013259031989277303,1.0,0.0059896111488342285,0.015655279637623642
2.5,16000,76,39,0.15124738716286684,0.5,0.07102684487850608,0.1682838027293624,0.512451171875,0.010915672784797594,0.0028559078139485375,116,0.06795372436136085,0.3872613681653539,0.15722981015141904,0.012451171875,1.0,-0.11273863183464611,1.0,0.017036415566495544,1.0,0.0059824229885521996,1.0,0.00015503168106079102,0.012709999107947881
2.5,16000,76,40,0.15124738716286684,0.5,0.0909455994550194,0.18769886031518407,0.5528564453125,0.011726574877407601,0.003006217397656904,102,0.05983822896689353,0.4950636632768829,0.1827481566100169,0.0528564453125,1.0,-0.004936336723117107,1.0,0.036451473152317226,0.0,0.03150076944715005,0.0,0.0027938038110733032,2.436742024399454e-05
2.5,16000,76,41,0.15124738716286684,0.5,0.0949338182076409,0.1648088681525909,0.4842529296875,0.010930565428354206,0.0029988132135528285,146,0.08515817926477899,0.38557708285234477,0.15596798605604373,-0.0157470703125,1.0,-0.11442291714765523,1.0,0.013561480989724067,1.0,0.004720598893176886,1.0,0.00024797022342681885,0.013092603968579175
2.5,16000,76,42,0.15124738716286684,0.5,0.09363475776806379,0.15114132302353517,0.515380859375,0.011073311013860901,0.002869272793369388,209,0.138639646852055,0.47470597666768877,0.14262386796069648,0.015380859375,1.0,-0.025294023332311233,1.0,-0.00010606413933167413,1.0,-0.00862351920217036,1.0,0.0002365708351135254,0.000639787616335505
2.5,16000,76,43,0.15124738716286684,0.5,0.08446088967736909,0.16289490506630638,0.50634765625,0.011002251557960585,0.0029105463985691833,82,0.04677711964898626,0.47016613982869365,0.1580285814937743,0.00634765625,1.0,-0.029833860171306348,1.0,0.011647517903439542,1.0,0.0067811943309074585,1.0,4.029273986816406e-05,0.0008900592127210592
2.5,16000,76,44,0.15124738716286684,0.5,0.08435382326319409,0.1614302075233251,0.5980224609375,0.01175012295959331,0.0026441283445346113,86,0.04577341992638938,0.6370920543950271,0.15417737720175145,0.0980224609375,0.0,0.13709205439502714,0.0,0.010182820360458256,1.0,0.002929990038884611,1.0,0.009608402848243713,0.01879423137824908
2.5,16000,76,45,0.15124738716286684,0.5,0.07813811755005014,0.1609600388542911,0.56298828125,0.011679478290404843,0.0027924270541578116,243,0.14786642738414965,0.5227112624792549,0.14778439440231514,0.06298828125,1.0,0.022711262479254923,1.0,0.009712651691424268,1.0,-0.003462992760551703,1.0,0.0039675235748291016,0.0005158014434016125
2.5,16000,76,46,0.15124738716286684,0.5,0.08293944525116903,0.16316331864657085,0.5704345703125,0.0117034543084435,0.0029009108062997067,109,0.05218965431593017,0.5305170000419527,0.1568411566277358,0.0704345703125,1.0,0.03051700004195268,1.0,0.011915931483704012,1.0,0.005593769464868947,1.0,0.004961028695106506,0.0009312872915605399
2.5,16000,76,47,0.15124738716286684,0.5,0.0813448861368612,0.1357770421118586,0.447265625,0.010168844395542739,0.002856050636888589,106,0.061616006529400115,0.41269582866958077,0.12896941547656807,-0.052734375,1.0,-0.08730417133041923,1.0,-0.01547034505100825,1.0,-0.022277971686298775,0.0,0.002780914306640625,0.007622018331691196
2.5,16000,76,48,0.15124738716286684,0.5,0.07799050120131835,0.16420949583127117,0.522705078125,0.010920723689626667,0.0029496877759860804,119,0.059564875628168756,0.4456206194282788,0.15736837929276504,0.022705078125,1.0,-0.0543793805717212,1.0,0.012962108668404332,1.0,0.006120992129898195,1.0,0.0005155205726623535,0.0029571170313640893
2.5,16000,76,49,0.15124738716286684,0.5,0.10188940511597037,0.16946141255569563,0.5367431640625,0.011327261258026276,0.0027708402008638795,98,0.05700187402011226,0.4558442857191609,0.16443417577617742,0.0367431640625,1.0,-0.04415571428083909,1.0,0.018214025392828792,1.0,0.013186788613310574,1.0,0.0013500601053237915,0.0019497271036510969
2.5,16000,76,50,0.15124738716286684,0.5,0.08695885279944099,0.1631455895326899,0.625,0.012146512244513531,0.0026756183044809216,105,0.06010296874158,0.6135703687852626,0.15654290371867982,0.125,0.0,0.11357036878526261,1.0,0.011898202369823058,1.0,0.005295516555812979,1.0,0.015625,0.012898228666020552
2.5,16000,76,51,0.15124738716286684,0.5,0.06511346482858621,0.16015958168187944,0.6590576171875,0.012651312977919178,0.002588255655768188,190,0.10900785426879285,0.7919477131042981,0.14677144718931026,0.1590576171875,1.0,0.2919477131042981,0.0,0.008912194519012595,1.0,-0.004475939973556581,1.0,0.025299325585365295,0.08523346718682957
2.5,16000,76,52,0.15124738716286684,0.5,0.08082576068183298,0.13692554634176501,0.4786376953125,0.010349992099363907,0.002642737067993051,83,0.04976277180004081,0.4585271257492542,0.13124700646747856,-0.0213623046875,1.0,-0.041472874250745806,1.0,-0.014321840821101828,1.0,-0.020000380695388287,1.0,0.00045634806156158447,0.0017199992986181745
2.5,16000,76,53,0.15124738716286684,0.5,0.09920190323252615,0.1530084929783693,0.5753173828125,0.011694826104999079,0.00266036032254657,127,0.07069312799998193,0.5379921741669423,0.14748034681842623,0.0753173828125,1.0,0.03799217416694234,1.0,0.0017611058155024562,1.0,-0.003767040344440614,1.0,0.00567270815372467,0.0014434052979312808
2.5,16000,76,54,0.15124738716286684,0.5,0.07724404350345507,0.1714457247765757,0.553466796875,0.01152960941651549,0.002955919594823534,160,0.08463452822690302,0.46344823436921445,0.1626632487737331,0.053466796875,1.0,-0.03655176563078555,1.0,0.020198337613708844,1.0,0.011415861610866246,1.0,0.0028586983680725098,0.0013360315707278757
2.5,16000,76,55,0.15124738716286684,0.5,0.07208921473310798,0.1613254369649772,0.49169921875,0.01085209611170657,0.0029104838946224848,84,0.04614033720190168,0.4367889075491501,0.15482623729878692,-0.00830078125,1.0,-0.06321109245084988,1.0,0.010078049802110356,1.0,0.0035788501359200753,1.0,6.890296936035156e-05,0.003995642208829891
2.5,16000,76,56,0.15124738716286684,0.5,0.06583783320667604,0.15150416008022052,0.4249267578125,0.010178226396470265,0.0028278614959345505,61,0.04152662091101406,0.3666006027550016,0.14663975258647355,-0.0750732421875,1.0,-0.13339939724499839,0.0,0.00025677291735368146,1.0,-0.0046076345763932935,1.0,0.00563599169254303,0.017795399185328884
2.5,16000,76,57,0.15124738716286684,0.5,0.09200086976895144,0.17369775059804,0.4974365234375,0.010959516172592991,0.002990572047767003,96,0.05754755960242099,0.43648921703496374,0.16798171616357607,-0.0025634765625,1.0,-0.06351078296503626,1.0,0.02245036343517315,0.0,0.01673432900070923,1.0,6.571412086486816e-06,0.00403361955283194
2.5,16000,76,58,0.15124738716286684,0.5,0.099254384482014,0.17368632373905646,0.5572509765625,0.011818114276309105,0.002915831431640652,79,0.04072172372877557,0.5536839695120098,0.16927223717420825,0.0572509765625,1.0,0.05368396951200982,1.0,0.022438936576189616,1.0,0.01802485001134141,1.0,0.0032776743173599243,0.0028819685825664
2.5,16000,76,59,0.15124738716286684,0.5,0.058028758110829144,0.1649476819953445,0.5640869140625,0.011732571135434825,0.0027044841152807733,90,0.050665674076377475,0.5474427243626373,0.15836499511231228,0.0640869140625,1.0,0.0474427243626373,1.0,0.013700294832477644,1.0,0.007117607949445437,1.0,0.00410713255405426,0.0022508120949491788
2.5,16000,76,60,0.15124738716286684,0.5,0.08094591017151492,0.13072218715334755,0.431396484375,0.010190727953061716,0.0024341925179595047,73,0.05046225263537161,0.32733601940187546,0.12569411027217323,-0.068603515625,1.0,-0.17266398059812454,0.0,-0.020525200009519295,0.0,-0.025553276890693616,0.0,0.004706442356109619,0.02981285019598953
2.5,16000,76,61,0.15124738716286684,0.5,0.07622126904254387,0.164147870737053,0.4893798828125,0.010804047410174066,0.0029296528092225393,93,0.050473892535392216,0.45117501666788534,0.15808938480696275,-0.0106201171875,1.0,-0.04882498333211466,1.0,0.012900483574186161,1.0,0.006841997644095904,1.0,0.00011278688907623291,0.0023838789973812742
2.5,16000,76,62,0.15124738716286684,0.5,0.09307095321529209,0.171824130873041,0.5205078125,0.011238665573315426,0.0030630597414382224,66,0.03616410789548574,0.5195966869547028,0.16841863616622002,0.0205078125,1.0,0.019596686954702847,1.0,0.02057674371017415,1.0,0.01717124900335318,1.0,0.00042057037353515625,0.0003840301396006207
2.5,16000,76,63,0.15124738716286684,0.5,0.07975591222941417,0.15166131552319992,0.5633544921875,0.011537355973631142,0.002725874347549242,138,0.0787247506781146,0.4999584217157951,0.1429636561564929,0.0633544921875,1.0,-4.157828420492393e-05,1.0,0.0004139283603330768,1.0,-0.008283731006373946,1.0,0.0040137916803359985,1.7287537174254269e-09
2.5,16000,76,64,0.15124738716286684,0.5,0.08808811883029194,0.140077541376801,0.664794921875,0.012566179211469446,0.0023120802347407063,204,0.15616564302968905,0.7065871028521299,0.12910882612599067,0.164794921875,1.0,0.2065871028521299,1.0,-0.011169845786065835,1.0,-0.02213856103687617,1.0,0.027157366275787354,0.042678231064836494
2.5,16000,76,65,0.15124738716286684,0.5,0.08888239176532557,0.1549188214887038,0.5068359375,0.010884917973099888,0.0028984579419393925,129,0.08414142166005222,0.46179221845794943,0.1481558668603853,0.0068359375,1.0,-0.03820778154205057,1.0,0.0036714343258369697,1.0,-0.003091520302481554,1.0,4.673004150390625e-05,0.00145983457036506
2.5,16000,76,66,0.15124738716286684,0.5,0.06457677532143569,0.1614359383616031,0.57763671875,0.011638195493471585,0.002681618279109458,133,0.0822759283290344,0.6103512478762532,0.15126432548365282,0.07763671875,1.0,0.11035124787625317,1.0,0.010188551198736268,1.0,1.6938320785975236e-05,1.0,0.0060274600982666016,0.01217739790784627
2.5,16000,76,67,0.15124738716286684,0.5,0.07658135647690165,0.1414892014797633,0.51953125,0.011181454979760615,0.0025042750349153937,105,0.06429988771426037,0.46503190450596277,0.133326242547254,0.01953125,1.0,-0.03496809549403723,1.0,-0.009758185683103549,1.0,-0.01792114461561284,1.0,0.0003814697265625,0.0012227677024801069
2.5,16000,76,68,0.15124738716286684,0.5,0.0922985755814575,0.16595302336960804,0.51123046875,0.011064217266593564,0.002868995104761613,124,0.08870966671296916,0.5303964262752927,0.15954808327042586,0.01123046875,1.0,0.03039642627529271,1.0,0.014705636206741202,1.0,0.008300696107559014,1.0,0.00012612342834472656,0.000923942730309305
2.5,16000,76,69,0.15124738716286684,0.5,0.07877865936133986,0.1563921423299156,0.49267578125,0.010746373726834582,0.0027363519155972986,88,0.053716737158496834,0.461819539671189,0.1512270315083306,-0.00732421875,1.0,-0.038180460328811006,1.0,0.0051447551670487646,1.0,-2.035565453623045e-05,1.0,5.364418029785156e-05,0.001457747550919911
2.5,16000,76,70,0.15124738716286684,0.5,0.08191693690920895,0.15664424341174626,0.6043701171875,0.011894686850681143,0.002525829887730648,252,0.20826623345232367,0.5409709558169492,0.14548842935995582,0.1043701171875,1.0,0.040970955816949206,1.0,0.0053968562488794225,1.0,-0.0057589578029110244,1.0,0.010893121361732483,0.001678619220554404
2.5,16000,76,71,0.15124738716286684,0.5,0.08257858627635262,0.1593989714352453,0.5074462890625,0.010899513113833774,0.002822986434546489,157,0.09619151966348992,0.37243319784945284,0.15091412402014526,0.0074462890625,1.0,-0.12756680215054716,1.0,0.00815158427237847,1.0,-0.00033326314272158486,1.0,5.544722080230713e-05,0.016273289010916844
2.5,16000,76,72,0.15124738716286684,0.5,0.07991179303718021,0.1503392851330843,0.551025390625,0.011396638613704466,0.0026793289227322664,161,0.08886520859592342,0.5507731315468231,0.14106586813171818,0.051025390625,1.0,0.05077313154682306,1.0,-0.0009081020297825315,1.0,-0.010181519031148667,1.0,0.002603590488433838,0.002577910887070999
2.5,16000,76,73,0.15124738716286684,0.5,0.08943526738274706,0.1465814840475764,0.4932861328125,0.010682521542209203,0.002735044142911932,72,0.040596102234365,0.4363834041394516,0.14153940622941535,-0.0067138671875,1.0,-0.06361659586054841,1.0,-0.004665903115290443,1.0,-0.009707980933451488,1.0,4.507601261138916e-05,0.004047071268884345
2.5,16000,76,74,0.15124738716286684,0.5,0.07977986934734577,0.15742764009412136,0.5279541015625,0.011296698204325214,0.0026292777580971976,90,0.05757894463328643,0.5170266516367222,0.15181467843635915,0.0279541015625,1.0,0.017026651636722234,1.0,0.006180252931254515,1.0,0.0005672912734923097,1.0,0.0007814317941665649,0.00028990686595829594
2.5,16000,76,75,0.15124738716286684,0.5,0.10338780218564797,0.1696122620625531,0.50927734375,0.010929485594112782,0.0031522669300452204,82,0.04413815550870354,0.49704880496692155,0.1640143368274642,0.00927734375,1.0,-0.0029511950330784464,1.0,0.018364874899686245,1.0,0.012766949664597349,1.0,8.606910705566406e-05,8.709552123266893e-06
2.5,16000,76,76,0.15124738716286684,0.5,0.0572494310006218,0.14872013032439046,0.4853515625,0.010976691511393414,0.0027254667932517006,65,0.04179653355662406,0.43794970735398664,0.14372398687857676,-0.0146484375,1.0,-0.06205029264601336,1.0,-0.002527256838476377,1.0,-0.007523400284290077,1.0,0.00021457672119140625,0.0038502388174558996
2.5,16000,76,77,0.15124738716286684,0.5,0.08187525306221625,0.14941036686351636,0.505126953125,0.011119705858654415,0.002756329494666115,103,0.05623149908635807,0.43042364152249474,0.1425290812924287,0.005126953125,1.0,-0.06957635847750526,1.0,-0.0018370202993504836,1.0,-0.008718305870438148,1.0,2.6285648345947266e-05,0.004840869658990318
2.5,16000,76,78,0.15124738716286684,0.5,0.07959035857103681,0.15671111445199049,0.5325927734375,0.011085140437975545,0.002703436404806638,93,0.05089658216851064,0.5336450068548558,0.15100011121974785,0.0325927734375,1.0,0.03364500685485583,1.0,0.005463727289123643,1.0,-0.0002472759431189908,1.0,0.0010622888803482056,0.0011319864862632959
2.5,16000,76,79,0.15124738716286684,0.5,0.08968935427569705,0.15938796955628556,0.596435546875,0.011891140826596567,0.0025424458551172786,104,0.06344371619886092,0.5157276620858061,0.15086649612987102,0.096435546875,1.0,0.015727662085806116,1.0,0.008140582393418722,1.0,-0.0003808910329958226,1.0,0.009299814701080322,0.00024735935468530316
2.5,16000,76,80,0.15124738716286684,0.5,0.06918311936137649,0.16990330969694672,0.5885009765625,0.011843691751453259,0.0027420961065325353,126,0.06518148212328481,0.5611892509742038,0.16352531279074226,0.0885009765625,1.0,0.0611892509742038,1.0,0.018655922534079883,1.0,0.012277925627875413,1.0,0.007832422852516174,0.003744124434784101
2.5,16000,76,81,0.15124738716286684,0.5,0.07985007549205618,0.15885266249813831,0.6182861328125,0.012188211514489459,0.0025553582466651963,113,0.061660177600392184,0.5975071081356235,0.15184957384841713,0.1182861328125,1.0,0.09750710813562347,1.0,0.007605275335271472,1.0,0.0006021866855502878,1.0,0.01399160921573639,0.009507636136972168
2.5,16000,76,82,0.15124738716286684,0.5,0.08409428969355816,0.17172685719448938,0.643798828125,0.012495823708569302,0.002738107461973675,109,0.061834914106802974,0.6744157240198958,0.1660217956195724,0.143798828125,0.0,0.1744157240198958,0.0,0.020479470031622538,1.0,0.014774408456705551,1.0,0.02067810297012329,0.030420844785384458
2.5,16000,76,83,0.15124738716286684,0.5,0.06455675273248504,0.14816764544267147,0.48828125,0.010914344844258449,0.0027835317779419206,107,0.06741468010175986,0.47982838207272804,0.14204457624675518,-0.01171875,1.0,-0.020171617927271956,1.0,-0.0030797417201953725,1.0,-0.009202810916111664,1.0,0.0001373291015625,0.0004068941698038394
2.5,16000,76,84,0.15124738716286684,0.5,0.070492527767521,0.15463784584070314,0.5179443359375,0.01078240557973314,0.002826347286671794,115,0.06027139312846988,0.4704830107997129,0.146816582932558,0.0179443359375,1.0,-0.029516989200287114,1.0,0.0033904586778363,1.0,-0.004430804230308838,1.0,0.000321999192237854,0.0008712526514498662
2.5,16000,76,85,0.15124738716286684,0.5,0.05684716396559804,0.15230416342192166,0.53466796875,0.011342526382019663,0.0025451793254767765,127,0.09335886992373556,0.506429490854543,0.14470936338364085,0.03466796875,1.0,0.00642949085454303,1.0,0.0010567762590548146,1.0,-0.006538023779225993,1.0,0.0012018680572509766,4.1338352648652457e-05
2.5,16000,76,86,0.15124738716286684,0.5,0.09883265746233894,0.148250164313647,0.5113525390625,0.01086773276495457,0.0025710038097345855,64,0.038776184945639225,0.4915080346682705,0.14336724992488953,0.0113525390625,1.0,-0.008491965331729523,1.0,-0.002997222849219855,1.0,-0.007880137237977314,1.0,0.00012888014316558838,7.211347519529611e-05
2.5,16000,76,87,0.15124738716286684,0.5,0.09398993257383643,0.18055866600445292,0.582763671875,0.011607709211939996,0.0028605743344271625,91,0.04492006955086516,0.5702917207507058,0.17510859117617492,0.082763671875,1.0,0.07029172075070578,1.0,0.029311278841586075,0.0,0.023861204013308074,0.0,0.006849825382232666,0.004940926006095201
2.5,16000,76,88,0.15124738716286684,0.5,0.08776874667239984,0.14534477551226854,0.50732421875,0.010868387698587044,0.0027109230674016854,90,0.05340298094157992,0.4981032639007274,0.14090669519278107,0.00732421875,1.0,-0.0018967360992726001,1.0,-0.0059026116505982995,1.0,-0.010340691970085775,1.0,5.364418029785156e-05,3.597607830283839e-06
2.5,16000,76,89,0.15124738716286684,0.5,0.09871547030980996,0.1577153923880737,0.630859375,0.011976431353446,0.002734975422006327,183,0.10458022151430726,0.7512705172971924,0.14805827383858897,0.130859375,1.0,0.2512705172971924,0.0,0.006468005225206852,1.0,-0.0031891133242778757,1.0,0.017124176025390625,0.06313687286279866
2.5,16000,76,90,0.15124738716286684,0.5,0.08881828230802918,0.17290372863142373,0.6729736328125,0.0126977812156553,0.0026728465055703777,138,0.07557344440254753,0.7255334286549601,0.16683465879734208,0.1729736328125,0.0,0.22553342865496007,0.0,0.021656341468556883,1.0,0.015587271634475236,1.0,0.029919877648353577,0.05086532744086196
2.5,16000,76,91,0.15124738716286684,0.5,0.0963893255211319,0.15750607909185632,0.560302734375,0.011294119949956574,0.002810902850286538,152,0.07960118200404198,0.5101084900869669,0.1508220918869078,0.060302734375,1.0,0.010108490086966904,1.0,0.006258691928989479,1.0,-0.00042529527595905336,1.0,0.0036364197731018066,0.00010218157183830815
2.5,16000,76,92,0.15124738716286684,0.5,0.09227789437986808,0.15436042676210746,0.4637451171875,0.010454092020991188,0.0030725796197035526,119,0.08440350588790849,0.3820617027938222,0.147521611611948,-0.0362548828125,1.0,-0.11793829720617782,1.0,0.0031130395992406135,1.0,-0.003725775550918853,1.0,0.001314416527748108,0.013909441947892731
2.5,16000,76,93,0.15124738716286684,0.5,0.08195086730136213,0.16241624892403628,0.57177734375,0.01156304013242439,0.0029952835319633163,149,0.0739315343818691,0.6600182540344277,0.1536588807193257,0.07177734375,1.0,0.1600182540344277,0.0,0.011168861761169435,1.0,0.0024114935564588658,1.0,0.005151987075805664,0.02560584162422664
2.5,16000,76,94,0.15124738716286684,0.5,0.09341830574679978,0.14843648553771152,0.4840087890625,0.010812661196200522,0.0028287709297560794,57,0.03339636394357491,0.49247060892012345,0.14512553706664363,-0.0159912109375,1.0,-0.007529391079876546,1.0,-0.002810901625155321,1.0,-0.006121850096223208,1.0,0.00025571882724761963,5.66917300337245e-05
2.5,16000,76,95,0.15124738716286684,0.5,0.06589120414756174,0.13808590762925324,0.470947265625,0.010642192204796347,0.002655808225830726,113,0.07832977701893136,0.4496698107026162,0.1292737319828218,-0.029052734375,1.0,-0.05033018929738381,1.0,-0.013161479533613601,1.0,-0.021973655180045043,0.0,0.0008440613746643066,0.002533127954710488
2.5,16000,76,96,0.15124738716286684,0.5,0.08639076901080878,0.14964197567605697,0.5772705078125,0.011715937111222334,0.0025598572987922947,148,0.08855795792364117,0.5674633154575055,0.14251608056302253,0.0772705078125,1.0,0.0674633154575055,1.0,-0.0016054114868098712,1.0,-0.008731306599844307,1.0,0.0059707313776016235,0.004551298932518901
2.5,16000,76,97,0.15124738716286684,0.5,0.09977195799498349,0.15590669821981723,0.5450439453125,0.011294836459632519,0.0030040110348482922,102,0.0444348345971244,0.5628683960723136,0.14914388185237185,0.0450439453125,1.0,0.06286839607231365,1.0,0.004659311056950388,1.0,-0.0021035053104949963,1.0,0.0020289570093154907,0.003952435224705302
2.5,16000,76,98,0.15124738716286684,0.5,0.08864795421662261,0.15097343251465822,0.519775390625,0.011143752421987452,0.002797337579915031,82,0.04548681219481851,0.524907654671769,0.14639340936680278,0.019775390625,1.0,0.02490765467176903,1.0,-0.0002739546482086186,1.0,-0.004853977796064057,1.0,0.0003910660743713379,0.0006203912612480976
2.5,16000,76,99,0.15124738716286684,0.5,0.06774999817978027,0.1529461008712191,0.4757080078125,0.010617127837002043,0.0027777163581538646,79,0.0462216505160786,0.4812688969522037,0.1482403539660923,-0.0242919921875,1.0,-0.018731103047796294,1.0,0.0016987137083522563,1.0,-0.0030070331967745334,1.0,0.000590100884437561,0.0003508542213871636
2.5,16000,76,100,0.15124738716286684,0.5,0.07149114638337878,0.15076144471231023,0.4444580078125,0.010160678767683154,0.002727712256266913,81,0.04761389905397907,0.425871550926989,0.14575218734180034,-0.0555419921875,1.0,-0.07412844907301103,1.0,-0.000485942450556609,1.0,-0.005495199821066499,1.0,0.003084912896156311,0.005495026961969989
2.5,16000,76,101,0.15124738716286684,0.5,0.08516937405151317,0.16155201123135704,0.525390625,0.011172992245167428,0.002896685172116946,89,0.046979851150736794,0.5051667972225947,0.15673687111810652,0.025390625,1.0,0.005166797222594721,1.0,0.010304624068490198,1.0,0.005489483955239682,1.0,0.000644683837890625,2.6695793539412526e-05
2.5,16000,76,102,0.15124738716286684,0.5,0.08434178239758039,0.18150001630083445,0.586181640625,0.01182282808276839,0.0029421501046722883,146,0.07762014447347122,0.49499392099212713,0.17358555651100702,0.086181640625,1.0,-0.005006079007872866,1.0,0.030252629137967613,0.0,0.022338169348140174,1.0,0.00742727518081665,2.5060827033065374e-05
2.5,16000,76,103,0.15124738716286684,0.5,0.07649487537389082,0.1549143226627811,0.47998046875,0.01045066061932453,0.0029437541756504376,80,0.04224171312062665,0.448917904049849,0.1493470847849331,-0.02001953125,1.0,-0.05108209595015101,1.0,0.003666935499914259,1.0,-0.0019003023779337325,1.0,0.00040078163146972656,0.002609380526660434
2.5,16000,76,104,0.15124738716286684,0.5,0.07216702815197273,0.1691026380025381,0.5216064453125,0.011123095693952624,0.0029363317960710103,130,0.07244272437801479,0.4717148779546382,0.16266889678225518,0.0216064453125,1.0,-0.02828512204536182,1.0,0.017855250839671266,1.0,0.011421509619388343,1.0,0.0004668384790420532,0.0008000481291210133
2.5,16000,76,105,0.15124738716286684,0.5,0.06805311102175288,0.15037772038793024,0.54296875,0.011528428244065162,0.0026815428411163167,72,0.04124040200001283,0.5240700356650763,0.1456830652086145,0.04296875,1.0,0.02407003566507626,1.0,-0.000869666774936606,1.0,-0.005564321954252355,1.0,0.0018463134765625,0.0005793666169180432
2.5,16000,76,106,0.15124738716286684,0.5,0.07534060133136528,0.16834771353082528,0.537109375,0.011214864311524712,0.002951066369743246,94,0.0526661476172577,0.5283978012676396,0.1625672791705751,0.037109375,1.0,0.028397801267639577,1.0,0.01710032636795844,1.0,0.011319892007708249,1.0,0.001377105712890625,0.000806435116836352
2.5,16000,76,107,0.15124738716286684,0.5,0.06937423596160726,0.15904730241385812,0.5870361328125,0.01187248643376559,0.0025418051304243326,114,0.06960710502775601,0.5173829072706855,0.1493322219121722,0.0870361328125,1.0,0.017382907270685477,1.0,0.007799915250991274,1.0,-0.0019151652506946282,1.0,0.007575288414955139,0.00030216546518125004
2.5,16000,76,108,0.15124738716286684,0.5,0.07958058976544702,0.14189806649683423,0.4036865234375,0.009955467014464264,0.002786215807927087,54,0.03877355911243281,0.31183584436810674,0.13783638066151796,-0.0963134765625,0.0,-0.18816415563189326,0.0,-0.009349320666032612,1.0,-0.013411006501348882,1.0,0.009276285767555237,0.03540574946466335
2.5,16000,76,109,0.15124738716286684,0.5,0.08160439226693288,0.14297974387551815,0.450439453125,0.010022935449694835,0.0027862488174219624,95,0.06080250855475951,0.3744976595085486,0.13560658219563032,-0.049560546875,1.0,-0.12550234049145143,0.0,-0.008267643287348692,1.0,-0.01564080496723652,1.0,0.0024562478065490723,0.01575083746883221
2.5,16000,76,110,0.15124738716286684,0.5,0.08452005103617924,0.1590568793474011,0.62646484375,0.012195335026986802,0.0027077234673712207,124,0.07028215103725775,0.7006570801646717,0.1522997601526893,0.12646484375,1.0,0.20065708016467165,0.0,0.00780949218453425,1.0,0.0010523729898224699,1.0,0.015993356704711914,0.04026326382021147
2.5,16000,76,111,0.15124738716286684,0.5,0.09404827574945653,0.1607994275927001,0.503173828125,0.010831959750112674,0.00305035314592712,94,0.046960283162037514,0.4943278471824074,0.15531379086109998,0.003173828125,1.0,-0.005672152817592591,1.0,0.009552040429833264,1.0,0.004066403698233134,1.0,1.0073184967041016e-05,3.217331758612356e-05
2.5,16000,76,112,0.15124738716286684,0.5,0.08972068725185701,0.12619222991175671,0.52294921875,0.010854901258841133,0.002263385677413364,118,0.07757372850327234,0.4802703766332551,0.11728440076839194,0.02294921875,1.0,-0.019729623366744886,1.0,-0.025055157251110127,0.0,-0.0339629863944749,0.0,0.0005266666412353516,0.0003892580381936058
2.5,16000,76,113,0.15124738716286684,0.5,0.08062232984720784,0.1584453071191287,0.468017578125,0.01051774023162497,0.003016713517555015,87,0.049332038537691886,0.3469628308937332,0.14930723584632938,-0.031982421875,1.0,-0.1530371691062668,0.0,0.0071979199562618446,1.0,-0.001940151316537464,1.0,0.0010228753089904785,0.0234203751280601
2.5,16000,76,114,0.15124738716286684,0.5,0.07717183478587945,0.17595136098138064,0.669921875,0.012778950487499436,0.002706908329090974,101,0.05295166192223048,0.7178836876395509,0.1695095316285076,0.169921875,0.0,0.2178836876395509,0.0,0.024703973818513802,1.0,0.018262144465640756,1.0,0.028873443603515625,0.047473301339409385
2.5,16000,76,115,0.15124738716286684,0.5,0.08129128296695619,0.16172754372873022,0.514404296875,0.011203366881721508,0.0029994820758791176,103,0.053833794288117055,0.4927273878886203,0.15491028343859925,0.014404296875,1.0,-0.007272612111379695,1.0,0.010480156565863374,1.0,0.003662896275732408,1.0,0.00020748376846313477,5.2890886922586626e-05
2.5,16000,76,116,0.15124738716286684,0.5,0.07674094477951086,0.15978921292200804,0.4830322265625,0.010817370311613488,0.002936100166183237,167,0.10515551264211022,0.44501995423932034,0.15239050743607196,-0.0169677734375,1.0,-0.05498004576067966,1.0,0.008541825759141197,1.0,0.0011431202732051227,1.0,0.00028790533542633057,0.0030228054318464296
2.5,16000,76,117,0.15124738716286684,0.5,0.11277776186056244,0.1639656109334683,0.63525390625,0.012384432480267575,0.0030472589037561933,167,0.09767434171738186,0.757862420492619,0.1571054815538829,0.13525390625,1.0,0.257862420492619,0.0,0.012718223770601444,1.0,0.005858094391016061,1.0,0.01829361915588379,0.06649302790231225
2.5,16000,76,118,0.15124738716286684,0.5,0.05218063722308716,0.1533413998996807,0.5667724609375,0.011628561135202383,0.0026779901948605525,104,0.06784023447109586,0.5814236660290185,0.1470764879027575,0.0667724609375,1.0,0.08142366602901852,1.0,0.002094012736813866,1.0,-0.004170899260109329,1.0,0.004458561539649963,0.006629813389605144
2.5,16000,76,119,0.15124738716286684,0.5,0.0661902127812384,0.15719035911685642,0.5509033203125,0.011181386180036241,0.0026925213684238615,210,0.1265784524782735,0.6167047916482107,0.14513670344467616,0.0509033203125,1.0,0.11670479164821068,1.0,0.005942971953989573,1.0,-0.006110683718190679,1.0,0.002591148018836975,0.013620008393652266
2.5,16000,76,120,0.15124738716286684,0.5,0.0728531475537664,0.1707245897305899,0.5252685546875,0.011141656102425878,0.002823722380245927,101,0.05774150543612648,0.5160658877352907,0.16467202036715936,0.0252685546875,1.0,0.016065887735290718,1.0,0.019477202567723062,1.0,0.013424633204292519,1.0,0.0006384998559951782,0.0002581127487229647
2.5,16000,76,121,0.15124738716286684,0.5,0.07923588827371747,0.14805273770499397,0.547119140625,0.011413564219223763,0.002628194083771646,120,0.06146765315272316,0.4966083169695882,0.1392009668586026,0.047119140625,1.0,-0.0033916830304118184,1.0,-0.0031946494578728724,1.0,-0.012046420304264255,1.0,0.0022202134132385254,1.1503513778783496e-05
2.5,16000,76,122,0.15124738716286684,0.5,0.0950475295295074,0.16407148278032407,0.5045166015625,0.01096911791600669,0.0030109783562470216,103,0.05463999927087408,0.4654798300730623,0.15894819567301816,0.0045166015625,1.0,-0.03452016992693768,1.0,0.012824095617457232,1.0,0.0077008085101513135,1.0,2.039968967437744e-05,0.0011916421317846528
2.5,16000,76,123,0.15124738716286684,0.5,0.08064310684736048,0.16002490908223532,0.4893798828125,0.01076459157363934,0.0028829490318838667,101,0.054494861566887154,0.4253697854058644,0.15404863444092615,-0.0106201171875,1.0,-0.0746302145941356,1.0,0.00877752191936848,1.0,0.0028012472780593045,1.0,0.00011278688907623291,0.0055696689303667305
2.5,16000,76,124,0.15124738716286684,0.5,0.08876521580229065,0.15134644359164867,0.4625244140625,0.010531359846481217,0.0027880360316540893,89,0.055690220347613284,0.3716405884477337,0.14526915602896628,-0.0374755859375,1.0,-0.12835941155226632,0.0,9.905642878182963e-05,1.0,-0.005978231133900558,1.0,0.0014044195413589478,0.01647613853404408
2.5,16000,76,125,0.15124738716286684,0.5,0.09562764479091077,0.18146172556488752,0.6507568359375,0.01246050169916832,0.0029384870311709864,137,0.07225995741088892,0.6713070036440237,0.1752330608674414,0.1507568359375,0.0,0.17130700364402374,0.0,0.030214338402020674,0.0,0.02398567370457455,1.0,0.02272762358188629,0.029346089497493563
2.5,16000,76,126,0.15124738716286684,0.5,0.07530662688390959,0.1792807661478582,0.5211181640625,0.011135478019253978,0.002895743331289827,101,0.06035444704887866,0.5120841500358215,0.17329262943452503,0.0211181640625,1.0,0.012084150035821528,1.0,0.028033378984991364,0.0,0.02204524227165819,0.0,0.0004459768533706665,0.00014602668208824545
2.5,16000,76,127,0.15124738716286684,0.5,0.08740108440086873,0.15314690817209972,0.4781494140625,0.010146753544674845,0.002895721616419638,120,0.06296879424368103,0.4411143408165468,0.14684743079254528,-0.0218505859375,1.0,-0.058885659183453176,1.0,0.0018995210092328796,1.0,-0.004399956370321562,1.0,0.00047744810581207275,0.0034675208574698035
2.5,16000,76,128,0.15124738716286684,0.5,0.08345447145461199,0.1617665029093241,0.6356201171875,0.012355410506585679,0.002501381264126585,86,0.04741166876116184,0.7102451876800369,0.1548308185391317,0.1356201171875,0.0,0.21024518768003686,0.0,0.010519115746457253,1.0,0.0035834313762648506,1.0,0.018392816185951233,0.044203038942613924
2.5,16000,76,129,0.15124738716286684,0.5,0.08146415909407233,0.15036296518207537,0.4552001953125,0.010214745705979798,0.002855584489375709,150,0.11579687254959178,0.410370895936756,0.14283440475064627,-0.0447998046875,1.0,-0.08962910406324398,1.0,-0.0008844219807914722,1.0,-0.008412982412220577,1.0,0.002007022500038147,0.008033376295179818
2.5,16000,76,130,0.15124738716286684,0.5,0.06277655791853101,0.1517391156110466,0.6248779296875,0.012384493441165982,0.002442483487120402,118,0.06549874057848319,0.6370477418730199,0.14272555873166046,0.1248779296875,1.0,0.13704774187301993,0.0,0.0004917284481797679,1.0,-0.008521828431206385,1.0,0.015594497323036194,0.018782083552493903
2.5,16000,76,131,0.15124738716286684,0.5,0.07988563556817023,0.16453468762154733,0.5565185546875,0.011481511993727794,0.0028837183956522735,99,0.053705396909169666,0.5946040648720273,0.15831098590872988,0.0565185546875,1.0,0.09460406487202733,1.0,0.013287300458680484,1.0,0.007063598745863042,1.0,0.0031943470239639282,0.008949929090310754
2.5,16000,76,132,0.15124738716286684,0.5,0.08824820760468668,0.1672598450055643,0.5010986328125,0.010959324300871766,0.0030253842304910584,81,0.03819702987310472,0.4905410977180893,0.16245462216798584,0.0010986328125,1.0,-0.009458902281910708,1.0,0.016012457842697447,1.0,0.011207235005118998,1.0,1.2069940567016602e-06,8.947083237873561e-05
2.5,16000,76,133,0.15124738716286684,0.5,0.08784884595083901,0.15310855111137311,0.55078125,0.011698951162383266,0.002766787928887682,92,0.05207306986741697,0.5413321429583491,0.14872989389663788,0.05078125,1.0,0.04133214295834908,1.0,0.0018611639485062725,1.0,-0.002517493266228965,1.0,0.0025787353515625,0.0017083460415294057
2.5,16000,76,134,0.15124738716286684,0.5,0.08795612702172345,0.12877948614598478,0.404541015625,0.009775778486497176,0.0026556992996354593,81,0.05467788396333291,0.180267968646374,0.11998815037260988,-0.095458984375,1.0,-0.319732031353626,0.0,-0.022467901016882064,0.0,-0.03125923679025697,0.0,0.009112417697906494,0.10222857187351607
2.5,16000,76,135,0.15124738716286684,0.5,0.0852696106954239,0.17387470274571315,0.578125,0.011715081249698991,0.002946525990582191,155,0.08685900774745216,0.5200976785381459,0.1667724382185264,0.078125,1.0,0.020097678538145924,1.0,0.022627315582846308,1.0,0.015525051055659544,1.0,0.006103515625,0.0004039166826226513
2.5,16000,76,136,0.15124738716286684,0.5,0.0769727987812791,0.135008217111154,0.4300537109375,0.01010828455328228,0.002764696502184136,70,0.049125786874925165,0.4327161005461989,0.12834714555258012,-0.0699462890625,1.0,-0.06728389945380109,1.0,-0.016239170051712853,1.0,-0.022900241610286726,0.0,0.004892483353614807,0.004527123125709214
2.5,16000,76,137,0.15124738716286684,0.5,0.07237703657308178,0.16095669023249098,0.58642578125,0.011663063015543552,0.00260161632648311,180,0.1424290665308216,0.6531816890033589,0.15203285183916085,0.08642578125,1.0,0.15318168900335893,1.0,0.009709303069624142,1.0,0.0007854646762940065,1.0,0.0074694156646728516,0.023464629845921774
2.5,16000,76,138,0.15124738716286684,0.5,0.07424551786597118,0.16432184634452052,0.5780029296875,0.011477776028815204,0.0027514979997886853,313,0.22666844466697966,0.397913502679992,0.15374668745714032,0.0780029296875,1.0,-0.10208649732000802,1.0,0.013074459181653675,1.0,0.0024993002942734766,1.0,0.006084457039833069,0.010421652935068004
2.5,16000,76,139,0.15124738716286684,0.5,0.08124317834335504,0.17443515682714783,0.5780029296875,0.011878678864131735,0.0028483273642276093,95,0.06103318794047941,0.5367524222903606,0.16938485232952333,0.0780029296875,1.0,0.036752422290360576,1.0,0.02318776966428099,1.0,0.018137465166656486,1.0,0.006084457039833069,0.001350740544208993
2.5,16000,76,140,0.15124738716286684,0.5,0.06939285232036778,0.14316909397530986,0.5614013671875,0.01167836150461495,0.0025080122737807828,97,0.05760927563366605,0.5294825228732969,0.13580934784018753,0.0614013671875,1.0,0.02948252287329689,1.0,-0.008078293187556984,1.0,-0.015438039322679314,1.0,0.0037701278924942017,0.0008692191549744743
2.5,16000,76,141,0.15124738716286684,0.5,0.08357179549055148,0.15219413678324625,0.488525390625,0.010751436729734483,0.0028620376196396256,112,0.05971171284671989,0.43211711833765065,0.14505434743769807,-0.011474609375,1.0,-0.06788288166234935,1.0,0.0009467496203794112,1.0,-0.00619303972516877,1.0,0.0001316666603088379,0.004608085622784526
2.5,16000,76,142,0.15124738716286684,0.5,0.06799050627813392,0.17205731898383025,0.5391845703125,0.011430277821480215,0.002864728572508706,96,0.0485271135987569,0.519042713075082,0.16666204122327993,0.0391845703125,1.0,0.019042713075081985,1.0,0.020809931820963412,1.0,0.015414654060413091,1.0,0.0015354305505752563,0.00036262492125989837
2.5,16000,76,143,0.15124738716286684,0.5,0.08488960568261074,0.16109539158630962,0.5552978515625,0.011447003609004814,0.002781433600512433,160,0.09295514218443576,0.47899354341033884,0.15245152895925404,0.0552978515625,1.0,-0.02100645658966116,1.0,0.009848004423442774,1.0,0.001204141796387198,1.0,0.0030578523874282837,0.00044127121845331877
2.5,16000,76,144,0.15124738716286684,0.5,0.08471167313614111,0.14828995839952228,0.49755859375,0.010700800608677218,0.002645738533456938,117,0.06022535861721785,0.4473702558877424,0.1406848645568526,-0.00244140625,1.0,-0.052629744112257626,1.0,-0.002957428763344566,1.0,-0.01056252260601423,1.0,5.9604644775390625e-06,0.0027698899653217164
2.5,16000,76,145,0.15124738716286684,0.5,0.07843103441685699,0.17051860553587284,0.5067138671875,0.010838450206378329,0.0029122473227284652,65,0.03175094589133493,0.4880795463387679,0.1664550471652105,0.0067138671875,1.0,-0.011920453661232122,1.0,0.019271218373005994,1.0,0.015207660002343665,1.0,4.507601261138916e-05,0.0001420972154895823
2.5,16000,76,146,0.15124738716286684,0.5,0.09090835521402586,0.17524836387574766,0.66650390625,0.012463430177821888,0.0025016863282019174,158,0.09242074352955074,0.5810944712240077,0.16701742647984194,0.16650390625,1.0,0.0810944712240077,1.0,0.024000976712880817,1.0,0.0157700393169751,1.0,0.02772355079650879,0.006576313263101413
2.5,16000,76,147,0.15124738716286684,0.5,0.09269854661763459,0.1838942425610228,0.572021484375,0.01160974662273784,0.0028178303212461203,96,0.049025793033331246,0.46046922452677985,0.17728489723626148,0.072021484375,1.0,-0.03953077547322015,1.0,0.032646855398155955,0.0,0.026037510073394637,0.0,0.005187094211578369,0.0015626822095141436
2.5,16000,76,148,0.15124738716286684,0.5,0.07476814865627944,0.13939790922628353,0.5174560546875,0.010872776787764469,0.0026041458129387515,136,0.07164919014182865,0.46132426054024944,0.13081054494238986,0.0174560546875,1.0,-0.03867573945975056,1.0,-0.011849477936583308,1.0,-0.02043684222047698,1.0,0.0003047138452529907,0.0014958128227585063
2.5,16000,76,149,0.15124738716286684,0.5,0.08507729610987869,0.16453649470688328,0.582763671875,0.011861043577394394,0.0028267966064689978,81,0.04258342699358041,0.573380926158531,0.15998932810722877,0.082763671875,1.0,0.07338092615853098,1.0,0.013289107544016437,1.0,0.008741940944361926,1.0,0.006849825382232666,0.005384760323883776
