variant,tau_scale,rep,S_size,S_hit,h_rmse,W_hat,V_hat,W_se,eps_band,n_band,V_se,W_loo,W_true,V_true,V_hat_dev,V_hat_cover,W_hat_dev,W_hat_cover,W_loo_dev,W_loo_cover
screen_full,1.0,0,5,1.0,0.24820173623004183,0.14064561070232146,0.557861328125,0.024077046268371982,0.0030744681586485044,64,0.0627632745383486,0.1017465399345683,0.11927378683678294,0.5697479248046875,-0.0118865966796875,1.0,0.021371823865538514,1.0,-0.017527246902214647,1.0
screen_split,1.0,0,10,1.0,0.43967098727242226,0.21081563404136616,0.5382080078125,0.03426017049424585,0.0048810259164213015,67,0.060618376858473884,0.15029096159803226,0.11927378683678294,0.5697479248046875,-0.0315399169921875,1.0,0.09154184720458322,0.0,0.031017174761249322,1.0
screen_full,1.0,1,6,1.0,0.2496774626537023,0.20442805198615238,0.6199951171875,0.02621965894250154,0.0036260874889169742,53,0.049707175123853566,0.17368969511104093,0.11927378683678294,0.5697479248046875,0.0502471923828125,1.0,0.08515426514936944,0.0,0.05441590827425799,0.0
screen_split,1.0,1,10,1.0,0.4202813048906478,0.23538622153103742,0.5662841796875,0.034994347176103044,0.004828777399696262,73,0.06193465237932948,0.17913141335984994,0.11927378683678294,0.5697479248046875,-0.0034637451171875,1.0,0.11611243469425447,0.0,0.059857626523067003,1.0
screen_full,1.0,2,10,1.0,0.30531447727031485,0.20703728334097263,0.6173095703125,0.025611738307042862,0.0036362768054701996,64,0.054067650205831166,0.17470651013285451,0.11927378683678294,0.5697479248046875,0.0475616455078125,1.0,0.08776349650418969,0.0,0.05543272329607157,0.0
screen_split,1.0,2,10,1.0,0.3924335479935479,0.2020210494703527,0.5692138671875,0.0361581127893024,0.004098763261570668,57,0.05655542677171638,0.13854659166621303,0.11927378683678294,0.5697479248046875,-0.0005340576171875,1.0,0.08274726263356977,0.0,0.019272804829430085,1.0
screen_full,1.0,3,10,1.0,0.3139786566673762,0.15523950935771025,0.497314453125,0.0225953168049582,0.003634719223091212,55,0.04402303563799725,0.12249149690818537,0.11927378683678294,0.5697479248046875,-0.0724334716796875,1.0,0.03596572252092731,1.0,0.0032177100714024243,1.0
screen_split,1.0,3,9,1.0,0.3818858902931467,0.1572678304745763,0.4541015625,0.029845492464489417,0.004405050014595633,54,0.06248946800228106,0.09916108778186439,0.11927378683678294,0.5697479248046875,-0.1156463623046875,1.0,0.03799404363779335,1.0,-0.020112699054918554,1.0
screen_full,1.0,4,9,1.0,0.24363812804794915,0.1633658329523735,0.6171875,0.025774380810180398,0.0029833727244137826,53,0.05206892281724646,0.12509951218835064,0.11927378683678294,0.5697479248046875,0.0474395751953125,1.0,0.04409204611559056,1.0,0.0058257253515676954,1.0
screen_split,1.0,4,10,1.0,0.38424029488720607,0.21824704417730917,0.6246337890625,0.03632687732275811,0.003933336530023864,64,0.06915032537697423,0.15174081504175024,0.11927378683678294,0.5697479248046875,0.0548858642578125,1.0,0.09897325734052623,0.0,0.0324670282049673,1.0
screen_full,1.0,5,10,1.0,0.3164241614740737,0.2287010863297145,0.6160888671875,0.02679897220545155,0.003959854900634738,62,0.04658165409304699,0.19527573512618557,0.11927378683678294,0.5697479248046875,0.0463409423828125,1.0,0.10942729949293156,0.0,0.07600194828940263,0.0
screen_split,1.0,5,10,1.0,0.44331807396726963,0.2389410889466023,0.567626953125,0.0344783781836861,0.005117973913728201,74,0.05386543479314773,0.18448921359218587,0.11927378683678294,0.5697479248046875,-0.0021209716796875,1.0,0.11966730210981935,0.0,0.06521542675540293,1.0
screen_full,1.0,6,9,1.0,0.25247523344385586,0.18268008659512236,0.6695556640625,0.026752057744585517,0.0027981866195110126,62,0.07286146350736351,0.14432293216614156,0.11927378683678294,0.5697479248046875,0.0998077392578125,1.0,0.06340629975833942,0.0,0.02504914532935862,1.0
screen_split,1.0,6,10,1.0,0.44107514677027687,0.24032328419322652,0.5941162109375,0.036910811230856294,0.004738781345238054,75,0.0649813169452513,0.1774611206902772,0.11927378683678294,0.5697479248046875,0.0243682861328125,1.0,0.12104949735644358,0.0,0.058187333853494255,1.0
screen_full,1.0,7,10,1.0,0.26030997902955383,0.1982394992358694,0.617431640625,0.026952237632516876,0.003247172600313551,64,0.05669236619318691,0.16009800458697265,0.11927378683678294,0.5697479248046875,0.0476837158203125,1.0,0.07896571239908645,0.0,0.04082421775018971,1.0
screen_split,1.0,7,10,1.0,0.37152088699772257,0.20019719173833606,0.5489501953125,0.03553495209850791,0.004236689213872278,74,0.06922593024890722,0.12842921557198703,0.11927378683678294,0.5697479248046875,-0.0207977294921875,1.0,0.08092340490155311,0.0,0.009155428735204085,1.0
screen_full,1.0,8,10,1.0,0.24751186318279372,0.17295099316196816,0.5697021484375,0.02443065141533848,0.0033788317917099104,75,0.06388201350122813,0.13425835358816435,0.11927378683678294,0.5697479248046875,-4.57763671875e-05,1.0,0.05367720632518522,0.0,0.014984566751381406,1.0
screen_split,1.0,8,10,1.0,0.320542941329498,0.1875527526850423,0.5885009765625,0.035541267600100186,0.0035216109450759456,59,0.07148049051119668,0.11500793320721973,0.11927378683678294,0.5697479248046875,0.0187530517578125,1.0,0.06827896584825935,1.0,-0.004265853629563207,1.0
screen_full,1.0,9,3,1.0,0.25594904888929215,0.1870384495754252,0.62548828125,0.024135628393543933,0.003397735640382181,63,0.06422583554002255,0.15969954940965,0.11927378683678294,0.5697479248046875,0.0557403564453125,1.0,0.06776466273864226,0.0,0.04042576257286706,1.0
screen_split,1.0,9,8,1.0,0.3573990384062293,0.19309552856074536,0.544189453125,0.03450884256034733,0.004106511284737211,65,0.06228857220143509,0.11871309322568974,0.11927378683678294,0.5697479248046875,-0.0255584716796875,1.0,0.07382174172396241,0.0,-0.0005606936110932048,1.0
screen_full,1.0,10,6,1.0,0.2547577955951837,0.18339425791450528,0.6302490234375,0.02593209966870019,0.003272265984342377,53,0.05247284157458619,0.15118046141289226,0.11927378683678294,0.5697479248046875,0.0605010986328125,1.0,0.06412047107772234,0.0,0.03190667457610932,1.0
screen_split,1.0,10,3,1.0,0.31821617970867355,0.21627856658794986,0.6676025390625,0.034833696385594005,0.003785370578808967,73,0.08375719425640712,0.15792915032342048,0.11927378683678294,0.5697479248046875,0.0978546142578125,1.0,0.09700477975116692,0.0,0.038655363486637534,1.0
screen_full,1.0,11,7,1.0,0.28703017770320943,0.17151323957156864,0.5379638671875,0.023102707333316996,0.0038125155618765278,71,0.05508908974808482,0.1390991048932728,0.11927378683678294,0.5697479248046875,-0.0317840576171875,1.0,0.052239452734785696,0.0,0.01982531805648985,1.0
screen_split,1.0,11,6,1.0,0.38871760061386446,0.18593548692203565,0.523681640625,0.03410769303493147,0.004894120423089889,65,0.055612424300632596,0.12707530549526957,0.11927378683678294,0.5697479248046875,-0.0460662841796875,1.0,0.06666170008525271,1.0,0.007801518658486634,1.0
screen_full,1.0,12,2,1.0,0.1582706962653979,0.09629603617171889,0.515869140625,0.021670482903331092,0.0023951475125312052,78,0.10303651304276414,0.07662820676864658,0.11927378683678294,0.5697479248046875,-0.0538787841796875,1.0,-0.02297775066506405,1.0,-0.04264558006813636,0.0
screen_split,1.0,12,10,1.0,0.3620226213369904,0.19280373266673712,0.586181640625,0.0374961913040378,0.003842652428067414,68,0.07608845313010114,0.12612938253936634,0.11927378683678294,0.5697479248046875,0.0164337158203125,1.0,0.07352994582995417,0.0,0.0068555957025834,1.0
screen_full,1.0,13,4,1.0,0.23983155282949295,0.15525934680154946,0.508056640625,0.021696810887759495,0.003315746293884914,52,0.04811232579172766,0.12284775116649099,0.11927378683678294,0.5697479248046875,-0.0616912841796875,1.0,0.03598555996476652,1.0,0.0035739643297080514,1.0
screen_split,1.0,13,5,1.0,0.40376360541670064,0.183987538098543,0.4873046875,0.030272975110656342,0.004399617963947774,58,0.05610781907837872,0.13228058924009187,0.11927378683678294,0.5697479248046875,-0.0824432373046875,1.0,0.06471375126176007,0.0,0.013006802403308926,1.0
screen_full,1.0,14,7,1.0,0.21382018791786817,0.15793965851139583,0.549072265625,0.024909057805359125,0.0031682920275095047,58,0.053227588845484744,0.12016760034251048,0.11927378683678294,0.5697479248046875,-0.0206756591796875,1.0,0.038665871674612884,1.0,0.0008938135057275365,1.0
screen_split,1.0,14,5,1.0,0.2821853407948209,0.1453010934768898,0.4501953125,0.030945143354988516,0.0037816039913369575,65,0.08490972940848615,0.07673103297075838,0.11927378683678294,0.5697479248046875,-0.1195526123046875,1.0,0.026027306640106856,1.0,-0.04254275386602456,1.0
screen_full,1.0,15,8,1.0,0.2473466959028493,0.17010986783219112,0.614990234375,0.025864225048429397,0.0031261226903396616,54,0.05607293312121413,0.13596931161139966,0.11927378683678294,0.5697479248046875,0.0452423095703125,1.0,0.05083608099540818,0.0,0.01669552477461672,1.0
screen_split,1.0,15,3,1.0,0.40546316610306604,0.1924472039354047,0.5968017578125,0.03162807611817656,0.004107406156744796,68,0.0653095403490832,0.14695195606974776,0.11927378683678294,0.5697479248046875,0.0270538330078125,1.0,0.07317341709862177,0.0,0.027678169232964817,1.0
screen_full,1.0,16,8,1.0,0.28671001421477876,0.15956230385126158,0.5811767578125,0.025012609472400946,0.003195052167660709,68,0.06617748541785563,0.11812476979193878,0.11927378683678294,0.5697479248046875,0.0114288330078125,1.0,0.040288517014478636,1.0,-0.0011490170448441583,1.0
screen_split,1.0,16,2,1.0,0.20841668065127347,0.1418501521384709,0.6376953125,0.034850792917209134,0.002735563363381262,103,0.22474123776633348,0.0988145128332433,0.11927378683678294,0.5697479248046875,0.0679473876953125,1.0,0.022576365301687967,1.0,-0.02045927400353964,1.0
screen_full,1.0,17,8,1.0,0.3154058704221427,0.19881359337502102,0.6019287109375,0.02551956100131999,0.0038623727826184923,50,0.044289251792526775,0.16825505199583188,0.11927378683678294,0.5697479248046875,0.0321807861328125,1.0,0.07953980653823808,0.0,0.04898126515904894,1.0
screen_split,1.0,17,6,1.0,0.2866151615360819,0.21689356531965592,0.6202392578125,0.0362922358087888,0.0038108427275167058,50,0.06148805093486289,0.16169024107268498,0.11927378683678294,0.5697479248046875,0.0504913330078125,1.0,0.09761977848287298,0.0,0.04241645423590204,1.0
screen_full,1.0,18,9,1.0,0.2424873277660512,0.18618111553656538,0.61376953125,0.025555687005126743,0.003409832260916559,57,0.05243289921931532,0.15251420611951244,0.11927378683678294,0.5697479248046875,0.0440216064453125,1.0,0.06690732869978244,0.0,0.0332404192827295,1.0
screen_split,1.0,18,6,1.0,0.38684978764355504,0.27021450981420625,0.6082763671875,0.03481236470904641,0.004851620359031781,43,0.04252011933743837,0.23249799218655148,0.11927378683678294,0.5697479248046875,0.0385284423828125,1.0,0.1509407229774233,0.0,0.11322420534976854,0.0
screen_full,1.0,19,10,1.0,0.26186270801602524,0.15756931902516003,0.5496826171875,0.024098187946953026,0.0035691782552246423,68,0.05703433181486046,0.12077075164141161,0.11927378683678294,0.5697479248046875,-0.0200653076171875,1.0,0.038295532188377085,1.0,0.0014969648046286727,1.0
screen_split,1.0,19,6,1.0,0.3412870737616347,0.16937411085375,0.55419921875,0.031485152795111215,0.0036390500602243377,79,0.08523782508014977,0.0977060930130691,0.11927378683678294,0.5697479248046875,-0.0155487060546875,1.0,0.05010032401696707,1.0,-0.021567693823713846,1.0
screen_full,1.0,20,5,1.0,0.2724203822087443,0.1484905018736959,0.52001953125,0.022730442698202905,0.0034363428895961556,79,0.06976660795273719,0.11154186843526565,0.11927378683678294,0.5697479248046875,-0.0497283935546875,1.0,0.02921671503691295,1.0,-0.007731918401517296,1.0
screen_split,1.0,20,10,1.0,0.4385081317795569,0.23756411778189965,0.5943603515625,0.03634924276192662,0.004649506143325924,65,0.05685897472844701,0.17530985403744317,0.11927378683678294,0.5697479248046875,0.0246124267578125,1.0,0.1182903309451167,0.0,0.05603606720066023,1.0
screen_full,1.0,21,10,1.0,0.24791320889809015,0.12789773628064466,0.5189208984375,0.023395656355920887,0.0029721085063173385,68,0.06437127846884476,0.08075374125499776,0.11927378683678294,0.5697479248046875,-0.0508270263671875,1.0,0.008623949443861717,1.0,-0.03852004558178518,1.0
screen_split,1.0,21,10,1.0,0.37683917868740485,0.16259333596565584,0.503173828125,0.032543243265885875,0.003925660877623703,55,0.061064058118616746,0.09360555754831645,0.11927378683678294,0.5697479248046875,-0.0665740966796875,1.0,0.0433195491288729,1.0,-0.025668229288466488,1.0
screen_full,1.0,22,7,1.0,0.25048786208003837,0.1590108757046212,0.58203125,0.02463455511490449,0.003113223446944333,76,0.07469826794832156,0.11405050602671558,0.11927378683678294,0.5697479248046875,0.0122833251953125,1.0,0.03973708886783825,1.0,-0.005223280810067357,1.0
screen_split,1.0,22,6,1.0,0.4166639117971139,0.2359604891099813,0.6083984375,0.03562658122020383,0.00425668646693122,60,0.062321230927103684,0.178460461410705,0.11927378683678294,0.5697479248046875,0.0386505126953125,1.0,0.11668670227319836,0.0,0.05918667457392207,1.0
screen_full,1.0,23,10,1.0,0.27191625733140334,0.14202123175438108,0.50146484375,0.022278587559193777,0.003492418596705921,58,0.04880351667084446,0.10667503253163976,0.11927378683678294,0.5697479248046875,-0.0682830810546875,1.0,0.022747444917598142,1.0,-0.012598754305143178,1.0
screen_split,1.0,23,9,1.0,0.35205040993595565,0.16944354540174017,0.5269775390625,0.033868232002854035,0.004155818498797829,74,0.07263191598772845,0.1037070048465797,0.11927378683678294,0.5697479248046875,-0.0427703857421875,1.0,0.05016975856495723,1.0,-0.01556678199020324,1.0
screen_full,1.0,24,10,1.0,0.28119498172166874,0.16897467909065375,0.567626953125,0.024261624749940605,0.0035198056422939025,69,0.05610137819699631,0.13315156889878282,0.11927378683678294,0.5697479248046875,-0.0021209716796875,1.0,0.04970089225387081,0.0,0.013877782061999883,1.0
screen_split,1.0,24,10,1.0,0.3216669897981783,0.17319366147808546,0.528076171875,0.03220237993739166,0.003774253210907913,49,0.06441475504610279,0.10416199114107381,0.11927378683678294,0.5697479248046875,-0.0416717529296875,1.0,0.05391987464130252,1.0,-0.015111795695709127,1.0
screen_full,1.0,25,7,1.0,0.2724900502442046,0.22735907996284332,0.6429443359375,0.026360763648952772,0.0037679033922904583,58,0.04789078434014426,0.19737250148181879,0.11927378683678294,0.5697479248046875,0.0731964111328125,1.0,0.10808529312606038,0.0,0.07809871464503584,0.0
screen_split,1.0,25,9,1.0,0.41196137026038065,0.2899760778063598,0.6298828125,0.03653481520848652,0.004955779747204909,50,0.05036536729513082,0.24035513888382465,0.11927378683678294,0.5697479248046875,0.0601348876953125,1.0,0.17070229096957687,0.0,0.12108135204704171,0.0
screen_full,1.0,26,10,1.0,0.2730435410823153,0.17832826328088844,0.55615234375,0.024360782201270876,0.003471786577085931,67,0.054225716818279625,0.1346223497401384,0.11927378683678294,0.5697479248046875,-0.0135955810546875,1.0,0.0590544764441055,0.0,0.015348562903355456,1.0
screen_split,1.0,26,10,1.0,0.38016483212888236,0.21544130270161907,0.5345458984375,0.034108140985868916,0.004638116188213126,72,0.07102282598778736,0.15572273415818888,0.11927378683678294,0.5697479248046875,-0.0352020263671875,1.0,0.09616751586483613,0.0,0.03644894732140594,1.0
screen_full,1.0,27,10,1.0,0.27084610490704464,0.1945414064339814,0.561279296875,0.025227357454995242,0.0038580057016634355,60,0.04711566484975531,0.1588086239576718,0.11927378683678294,0.5697479248046875,-0.0084686279296875,1.0,0.07526761959719847,0.0,0.03953483712088887,1.0
screen_split,1.0,27,10,1.0,0.4064885249144816,0.29320433714436545,0.6427001953125,0.04001831335846509,0.004734182404151354,62,0.05840656384528648,0.23454713775320565,0.11927378683678294,0.5697479248046875,0.0729522705078125,1.0,0.1739305503075825,0.0,0.11527335091642271,0.0
screen_full,1.0,28,8,1.0,0.24819288790704552,0.16941523283404347,0.646240234375,0.02699496208616918,0.003091273903457441,62,0.06622314084566958,0.13026857247789525,0.11927378683678294,0.5697479248046875,0.0764923095703125,1.0,0.05014144599726053,1.0,0.010994785641112309,1.0
screen_split,1.0,28,6,1.0,0.35553495289192666,0.18559850700070982,0.5802001953125,0.0354693802778184,0.0040722387844498035,74,0.07667550122408534,0.12180513239988533,0.11927378683678294,0.5697479248046875,0.0104522705078125,1.0,0.06632472016392688,1.0,0.0025313455631023885,1.0
screen_full,1.0,29,8,1.0,0.3171272234647468,0.1364647694179873,0.444580078125,0.020915791927965204,0.003642799184448087,71,0.059130067944759855,0.10365338240761468,0.11927378683678294,0.5697479248046875,-0.1251678466796875,0.0,0.017190982581204356,1.0,-0.015620404429168261,1.0
screen_split,1.0,29,10,1.0,0.34457792280210503,0.1644586419521148,0.511474609375,0.03484124760769895,0.003964145909945866,54,0.05659703730244858,0.09609374404260891,0.11927378683678294,0.5697479248046875,-0.0582733154296875,1.0,0.04518485511533185,1.0,-0.02318004279417403,1.0
screen_full,1.0,30,9,1.0,0.2888462624192765,0.18555775919645634,0.5631103515625,0.024690400288296832,0.003769976608739126,76,0.05505666981849184,0.14874972215755433,0.11927378683678294,0.5697479248046875,-0.0066375732421875,1.0,0.0662839723596734,0.0,0.02947593532077139,1.0
screen_split,1.0,30,9,1.0,0.3529897820214563,0.21094843578471661,0.5672607421875,0.03443667567984703,0.004280198876566139,63,0.06561555641823744,0.15314139292152978,0.11927378683678294,0.5697479248046875,-0.0024871826171875,1.0,0.09167464894793367,0.0,0.03386760608474684,1.0
screen_full,1.0,31,7,1.0,0.3054428200158151,0.168654170356262,0.5238037109375,0.023345590168069714,0.003790810037306457,84,0.062249399282440214,0.1343209600606466,0.11927378683678294,0.5697479248046875,-0.0459442138671875,1.0,0.04938038351947907,0.0,0.015047173223863647,1.0
screen_split,1.0,31,7,1.0,0.3751931410906973,0.20796322813011153,0.531494140625,0.03235061819072523,0.004494733275599721,69,0.06329024847727462,0.15187029973400498,0.11927378683678294,0.5697479248046875,-0.0382537841796875,1.0,0.08868944129332859,0.0,0.03259651289722204,1.0
screen_full,1.0,32,8,1.0,0.2668005409998025,0.14817622234819006,0.5069580078125,0.02317599728234357,0.0033927792090511343,78,0.06879297109165375,0.10707874936387111,0.11927378683678294,0.5697479248046875,-0.0627899169921875,1.0,0.028902435511407115,1.0,-0.012195037472911827,1.0
screen_split,1.0,32,7,1.0,0.38617667407390494,0.1588919895116522,0.5037841796875,0.031044955055961717,0.00407649567099377,70,0.07098393985608266,0.09163107525673875,0.11927378683678294,0.5697479248046875,-0.0659637451171875,1.0,0.03961820267486926,1.0,-0.027642711580044194,1.0
screen_full,1.0,33,2,1.0,0.15781695029751172,0.12904998594163947,0.5845947265625,0.023924189579944435,0.002597916361856426,54,0.08299891523256824,0.11081921155995189,0.11927378683678294,0.5697479248046875,0.0148468017578125,1.0,0.009776199104856526,1.0,-0.00845457527683105,1.0
screen_split,1.0,33,3,1.0,0.3538294448390003,0.17119229083749046,0.5538330078125,0.031711342248639154,0.004137299969059938,87,0.0918524641100241,0.11821938512588936,0.11927378683678294,0.5697479248046875,-0.0159149169921875,1.0,0.05191850400070752,1.0,-0.0010544017108935766,1.0
screen_full,1.0,34,3,1.0,0.23111595900685855,0.14559196328166682,0.5418701171875,0.022074820392666547,0.0033404124919679235,50,0.05172701151536542,0.12115778124879048,0.11927378683678294,0.5697479248046875,-0.0278778076171875,1.0,0.02631817644488388,1.0,0.0018839944120075391,1.0
screen_split,1.0,34,5,1.0,0.3798465631199479,0.24491667249219468,0.6248779296875,0.035937534976015,0.004641606874483408,64,0.06201934258582254,0.18289052944920134,0.11927378683678294,0.5697479248046875,0.0551300048828125,1.0,0.12564288565541173,0.0,0.0636167426124184,1.0
screen_full,1.0,35,6,1.0,0.2593392573218777,0.14420369472618588,0.52587890625,0.02247909090639875,0.0032042300582356483,82,0.07274372501063012,0.10967759732301577,0.11927378683678294,0.5697479248046875,-0.0438690185546875,1.0,0.02492990788940294,1.0,-0.009596189513767173,1.0
screen_split,1.0,35,4,1.0,0.3065564613117497,0.17749083018165512,0.62890625,0.03499294386599536,0.003487727103496275,63,0.07309693657962983,0.1230788420769499,0.11927378683678294,0.5697479248046875,0.0591583251953125,1.0,0.05821704334487218,1.0,0.0038050552401669574,1.0
screen_full,1.0,36,9,1.0,0.3022401452525898,0.16432845508988086,0.552734375,0.024064944076615268,0.0035094058023212725,72,0.06017180139688428,0.12682800445962666,0.11927378683678294,0.5697479248046875,-0.0170135498046875,1.0,0.045054668253097924,1.0,0.007554217622843723,1.0
screen_split,1.0,36,10,1.0,0.4306824907600571,0.18672031956597018,0.49951171875,0.032760025214021306,0.004480570028481174,67,0.058855059476158794,0.12054491218375087,0.11927378683678294,0.5697479248046875,-0.0702362060546875,1.0,0.06744653272918724,0.0,0.0012711253469679246,1.0
screen_full,1.0,37,10,1.0,0.24294957891354116,0.16301531142879025,0.56494140625,0.02509848111769485,0.0032341151704678274,63,0.05864841553785131,0.12452472195780077,0.11927378683678294,0.5697479248046875,-0.0048065185546875,1.0,0.04374152459200731,1.0,0.005250935121017833,1.0
screen_split,1.0,37,9,1.0,0.38184652363581406,0.20360610075754298,0.5330810546875,0.03488791724989766,0.004567748198640234,60,0.0578149784529335,0.1400009665025093,0.11927378683678294,0.5697479248046875,-0.0366668701171875,1.0,0.08433231392076004,0.0,0.020727179665726347,1.0
screen_full,1.0,38,3,1.0,0.21866647215189688,0.13754486487502615,0.5635986328125,0.022332069115020402,0.0027107948557078864,51,0.05767382130148313,0.10598700877499867,0.11927378683678294,0.5697479248046875,-0.0061492919921875,1.0,0.01827107803824321,1.0,-0.013286778061784271,1.0
screen_split,1.0,38,8,1.0,0.40282636598058513,0.19134255446149118,0.5531005859375,0.03502773670474682,0.004236293466078104,64,0.05985739191677463,0.13341862551717631,0.11927378683678294,0.5697479248046875,-0.0166473388671875,1.0,0.07206876762470824,0.0,0.014144838680393373,1.0
screen_full,1.0,39,10,1.0,0.2674719182091066,0.12658554811652173,0.5140380859375,0.02249533271148781,0.0030619736966742608,59,0.05681327077867253,0.08804976869265072,0.11927378683678294,0.5697479248046875,-0.0557098388671875,1.0,0.007311761279738788,1.0,-0.031224018144132226,1.0
screen_split,1.0,39,10,1.0,0.40797501164581207,0.11592180555512274,0.4351806640625,0.029027849250526597,0.0037967118679183643,77,0.08435260447954364,0.04207570379643186,0.11927378683678294,0.5697479248046875,-0.1345672607421875,1.0,-0.003351981281660199,1.0,-0.07719808304035108,0.0
screen_full,1.0,40,10,1.0,0.2891773021329015,0.16540389004352096,0.546630859375,0.02444677780461991,0.0038765746401067257,63,0.05152738585887895,0.13074691654085813,0.11927378683678294,0.5697479248046875,-0.0231170654296875,1.0,0.04613010320673802,1.0,0.011473129704075186,1.0
screen_split,1.0,40,5,1.0,0.34989828673133294,0.18482554483629063,0.5318603515625,0.03320647565179685,0.004306382783675697,51,0.04797472239081156,0.13362635918341392,0.11927378683678294,0.5697479248046875,-0.0378875732421875,1.0,0.06555175799950769,0.0,0.014352572346630982,1.0
screen_full,1.0,41,9,1.0,0.2996001964014147,0.2234284607159726,0.7083740234375,0.02871873483879015,0.003126311605366483,70,0.07061549730225304,0.18736195579718326,0.11927378683678294,0.5697479248046875,0.1386260986328125,0.0,0.10415467387918967,0.0,0.06808816896040032,0.0
screen_split,1.0,41,10,1.0,0.3929750703066785,0.24583757040406168,0.6502685546875,0.03878693581748469,0.004074132745128019,53,0.06345067586910336,0.18587408230936128,0.11927378683678294,0.5697479248046875,0.0805206298828125,1.0,0.12656378356727874,0.0,0.06660029547257834,1.0
screen_full,1.0,42,10,1.0,0.2995079586401006,0.16760816355768057,0.5390625,0.024040620722470145,0.0036493186694879064,53,0.047384295567277024,0.13518919793317843,0.11927378683678294,0.5697479248046875,-0.0306854248046875,1.0,0.04833437672089763,0.0,0.015915411096395493,1.0
screen_split,1.0,42,8,1.0,0.3504025412359519,0.1915215889982678,0.5140380859375,0.033166632609474105,0.004261576843023565,61,0.05642424052999477,0.12911595387696334,0.11927378683678294,0.5697479248046875,-0.0557098388671875,1.0,0.07224780216148485,0.0,0.0098421670401804,1.0
screen_full,1.0,43,10,1.0,0.3052133412634419,0.1562286253069173,0.47412109375,0.02386386880874734,0.0038756400270493568,58,0.043636090118742914,0.1228512948974918,0.11927378683678294,0.5697479248046875,-0.0956268310546875,0.0,0.036954838470134366,1.0,0.0035775080607088616,1.0
screen_split,1.0,43,10,1.0,0.34324894324123706,0.19470583361763172,0.51953125,0.03350495328657984,0.004457228750286097,50,0.05520415536298389,0.13434178674726682,0.11927378683678294,0.5697479248046875,-0.0502166748046875,1.0,0.07543204678084878,0.0,0.015067999910483881,1.0
screen_full,1.0,44,10,1.0,0.29625665471021606,0.15605998364678092,0.5328369140625,0.023423581173761733,0.0036702057536258477,63,0.050579095088594865,0.12111652665433043,0.11927378683678294,0.5697479248046875,-0.0369110107421875,1.0,0.03678619680999798,1.0,0.001842739817547484,1.0
screen_split,1.0,44,9,1.0,0.3472638932152662,0.13466007670293345,0.471435546875,0.029870723651403742,0.0037743925703023744,67,0.06777844121891564,0.0574377280719071,0.11927378683678294,0.5697479248046875,-0.0983123779296875,1.0,0.01538628986615051,1.0,-0.06183605876487584,0.0
screen_full,1.0,45,10,1.0,0.2579809802173975,0.20028603575780862,0.650146484375,0.027239688226993915,0.0031228764633976047,69,0.06535768567920196,0.162197185557926,0.11927378683678294,0.5697479248046875,0.0803985595703125,1.0,0.08101224892102568,0.0,0.04292339872114306,1.0
screen_split,1.0,45,10,1.0,0.3264582718498414,0.22251966170536475,0.627197265625,0.03830993610420461,0.0037724831831938473,63,0.08216194625349252,0.14362876988195783,0.11927378683678294,0.5697479248046875,0.0574493408203125,1.0,0.1032458748685818,0.0,0.02435498304517489,1.0
screen_full,1.0,46,10,1.0,0.28633274981060336,0.18778028057447463,0.5970458984375,0.026108351525287347,0.00369556749476792,63,0.049568823979346296,0.15177029175806533,0.11927378683678294,0.5697479248046875,0.0272979736328125,1.0,0.06850649373769169,0.0,0.03249650492128239,1.0
screen_split,1.0,46,10,1.0,0.3078833579847246,0.19221981743641087,0.5989990234375,0.034346330091829795,0.003712287871238677,67,0.0725268126001811,0.1177550014779607,0.11927378683678294,0.5697479248046875,0.0292510986328125,1.0,0.07294603059962793,0.0,-0.0015187853588222444,1.0
screen_full,1.0,47,10,1.0,0.2936346841697653,0.15615413810926423,0.5601806640625,0.024315536314863273,0.00324049123784908,69,0.0650021874854994,0.11370775254925033,0.11927378683678294,0.5697479248046875,-0.0095672607421875,1.0,0.03688035127248129,1.0,-0.005566034287532606,1.0
screen_split,1.0,47,10,1.0,0.46481239991556295,0.19121324764581157,0.524658203125,0.03330873773472243,0.004700456339169463,67,0.05513099742317377,0.13161554915965606,0.11927378683678294,0.5697479248046875,-0.0450897216796875,1.0,0.07193946080902863,0.0,0.012341762322873123,1.0
screen_full,1.0,48,9,1.0,0.23054675067929079,0.16628583009595926,0.5567626953125,0.023580860339192627,0.0036328918705751958,76,0.06362819082536131,0.13552741927891426,0.11927378683678294,0.5697479248046875,-0.0129852294921875,1.0,0.04701204325917632,0.0,0.01625363244213132,1.0
screen_split,1.0,48,10,1.0,0.3683782440594023,0.20424769005065557,0.5340576171875,0.032722386693089855,0.004524759954796735,60,0.056803125904365044,0.14701698195231794,0.11927378683678294,0.5697479248046875,-0.0356903076171875,1.0,0.08497390321387263,0.0,0.027743195115534997,1.0
screen_full,1.0,49,10,1.0,0.2674709259979031,0.1843507807862716,0.6514892578125,0.026895674147261333,0.0031025006791670856,59,0.054594666499080326,0.14179105459186858,0.11927378683678294,0.5697479248046875,0.0817413330078125,1.0,0.06507699394948865,0.0,0.02251726775508564,1.0
screen_split,1.0,49,5,1.0,0.33363799153503626,0.16812781703115443,0.5672607421875,0.03316401429955165,0.0037665914397481187,68,0.0736766026463471,0.10127467044501254,0.11927378683678294,0.5697479248046875,-0.0024871826171875,1.0,0.048854030194371484,1.0,-0.017999116391770403,1.0
screen_full,1.0,50,10,1.0,0.24914167002187948,0.15540372418627274,0.5220947265625,0.02344941701998654,0.0034602688560436703,62,0.05430806919848276,0.1167526310764184,0.11927378683678294,0.5697479248046875,-0.0476531982421875,1.0,0.0361299373494898,1.0,-0.0025211557603645462,1.0
screen_split,1.0,50,8,1.0,0.32545205092518403,0.17574994769504346,0.5166015625,0.0322768694466517,0.003990223654784335,68,0.07153969109101835,0.10966274481311317,0.11927378683678294,0.5697479248046875,-0.0531463623046875,1.0,0.056476160858260516,1.0,-0.009611042023669775,1.0
screen_full,1.0,51,9,1.0,0.263158661254844,0.17971321033866663,0.615234375,0.026383859770399677,0.003245177830674756,62,0.06344813290958111,0.13811793757224144,0.11927378683678294,0.5697479248046875,0.0454864501953125,1.0,0.06043942350188369,0.0,0.018844150735458504,1.0
screen_split,1.0,51,4,1.0,0.3537229488635992,0.1820030020073286,0.5654296875,0.03318440778243335,0.004345073187789848,77,0.07132894238643082,0.13247991342590623,0.11927378683678294,0.5697479248046875,-0.0043182373046875,1.0,0.06272921517054567,1.0,0.01320612658912329,1.0
screen_full,1.0,52,9,1.0,0.24960677633712902,0.19172821917730853,0.5789794921875,0.025674700436695466,0.0036048543636515874,61,0.051020653739550316,0.15531120785182162,0.11927378683678294,0.5697479248046875,0.0092315673828125,1.0,0.07245443234052559,0.0,0.03603742101503868,1.0
screen_split,1.0,52,10,1.0,0.4344525033659162,0.25846079578822556,0.599365234375,0.03821867028352192,0.00482579827313193,65,0.05333665307435551,0.19985695235266468,0.11927378683678294,0.5697479248046875,0.0296173095703125,1.0,0.13918700895144262,0.0,0.08058316551588174,0.0
screen_full,1.0,53,10,1.0,0.27655402021778,0.1605202182623855,0.5374755859375,0.023799540569049107,0.0034740744338545666,68,0.05683324811777461,0.12257648280846752,0.11927378683678294,0.5697479248046875,-0.0322723388671875,1.0,0.04124643142560255,1.0,0.0033026959716845744,1.0
screen_split,1.0,53,10,1.0,0.3634530883000064,0.21354183445004116,0.56591796875,0.034921131798883995,0.004320973070798704,70,0.06688109923833842,0.150234959760771,0.11927378683678294,0.5697479248046875,-0.0038299560546875,1.0,0.09426804761325822,0.0,0.030961172923988062,1.0
screen_full,1.0,54,3,1.0,0.2585118518009884,0.131268237773081,0.5225830078125,0.02192887207370101,0.003500936045596276,69,0.061124686260311804,0.10372165314076859,0.11927378683678294,0.5697479248046875,-0.0471649169921875,1.0,0.011994450936298057,1.0,-0.015552133696014353,1.0
screen_split,1.0,54,8,1.0,0.4084243068468374,0.1995278609822419,0.5380859375,0.03299870873545665,0.004460917616423025,68,0.06571607095774938,0.1396209102568365,0.11927378683678294,0.5697479248046875,-0.0316619873046875,1.0,0.08025407414545896,0.0,0.02034712342005357,1.0
screen_full,1.0,55,10,1.0,0.2822734308068302,0.2165304811018366,0.6409912109375,0.02700088482167218,0.0036486317732146423,46,0.041803905286007734,0.18512258311758656,0.11927378683678294,0.5697479248046875,0.0712432861328125,1.0,0.09725669426505365,0.0,0.06584879628080362,0.0
screen_split,1.0,55,10,1.0,0.4027565342356281,0.24453667754813213,0.6011962890625,0.03666327498754819,0.0045290204945198035,64,0.06511944151431674,0.18337694211758376,0.11927378683678294,0.5697479248046875,0.0314483642578125,1.0,0.1252628907113492,0.0,0.06410315528080082,1.0
screen_full,1.0,56,6,1.0,0.24299830892140298,0.1722179135924765,0.578369140625,0.025185417146240868,0.0033679789309567533,77,0.06977688465820149,0.1344585886507316,0.11927378683678294,0.5697479248046875,0.0086212158203125,1.0,0.05294412675569357,0.0,0.015184801813948656,1.0
screen_split,1.0,56,7,1.0,0.3477010007531354,0.22244400944588744,0.6026611328125,0.03812935731521254,0.0039910501978980654,66,0.07476615480281854,0.1608273743596319,0.11927378683678294,0.5697479248046875,0.0329132080078125,1.0,0.1031702226091045,0.0,0.04155358752284896,1.0
screen_full,1.0,57,10,1.0,0.2807347306690687,0.1657551056908879,0.5667724609375,0.02503096317679046,0.003482946668395638,73,0.06033196563130146,0.12759404751042808,0.11927378683678294,0.5697479248046875,-0.0029754638671875,1.0,0.04648131885410495,1.0,0.008320260673645136,1.0
screen_split,1.0,57,8,1.0,0.3636438254388889,0.20019370463794284,0.566162109375,0.034634122896262186,0.004278514563496185,61,0.06095709760139544,0.1361468334443209,0.11927378683678294,0.5697479248046875,-0.0035858154296875,1.0,0.0809199178011599,0.0,0.016873046607537967,1.0
screen_full,1.0,58,8,1.0,0.2647812870729715,0.16502856299016852,0.570068359375,0.026004267576955342,0.003218661524902516,64,0.06049400740465708,0.12141173479326545,0.11927378683678294,0.5697479248046875,0.0003204345703125,1.0,0.04575477615338558,1.0,0.0021379479564825055,1.0
screen_split,1.0,58,6,1.0,0.39155293492778653,0.17065262950725474,0.5057373046875,0.032437914454553324,0.00413452340458022,61,0.05966067511871184,0.10970257200850522,0.11927378683678294,0.5697479248046875,-0.0640106201171875,1.0,0.0513788426704718,1.0,-0.009571214828277719,1.0
screen_full,1.0,59,10,1.0,0.2326718286719371,0.19412144935468867,0.6202392578125,0.025448827297121248,0.003431568559208907,49,0.04277852156817885,0.16210444012956604,0.11927378683678294,0.5697479248046875,0.0504913330078125,1.0,0.07484766251790573,0.0,0.0428306532927831,1.0
screen_split,1.0,59,10,1.0,0.3323551251845125,0.17859060721663622,0.5145263671875,0.03129666250999521,0.004310677896711222,74,0.06368113551186229,0.1198142307803913,0.11927378683678294,0.5697479248046875,-0.0552215576171875,1.0,0.05931682037985328,1.0,0.0005404439436083597,1.0
screen_full,1.0,60,9,1.0,0.20923560506533634,0.1941759083179031,0.611328125,0.026436901060538295,0.003363296697945451,62,0.05834778736608088,0.15827759772086603,0.11927378683678294,0.5697479248046875,0.0415802001953125,1.0,0.07490212148112016,0.0,0.039003810884083084,1.0
screen_split,1.0,60,3,1.0,0.36449302274323847,0.2372909811902994,0.577880859375,0.0327080518759281,0.004973863674950256,66,0.0544973763923499,0.1942370258948775,0.11927378683678294,0.5697479248046875,0.0081329345703125,1.0,0.11801719435351646,0.0,0.07496323905809457,0.0
screen_full,1.0,61,10,1.0,0.23419981924270586,0.14850330450301585,0.54052734375,0.023961457600800998,0.0032502164490868647,62,0.05732631536663829,0.11347393339930045,0.11927378683678294,0.5697479248046875,-0.0292205810546875,1.0,0.029229517666232913,1.0,-0.005799853437482488,1.0
screen_split,1.0,61,10,1.0,0.3825428560160261,0.1812290274365515,0.51025390625,0.03294345475165205,0.004372232348957605,44,0.04262855703073452,0.11872656304864504,0.11927378683678294,0.5697479248046875,-0.0594940185546875,1.0,0.06195524059976856,1.0,-0.0005472237881379016,1.0
screen_full,1.0,62,6,1.0,0.2595203129550937,0.15699865135803184,0.560791015625,0.025135829657240257,0.0033905717340899297,58,0.05332079850736038,0.12145332178937226,0.11927378683678294,0.5697479248046875,-0.0089569091796875,1.0,0.0377248645212489,1.0,0.0021795349525893237,1.0
screen_split,1.0,62,10,1.0,0.35048919088646135,0.1830668646288431,0.5086669921875,0.03360432965396454,0.004446566278360867,62,0.06504094496142106,0.1249923332641979,0.11927378683678294,0.5697479248046875,-0.0610809326171875,1.0,0.06379307779206017,1.0,0.0057185464274149556,1.0
screen_full,1.0,63,9,1.0,0.28392075740133577,0.1595332145348863,0.527587890625,0.024315475620432552,0.003539410404114477,65,0.05308726754098442,0.11991107424727981,0.11927378683678294,0.5697479248046875,-0.0421600341796875,1.0,0.04025942769810337,1.0,0.0006372874104968729,1.0
screen_split,1.0,63,4,1.0,0.37250090211292824,0.19042366643271352,0.5513916015625,0.032881687633021114,0.00429663218523843,73,0.06871916356359242,0.13060000571915986,0.11927378683678294,0.5697479248046875,-0.0183563232421875,1.0,0.07114987959593058,0.0,0.01132621888237692,1.0
screen_full,1.0,64,10,1.0,0.319261111215697,0.20386483778039108,0.5914306640625,0.025238726495430696,0.003813227702735943,70,0.05569787116089008,0.1687054155168741,0.11927378683678294,0.5697479248046875,0.0216827392578125,1.0,0.08459105094360814,0.0,0.049431628680091155,1.0
screen_split,1.0,64,8,1.0,0.3874961670367968,0.2546097096046608,0.634033203125,0.03727508520226762,0.004573454765786166,59,0.05760634114385386,0.19905282756798823,0.11927378683678294,0.5697479248046875,0.0642852783203125,1.0,0.13533592276787784,0.0,0.07977904073120529,0.0
screen_full,1.0,65,10,1.0,0.30788784628269644,0.18922089334520634,0.5804443359375,0.025422442590755413,0.0036035691718089005,67,0.057531814717638234,0.15537404953614412,0.11927378683678294,0.5697479248046875,0.0106964111328125,1.0,0.0699471065084234,0.0,0.036100262699361174,1.0
screen_split,1.0,65,4,1.0,0.3684598142761885,0.18639687451395137,0.515380859375,0.03130509817739766,0.0040901600508005224,61,0.06171514212695814,0.1345506061388015,0.11927378683678294,0.5697479248046875,-0.0543670654296875,1.0,0.06712308767716843,0.0,0.015276819302018546,1.0
screen_full,1.0,66,3,1.0,0.26570544196905294,0.14438688333381217,0.5511474609375,0.022819966001912346,0.0032262581156747463,105,0.09110800104282557,0.11094632643820931,0.11927378683678294,0.5697479248046875,-0.0186004638671875,1.0,0.025113096497029225,1.0,-0.008327460398573627,1.0
screen_split,1.0,66,6,1.0,0.41115004557899226,0.15112090526581157,0.452392578125,0.030342856599196735,0.004248585707277281,68,0.06395516370133332,0.08730071286326159,0.11927378683678294,0.5697479248046875,-0.1173553466796875,1.0,0.031847118429028626,1.0,-0.03197307397352135,1.0
screen_full,1.0,67,7,1.0,0.24877657547549709,0.16081322855049934,0.5836181640625,0.024115420370300136,0.0031099522703301893,76,0.06980143795837052,0.12275756499114895,0.11927378683678294,0.5697479248046875,0.0138702392578125,1.0,0.0415394417137164,1.0,0.003483778154366013,1.0
screen_split,1.0,67,8,1.0,0.42234173111555845,0.20276853421522328,0.5369873046875,0.033317454633330634,0.004602533129972258,94,0.08511367256503712,0.1367260881432753,0.11927378683678294,0.5697479248046875,-0.0327606201171875,1.0,0.08349474737844034,0.0,0.017452301306492363,1.0
screen_full,1.0,68,7,1.0,0.2423598830737991,0.14583794831257324,0.5379638671875,0.02285889050751137,0.0031997911342712773,74,0.06989133593113363,0.11139835796184724,0.11927378683678294,0.5697479248046875,-0.0317840576171875,1.0,0.0265641614757903,1.0,-0.007875428874935697,1.0
screen_split,1.0,68,3,1.0,0.3300506947329715,0.1919274807067052,0.560791015625,0.03013747014802704,0.004211458002023171,105,0.10608807932371442,0.1341536941423134,0.11927378683678294,0.5697479248046875,-0.0089569091796875,1.0,0.07265369386992226,0.0,0.01487990730553046,1.0
screen_full,1.0,69,10,1.0,0.3146338734672598,0.1751414044470861,0.537109375,0.02459534833507937,0.0035999226449525356,72,0.05983998035490223,0.13794420460030363,0.11927378683678294,0.5697479248046875,-0.0326385498046875,1.0,0.05586761761030315,0.0,0.018670417763520686,1.0
screen_split,1.0,69,10,1.0,0.3849289182480404,0.1797029603931482,0.5213623046875,0.03227755895885109,0.003969680491353194,64,0.06856434074937416,0.11552647721171173,0.11927378683678294,0.5697479248046875,-0.0483856201171875,1.0,0.06042917355636526,1.0,-0.0037473096250712074,1.0
screen_full,1.0,70,9,1.0,0.24570495192447217,0.14129184190190533,0.4984130859375,0.0222432854480099,0.0034411909653771617,72,0.06223482526689659,0.10247536890229417,0.11927378683678294,0.5697479248046875,-0.0713348388671875,1.0,0.02201805506512239,1.0,-0.016798417934488774,1.0
screen_split,1.0,70,5,1.0,0.3141519590947796,0.13908722380834226,0.42431640625,0.030710892899880483,0.0037879923691981035,53,0.05621745428990066,0.08332065914325054,0.11927378683678294,0.5697479248046875,-0.1454315185546875,0.0,0.019813436971559323,1.0,-0.0359531276935324,1.0
screen_full,1.0,71,9,1.0,0.22751408346996174,0.1486445528422093,0.601318359375,0.02500267793626706,0.0028737617382257885,57,0.06383385138155993,0.10623398077989776,0.11927378683678294,0.5697479248046875,0.0315704345703125,1.0,0.029370766005426346,1.0,-0.013039806056885178,1.0
screen_split,1.0,71,5,1.0,0.41967134624310254,0.21048509045421976,0.5797119140625,0.033253995412464356,0.004530117283925047,70,0.05870332813093783,0.16309806227945145,0.11927378683678294,0.5697479248046875,0.0099639892578125,1.0,0.09121130361743682,0.0,0.04382427544266851,1.0
screen_full,1.0,72,7,1.0,0.28227413507201576,0.15384558136996462,0.534423828125,0.023162412506861494,0.0035507206750510756,59,0.04630093437874173,0.1201105292012148,0.11927378683678294,0.5697479248046875,-0.0353240966796875,1.0,0.03457179453318168,1.0,0.0008367423644318611,1.0
screen_split,1.0,72,10,1.0,0.3809831525279696,0.17535660452650415,0.5198974609375,0.03316359452919176,0.004345365765971721,82,0.07870830161684547,0.1092501778922335,0.11927378683678294,0.5697479248046875,-0.0498504638671875,1.0,0.056082817689721204,1.0,-0.010023608944549442,1.0
screen_full,1.0,73,6,1.0,0.28782606977921166,0.16282717840391195,0.5714111328125,0.02379885771910058,0.0034840300791248073,61,0.052158323020386074,0.13238968584220462,0.11927378683678294,0.5697479248046875,0.0016632080078125,1.0,0.04355339156712901,1.0,0.013115899005421677,1.0
screen_split,1.0,73,10,1.0,0.3983494529948155,0.1965191974601453,0.5206298828125,0.03236218351412584,0.004793020773790924,56,0.04842923003845988,0.14281234940800952,0.11927378683678294,0.5697479248046875,-0.0491180419921875,1.0,0.07724541062336235,0.0,0.02353856257122658,1.0
screen_full,1.0,74,4,1.0,0.28017557840156293,0.16920315608607162,0.55078125,0.021895380282613137,0.0033499667455295094,59,0.05317794023169878,0.13730729609722583,0.11927378683678294,0.5697479248046875,-0.0189666748046875,1.0,0.049929369249288674,0.0,0.018033509260442893,1.0
screen_split,1.0,74,5,1.0,0.39501848693400265,0.2035275174647431,0.5159912109375,0.03269867922003335,0.004750219901158023,84,0.06613028862802621,0.14517312722914222,0.11927378683678294,0.5697479248046875,-0.0537567138671875,1.0,0.08425373062796015,0.0,0.025899340392359277,1.0
screen_full,1.0,75,10,1.0,0.30235886158885555,0.17754013180548228,0.5380859375,0.025054193134360327,0.0038101728395814605,58,0.047182100715967776,0.14516978687074378,0.11927378683678294,0.5697479248046875,-0.0316619873046875,1.0,0.05826634496869934,0.0,0.025896000033960836,1.0
screen_split,1.0,75,9,1.0,0.43139821803751455,0.222857476979764,0.52880859375,0.0351966953209232,0.005022906436354648,66,0.05128247235181871,0.17061527915755476,0.11927378683678294,0.5697479248046875,-0.0409393310546875,1.0,0.10358369014298105,0.0,0.051341492320771814,1.0
screen_full,1.0,76,3,1.0,0.2662130952560264,0.1657534286547787,0.5916748046875,0.024219493049065857,0.0035635561544781432,83,0.07353195952955272,0.137176916851424,0.11927378683678294,0.5697479248046875,0.0219268798828125,1.0,0.04647964181799577,1.0,0.017903130014641055,1.0
screen_split,1.0,76,3,1.0,0.3409942373837947,0.14447249138808482,0.5235595703125,0.03076150386835705,0.0038029250377151088,123,0.13290657862900848,0.08416457229563018,0.11927378683678294,0.5697479248046875,-0.0461883544921875,1.0,0.02519870455130188,1.0,-0.03510921454115276,1.0
screen_full,1.0,77,9,1.0,0.2728289253930039,0.1445297784591403,0.47021484375,0.022901260838903474,0.003644337348782254,62,0.058218157244513645,0.10841309141003866,0.11927378683678294,0.5697479248046875,-0.0995330810546875,1.0,0.025255991622357366,1.0,-0.010860695426744282,1.0
screen_split,1.0,77,8,1.0,0.3348142551569823,0.14890682619526313,0.445556640625,0.030736916298672805,0.003941646248727938,66,0.07035210205094633,0.07133654080571086,0.11927378683678294,0.5697479248046875,-0.1241912841796875,1.0,0.02963303935848019,1.0,-0.04793724603107208,1.0
screen_full,1.0,78,10,1.0,0.2615957222161379,0.18513731295852887,0.587646484375,0.024967494100403286,0.003456159237348683,64,0.05853087898072148,0.1484241220025024,0.11927378683678294,0.5697479248046875,0.0178985595703125,1.0,0.06586352612174592,0.0,0.029150335165719465,1.0
screen_split,1.0,78,10,1.0,0.44317829323775004,0.24326608217069762,0.56982421875,0.03348037182572356,0.00489406398075393,74,0.0634706281547827,0.19015141842453703,0.11927378683678294,0.5697479248046875,7.62939453125e-05,1.0,0.12399229533391468,0.0,0.07087763158775409,0.0
screen_full,1.0,79,10,1.0,0.29208100106241025,0.1460670016734262,0.523193359375,0.022725398959798915,0.0034116211479569814,68,0.06125255019796175,0.10441950613312748,0.11927378683678294,0.5697479248046875,-0.0465545654296875,1.0,0.026793214836643264,1.0,-0.014854280703655465,1.0
screen_split,1.0,79,8,1.0,0.44592349631614114,0.2164409651655632,0.55322265625,0.03393590184303767,0.005157569776170786,73,0.06011437882238524,0.1595831656855091,0.11927378683678294,0.5697479248046875,-0.0165252685546875,1.0,0.09716717832878025,0.0,0.04030937884872615,1.0
screen_full,1.0,80,10,1.0,0.27667532656745586,0.19323259922167363,0.637451171875,0.026981448147236405,0.0031297331988840845,60,0.05976926706336306,0.15199315436700042,0.11927378683678294,0.5697479248046875,0.0677032470703125,1.0,0.07395881238489069,0.0,0.03271936753021748,1.0
screen_split,1.0,80,10,1.0,0.33431656799019577,0.21645591665403963,0.6168212890625,0.03759639836231405,0.0038547818964166447,71,0.07490742868227153,0.14355140256988194,0.11927378683678294,0.5697479248046875,0.0470733642578125,1.0,0.09718212981725668,0.0,0.024277615733099,1.0
screen_full,1.0,81,10,1.0,0.33061662788659796,0.17294261288528395,0.484130859375,0.023173085298254428,0.0041356120143294685,75,0.05598864434249546,0.13921283270932788,0.11927378683678294,0.5697479248046875,-0.0856170654296875,1.0,0.05366882604850101,0.0,0.01993904587254494,1.0
screen_split,1.0,81,9,1.0,0.3798389348186549,0.2063163102845858,0.561279296875,0.03489617799554613,0.004406195461701013,63,0.05245743031711134,0.14563187548473835,0.11927378683678294,0.5697479248046875,-0.0084686279296875,1.0,0.08704252344780286,0.0,0.026358088647955413,1.0
screen_full,1.0,82,10,1.0,0.29969801880870306,0.16048507943154466,0.5406494140625,0.024967893696729093,0.0037603094422347617,71,0.055032718719023356,0.1265429269317908,0.11927378683678294,0.5697479248046875,-0.0290985107421875,1.0,0.04121129259476172,1.0,0.00726914009500787,1.0
screen_split,1.0,82,8,1.0,0.4611131882202071,0.23233095896085787,0.553466796875,0.035787592323747695,0.005306892435233968,72,0.05502408345487756,0.18007757514191375,0.11927378683678294,0.5697479248046875,-0.0162811279296875,1.0,0.11305717212407493,0.0,0.06080378830513081,1.0
screen_full,1.0,83,4,1.0,0.23692164797489726,0.17110912817423998,0.5972900390625,0.024074250945421052,0.0034218790165008255,63,0.05366724471515216,0.14233376282679186,0.11927378683678294,0.5697479248046875,0.0275421142578125,1.0,0.05183534133745704,0.0,0.02305997599000892,1.0
screen_split,1.0,83,9,1.0,0.42894918700130524,0.2487896572143018,0.6009521484375,0.03574715248750795,0.004577256215328799,60,0.05677636242851977,0.18941168308716333,0.11927378683678294,0.5697479248046875,0.0312042236328125,1.0,0.12951587037751885,0.0,0.07013789625038039,0.0
screen_full,1.0,84,6,1.0,0.22874736092063325,0.1229190359457585,0.4932861328125,0.022228009983872195,0.002978981055623573,63,0.061328704495766856,0.09016878540131829,0.11927378683678294,0.5697479248046875,-0.0764617919921875,1.0,0.003645249108975554,1.0,-0.029105001435464656,1.0
screen_split,1.0,84,5,1.0,0.3235740943729165,0.135585309553014,0.5103759765625,0.030747842516309215,0.003683754382881467,74,0.08749876685082289,0.06784380263207315,0.11927378683678294,0.5697479248046875,-0.0593719482421875,1.0,0.01631152271623107,1.0,-0.05142998420470979,1.0
screen_full,1.0,85,10,1.0,0.2554870136799237,0.14017325055599,0.5384521484375,0.025165667775237766,0.0031752221363337088,60,0.055982338896898215,0.09449576019366604,0.11927378683678294,0.5697479248046875,-0.0312957763671875,1.0,0.020899463719207062,1.0,-0.0247780266431169,1.0
screen_split,1.0,85,10,1.0,0.4171776108132954,0.2091827659073024,0.562255859375,0.03379580519274815,0.004610461423344057,71,0.05997534378379954,0.1443696305314746,0.11927378683678294,0.5697479248046875,-0.0074920654296875,1.0,0.08990897907051945,0.0,0.025095843694691672,1.0
screen_full,1.0,86,7,1.0,0.2465772645654766,0.1827645140347261,0.5806884765625,0.02473388572511682,0.003698096935587774,68,0.05970708479680258,0.15060422103000676,0.11927378683678294,0.5697479248046875,0.0109405517578125,1.0,0.06349072719794316,0.0,0.031330434193223816,1.0
screen_split,1.0,86,5,1.0,0.36548120428257963,0.22359968548994863,0.57470703125,0.03460637794849886,0.00466600134411719,73,0.07159581602912005,0.17239033615385316,0.11927378683678294,0.5697479248046875,0.0049591064453125,1.0,0.10432589865316569,0.0,0.053116549317070216,1.0
screen_full,1.0,87,10,1.0,0.31861194602672377,0.17641392950658075,0.536865234375,0.024368605752883247,0.003739879974753449,83,0.06732533451130826,0.13885832892488983,0.11927378683678294,0.5697479248046875,-0.0328826904296875,1.0,0.057140142669797805,0.0,0.019584542088106893,1.0
screen_split,1.0,87,9,1.0,0.3906705800556918,0.21488556195111813,0.54931640625,0.03599166594053711,0.004366217864974635,76,0.06641723449664974,0.1473682395067754,0.11927378683678294,0.5697479248046875,-0.0204315185546875,1.0,0.09561177511433519,0.0,0.02809445266999247,1.0
screen_full,1.0,88,7,1.0,0.20749923467076023,0.1412099677625009,0.5621337890625,0.025033597095174064,0.0030001421111247625,72,0.07037530255996226,0.09766673139137338,0.11927378683678294,0.5697479248046875,-0.0076141357421875,1.0,0.021936180925717946,1.0,-0.021607055445409556,1.0
screen_split,1.0,88,10,1.0,0.3861571568776921,0.19946373939331274,0.5494384765625,0.03595462523114302,0.004489481560483709,61,0.05275096821223085,0.13150712071409007,0.11927378683678294,0.5697479248046875,-0.0203094482421875,1.0,0.0801899525565298,0.0,0.012233333877307129,1.0
screen_full,1.0,89,6,1.0,0.22635710641896994,0.16937369274208225,0.63037109375,0.025771001866858437,0.0031272721418533047,70,0.07209601030316877,0.13042370289593863,0.11927378683678294,0.5697479248046875,0.0606231689453125,1.0,0.05009990590529931,1.0,0.01114991605915569,1.0
screen_split,1.0,89,3,1.0,0.3611544528244433,0.18008586884513017,0.6123046875,0.03184388654666191,0.004135288780187434,65,0.06223897232315343,0.12763738428141838,0.11927378683678294,0.5697479248046875,0.0425567626953125,1.0,0.06081208200834723,1.0,0.00836359744463544,1.0
screen_full,1.0,90,8,1.0,0.22813927494607852,0.14452504172429892,0.529296875,0.0230723980860916,0.0032598672604901863,56,0.05331049333274353,0.10642337160356052,0.11927378683678294,0.5697479248046875,-0.0404510498046875,1.0,0.025251254887515978,1.0,-0.012850415233222418,1.0
screen_split,1.0,90,10,1.0,0.3842412409805249,0.19761900696031137,0.5474853515625,0.03289137665046411,0.004549774637343582,73,0.06565417836131117,0.1309492230749615,0.11927378683678294,0.5697479248046875,-0.0222625732421875,1.0,0.07834522012352843,0.0,0.011675436238178571,1.0
screen_full,1.0,91,8,1.0,0.26788498002717526,0.16710600003059245,0.5743408203125,0.024634204357684004,0.0035249188046934917,66,0.05353380490692744,0.13357419969679976,0.11927378683678294,0.5697479248046875,0.0045928955078125,1.0,0.04783221319380951,1.0,0.01430041286001682,1.0
screen_split,1.0,91,5,1.0,0.32684678798938605,0.17652170167655085,0.5408935546875,0.031403655293590245,0.004158773008580071,53,0.05683190731876684,0.11766350025808751,0.11927378683678294,0.5697479248046875,-0.0288543701171875,1.0,0.057247914839767905,1.0,-0.0016102865786954274,1.0
screen_full,1.0,92,7,1.0,0.23045503828251077,0.16103298832146312,0.566162109375,0.024615918292250866,0.0032396488369613725,53,0.05568110702795872,0.1275709787468135,0.11927378683678294,0.5697479248046875,-0.0035858154296875,1.0,0.04175920148468018,1.0,0.00829719191003056,1.0
screen_split,1.0,92,8,1.0,0.34203446721236486,0.21765178483747,0.548583984375,0.034838150092243,0.004476644509722909,67,0.06376243119279826,0.15604177732825578,0.11927378683678294,0.5697479248046875,-0.0211639404296875,1.0,0.09837799800068706,0.0,0.036767990491472835,1.0
screen_full,1.0,93,5,1.0,0.23478841851309407,0.15086821814084303,0.624755859375,0.025184306180377997,0.003107419168133538,68,0.07011013819237873,0.1121023142994336,0.11927378683678294,0.5697479248046875,0.0550079345703125,1.0,0.03159443130406009,1.0,-0.007171472537349344,1.0
screen_split,1.0,93,10,1.0,0.36035807113088414,0.2195169806474407,0.60400390625,0.036973857679234744,0.004093958534607208,65,0.07176238949413502,0.14301695051911267,0.11927378683678294,0.5697479248046875,0.0342559814453125,1.0,0.10024319381065777,0.0,0.023743163682329732,1.0
screen_full,1.0,94,2,1.0,0.18420463223374575,0.15154891506166795,0.5767822265625,0.02393968978232482,0.002819148032382491,44,0.04708839011821406,0.14015940545610386,0.11927378683678294,0.5697479248046875,0.0070343017578125,1.0,0.032275128224885014,1.0,0.020885618619320923,1.0
screen_split,1.0,94,10,1.0,0.4288559060197634,0.2474871246436356,0.5814208984375,0.035517506642225645,0.004968587336893768,72,0.06076307933373438,0.18689631547371313,0.11927378683678294,0.5697479248046875,0.0116729736328125,1.0,0.12821333780685265,0.0,0.06762252863693019,1.0
screen_full,1.0,95,10,1.0,0.2560286881473368,0.15765112311381663,0.528564453125,0.024009941390530774,0.0032792316574332364,78,0.06503318890740234,0.11714480415194943,0.11927378683678294,0.5697479248046875,-0.0411834716796875,1.0,0.038377336277033686,1.0,-0.002128982684833511,1.0
screen_split,1.0,95,2,1.0,0.25362515681676356,0.1619597768945853,0.5552978515625,0.031195530414649373,0.0034718268923884577,144,0.18093847644556188,0.12608124378388758,0.11927378683678294,0.5697479248046875,-0.0144500732421875,1.0,0.04268599005780235,1.0,0.006807456947104634,1.0
screen_full,1.0,96,4,1.0,0.25783020183403815,0.17413828430034684,0.585693359375,0.023392903617959312,0.003593498915052914,60,0.04909290544875472,0.14663865642993285,0.11927378683678294,0.5697479248046875,0.0159454345703125,1.0,0.054864497463563894,0.0,0.027364869593149904,1.0
screen_split,1.0,96,8,1.0,0.3888760622134193,0.19698671285992214,0.5447998046875,0.03274442015865476,0.004263837971107125,63,0.05885393863757946,0.14238866202916894,0.11927378683678294,0.5697479248046875,-0.0249481201171875,1.0,0.0777129260231392,0.0,0.023114875192386003,1.0
screen_full,1.0,97,6,1.0,0.23994173653553022,0.12990582598747252,0.541748046875,0.02252748304023361,0.0029917162469674454,57,0.05930566333940666,0.09120577630200694,0.11927378683678294,0.5697479248046875,-0.0279998779296875,1.0,0.010632039150689582,1.0,-0.028068010534776006,1.0
screen_split,1.0,97,7,1.0,0.3930776400636007,0.19955376678857778,0.5240478515625,0.03359694154148749,0.0046141208627743895,66,0.05865835166105582,0.1422972375134007,0.11927378683678294,0.5697479248046875,-0.0457000732421875,1.0,0.08027997995179484,0.0,0.023023450676617763,1.0
screen_full,1.0,98,8,1.0,0.24786125126075176,0.15793271663530525,0.578125,0.024685249570716494,0.0030441849594514334,73,0.0702458179642844,0.11563317056976435,0.11927378683678294,0.5697479248046875,0.0083770751953125,1.0,0.03865892979852231,1.0,-0.003640616267018587,1.0
screen_split,1.0,98,8,1.0,0.4443253888558023,0.19743182252979036,0.57275390625,0.03551671346705409,0.0045556217467717505,64,0.06413260393326656,0.1406556735789961,0.11927378683678294,0.5697479248046875,0.0030059814453125,1.0,0.07815803569300742,0.0,0.02138188674221317,1.0
screen_full,1.0,99,10,1.0,0.31212892941454856,0.12111458547222792,0.4569091796875,0.020569177227955135,0.0035513625552494083,57,0.047295131199737384,0.08937776616388585,0.11927378683678294,0.5697479248046875,-0.1128387451171875,0.0,0.001840798635444979,1.0,-0.029896020672897095,1.0
screen_split,1.0,99,5,1.0,0.3701029389611287,0.14421040928858417,0.430419921875,0.02842870411805175,0.004239948568999048,71,0.06713507224346256,0.09378492315661202,0.11927378683678294,0.5697479248046875,-0.1393280029296875,0.0,0.024936622451801227,1.0,-0.02548886368017092,1.0
screen_full,1.0,100,9,1.0,0.3030959022323424,0.17250064321992914,0.558349609375,0.025206064084529793,0.0036065346952004473,48,0.0403588809104467,0.14054730925919284,0.11927378683678294,0.5697479248046875,-0.0113983154296875,1.0,0.0532268563831462,0.0,0.021273522422409902,1.0
screen_split,1.0,100,6,1.0,0.3687659363383491,0.19186144856691495,0.514404296875,0.03308885047661991,0.004312299901570752,65,0.06747342884746937,0.12767667477640227,0.11927378683678294,0.5697479248046875,-0.0553436279296875,1.0,0.07258766173013201,0.0,0.008402887939619325,1.0
screen_full,1.0,101,10,1.0,0.22261481635811786,0.17120125819487192,0.57275390625,0.024679732532931962,0.0033666579456808447,65,0.06137572489028294,0.13676470106246275,0.11927378683678294,0.5697479248046875,0.0030059814453125,1.0,0.05192747135808898,0.0,0.017490914225679804,1.0
screen_split,1.0,101,5,1.0,0.42932846001941943,0.18442845602670976,0.4964599609375,0.031044503435844754,0.004923723369700693,70,0.05450452551025874,0.13629616927426758,0.11927378683678294,0.5697479248046875,-0.0732879638671875,1.0,0.06515466918992682,0.0,0.017022382437484634,1.0
screen_full,1.0,102,8,1.0,0.2943068732021732,0.1737539003091237,0.558837890625,0.024002603292503692,0.003594690057960896,59,0.04709752077489821,0.14184937397967587,0.11927378683678294,0.5697479248046875,-0.0109100341796875,1.0,0.054480113472340747,0.0,0.022575587142892928,1.0
screen_split,1.0,102,10,1.0,0.3564655377478541,0.1903816864461752,0.5806884765625,0.037090821287174516,0.00395305177413322,61,0.06930090965528066,0.12282731121244682,0.11927378683678294,0.5697479248046875,0.0109405517578125,1.0,0.07110789960939226,1.0,0.0035535243756638774,1.0
screen_full,1.0,103,6,1.0,0.23323241650403456,0.1464630000471685,0.55419921875,0.024253637704941555,0.0030743521928834104,70,0.06805035760832355,0.11201696422403382,0.11927378683678294,0.5697479248046875,-0.0155487060546875,1.0,0.02718921321038556,1.0,-0.007256822612749125,1.0
screen_split,1.0,103,10,1.0,0.42796047364334094,0.27475956049641714,0.6380615234375,0.03898497149063123,0.004650969257818778,59,0.05449519510927194,0.22044828073716619,0.11927378683678294,0.5697479248046875,0.0683135986328125,1.0,0.1554857736596342,0.0,0.10117449390038324,0.0
screen_full,1.0,104,8,1.0,0.2618767610307289,0.1791552370438968,0.5565185546875,0.023244359778381275,0.0034477400424408867,70,0.05998873752742625,0.14471032751471236,0.11927378683678294,0.5697479248046875,-0.0132293701171875,1.0,0.05988145020711386,0.0,0.025436540677929415,1.0
screen_split,1.0,104,8,1.0,0.3423708016895233,0.1867445151482755,0.524658203125,0.03299291532735803,0.004083138962753974,48,0.05142823419561188,0.1275219242978439,0.11927378683678294,0.5697479248046875,-0.0450897216796875,1.0,0.06747072831149256,0.0,0.008248137461060956,1.0
screen_full,1.0,105,3,1.0,0.2514280401455498,0.1415945065214359,0.572021484375,0.022255256797465622,0.0028096157888645857,76,0.06974230768411631,0.10989404333472894,0.11927378683678294,0.5697479248046875,0.0022735595703125,1.0,0.022320719684652962,1.0,-0.009379743502054005,1.0
screen_split,1.0,105,10,1.0,0.3559327403223246,0.14978009241648005,0.5184326171875,0.03221597115209906,0.003437328529106543,71,0.08608335211196533,0.06873884300175266,0.11927378683678294,0.5697479248046875,-0.0513153076171875,1.0,0.030506305579697107,1.0,-0.05053494383503028,1.0
screen_full,1.0,106,10,1.0,0.26761662076203085,0.16335054906982174,0.5718994140625,0.024929578452819682,0.0032911917399573586,55,0.05261895279070002,0.12373433121752367,0.11927378683678294,0.5697479248046875,0.0021514892578125,1.0,0.0440767622330388,1.0,0.0044605443807407275,1.0
screen_split,1.0,106,4,1.0,0.2862052684320954,0.1529227729082253,0.543701171875,0.03156175310443673,0.0036828902000948568,82,0.09390710868331228,0.08630060485337564,0.11927378683678294,0.5697479248046875,-0.0260467529296875,1.0,0.03364898607144237,1.0,-0.032973181983407304,1.0
screen_full,1.0,107,5,1.0,0.25827941417305955,0.13788218414278058,0.5404052734375,0.022825815440460345,0.0032727858917854166,67,0.06309137277980953,0.10545599541527112,0.11927378683678294,0.5697479248046875,-0.0293426513671875,1.0,0.018608397305997643,1.0,-0.013817791421511821,1.0
screen_split,1.0,107,8,1.0,0.3514175667757187,0.17283463522383716,0.5350341796875,0.035342274427515356,0.004055394803008299,71,0.0712598632877999,0.10308565679491274,0.11927378683678294,0.5697479248046875,-0.0347137451171875,1.0,0.053560848387054216,1.0,-0.016188130041870197,1.0
screen_full,1.0,108,10,1.0,0.254829957855529,0.15281198700873572,0.581787109375,0.025303357079028338,0.0030505622813018158,62,0.06783302914776651,0.11049161809802119,0.11927378683678294,0.5697479248046875,0.0120391845703125,1.0,0.033538200171952776,1.0,-0.008782168738761753,1.0
screen_split,1.0,108,8,1.0,0.3621155869278036,0.20851624420743944,0.61181640625,0.034889793157712234,0.00412250944622546,63,0.06575076777032542,0.1355455370879937,0.11927378683678294,0.5697479248046875,0.0420684814453125,1.0,0.0892424573706565,0.0,0.016271750251210748,1.0
screen_full,1.0,109,6,1.0,0.23488830707123917,0.1537403773351002,0.614013671875,0.02488374049099823,0.003013593755497011,68,0.07117871091848749,0.11063361462381133,0.11927378683678294,0.5697479248046875,0.0442657470703125,1.0,0.03446659049831727,1.0,-0.008640172212971614,1.0
screen_split,1.0,109,7,1.0,0.3490849081651349,0.2038816081807478,0.5791015625,0.03495024353896064,0.004009778242182982,75,0.0750556877556545,0.14295400794158214,0.11927378683678294,0.5697479248046875,0.0093536376953125,1.0,0.08460782134396486,0.0,0.0236802211047992,1.0
screen_full,1.0,110,3,1.0,0.25668765799131493,0.15380160458867193,0.5455322265625,0.0223884370992501,0.0033375640085699827,101,0.08690072228158807,0.11061789736368818,0.11927378683678294,0.5697479248046875,-0.0242156982421875,1.0,0.034527817751888984,1.0,-0.008655889473094758,1.0
screen_split,1.0,110,7,1.0,0.3130067866102024,0.17086223433757775,0.5252685546875,0.03388208824022959,0.003548799256862602,75,0.08377113876616352,0.08875287928369555,0.11927378683678294,0.5697479248046875,-0.0444793701171875,1.0,0.051588447500794804,1.0,-0.030520907553087395,1.0
screen_full,1.0,111,10,1.0,0.20716515612491188,0.15595875985300084,0.559814453125,0.02398656904880787,0.0031344253725454005,58,0.05888770209874452,0.12062138755429988,0.11927378683678294,0.5697479248046875,-0.0099334716796875,1.0,0.0366849730162179,1.0,0.001347600717516939,1.0
screen_split,1.0,111,7,1.0,0.3840885061114519,0.20204941237834537,0.564208984375,0.033379062052731674,0.004420468221012428,86,0.08024313519090404,0.13925168666645946,0.11927378683678294,0.5697479248046875,-0.0055389404296875,1.0,0.08277562554156243,0.0,0.019977899829676515,1.0
screen_full,1.0,112,3,1.0,0.2737732555772124,0.13422632511788982,0.5885009765625,0.02285025523226915,0.00316637685592144,64,0.06399964835854673,0.10298690251281747,0.11927378683678294,0.5697479248046875,0.0187530517578125,1.0,0.014952538281106875,1.0,-0.016286884323965467,1.0
screen_split,1.0,112,7,1.0,0.4238580906439597,0.1648081911341311,0.47119140625,0.029724955711130725,0.0043586954347033,89,0.08373342519035522,0.10004114151086865,0.11927378683678294,0.5697479248046875,-0.0985565185546875,1.0,0.04553440429734815,1.0,-0.019232645325914288,1.0
screen_full,1.0,113,7,1.0,0.2469185899179593,0.14376532712033863,0.578369140625,0.0245843645544184,0.003104114894883528,66,0.06933160287319158,0.10665805667616668,0.11927378683678294,0.5697479248046875,0.0086212158203125,1.0,0.024491540283555685,1.0,-0.012615730160616262,1.0
screen_split,1.0,113,4,1.0,0.4216145545085139,0.1805773011134008,0.5386962890625,0.031644477658389875,0.004175629646380966,69,0.0637563850808533,0.12526619475081738,0.11927378683678294,0.5697479248046875,-0.0310516357421875,1.0,0.06130351427661787,1.0,0.005992407914034437,1.0
screen_full,1.0,114,10,1.0,0.2717725993074628,0.14023862405618776,0.501953125,0.02294069802647857,0.0034665158777974986,55,0.0503687875995787,0.10782242613001579,0.11927378683678294,0.5697479248046875,-0.0677947998046875,1.0,0.020964837219404814,1.0,-0.011451360706767152,1.0
screen_split,1.0,114,10,1.0,0.3451501424546455,0.16711570299631234,0.5162353515625,0.03276578416255909,0.004138374366910101,68,0.06658811611353167,0.0952900657132867,0.11927378683678294,0.5697479248046875,-0.0535125732421875,1.0,0.0478419161595294,1.0,-0.02398372112349624,1.0
screen_full,1.0,115,10,1.0,0.22819573782060273,0.10458342072795959,0.5045166015625,0.023075578067850638,0.002596354105431345,61,0.06116686879995508,0.0570136085450965,0.11927378683678294,0.5697479248046875,-0.0652313232421875,1.0,-0.01469036610882335,1.0,-0.06226017829168644,0.0
screen_split,1.0,115,2,1.0,0.17793047509154583,0.0736897653907067,0.466552734375,0.02835777292248115,0.0024591215794945117,143,0.27425170354822254,0.00827668110064339,0.11927378683678294,0.5697479248046875,-0.1031951904296875,1.0,-0.04558402144607625,1.0,-0.11099710573613955,0.0
screen_full,1.0,116,2,1.0,0.20326344912646133,0.12337629460201541,0.587646484375,0.022483148925750655,0.0026110145917847857,86,0.12889105772286027,0.1056444616587975,0.11927378683678294,0.5697479248046875,0.0178985595703125,1.0,0.004102507765232466,1.0,-0.013629325177985444,1.0
screen_split,1.0,116,2,1.0,0.27901470121905614,0.12950942488421005,0.521484375,0.028973323457927178,0.0032997510062108947,71,0.0866922531470055,0.09793318499866921,0.11927378683678294,0.5697479248046875,-0.0482635498046875,1.0,0.01023563804742711,1.0,-0.021340601838113732,1.0
screen_full,1.0,117,10,1.0,0.27480648220293996,0.1633625948434307,0.550048828125,0.023724293583160028,0.003452951274259526,84,0.06816344319022152,0.12438657955534019,0.11927378683678294,0.5697479248046875,-0.0196990966796875,1.0,0.044088808006647745,1.0,0.005112792718557246,1.0
screen_split,1.0,117,7,1.0,0.34293416478844535,0.2062441728567932,0.5450439453125,0.033444156704259265,0.004431712779099713,68,0.058846683289111454,0.1469146153902789,0.11927378683678294,0.5697479248046875,-0.0247039794921875,1.0,0.08697038602001025,0.0,0.02764082855349595,1.0
screen_full,1.0,118,10,1.0,0.2598792750438471,0.1791219340889344,0.58544921875,0.02555009331127195,0.0035514366751471654,74,0.05740164675288402,0.14452312552456628,0.11927378683678294,0.5697479248046875,0.0157012939453125,1.0,0.05984814725215146,0.0,0.02524933868778334,1.0
screen_split,1.0,118,9,1.0,0.38142982482904353,0.21808962876798987,0.5721435546875,0.035416048474348746,0.004509820325044101,62,0.05314655914588203,0.16081811309144292,0.11927378683678294,0.5697479248046875,0.0023956298828125,1.0,0.09881584193120693,0.0,0.04154432625465998,1.0
screen_full,1.0,119,10,1.0,0.2661775010767431,0.16390803326535952,0.5701904296875,0.025439648601035657,0.003374448512056275,54,0.04785188491103098,0.127910550119735,0.11927378683678294,0.5697479248046875,0.0004425048828125,1.0,0.04463424642857658,1.0,0.00863676328295207,1.0
screen_split,1.0,119,10,1.0,0.4047502206732977,0.254828125807621,0.6290283203125,0.03890194521821838,0.004430271528063906,58,0.05534367956566742,0.2004201152976277,0.11927378683678294,0.5697479248046875,0.0592803955078125,1.0,0.13555433897083805,0.0,0.08114632846084477,0.0
screen_full,1.0,120,7,1.0,0.2627837633029826,0.16404140494689085,0.5577392578125,0.024611136722056837,0.003346368040308173,62,0.05938423968897727,0.1279008304189428,0.11927378683678294,0.5697479248046875,-0.0120086669921875,1.0,0.044767618110107904,1.0,0.008627043582159849,1.0
screen_split,1.0,120,2,1.0,0.21564972093813448,0.1740661858672256,0.6405029296875,0.03512012582997884,0.0028028629330100986,123,0.2222495714610332,0.1420714330654406,0.11927378683678294,0.5697479248046875,0.0707550048828125,1.0,0.05479239903044267,1.0,0.022797646228657653,1.0
screen_full,1.0,121,9,1.0,0.2699220610505796,0.18918892368148343,0.5819091796875,0.024924638672181785,0.0037426326751934143,68,0.05318253007351324,0.15738614590384636,0.11927378683678294,0.5697479248046875,0.0121612548828125,1.0,0.06991513684470049,0.0,0.03811235906706342,1.0
screen_split,1.0,121,7,1.0,0.36271126051973096,0.23065053325477572,0.58447265625,0.034549161702296736,0.004386303973717944,63,0.061060390169663956,0.1727604368599763,0.11927378683678294,0.5697479248046875,0.0147247314453125,1.0,0.11137674641799278,0.0,0.05348665002319336,1.0
screen_full,1.0,122,7,1.0,0.2579470113135621,0.20499591789205274,0.6971435546875,0.028089677283463833,0.002955638086927134,51,0.054963875469528016,0.17257716005817939,0.11927378683678294,0.5697479248046875,0.1273956298828125,0.0,0.0857221310552698,0.0,0.053303373221396444,1.0
screen_split,1.0,122,10,1.0,0.36716347217915674,0.2305400046888106,0.5811767578125,0.03689138869738761,0.004147451110886779,63,0.07559130160594865,0.16208758556253577,0.11927378683678294,0.5697479248046875,0.0114288330078125,1.0,0.11126621785202767,0.0,0.04281379872575283,1.0
screen_full,1.0,123,6,1.0,0.2419058816124374,0.19608432024950445,0.620849609375,0.024703928017720183,0.0036356549733276323,75,0.05961031223358761,0.1604749992658851,0.11927378683678294,0.5697479248046875,0.0511016845703125,1.0,0.07681053341272151,0.0,0.04120121242910216,1.0
screen_split,1.0,123,10,1.0,0.3647793885439061,0.2285437689387838,0.6146240234375,0.03761268572336936,0.004357911321193766,74,0.07079074434128989,0.1644177885198519,0.11927378683678294,0.5697479248046875,0.0448760986328125,1.0,0.10926998210200087,0.0,0.04514400168306895,1.0
screen_full,1.0,124,10,1.0,0.28777903041220626,0.15111660851884567,0.523681640625,0.024194326075290658,0.00381076675701561,65,0.052989294792185185,0.11621649083368579,0.11927378683678294,0.5697479248046875,-0.0460662841796875,1.0,0.03184282168206273,1.0,-0.0030572960030971486,1.0
screen_split,1.0,124,10,1.0,0.36729912356373046,0.14440582649982564,0.4686279296875,0.0313081158993304,0.004191482136936752,71,0.07529299827564434,0.07989602637028774,0.11927378683678294,0.5697479248046875,-0.1011199951171875,1.0,0.0251320396630427,1.0,-0.0393777604664952,1.0
screen_full,1.0,125,10,1.0,0.30463079363215967,0.16217362792930456,0.5374755859375,0.024158710115899696,0.0036043304986150804,61,0.05039496268864271,0.1283015357514565,0.11927378683678294,0.5697479248046875,-0.0322723388671875,1.0,0.04289984109252162,1.0,0.009027748914673561,1.0
screen_split,1.0,125,8,1.0,0.34233967014411887,0.13490183345540613,0.4676513671875,0.030540812185929654,0.003670294669696523,69,0.08300991592735485,0.06281918662769717,0.11927378683678294,0.5697479248046875,-0.1020965576171875,1.0,0.015628046618623187,1.0,-0.05645460020908577,1.0
screen_full,1.0,126,6,1.0,0.2346973303186766,0.13608819515196036,0.533935546875,0.023068321163356487,0.0032324266276644825,65,0.058907957690133836,0.10134021469054613,0.11927378683678294,0.5697479248046875,-0.0358123779296875,1.0,0.016814408315177415,1.0,-0.01793357214623681,1.0
screen_split,1.0,126,10,1.0,0.33404915908328703,0.17889007452646047,0.529541015625,0.032561081625371295,0.00401661450658712,76,0.08035298711521459,0.11133768126614509,0.11927378683678294,0.5697479248046875,-0.0402069091796875,1.0,0.05961628768967753,1.0,-0.007936105570637855,1.0
screen_full,1.0,127,10,1.0,0.26353136934372207,0.1719629362636995,0.5299072265625,0.02456276717986098,0.0038309877807789355,55,0.04135965470183017,0.13797079262773587,0.11927378683678294,0.5697479248046875,-0.0398406982421875,1.0,0.05268914942691655,0.0,0.01869700579095293,1.0
screen_split,1.0,127,10,1.0,0.3554031699047121,0.18016956335996603,0.5299072265625,0.03406503050924512,0.00411127615684569,59,0.06282869838542825,0.11637930636923839,0.11927378683678294,0.5697479248046875,-0.0398406982421875,1.0,0.06089577652318309,1.0,-0.0028944804675445496,1.0
screen_full,1.0,128,8,1.0,0.21181267487088365,0.15174812974397545,0.5635986328125,0.02449333588672583,0.003122955678125695,70,0.07178948384985703,0.11256489533407613,0.11927378683678294,0.5697479248046875,-0.0061492919921875,1.0,0.032474342907192505,1.0,-0.006708891502706815,1.0
screen_split,1.0,128,7,1.0,0.38720069463121426,0.18186503046636004,0.5069580078125,0.03236096337166927,0.004508511989876992,69,0.06729971747066066,0.12794089420392818,0.11927378683678294,0.5697479248046875,-0.0627899169921875,1.0,0.0625912436295771,1.0,0.008667107367145238,1.0
screen_full,1.0,129,10,1.0,0.21866913665300503,0.15261101644536698,0.57275390625,0.02565889914038166,0.0029638139700461836,52,0.05325255145574499,0.11469572890994686,0.11927378683678294,0.5697479248046875,0.0030059814453125,1.0,0.03333722960858404,1.0,-0.004578057926836077,1.0
screen_split,1.0,129,7,1.0,0.3355827208398337,0.17206606487802203,0.5653076171875,0.03567520831201979,0.0036770552865634815,65,0.07083543842647352,0.10346976101280642,0.11927378683678294,0.5697479248046875,-0.0044403076171875,1.0,0.052792278041239094,1.0,-0.015804025823976525,1.0
screen_full,1.0,130,10,1.0,0.27571204852478665,0.1356760226579357,0.511962890625,0.02364674066168,0.003343418080215626,72,0.05954898044926241,0.09562088837184862,0.11927378683678294,0.5697479248046875,-0.0577850341796875,1.0,0.016402235821152772,1.0,-0.02365289846493432,1.0
screen_split,1.0,130,6,1.0,0.40543293887644066,0.16321731291221997,0.4791259765625,0.033212350970214174,0.004569959801125474,73,0.06567136568772187,0.10003461483932656,0.11927378683678294,0.5697479248046875,-0.0906219482421875,1.0,0.04394352607543703,1.0,-0.01923917199745638,1.0
screen_full,1.0,131,7,1.0,0.25005758582673293,0.13682969033689057,0.5609130859375,0.024306395525306387,0.003072287309037019,48,0.05025507850492405,0.09795698184569396,0.11927378683678294,0.5697479248046875,-0.0088348388671875,1.0,0.017555903500107634,1.0,-0.021316804991088983,1.0
screen_split,1.0,131,8,1.0,0.3884369226560235,0.19590520739247014,0.55615234375,0.03269640377386155,0.004305356125539784,74,0.06840959256159114,0.1315621102384813,0.11927378683678294,0.5697479248046875,-0.0135955810546875,1.0,0.0766314205556872,0.0,0.012288323401698359,1.0
screen_full,1.0,132,8,1.0,0.2754918174767008,0.19951513700824142,0.60986328125,0.026239388385074194,0.0035677380546993947,55,0.047919200120569466,0.1667479199688118,0.11927378683678294,0.5697479248046875,0.0401153564453125,1.0,0.08024135017145848,0.0,0.04747413313202886,1.0
screen_split,1.0,132,6,1.0,0.3478256713986948,0.20916132549454192,0.558837890625,0.035557327385167245,0.004350402584002442,72,0.07025011083590581,0.14278684499338162,0.11927378683678294,0.5697479248046875,-0.0109100341796875,1.0,0.08988753865775898,0.0,0.023513058156598682,1.0
screen_full,1.0,133,10,1.0,0.2809755561388231,0.1950975589504588,0.5582275390625,0.025122178215496168,0.0039640643872524564,57,0.04360461918043395,0.16400601280126778,0.11927378683678294,0.5697479248046875,-0.0115203857421875,1.0,0.07582377211367586,0.0,0.04473222596448484,1.0
screen_split,1.0,133,9,1.0,0.3798582056243591,0.21396056170788272,0.557861328125,0.03420064460858701,0.004609562413811307,56,0.05339661433929277,0.15746160062905395,0.11927378683678294,0.5697479248046875,-0.0118865966796875,1.0,0.09468677487109978,0.0,0.038187813792271014,1.0
screen_full,1.0,134,10,1.0,0.305654525336528,0.20404237650907298,0.57373046875,0.025486463789474906,0.003910183914464198,62,0.04616001499976895,0.17322557727722498,0.11927378683678294,0.5697479248046875,0.0039825439453125,1.0,0.08476858967229003,0.0,0.05395179044044204,0.0
screen_split,1.0,134,5,1.0,0.38440929862677947,0.18538615450978596,0.468017578125,0.03158246766141235,0.004604493018104119,70,0.0647329652025148,0.12895370089276842,0.11927378683678294,0.5697479248046875,-0.1017303466796875,1.0,0.06611236767300302,0.0,0.009679914055985478,1.0
screen_full,1.0,135,7,1.0,0.3110447603143565,0.1139393474660915,0.4530029296875,0.020844437392634644,0.003507931017614087,79,0.06613859224837376,0.0783392431880709,0.11927378683678294,0.5697479248046875,-0.1167449951171875,1.0,-0.005334439370691446,1.0,-0.040934543648712046,0.0
screen_split,1.0,135,9,1.0,0.41300008272347155,0.1452306059631384,0.4478759765625,0.029178668020427984,0.004109451428655868,76,0.07528097856914456,0.07395542190113806,0.11927378683678294,0.5697479248046875,-0.1218719482421875,1.0,0.025956819126355446,1.0,-0.04531836493564488,1.0
screen_full,1.0,136,8,1.0,0.26255690631368694,0.17930137928730533,0.6214599609375,0.02578423875793241,0.0030949327292732493,64,0.05972921494390109,0.14059323872497947,0.11927378683678294,0.5697479248046875,0.0517120361328125,1.0,0.06002759245052239,0.0,0.021319451888196533,1.0
screen_split,1.0,136,8,1.0,0.46890143560267966,0.25661477901908214,0.5777587890625,0.03365737202365025,0.004952842916756925,88,0.06645726664378283,0.20053884735997296,0.11927378683678294,0.5697479248046875,0.0080108642578125,1.0,0.1373409921822992,0.0,0.08126506052319002,0.0
screen_full,1.0,137,9,1.0,0.2351383364561947,0.15992561026613314,0.5975341796875,0.025435084465369753,0.003024237764466098,70,0.06206228006236148,0.12260381058610965,0.11927378683678294,0.5697479248046875,0.0277862548828125,1.0,0.0406518234293502,1.0,0.003330023749326713,1.0
screen_split,1.0,137,4,1.0,0.34132389652442957,0.21706772826372395,0.60546875,0.034679750344692395,0.003991170190263634,61,0.06174775563600156,0.1588826340269575,0.11927378683678294,0.5697479248046875,0.0357208251953125,1.0,0.097793941426941,0.0,0.039608847190174545,1.0
screen_full,1.0,138,9,1.0,0.3097959214123767,0.18263781409336088,0.5069580078125,0.024546328234948487,0.00407956707119332,60,0.0459307177164532,0.1498959151436458,0.11927378683678294,0.5697479248046875,-0.0627899169921875,1.0,0.06336402725657794,0.0,0.030622128306862867,1.0
screen_split,1.0,138,10,1.0,0.3730773323808603,0.18570140391893147,0.4981689453125,0.032181029197911014,0.004534095680929243,65,0.06168376024550991,0.12305854072748626,0.11927378683678294,0.5697479248046875,-0.0715789794921875,1.0,0.06642761708214853,0.0,0.0037847538907033185,1.0
screen_full,1.0,139,5,1.0,0.2020510024047731,0.1216708147318524,0.5128173828125,0.02283450739906087,0.002793050382599893,44,0.05321267071429749,0.08672827583706372,0.11927378683678294,0.5697479248046875,-0.0569305419921875,1.0,0.002397027895069459,1.0,-0.032545510999719224,1.0
screen_split,1.0,139,8,1.0,0.3675097306410474,0.17516632542594063,0.5294189453125,0.03288188676320179,0.004302138012359306,72,0.06416304303545192,0.11087052950530331,0.11927378683678294,0.5697479248046875,-0.0403289794921875,1.0,0.055892538589157686,1.0,-0.008403257331479633,1.0
screen_full,1.0,140,6,1.0,0.28392522420093624,0.13368648949223771,0.4541015625,0.021309682638267526,0.0034984753561062305,80,0.05910565563585856,0.09819098354852918,0.11927378683678294,0.5697479248046875,-0.1156463623046875,1.0,0.014412702655454773,1.0,-0.021082803288253765,1.0
screen_split,1.0,140,10,1.0,0.37350207787435735,0.19280540333944401,0.5159912109375,0.033151169355734145,0.004436278468452213,70,0.06417987965679985,0.13049623655908843,0.11927378683678294,0.5697479248046875,-0.0537567138671875,1.0,0.07353161650266107,0.0,0.011222449722305489,1.0
screen_full,1.0,141,3,1.0,0.2936930325638541,0.17211089163262605,0.603271484375,0.02357092734772415,0.003488993267179191,60,0.04794875374269672,0.1467196871148938,0.11927378683678294,0.5697479248046875,0.0335235595703125,1.0,0.05283710479584311,0.0,0.027445900278110863,1.0
screen_split,1.0,141,10,1.0,0.40327071456748464,0.2592003670067486,0.63037109375,0.03707680536395224,0.004414099084661602,59,0.06476947172408924,0.20032354417669962,0.11927378683678294,0.5697479248046875,0.0606231689453125,1.0,0.13992658016996565,0.0,0.08104975733991668,0.0
screen_full,1.0,142,10,1.0,0.2532499007124846,0.21036428802335436,0.6397705078125,0.02648806893366339,0.003322785711589086,51,0.05156967096953474,0.1732974268050212,0.11927378683678294,0.5697479248046875,0.0700225830078125,1.0,0.09109050118657142,0.0,0.05402363996823825,0.0
screen_split,1.0,142,10,1.0,0.37843419032213643,0.2486896932722088,0.609130859375,0.037006787567283816,0.0044348805730134765,78,0.07514080734260767,0.1836185855423489,0.11927378683678294,0.5697479248046875,0.0393829345703125,1.0,0.12941590643542586,0.0,0.06434479870556595,1.0
screen_full,1.0,143,10,1.0,0.27134773186242483,0.16302234515981015,0.5472412109375,0.02388098214317701,0.003443239924897628,64,0.0522752460078154,0.12540144743025425,0.11927378683678294,0.5697479248046875,-0.0225067138671875,1.0,0.04374855832302721,1.0,0.006127660593471307,1.0
screen_split,1.0,143,10,1.0,0.3431372658804686,0.15917292369642558,0.4986572265625,0.032079444239423924,0.0038813646081392044,80,0.08492194861473776,0.08483611245337205,0.11927378683678294,0.5697479248046875,-0.0710906982421875,1.0,0.03989913685964264,1.0,-0.03443767438341089,1.0
screen_full,1.0,144,4,1.0,0.23946863738406127,0.13845811499264074,0.603271484375,0.023721568689060918,0.0028109307101591347,63,0.06814132092539278,0.10927185138161002,0.11927378683678294,0.5697479248046875,0.0335235595703125,1.0,0.0191843281558578,1.0,-0.010001935455172917,1.0
screen_split,1.0,144,2,1.0,0.23125034644221396,0.18167237361357794,0.6627197265625,0.035731388893078884,0.0023653109519650244,40,0.07838972531297367,0.1511225973034975,0.11927378683678294,0.5697479248046875,0.0929718017578125,1.0,0.062398586776794995,1.0,0.03184881046671456,1.0
screen_full,1.0,145,3,1.0,0.21853578441267602,0.14262900188738747,0.5914306640625,0.023261595848484095,0.002823146869261681,52,0.0543332484839618,0.11336840440689172,0.11927378683678294,0.5697479248046875,0.0216827392578125,1.0,0.023355215050604533,1.0,-0.0059053824298912205,1.0
screen_split,1.0,145,4,1.0,0.3176530921051194,0.16695883540015405,0.5545654296875,0.03298104474194146,0.0035864195149295642,76,0.0881351428552143,0.09192985203985471,0.11927378683678294,0.5697479248046875,-0.0151824951171875,1.0,0.04768504856337111,1.0,-0.027343934796928232,1.0
screen_full,1.0,146,9,1.0,0.24042935203915886,0.13183990220274272,0.5594482421875,0.02570866135902601,0.00277342458372744,70,0.0740092245884478,0.08430023641606893,0.11927378683678294,0.5697479248046875,-0.0102996826171875,1.0,0.012566115365959779,1.0,-0.03497355042071401,1.0
screen_split,1.0,146,10,1.0,0.3664845517203472,0.16144217965182314,0.4952392578125,0.03453493262828991,0.003911990825822978,52,0.057939558148180345,0.0885053525242977,0.11927378683678294,0.5697479248046875,-0.0745086669921875,1.0,0.0421683928150402,1.0,-0.030768434312485243,1.0
screen_full,1.0,147,10,1.0,0.26844187231507893,0.2001492633412476,0.6357421875,0.02539001784841613,0.0033809682183621654,68,0.06474518627777831,0.1623276468263719,0.11927378683678294,0.5697479248046875,0.0659942626953125,1.0,0.08087547650446467,0.0,0.043053859989588966,1.0
screen_split,1.0,147,9,1.0,0.3875458035668154,0.2708170430751332,0.651123046875,0.03661803667075467,0.004225599899759136,65,0.06318475372056621,0.21580101024731402,0.11927378683678294,0.5697479248046875,0.0813751220703125,1.0,0.15154325623835027,0.0,0.09652722341053108,0.0
screen_full,1.0,148,6,1.0,0.20245267289839633,0.1284763838420814,0.494140625,0.022529408145812613,0.0031044520626264276,73,0.06892289294084174,0.09145925042886327,0.11927378683678294,0.5697479248046875,-0.0756072998046875,1.0,0.009202597005298463,1.0,-0.02781453640791967,1.0
screen_split,1.0,148,7,1.0,0.35971982143262743,0.15370225596574058,0.435546875,0.028756068795978727,0.004296572655190335,54,0.05787314697301347,0.0951675570897488,0.11927378683678294,0.5697479248046875,-0.1342010498046875,0.0,0.03442846912895764,1.0,-0.024106229747034136,1.0
screen_full,1.0,149,10,1.0,0.2705668989466289,0.16037951583535404,0.5389404296875,0.024928019700382612,0.003619236255781923,60,0.05372425949349938,0.12027984655541651,0.11927378683678294,0.5697479248046875,-0.0308074951171875,1.0,0.041105728998571095,1.0,0.001006059718633573,1.0
screen_split,1.0,149,7,1.0,0.3482107881432043,0.1976545733568128,0.5628662109375,0.035466392350476765,0.004075419482672786,63,0.06506765851919664,0.13274653241689083,0.11927378683678294,0.5697479248046875,-0.0068817138671875,1.0,0.07838078652002986,0.0,0.013472745580107887,1.0
screen_full,2.0,0,4,1.0,0.21638342693841817,0.2729495834340241,0.5821533203125,0.02387985526878405,0.0047130467226861135,48,0.035128648674937576,0.25532184689189696,0.23854757367356588,0.5697479248046875,0.0124053955078125,1.0,0.03440200976045821,1.0,0.01677427321833108,1.0
screen_split,2.0,0,10,1.0,0.39302277327289303,0.2858088407349725,0.5352783203125,0.03521360421380041,0.005947855604882044,61,0.043315004364364786,0.23967932013389312,0.23854757367356588,0.5697479248046875,-0.0344696044921875,1.0,0.0472612670614066,1.0,0.0011317464603272376,1.0
screen_full,2.0,1,10,1.0,0.31409683378705017,0.29965279327553124,0.5889892578125,0.024094064736832302,0.005423158893266302,56,0.029810825302878357,0.2793249742952703,0.23854757367356588,0.5697479248046875,0.0192413330078125,1.0,0.061105219601965355,0.0,0.04077740062170443,1.0
screen_split,2.0,1,8,1.0,0.36678417660750534,0.28849238728464693,0.5989990234375,0.03366968326085772,0.005338970092481531,58,0.04658535047650136,0.2401037346816226,0.23854757367356588,0.5697479248046875,0.0292510986328125,1.0,0.04994481361108105,1.0,0.0015561610080567223,1.0
screen_full,2.0,2,10,1.0,0.3338802547679175,0.3285190550539026,0.635986328125,0.026968578103948256,0.005425508528956204,45,0.030525768338845197,0.3091062290904652,0.23854757367356588,0.5697479248046875,0.0662384033203125,0.0,0.08997148138033673,0.0,0.07055865541689932,0.0
screen_split,2.0,2,10,1.0,0.44211704354016146,0.39394280397272075,0.65087890625,0.03825428809949705,0.006149567568987182,62,0.048689674936724374,0.35065231285063786,0.23854757367356588,0.5697479248046875,0.0811309814453125,1.0,0.15539523029915486,0.0,0.11210473917707198,0.0
screen_full,2.0,3,10,1.0,0.2654151262823651,0.2717876493845942,0.598876953125,0.026174952743245508,0.004895862051575762,82,0.05006081598197283,0.24600704519482236,0.23854757367356588,0.5697479248046875,0.0291290283203125,1.0,0.03324007571102833,1.0,0.007459471521256478,1.0
screen_split,2.0,3,5,1.0,0.3618171523149392,0.3125665594876853,0.5843505859375,0.03303632973202561,0.005685794694141875,72,0.05352035314252047,0.2686011355966255,0.23854757367356588,0.5697479248046875,0.0146026611328125,1.0,0.07401898581411942,0.0,0.030053561923059635,1.0
screen_full,2.0,4,10,1.0,0.22422872754842113,0.23290743593014895,0.5634765625,0.024949472316210374,0.004820815800058826,59,0.037970071040803764,0.2083529021439113,0.23854757367356588,0.5697479248046875,-0.0062713623046875,1.0,-0.005640137743416929,1.0,-0.030194671529654576,1.0
screen_split,2.0,4,10,1.0,0.3824670959723086,0.2633976362916321,0.5372314453125,0.03451562352411265,0.005850705135750263,67,0.047649079694099594,0.21662165811729556,0.23854757367356588,0.5697479248046875,-0.0325164794921875,1.0,0.024850062618066215,1.0,-0.021925915556270326,1.0
screen_full,2.0,5,10,1.0,0.26346003850149996,0.28656499004259506,0.5869140625,0.02524948495488775,0.005212504036392767,51,0.03577064857536787,0.2644957620843792,0.23854757367356588,0.5697479248046875,0.0171661376953125,1.0,0.048017416369029176,1.0,0.02594818841081331,1.0
screen_split,2.0,5,6,1.0,0.33258021773608754,0.3061194619223843,0.5955810546875,0.03609899126922447,0.0055821185105744435,63,0.046541106604895834,0.26787382850988456,0.23854757367356588,0.5697479248046875,0.0258331298828125,1.0,0.06757188824881843,1.0,0.029326254836318677,1.0
screen_full,2.0,6,10,1.0,0.2951227554359505,0.31756194961147954,0.639892578125,0.026270659957905097,0.005048116043149063,50,0.0334976508714557,0.29623361699105344,0.23854757367356588,0.5697479248046875,0.0701446533203125,0.0,0.07901437593791366,0.0,0.057686043317487556,0.0
screen_split,2.0,6,8,1.0,0.37134829072616776,0.3501791576494709,0.6474609375,0.03757229897671999,0.005552541140962399,48,0.044013403156658304,0.3095956362673704,0.23854757367356588,0.5697479248046875,0.0777130126953125,1.0,0.111631583975905,0.0,0.07104806259380453,1.0
screen_full,2.0,7,10,1.0,0.3015456604854403,0.2701137540684986,0.559814453125,0.025124512619668624,0.0052075979490113404,64,0.035895840494712304,0.24633201879247352,0.23854757367356588,0.5697479248046875,-0.0099334716796875,1.0,0.0315661803949327,1.0,0.007784445118907635,1.0
screen_split,2.0,7,7,1.0,0.3507939900921339,0.30437933370783865,0.5743408203125,0.035943321484802476,0.00574426635661581,75,0.05735994645430546,0.25705107280966405,0.23854757367356588,0.5697479248046875,0.0045928955078125,1.0,0.06583176003427277,1.0,0.018503499136098167,1.0
screen_full,2.0,8,9,1.0,0.2566927550057879,0.2209231828059668,0.5653076171875,0.024845994913216436,0.004556521641973208,57,0.04020449172414233,0.19493059936426502,0.23854757367356588,0.5697479248046875,-0.0044403076171875,1.0,-0.017624390867599093,1.0,-0.043616974309300865,1.0
screen_split,2.0,8,8,1.0,0.37044299923479457,0.250071291181033,0.555419921875,0.03524769611157548,0.00542529320021824,64,0.05015557759882409,0.1951049983270634,0.23854757367356588,0.5697479248046875,-0.0143280029296875,1.0,0.011523717507467113,1.0,-0.04344257534650248,1.0
screen_full,2.0,9,10,1.0,0.2917732146947621,0.27869497257128806,0.6041259765625,0.025994767823279034,0.004779529597728079,65,0.044239653038691464,0.25295786274973026,0.23854757367356588,0.5697479248046875,0.0343780517578125,1.0,0.040147398897722175,1.0,0.014410289076164373,1.0
screen_split,2.0,9,10,1.0,0.36821689291521387,0.25546783826400316,0.584716796875,0.035479902163390406,0.005078898038054954,72,0.06304036423049773,0.20384206617411438,0.23854757367356588,0.5697479248046875,0.0149688720703125,1.0,0.016920264590437273,1.0,-0.034705507499451504,1.0
screen_full,2.0,10,10,1.0,0.2533363018556316,0.29362674093696284,0.6099853515625,0.02646081514343716,0.005194285107157653,51,0.031807557089291776,0.27216547803038205,0.23854757367356588,0.5697479248046875,0.0402374267578125,1.0,0.055079167263396955,0.0,0.033617904356816164,1.0
screen_split,2.0,10,10,1.0,0.3638313480292766,0.32363527755668,0.6585693359375,0.04053865179693215,0.005117925016084121,60,0.0547526533507826,0.26585470773566383,0.23854757367356588,0.5697479248046875,0.0888214111328125,1.0,0.0850877038831141,0.0,0.02730713406209795,1.0
screen_full,2.0,11,10,1.0,0.2850054096798126,0.32151059510300173,0.6353759765625,0.027211077373042118,0.005188540427874846,55,0.032281958381993825,0.2975676493634564,0.23854757367356588,0.5697479248046875,0.0656280517578125,0.0,0.08296302142943585,0.0,0.05902007568989054,0.0
screen_split,2.0,11,10,1.0,0.36583724283378843,0.32755470669922154,0.5877685546875,0.03673869171280413,0.005911272090981661,67,0.049904138115807496,0.2801218792498019,0.23854757367356588,0.5697479248046875,0.0180206298828125,1.0,0.08900713302565566,0.0,0.04157430557623604,1.0
screen_full,2.0,12,10,1.0,0.2595802668914727,0.29289722334353446,0.58837890625,0.026186530717582635,0.005312734404566806,61,0.035429012247655316,0.26992075114183967,0.23854757367356588,0.5697479248046875,0.0186309814453125,1.0,0.05434964966996858,0.0,0.03137317746827378,1.0
screen_split,2.0,12,3,1.0,0.37541301680384764,0.27404618397633534,0.57763671875,0.03460788826318016,0.005164285600787353,52,0.04339912998426765,0.2300148639746277,0.23854757367356588,0.5697479248046875,0.0078887939453125,1.0,0.03549861030276946,1.0,-0.008532709698938185,1.0
screen_full,2.0,13,6,1.0,0.2669873629411106,0.26542705424335294,0.529052734375,0.022937243115025572,0.005583168434998661,57,0.03627258220314607,0.25005022856680265,0.23854757367356588,0.5697479248046875,-0.0406951904296875,1.0,0.026879480569787062,1.0,0.011502654893236763,1.0
screen_split,2.0,13,10,1.0,0.3788496362774844,0.3215257753333778,0.5650634765625,0.03503681966596765,0.006469225054830705,49,0.035120821713187554,0.28212219411743034,0.23854757367356588,0.5697479248046875,-0.0046844482421875,1.0,0.0829782016598119,0.0,0.043574620443864454,1.0
screen_full,2.0,14,10,1.0,0.2975879951250887,0.25686712679569,0.576416015625,0.02580476614997238,0.004843746133769092,60,0.039141003761318356,0.232249252226135,0.23854757367356588,0.5697479248046875,0.0066680908203125,1.0,0.018319553122124133,1.0,-0.0062983214474308935,1.0
screen_split,2.0,14,10,1.0,0.4172429680126999,0.2686074770747085,0.5504150390625,0.03360792086460733,0.005845822954593318,61,0.04699286696702154,0.22012863040228448,0.23854757367356588,0.5697479248046875,-0.0193328857421875,1.0,0.030059903401142618,1.0,-0.018418943271281407,1.0
screen_full,2.0,15,6,1.0,0.19874218885574663,0.22142927335396473,0.5277099609375,0.02366361226420379,0.004715584248718051,66,0.04675934599706998,0.1970149109552568,0.23854757367356588,0.5697479248046875,-0.0420379638671875,1.0,-0.017118300319601154,1.0,-0.04153266271830908,1.0
screen_split,2.0,15,10,1.0,0.3654352555570751,0.23270226154940846,0.4932861328125,0.03195287846969077,0.0057233492394835215,56,0.042076006158736426,0.18903433811923168,0.23854757367356588,0.5697479248046875,-0.0764617919921875,1.0,-0.005845312124157426,1.0,-0.049513235554334206,1.0
screen_full,2.0,16,10,1.0,0.34714980180220184,0.24857285061600382,0.563232421875,0.024216255869241636,0.005115482802712378,71,0.04335322159778544,0.22200953316036776,0.23854757367356588,0.5697479248046875,-0.0065155029296875,1.0,0.010025276942437933,1.0,-0.016538040513198127,1.0
screen_split,2.0,16,4,1.0,0.3638519791514249,0.26057289775965964,0.5693359375,0.03280337417003092,0.00525653022101539,51,0.03968456506354156,0.21955479307674414,0.23854757367356588,0.5697479248046875,-0.0004119873046875,1.0,0.022025324086093756,1.0,-0.018992780596821746,1.0
screen_full,2.0,17,9,1.0,0.2738152823730061,0.26477106206232626,0.590576171875,0.025645729905496628,0.004831172164622718,50,0.03415909470042541,0.24011334066441617,0.23854757367356588,0.5697479248046875,0.0208282470703125,1.0,0.026223488388760374,1.0,0.001565766990850287,1.0
screen_split,2.0,17,8,1.0,0.36346916723633754,0.24528068586720392,0.5545654296875,0.03457554065539579,0.0048435141903036775,61,0.057969695568981426,0.18910835319794592,0.23854757367356588,0.5697479248046875,-0.0151824951171875,1.0,0.006733112193638036,1.0,-0.049439220475619966,1.0
screen_full,2.0,18,10,1.0,0.3008981184005178,0.2603375980782776,0.57958984375,0.025861374957621603,0.005069218246660186,74,0.0457801940357532,0.23217286970992582,0.23854757367356588,0.5697479248046875,0.0098419189453125,1.0,0.021790024404711728,1.0,-0.006374703963640066,1.0
screen_split,2.0,18,8,1.0,0.357804972952723,0.2787898182939972,0.58056640625,0.03605025594025344,0.005445589542818431,62,0.05393322944461781,0.22028902569015507,0.23854757367356588,0.5697479248046875,0.0108184814453125,1.0,0.0402422446204313,1.0,-0.01825854798341081,1.0
screen_full,2.0,19,10,1.0,0.2959324335701751,0.29152042848122794,0.615234375,0.026005853403186903,0.005086381549746379,64,0.03886230087199821,0.26661757539734526,0.23854757367356588,0.5697479248046875,0.0454864501953125,1.0,0.05297285480766206,0.0,0.02807000172377938,1.0
screen_split,2.0,19,10,1.0,0.3978666767578813,0.28779055787615093,0.6011962890625,0.038215227340345506,0.0051704497985980485,76,0.06308159591243491,0.23340933155605528,0.23854757367356588,0.5697479248046875,0.0314483642578125,1.0,0.04924298420258505,1.0,-0.0051382421175106,1.0
screen_full,2.0,20,10,1.0,0.3173320110254216,0.30302816796160553,0.6016845703125,0.026611172909966296,0.0050505999350706245,56,0.03615660884347522,0.2791539493454176,0.23854757367356588,0.5697479248046875,0.0319366455078125,1.0,0.06448059428803965,0.0,0.04060637567185171,1.0
screen_split,2.0,20,10,1.0,0.41147637694682976,0.34331001539164485,0.626708984375,0.03971308045367915,0.0057090094439872265,59,0.0462648122228346,0.2939033691082686,0.23854757367356588,0.5697479248046875,0.0569610595703125,1.0,0.10476244171807897,0.0,0.055355795434702704,1.0
screen_full,2.0,21,10,1.0,0.28917099540080066,0.2890994792393056,0.588623046875,0.024772073950870947,0.0054711859686388045,61,0.035148046710563347,0.26691111320477007,0.23854757367356588,0.5697479248046875,0.0188751220703125,1.0,0.05055190556573974,0.0,0.028363539531204185,1.0
screen_split,2.0,21,10,1.0,0.41867377202939005,0.29955792888647964,0.6068115234375,0.03635042440163619,0.005384425706158882,74,0.057670017677404206,0.24888631004575934,0.23854757367356588,0.5697479248046875,0.0370635986328125,1.0,0.06101035521291376,1.0,0.010338736372193458,1.0
screen_full,2.0,22,3,1.0,0.25099543138702346,0.26386573860499984,0.4986572265625,0.02217219916182482,0.005652990386988934,64,0.037701684446969495,0.244971611370402,0.23854757367356588,0.5697479248046875,-0.0710906982421875,1.0,0.025318164931433962,1.0,0.00642403769683611,1.0
screen_split,2.0,22,8,1.0,0.3469091098062391,0.312752205637285,0.556396484375,0.03525072251726832,0.006320270470081169,91,0.061675657072541336,0.26302634499408734,0.23854757367356588,0.5697479248046875,-0.0133514404296875,1.0,0.07420463196371913,0.0,0.024478771320521453,1.0
screen_full,2.0,23,10,1.0,0.2534446740148163,0.2829268230096712,0.59814453125,0.026054445763039124,0.004892217508689173,58,0.033091909237809296,0.2590470726459241,0.23854757367356588,0.5697479248046875,0.0283966064453125,1.0,0.04437924933610532,1.0,0.0204994989723582,1.0
screen_split,2.0,23,10,1.0,0.3291385376601846,0.2815347186574303,0.56640625,0.035853723908822493,0.0053382353818541665,59,0.04747155838117782,0.23540075232204796,0.23854757367356588,0.5697479248046875,-0.0033416748046875,1.0,0.04298714498386441,1.0,-0.00314682135151792,1.0
screen_full,2.0,24,9,1.0,0.2553244000695029,0.23910567079380643,0.579345703125,0.025607925064149474,0.0044145419809122404,70,0.04758798113240935,0.2086427356220702,0.23854757367356588,0.5697479248046875,0.0095977783203125,1.0,0.0005580971202405471,1.0,-0.029904838051495686,1.0
screen_split,2.0,24,6,1.0,0.37419604651599503,0.24121448220459607,0.5455322265625,0.03405694309416443,0.0051767447741886945,70,0.05584970042854252,0.19180425875440846,0.23854757367356588,0.5697479248046875,-0.0242156982421875,1.0,0.0026669085310301877,1.0,-0.046743314919157425,1.0
screen_full,2.0,25,10,1.0,0.31188974165217487,0.2849114887904838,0.633056640625,0.02629569985740771,0.0046256251007481325,50,0.03346430728029393,0.2609609131150121,0.23854757367356588,0.5697479248046875,0.0633087158203125,1.0,0.0463639151169179,1.0,0.022413339441446245,1.0
screen_split,2.0,25,9,1.0,0.4153195984553309,0.27487652613824143,0.573486328125,0.03531952074648339,0.005438451020742978,69,0.05256765082232919,0.219333958974509,0.23854757367356588,0.5697479248046875,0.0037384033203125,1.0,0.036328952464675546,1.0,-0.019213614699056886,1.0
screen_full,2.0,26,10,1.0,0.24874114597585006,0.2854370821558433,0.5782470703125,0.025058920734570913,0.005212309682725627,53,0.03260926147421667,0.2647084569322418,0.23854757367356588,0.5697479248046875,0.0084991455078125,1.0,0.04688950848227741,1.0,0.026160883258675938,1.0
screen_split,2.0,26,7,1.0,0.296721347045642,0.27798782752250417,0.579345703125,0.036819885385370996,0.005197587353784315,47,0.04253200814149367,0.2328085022388376,0.23854757367356588,0.5697479248046875,0.0095977783203125,1.0,0.03944025384893829,1.0,-0.005739071434728293,1.0
screen_full,2.0,27,7,1.0,0.334979319891414,0.2570347302106525,0.5369873046875,0.02336675051869656,0.005636475469850492,78,0.040958513087625006,0.2323177156332359,0.23854757367356588,0.5697479248046875,-0.0327606201171875,1.0,0.018487156537086602,1.0,-0.006229858040329994,1.0
screen_split,2.0,27,8,1.0,0.45206353229461854,0.300173122057703,0.55126953125,0.03469548102320994,0.006369271118073801,68,0.04485440432770058,0.25517025228332246,0.23854757367356588,0.5697479248046875,-0.0184783935546875,1.0,0.06162554838413714,1.0,0.01662267860975658,1.0
screen_full,2.0,28,9,1.0,0.24420597624874563,0.278361865250952,0.583251953125,0.025838397048225874,0.005061437589985391,66,0.03976053347953425,0.25551849298863877,0.23854757367356588,0.5697479248046875,0.0135040283203125,1.0,0.03981429157738614,1.0,0.016970919315072885,1.0
screen_split,2.0,28,10,1.0,0.4610790682356279,0.3173068489178855,0.5716552734375,0.0359651683899289,0.006381514537963805,53,0.03333992133298423,0.2746190925798784,0.23854757367356588,0.5697479248046875,0.0019073486328125,1.0,0.07875927524431964,0.0,0.036071518906312494,1.0
screen_full,2.0,29,4,1.0,0.1950053179190777,0.26175593827086785,0.6019287109375,0.02355837474972606,0.004581207112830919,56,0.03886093114918326,0.24457375886956237,0.23854757367356588,0.5697479248046875,0.0321807861328125,1.0,0.023208364597301967,1.0,0.006026185195996486,1.0
screen_split,2.0,29,7,1.0,0.36143281470469507,0.29295983653161417,0.5748291015625,0.033400756188766666,0.005358563909647348,69,0.05424302128164634,0.24549755717872385,0.23854757367356588,0.5697479248046875,0.0050811767578125,1.0,0.05441226285804829,1.0,0.006949983505157964,1.0
screen_full,2.0,30,9,1.0,0.2751861580955895,0.2834816599072451,0.6417236328125,0.027182131909824808,0.004698946536631096,51,0.03638740392004697,0.25969348754254,0.23854757367356588,0.5697479248046875,0.0719757080078125,0.0,0.04493408623367923,1.0,0.02114591386897413,1.0
screen_split,2.0,30,10,1.0,0.36215394507871645,0.2954159972026922,0.640625,0.03595154636481333,0.004950267060785682,52,0.051310543593724056,0.24740034661529892,0.23854757367356588,0.5697479248046875,0.0708770751953125,1.0,0.0568684235291263,1.0,0.008852772941733034,1.0
screen_full,2.0,31,10,1.0,0.264421716285866,0.3174377518329552,0.630859375,0.027357274391380183,0.005147862257764702,69,0.03842300769248932,0.2934659206672041,0.23854757367356588,0.5697479248046875,0.0611114501953125,1.0,0.07889017815938931,0.0,0.054918346993638234,0.0
screen_split,2.0,31,10,1.0,0.35076424602609824,0.2967933555932308,0.640380859375,0.03754301031787783,0.005092813955896301,56,0.049853903347968596,0.2528884113671312,0.23854757367356588,0.5697479248046875,0.0706329345703125,1.0,0.058245781919664896,1.0,0.014340837693565311,1.0
screen_full,2.0,32,9,1.0,0.27965364524247444,0.28799355360232237,0.5699462890625,0.02518028844081462,0.005476063009799984,57,0.03345419941212564,0.2669662159588989,0.23854757367356588,0.5697479248046875,0.0001983642578125,1.0,0.04944597992875649,0.0,0.02841864228533303,1.0
screen_split,2.0,32,8,1.0,0.3497568820864244,0.29217301698619613,0.5704345703125,0.03667335508398645,0.005851639844056337,62,0.04357894914238854,0.24837779130841325,0.23854757367356588,0.5697479248046875,0.0006866455078125,1.0,0.05362544331263025,1.0,0.009830217634847371,1.0
screen_full,2.0,33,7,1.0,0.23739147883099082,0.2772305821658248,0.5712890625,0.025018528979748978,0.005209708440779572,55,0.033162375622711265,0.25736306757219857,0.23854757367356588,0.5697479248046875,0.0015411376953125,1.0,0.03868300849225892,1.0,0.018815493898632685,1.0
screen_split,2.0,33,9,1.0,0.3645272368153066,0.30191813117314104,0.5916748046875,0.03616685183102919,0.005575953762774962,64,0.047516162689670946,0.2530504076556052,0.23854757367356588,0.5697479248046875,0.0219268798828125,1.0,0.06337055749957515,1.0,0.014502833982039331,1.0
screen_full,2.0,34,5,1.0,0.25066465528439247,0.2663713533891472,0.586669921875,0.0253734530583464,0.00491974903535955,70,0.05026648661559969,0.24189007269938012,0.23854757367356588,0.5697479248046875,0.0169219970703125,1.0,0.02782377971558131,1.0,0.0033424990258142384,1.0
screen_split,2.0,34,9,1.0,0.4394419417785298,0.2980252553704189,0.5494384765625,0.03600702441152102,0.0064723110304069935,63,0.043275705046252576,0.25190440311787077,0.23854757367356588,0.5697479248046875,-0.0203094482421875,1.0,0.059477681696853024,1.0,0.013356829444304885,1.0
screen_full,2.0,35,10,1.0,0.34491235302170065,0.33762031940756604,0.6461181640625,0.028126214812378366,0.005237512156885519,73,0.04338827717788243,0.31210308013845767,0.23854757367356588,0.5697479248046875,0.0763702392578125,1.0,0.09907274573400016,0.0,0.07355550646489178,0.0
screen_split,2.0,35,10,1.0,0.4461399430356891,0.38844867580407094,0.646728515625,0.03823101456654231,0.006129505924455786,50,0.03751511633346589,0.3480155208412034,0.23854757367356588,0.5697479248046875,0.0769805908203125,0.0,0.14990110213050506,0.0,0.10946794716763752,0.0
screen_full,2.0,36,10,1.0,0.2957435914721052,0.27361133156525014,0.5648193359375,0.025122013560279845,0.005246690685161879,72,0.042119382819471744,0.24719839240545663,0.23854757367356588,0.5697479248046875,-0.0049285888671875,1.0,0.035063757891684255,1.0,0.008650818731890747,1.0
screen_split,2.0,36,6,1.0,0.35550128202778686,0.29971633899665895,0.6005859375,0.03551921000913265,0.005938815064165825,46,0.03310915951365532,0.26194476730615185,0.23854757367356588,0.5697479248046875,0.0308380126953125,1.0,0.061168765323093066,1.0,0.023397193632585966,1.0
screen_full,2.0,37,7,1.0,0.32114430499156676,0.26151867254296024,0.607177734375,0.025841131931915787,0.0047908021277166275,61,0.041166808861356874,0.23798309690657693,0.23854757367356588,0.5697479248046875,0.0374298095703125,1.0,0.022971098869394357,1.0,-0.0005644767669889528,1.0
screen_split,2.0,37,8,1.0,0.3922872633480433,0.2728943595501014,0.5888671875,0.03509897127489877,0.00513832231733642,58,0.048204084124312215,0.22856436138266922,0.23854757367356588,0.5697479248046875,0.0191192626953125,1.0,0.0343467858765355,1.0,-0.00998321229089666,1.0
screen_full,2.0,38,8,1.0,0.29151314374911813,0.24462866153729074,0.6031494140625,0.02611753333906634,0.00455872096309885,57,0.03625604573794228,0.22147757553374883,0.23854757367356588,0.5697479248046875,0.0334014892578125,1.0,0.0060810878637248544,1.0,-0.01706999813981705,1.0
screen_split,2.0,38,10,1.0,0.37800961371093694,0.2811084534572117,0.6097412109375,0.036198042482797024,0.0051777122947038925,58,0.05363814142806895,0.2380203241014727,0.23854757367356588,0.5697479248046875,0.0399932861328125,1.0,0.04256087978364581,1.0,-0.0005272495720931858,1.0
screen_full,2.0,39,4,1.0,0.23858034599727543,0.28931967296498207,0.57275390625,0.02370241004142772,0.005153646083756065,76,0.043362371767496403,0.27108814289412875,0.23854757367356588,0.5697479248046875,0.0030059814453125,1.0,0.050772099291416184,0.0,0.032540569220562865,1.0
screen_split,2.0,39,7,1.0,0.39881374533069774,0.32446047649568477,0.62353515625,0.0379874781877589,0.005784046288312707,61,0.047167853909531814,0.27755092932327097,0.23854757367356588,0.5697479248046875,0.0537872314453125,1.0,0.08591290282211889,0.0,0.039003355649705085,1.0
screen_full,2.0,40,10,1.0,0.260894825062903,0.2820023377162559,0.6162109375,0.02710454728006706,0.004847177075273394,54,0.036509399874141965,0.257921713059912,0.23854757367356588,0.5697479248046875,0.0464630126953125,1.0,0.04345476404269,1.0,0.019374139386346134,1.0
screen_split,2.0,40,8,1.0,0.36195413327170606,0.3078770346561326,0.6337890625,0.037422058124486714,0.005275498746939215,65,0.05603793532964816,0.25968600111820395,0.23854757367356588,0.5697479248046875,0.0640411376953125,1.0,0.0693294609825667,1.0,0.021138427444638064,1.0
screen_full,2.0,41,9,1.0,0.2785337023994071,0.25253950120933544,0.5443115234375,0.024072085228935846,0.004883590435444819,59,0.03859334510868647,0.22736857877022648,0.23854757367356588,0.5697479248046875,-0.0254364013671875,1.0,0.013991927535769555,1.0,-0.011178994903339401,1.0
screen_split,2.0,41,7,1.0,0.3401207443695463,0.26741721790664186,0.5802001953125,0.03343364126965205,0.0051853302331885285,78,0.06666409553200091,0.21389954643064024,0.23854757367356588,0.5697479248046875,0.0104522705078125,1.0,0.028869644233075975,1.0,-0.02464802724292564,1.0
screen_full,2.0,42,10,1.0,0.34141243200331617,0.3269422051963162,0.64794921875,0.02790174287761174,0.00515176610771097,63,0.04001120117543252,0.3046303260938178,0.23854757367356588,0.5697479248046875,0.0782012939453125,1.0,0.08839463152275034,0.0,0.06608275242025191,0.0
screen_split,2.0,42,10,1.0,0.4137615998048582,0.3625128614537859,0.637939453125,0.03892667593064668,0.0059991353888095,73,0.05001074377609762,0.3181843650602108,0.23854757367356588,0.5697479248046875,0.0681915283203125,1.0,0.12396528778022003,0.0,0.07963679138664492,0.0
screen_full,2.0,43,9,1.0,0.2786144685256001,0.2669891370214035,0.552001953125,0.024898826579287978,0.0052644270560040455,54,0.02982359149260725,0.24688193227197028,0.23854757367356588,0.5697479248046875,-0.0177459716796875,1.0,0.028441563347837595,1.0,0.008334358598404396,1.0
screen_split,2.0,43,10,1.0,0.3585266323254463,0.29112108925722846,0.566650390625,0.03508023158143755,0.005350480832844597,59,0.042853225908509214,0.24534340006325817,0.23854757367356588,0.5697479248046875,-0.0030975341796875,1.0,0.05257351558366258,1.0,0.006795826389692283,1.0
screen_full,2.0,44,10,1.0,0.24157218757017707,0.26451455560919607,0.537109375,0.02420944637393072,0.005514108102455355,65,0.03661824173399291,0.24349517573154655,0.23854757367356588,0.5697479248046875,-0.0326385498046875,1.0,0.025966981935630185,1.0,0.004947602057980671,1.0
screen_split,2.0,44,8,1.0,0.35950468120629614,0.2807807953628246,0.5313720703125,0.032196618273017674,0.006163173751382631,62,0.04293705854618567,0.23690160738767646,0.23854757367356588,0.5697479248046875,-0.0383758544921875,1.0,0.04223322168925869,1.0,-0.001645966285889422,1.0
screen_full,2.0,45,10,1.0,0.2661408724507503,0.20407908655058243,0.5316162109375,0.024602380086686765,0.0044637318007126,66,0.048204108326231065,0.17270091048135489,0.23854757367356588,0.5697479248046875,-0.0381317138671875,1.0,-0.03446848712298345,1.0,-0.065846663192211,0.0
screen_split,2.0,45,9,1.0,0.356673784945778,0.22824013045319969,0.5406494140625,0.034137641130714005,0.00518094751192047,73,0.05990386444830534,0.17022233821192245,0.23854757367356588,0.5697479248046875,-0.0290985107421875,1.0,-0.010307443220366197,1.0,-0.06832523546164343,0.0
screen_full,2.0,46,4,1.0,0.20438753791957903,0.2514940347947572,0.6141357421875,0.024268490224184997,0.004750867950903856,55,0.037864035290525885,0.23277894199998164,0.23854757367356588,0.5697479248046875,0.0443878173828125,1.0,0.0129464611211913,1.0,-0.00576863167358424,1.0
screen_split,2.0,46,10,1.0,0.3112394164716028,0.308206705782462,0.5919189453125,0.03756235634498931,0.005429567595035502,61,0.05057385701858941,0.2591584533245838,0.23854757367356588,0.5697479248046875,0.0221710205078125,1.0,0.06965913210889613,1.0,0.020610879651017933,1.0
screen_full,2.0,47,3,1.0,0.23695629913059757,0.25978115664501383,0.54736328125,0.02282347838667452,0.005474624381939368,84,0.050897875597063186,0.24237477993044454,0.23854757367356588,0.5697479248046875,-0.0223846435546875,1.0,0.02123358297144795,1.0,0.003827206256878657,1.0
screen_split,2.0,47,5,1.0,0.41918037267218766,0.26913569946239185,0.5186767578125,0.03152601558069342,0.006268873254075087,61,0.03854557668748253,0.23218686312287878,0.23854757367356588,0.5697479248046875,-0.0510711669921875,1.0,0.03058812578882597,1.0,-0.006360710550687099,1.0
screen_full,2.0,48,10,1.0,0.26798817403104713,0.2495910442643145,0.5684814453125,0.024998186291510516,0.0047321510820645995,72,0.047253983408763876,0.22260410899892755,0.23854757367356588,0.5697479248046875,-0.0012664794921875,1.0,0.011043470590748616,1.0,-0.015943464674638336,1.0
screen_split,2.0,48,6,1.0,0.4119985950813405,0.2757496060051353,0.5556640625,0.0340873969138235,0.005785414569874748,66,0.0486129395193165,0.23463648290989478,0.23854757367356588,0.5697479248046875,-0.0140838623046875,1.0,0.037202032331569435,1.0,-0.0039110907636711045,1.0
screen_full,2.0,49,8,1.0,0.25381632876550175,0.26011914834768246,0.5712890625,0.025300413730362955,0.005001124934765559,61,0.038877498776044045,0.23540337314456625,0.23854757367356588,0.5697479248046875,0.0015411376953125,1.0,0.021571574674116578,1.0,-0.0031442005289996355,1.0
screen_split,2.0,49,10,1.0,0.38173041729666773,0.32409840545673896,0.5699462890625,0.035327770921973575,0.0062930867381541,62,0.041995409852346975,0.28470092876479824,0.23854757367356588,0.5697479248046875,0.0001983642578125,1.0,0.08555083178317308,0.0,0.04615335509123236,1.0
screen_full,2.0,50,3,1.0,0.2270312715543752,0.25391134927669506,0.567626953125,0.022814600544026297,0.00513363679565926,49,0.034860715083907125,0.23941743289798448,0.23854757367356588,0.5697479248046875,-0.0021209716796875,1.0,0.015363775603129182,1.0,0.0008698592244185954,1.0
screen_split,2.0,50,9,1.0,0.3923593021017309,0.2846828837959645,0.578369140625,0.03518447666166967,0.006072220942244714,49,0.034769628981276585,0.2449589599368918,0.23854757367356588,0.5697479248046875,0.0086212158203125,1.0,0.04613531012239863,1.0,0.006411386263325908,1.0
screen_full,2.0,51,10,1.0,0.29191268439349755,0.2539961226069515,0.6058349609375,0.02677089973793196,0.0044220628275628004,61,0.043225455798431574,0.22423081268619438,0.23854757367356588,0.5697479248046875,0.0360870361328125,1.0,0.015448548933385597,1.0,-0.014316760987371502,1.0
screen_split,2.0,51,10,1.0,0.37175677904314314,0.302275369370844,0.630859375,0.038692863357034014,0.005252552853012611,78,0.06361905439535286,0.2471410780772305,0.23854757367356588,0.5697479248046875,0.0611114501953125,1.0,0.0637277956972781,1.0,0.008593504403664631,1.0
screen_full,2.0,52,9,1.0,0.27374737664200577,0.28977751984176403,0.625,0.026326401351549747,0.004830557728794798,53,0.03830956280725701,0.26140478365460096,0.23854757367356588,0.5697479248046875,0.0552520751953125,1.0,0.05122994616819815,1.0,0.022857209981035076,1.0
screen_split,2.0,52,6,1.0,0.3178811089670739,0.31352050595521797,0.6263427734375,0.03607438623252044,0.005476730362329067,57,0.053474265219148186,0.2661803460063464,0.23854757367356588,0.5697479248046875,0.0565948486328125,1.0,0.07497293228165208,0.0,0.027632772332780497,1.0
screen_full,2.0,53,10,1.0,0.25275958459285414,0.2577196392032618,0.5977783203125,0.02592524309106108,0.0048791901592511525,58,0.036820893175170274,0.23377650636695088,0.23854757367356588,0.5697479248046875,0.0280303955078125,1.0,0.019172065529695914,1.0,-0.004771067306615001,1.0
screen_split,2.0,53,4,1.0,0.28417277315290984,0.28118437837785354,0.5521240234375,0.03301546140544845,0.005460016241534578,64,0.05330725106791643,0.2407353263889443,0.23854757367356588,0.5697479248046875,-0.0176239013671875,1.0,0.042636804704287656,1.0,0.0021877527153784104,1.0
screen_full,2.0,54,10,1.0,0.3092029176603633,0.25258320745083085,0.523681640625,0.02483364733410725,0.005280069843569597,69,0.04014020786167181,0.2272440445389731,0.23854757367356588,0.5697479248046875,-0.0460662841796875,1.0,0.014035633777264966,1.0,-0.011303529134592788,1.0
screen_split,2.0,54,6,1.0,0.3593086193985315,0.28622198075606065,0.5374755859375,0.033951613291711924,0.005959153271454956,54,0.03902170501589346,0.24598631921959385,0.23854757367356588,0.5697479248046875,-0.0322723388671875,1.0,0.04767440708249476,1.0,0.0074387455460279694,1.0
screen_full,2.0,55,6,1.0,0.2793019366126383,0.22549953319048133,0.5384521484375,0.024278389581626446,0.005100990596835549,56,0.036210921021442063,0.20068342269080597,0.23854757367356588,0.5697479248046875,-0.0312957763671875,1.0,-0.013048040483084555,1.0,-0.037864150982759914,1.0
screen_split,2.0,55,7,1.0,0.371312700358375,0.2914530835474542,0.5616455078125,0.034934125555294564,0.005824501825250655,53,0.04068475599530743,0.25360847288459865,0.23854757367356588,0.5697479248046875,-0.0081024169921875,1.0,0.05290550987388831,1.0,0.015060899211032763,1.0
screen_full,2.0,56,10,1.0,0.29154531773318976,0.2836936242570206,0.5797119140625,0.025834777328285364,0.005172517936493177,60,0.03833901552507182,0.2568397682844943,0.23854757367356588,0.5697479248046875,0.0099639892578125,1.0,0.04514605058345472,1.0,0.018292194610928403,1.0
screen_split,2.0,56,3,1.0,0.34927883281788896,0.2395261088398811,0.5115966796875,0.030896355898550786,0.0051198264713786645,68,0.06353823903997699,0.1928154679381865,0.23854757367356588,0.5697479248046875,-0.0581512451171875,1.0,0.0009785351663152142,1.0,-0.04573210573537939,1.0
screen_full,2.0,57,10,1.0,0.27334079143637136,0.2716820661230794,0.60009765625,0.025872589579278966,0.004828577104882589,54,0.03625807894460092,0.25025940410560293,0.23854757367356588,0.5697479248046875,0.0303497314453125,1.0,0.0331344924495135,1.0,0.011711830432037051,1.0
screen_split,2.0,57,5,1.0,0.35171705216339466,0.28794995802138246,0.6368408203125,0.03703057382912685,0.005313302051297791,67,0.0558666185532678,0.24846517688428718,0.23854757367356588,0.5697479248046875,0.0670928955078125,1.0,0.049402384347816575,1.0,0.009917603210721299,1.0
screen_full,2.0,58,10,1.0,0.2920993056180463,0.2931806426477295,0.5987548828125,0.02586808503170095,0.005364290399492725,46,0.028203849467772466,0.27276169547000145,0.23854757367356588,0.5697479248046875,0.0290069580078125,1.0,0.05463306897416359,0.0,0.03421412179643557,1.0
screen_split,2.0,58,6,1.0,0.33749194086401724,0.30494891521966194,0.545654296875,0.033733878659850114,0.00589464269250459,58,0.049037113810296504,0.2639457646313824,0.23854757367356588,0.5697479248046875,-0.0240936279296875,1.0,0.06640134154609606,0.0,0.025398190957816535,1.0
screen_full,2.0,59,7,1.0,0.2518313943041699,0.262631815041395,0.64306640625,0.026736598621427438,0.004207066223847775,58,0.046483319184631534,0.23800492604369042,0.23854757367356588,0.5697479248046875,0.0733184814453125,1.0,0.024084241367829107,1.0,-0.0005426476298754646,1.0
screen_split,2.0,59,8,1.0,0.34114148301854086,0.25787458520100626,0.606689453125,0.036772152257264074,0.004800181273970604,67,0.06758527511099567,0.20706529662252626,0.23854757367356588,0.5697479248046875,0.0369415283203125,1.0,0.019327011527440374,1.0,-0.03148227705103962,1.0
screen_full,2.0,60,4,1.0,0.28032339757589236,0.27447315726189647,0.504150390625,0.02265582275070721,0.0057901461782874945,58,0.030124111996843804,0.2580187147707857,0.23854757367356588,0.5697479248046875,-0.0655975341796875,0.0,0.03592558358833059,1.0,0.019471141097219813,1.0
screen_split,2.0,60,9,1.0,0.3874353805073804,0.2958076272604886,0.5115966796875,0.03257981051264156,0.006450023816087236,48,0.03278336495435844,0.26161906039394045,0.23854757367356588,0.5697479248046875,-0.0581512451171875,1.0,0.05726005358692271,1.0,0.023071486720374568,1.0
screen_full,2.0,61,10,1.0,0.3243690421184638,0.2597119690876053,0.5594482421875,0.025459098279803166,0.005075059652136608,73,0.04400428174282219,0.2360810324541272,0.23854757367356588,0.5697479248046875,-0.0102996826171875,1.0,0.021164395414039416,1.0,-0.002466541219438678,1.0
screen_split,2.0,61,4,1.0,0.3692854595182005,0.26947363548862924,0.575439453125,0.03412107661165281,0.005802361876962722,64,0.05168231125061445,0.23367814177991622,0.23854757367356588,0.5697479248046875,0.0056915283203125,1.0,0.030926061815063355,1.0,-0.004869431893649662,1.0
screen_full,2.0,62,10,1.0,0.27545324185685305,0.22506085603851753,0.5081787109375,0.023910199144040266,0.0051375949286509015,44,0.027420719849458854,0.20390538485444074,0.23854757367356588,0.5697479248046875,-0.0615692138671875,0.0,-0.013486717635048356,1.0,-0.03464218881912515,1.0
screen_split,2.0,62,5,1.0,0.3914945733729339,0.235732839140107,0.555419921875,0.033302857623123926,0.005971585066049971,79,0.05755112400710945,0.19107005535984747,0.23854757367356588,0.5697479248046875,-0.0143280029296875,1.0,-0.0028147345334588736,1.0,-0.04747751831371841,1.0
screen_full,2.0,63,10,1.0,0.2902431252573036,0.2849594408192042,0.6043701171875,0.026031644959210263,0.005280443632584981,68,0.04101961855427667,0.261340617054842,0.23854757367356588,0.5697479248046875,0.0346221923828125,1.0,0.04641186714563833,1.0,0.022793043381276135,1.0
screen_split,2.0,63,10,1.0,0.3723159246029883,0.25319840502601476,0.5350341796875,0.034888457961987175,0.005308322034113467,68,0.051977054858172535,0.20134789179108797,0.23854757367356588,0.5697479248046875,-0.0347137451171875,1.0,0.014650831352448879,1.0,-0.03719968188247791,1.0
screen_full,2.0,64,7,1.0,0.3022066299470317,0.2631547119045152,0.5301513671875,0.023653163690090306,0.0057386285817899955,61,0.032371582436780635,0.2442484958935288,0.23854757367356588,0.5697479248046875,-0.0395965576171875,1.0,0.024607138230949344,1.0,0.005700922219962906,1.0
screen_split,2.0,64,6,1.0,0.4500109650483061,0.3268984443354722,0.5693359375,0.034678208335611416,0.0067055886160254105,60,0.04142196720321175,0.28841096553135315,0.23854757367356588,0.5697479248046875,-0.0004119873046875,1.0,0.08835087066190633,0.0,0.049863391857787265,1.0
screen_full,2.0,65,5,1.0,0.2530153129086999,0.21793501049290226,0.536865234375,0.023242791935277618,0.004415141233588172,49,0.036580447703984095,0.1988159975737632,0.23854757367356588,0.5697479248046875,-0.0328826904296875,1.0,-0.020612563180663623,1.0,-0.039731576099802685,1.0
screen_split,2.0,65,10,1.0,0.3828583494928151,0.24053797085311274,0.5550537109375,0.034978801081991674,0.005092096530341951,81,0.07443114675404505,0.18197315470026368,0.23854757367356588,0.5697479248046875,-0.0146942138671875,1.0,0.0019903971795468545,1.0,-0.056574418973302204,1.0
screen_full,2.0,66,10,1.0,0.3795482858911907,0.29037698591078825,0.5849609375,0.02631721658701724,0.005367451919353682,49,0.029574142019072224,0.2668093558242101,0.23854757367356588,0.5697479248046875,0.0152130126953125,1.0,0.05182941223722237,0.0,0.028261782150644232,1.0
screen_split,2.0,66,10,1.0,0.3455197767583472,0.2752675018470091,0.5762939453125,0.03683810244915191,0.00531694138967711,66,0.0514915331086726,0.22774048874637015,0.23854757367356588,0.5697479248046875,0.0065460205078125,1.0,0.03671992817344322,1.0,-0.010807084927195731,1.0
screen_full,2.0,67,10,1.0,0.28838434579191435,0.31873474111195554,0.5970458984375,0.02546899274733417,0.005467111865263481,61,0.035840073772145174,0.2978584794963634,0.23854757367356588,0.5697479248046875,0.0272979736328125,1.0,0.08018716743838966,0.0,0.05931090582279752,0.0
screen_split,2.0,67,9,1.0,0.37111956569246,0.3102268567511829,0.5762939453125,0.0359200750577793,0.005945640983286329,52,0.0403882312598576,0.26488050847337635,0.23854757367356588,0.5697479248046875,0.0065460205078125,1.0,0.071679283077617,0.0,0.02633293479981047,1.0
screen_full,2.0,68,10,1.0,0.3077804029538719,0.2667900203831233,0.59228515625,0.025146338141131826,0.005000137103901743,47,0.029177880970234864,0.24572063978622996,0.23854757367356588,0.5697479248046875,0.0225372314453125,1.0,0.028242446709557445,1.0,0.007173066112664078,1.0
screen_split,2.0,68,10,1.0,0.4038528162931314,0.297296116682996,0.6077880859375,0.036185958693479854,0.005758640496412936,59,0.039360746824727726,0.24865401921721914,0.23854757367356588,0.5697479248046875,0.0380401611328125,1.0,0.05874854300943011,1.0,0.010106445543653253,1.0
screen_full,2.0,69,10,1.0,0.29985881417264737,0.2988916957955059,0.636474609375,0.02798807654250345,0.004660214016535163,71,0.045439837187575195,0.2658929667751517,0.23854757367356588,0.5697479248046875,0.0667266845703125,1.0,0.060344122121940014,0.0,0.02734539310158579,1.0
screen_split,2.0,69,10,1.0,0.3425162633983193,0.2950470924761089,0.6031494140625,0.03650927823956185,0.005198387999992229,65,0.05130732923437956,0.24291356901786623,0.23854757367356588,0.5697479248046875,0.0334014892578125,1.0,0.056499518802543,1.0,0.00436599534430035,1.0
screen_full,2.0,70,9,1.0,0.27672863107204476,0.2774239749855407,0.561279296875,0.02502908818874161,0.005489487041354025,65,0.037032743498709775,0.2530825317711042,0.23854757367356588,0.5697479248046875,-0.0084686279296875,1.0,0.03887640131197484,1.0,0.014534958097538297,1.0
screen_split,2.0,70,10,1.0,0.3945526361675836,0.30663781111216837,0.554443359375,0.03543906210018967,0.006417450384060115,61,0.04701854758535299,0.26016169164265485,0.23854757367356588,0.5697479248046875,-0.0153045654296875,1.0,0.06809023743860249,1.0,0.021614117969088964,1.0
screen_full,2.0,71,3,1.0,0.2506109085146514,0.25495011396241885,0.5506591796875,0.02261327537673592,0.005210282560108762,57,0.03708893125097115,0.23977236040620864,0.23854757367356588,0.5697479248046875,-0.0190887451171875,1.0,0.016402540288852963,1.0,0.0012247867326427575,1.0
screen_split,2.0,71,9,1.0,0.3843546060548361,0.25191611429894784,0.5035400390625,0.03238553133113181,0.005757834588509784,68,0.04996967689101697,0.20720480508102787,0.23854757367356588,0.5697479248046875,-0.0662078857421875,1.0,0.013368540625381953,1.0,-0.03134276859253801,1.0
screen_full,2.0,72,10,1.0,0.24740236881223707,0.26980517860247033,0.5987548828125,0.02631956499316524,0.004814711809227052,61,0.042233692681815746,0.24498301821919136,0.23854757367356588,0.5697479248046875,0.0290069580078125,1.0,0.03125760492890445,1.0,0.006435444545625474,1.0
screen_split,2.0,72,10,1.0,0.3460169064913504,0.27189814527982525,0.590576171875,0.036287329992385986,0.004937863571645948,79,0.07484934280509879,0.20697321457952897,0.23854757367356588,0.5697479248046875,0.0208282470703125,1.0,0.03335057160625937,1.0,-0.03157435909403691,1.0
screen_full,2.0,73,10,1.0,0.27122257445831843,0.230704764938509,0.5616455078125,0.02492184828182725,0.004543264008140233,65,0.04290627371499302,0.2044140518867825,0.23854757367356588,0.5697479248046875,-0.0081024169921875,1.0,-0.007842808735056883,1.0,-0.03413352178678339,1.0
screen_split,2.0,73,5,1.0,0.3813207978906308,0.2761506766090801,0.5771484375,0.03340713181859998,0.005317633347657725,46,0.03632988124441191,0.24144883369119122,0.23854757367356588,0.5697479248046875,0.0074005126953125,1.0,0.03760310293551422,1.0,0.0029012600176253345,1.0
screen_full,2.0,74,6,1.0,0.27477753418677847,0.23483784748749198,0.56298828125,0.024611149906021694,0.005210397534874717,63,0.03867000650229712,0.2125515681964134,0.23854757367356588,0.5697479248046875,-0.0067596435546875,1.0,-0.003709726186073903,1.0,-0.025996005477152473,1.0
screen_split,2.0,74,10,1.0,0.3474657687716913,0.2208268718208281,0.516845703125,0.03400143106486826,0.005361645639097837,65,0.050754215667418265,0.16800529728746194,0.23854757367356588,0.5697479248046875,-0.0529022216796875,1.0,-0.017720701852737775,1.0,-0.07054227638610394,0.0
screen_full,2.0,75,9,1.0,0.31713800006853293,0.2624649246942121,0.571533203125,0.025141832909290174,0.005214514432386359,56,0.03561524025301331,0.23705888580963372,0.23854757367356588,0.5697479248046875,0.0017852783203125,1.0,0.023917351020646238,1.0,-0.0014886878639321643,1.0
screen_split,2.0,75,6,1.0,0.3451236227218917,0.2245864115270357,0.4857177734375,0.02957142011493658,0.005613704103667337,59,0.049168850425967185,0.18236475104189206,0.23854757367356588,0.5697479248046875,-0.0840301513671875,1.0,-0.013961162146530176,1.0,-0.05618282263167382,1.0
screen_full,2.0,76,7,1.0,0.2655440672852848,0.21941586248196,0.5626220703125,0.02490257240808148,0.0046024876101497785,61,0.04004701603976304,0.19177152773545308,0.23854757367356588,0.5697479248046875,-0.0071258544921875,1.0,-0.019131711191605894,1.0,-0.0467760459381128,1.0
screen_split,2.0,76,9,1.0,0.352629834359677,0.22989709450596893,0.5391845703125,0.03589129506060354,0.005002160231852895,61,0.050987104953546594,0.17663021959069564,0.23854757367356588,0.5697479248046875,-0.0305633544921875,1.0,-0.008650479167596953,1.0,-0.061917354082870246,1.0
screen_full,2.0,77,8,1.0,0.2881120738527009,0.2345540912928782,0.5594482421875,0.02372162519796785,0.0048285449285228686,54,0.037315529517806936,0.2114062621013776,0.23854757367356588,0.5697479248046875,-0.0102996826171875,1.0,-0.003993482380687696,1.0,-0.02714131157218827,1.0
screen_split,2.0,77,5,1.0,0.34186146091625086,0.2655566809352514,0.595703125,0.034519256785981625,0.005111147613573682,66,0.053089317514224806,0.21839546549325992,0.23854757367356588,0.5697479248046875,0.0259552001953125,1.0,0.02700910726168554,1.0,-0.020152108180305967,1.0
screen_full,2.0,78,10,1.0,0.33618066934923974,0.24448008756290715,0.5604248046875,0.02528002540339518,0.004903710847751079,68,0.03904034636623455,0.21931065582966996,0.23854757367356588,0.5697479248046875,-0.0093231201171875,1.0,0.005932513889341268,1.0,-0.019236917843895918,1.0
screen_split,2.0,78,4,1.0,0.3993073104192259,0.22436438395808653,0.5050048828125,0.031189456325783044,0.005160457644119965,62,0.05049649775165202,0.1861521187383239,0.23854757367356588,0.5697479248046875,-0.0647430419921875,1.0,-0.014183189715479355,1.0,-0.052395454935241975,1.0
screen_full,2.0,79,10,1.0,0.30047684491835,0.28525718721405363,0.6248779296875,0.026327179435262967,0.004930024441814991,60,0.036109920592463596,0.26113376205973954,0.23854757367356588,0.5697479248046875,0.0551300048828125,1.0,0.04670961354048775,1.0,0.022586188386173656,1.0
screen_split,2.0,79,10,1.0,0.44833391083345064,0.3169329916309461,0.5968017578125,0.03597687935888009,0.00590871342778184,73,0.05047169406530034,0.2664244063664106,0.23854757367356588,0.5697479248046875,0.0270538330078125,1.0,0.07838541795738024,0.0,0.027876832692844744,1.0
screen_full,2.0,80,10,1.0,0.30540198534618945,0.2605738013171901,0.5589599609375,0.025073829092310162,0.005089750690474153,72,0.04845857818608573,0.2358586418911435,0.23854757367356588,0.5697479248046875,-0.0107879638671875,1.0,0.02202622764362422,1.0,-0.0026889317824223824,1.0
screen_split,2.0,80,7,1.0,0.35550833309255886,0.2652534135120948,0.5364990234375,0.03411817575313198,0.0055299050127106935,59,0.048191689782871215,0.22065965051134406,0.23854757367356588,0.5697479248046875,-0.0332489013671875,1.0,0.026705839838528922,1.0,-0.01788792316222182,1.0
screen_full,2.0,81,7,1.0,0.2742621222122287,0.2688994665699661,0.554931640625,0.024595495139939593,0.005492616913181468,64,0.03742618873081153,0.24801876925360844,0.23854757367356588,0.5697479248046875,-0.0148162841796875,1.0,0.030351892896400223,1.0,0.009471195580042557,1.0
screen_split,2.0,81,10,1.0,0.4171124335107074,0.3396196041467435,0.583740234375,0.0367102182512449,0.006298099427939414,53,0.03885052549069977,0.30118770990828586,0.23854757367356588,0.5697479248046875,0.0139923095703125,1.0,0.10107203047317764,0.0,0.06264013623471998,1.0
screen_full,2.0,82,4,1.0,0.21744658784510631,0.27513458047916284,0.57080078125,0.024289926852187543,0.005107254517277986,53,0.036369262469667714,0.2578800134374327,0.23854757367356588,0.5697479248046875,0.0010528564453125,1.0,0.036587006805596956,1.0,0.019332439763866838,1.0
screen_split,2.0,82,10,1.0,0.4586092372784932,0.35478694718128306,0.6019287109375,0.03709312500383187,0.0063494166081981595,76,0.0486033848405581,0.30963445097744896,0.23854757367356588,0.5697479248046875,0.0321807861328125,1.0,0.11623937350771718,0.0,0.07108687730388308,1.0
screen_full,2.0,83,10,1.0,0.3207004423121414,0.3105275129750865,0.628173828125,0.02661353369515879,0.005492059609630353,51,0.0309477854029356,0.289919274352885,0.23854757367356588,0.5697479248046875,0.0584259033203125,1.0,0.07197993930152063,0.0,0.05137170067931912,1.0
screen_split,2.0,83,10,1.0,0.35768465776240776,0.341482036655986,0.62939453125,0.0394034821421753,0.005675284390092277,65,0.04947908776376618,0.29616702544699175,0.23854757367356588,0.5697479248046875,0.0596466064453125,1.0,0.1029344629824201,0.0,0.05761945177342587,1.0
screen_full,2.0,84,6,1.0,0.26265062647703946,0.2632512785494425,0.586669921875,0.025352971731141937,0.005279182766205798,72,0.04519986725190945,0.23995754613348771,0.23854757367356588,0.5697479248046875,0.0169219970703125,1.0,0.024703704875876642,1.0,0.0014099724599218322,1.0
screen_split,2.0,84,10,1.0,0.3718552335050089,0.24673052874141124,0.548095703125,0.034920531955406446,0.005345546825251576,63,0.0515258239566078,0.19641920642943797,0.23854757367356588,0.5697479248046875,-0.0216522216796875,1.0,0.00818295506784536,1.0,-0.04212836724412791,1.0
screen_full,2.0,85,8,1.0,0.26237724544956803,0.2626491565412094,0.5994873046875,0.02511121733284383,0.005072460824169857,58,0.03508085670961104,0.24149140884150022,0.23854757367356588,0.5697479248046875,0.0297393798828125,1.0,0.024101582867643523,1.0,0.002943835167934339,1.0
screen_split,2.0,85,10,1.0,0.40857498253683683,0.2749577516353423,0.52978515625,0.032520763177511985,0.005896959834440036,64,0.04712931059231526,0.22947613573832154,0.23854757367356588,0.5697479248046875,-0.0399627685546875,1.0,0.036410177961776424,1.0,-0.009071437935244342,1.0
screen_full,2.0,86,10,1.0,0.33930862834117337,0.3190098921481926,0.6038818359375,0.026358799494099833,0.0054667655574871625,52,0.032322701085247596,0.29549541152099235,0.23854757367356588,0.5697479248046875,0.0341339111328125,1.0,0.0804623184746267,0.0,0.056947837847426463,0.0
screen_split,2.0,86,10,1.0,0.3269575722288987,0.2984987120677411,0.59130859375,0.03720765399261047,0.005741706851860483,47,0.03700225049342024,0.259303447211608,0.23854757367356588,0.5697479248046875,0.0215606689453125,1.0,0.05995113839417521,1.0,0.02075587353804209,1.0
screen_full,2.0,87,10,1.0,0.30703246248229504,0.3058230521414218,0.5968017578125,0.026046391832623736,0.005499096907373408,53,0.03053390599797754,0.28396548072849587,0.23854757367356588,0.5697479248046875,0.0270538330078125,1.0,0.06727547846785592,0.0,0.045417907054929985,1.0
screen_split,2.0,87,8,1.0,0.3651564792028077,0.33125603971499956,0.6043701171875,0.03643983662157622,0.006157734076407909,64,0.05009899717920196,0.2917729957632114,0.23854757367356588,0.5697479248046875,0.0346221923828125,1.0,0.09270846604143368,0.0,0.053225422089645535,1.0
screen_full,2.0,88,10,1.0,0.2922833492329013,0.29021115514668483,0.606201171875,0.025196645360880995,0.004987676820116681,60,0.038919531044781956,0.26560940894249324,0.23854757367356588,0.5697479248046875,0.0364532470703125,1.0,0.05166358147311895,0.0,0.02706183526892736,1.0
screen_split,2.0,88,5,1.0,0.3451721391036625,0.2983639154746095,0.608642578125,0.033570446440451436,0.00532323758281774,82,0.061913032702383526,0.2525298358269047,0.23854757367356588,0.5697479248046875,0.0388946533203125,1.0,0.059816341801043615,1.0,0.01398226215333881,1.0
screen_full,2.0,89,10,1.0,0.27285014203829233,0.24658546150356048,0.5771484375,0.025401493510806745,0.004556204850491619,68,0.04599931656121412,0.21528095972245806,0.23854757367356588,0.5697479248046875,0.0074005126953125,1.0,0.008037887829994594,1.0,-0.023266613951107823,1.0
screen_split,2.0,89,10,1.0,0.38055456242988517,0.32509768081987644,0.6668701171875,0.03863469348339881,0.005042379871636733,54,0.05065851390725522,0.2805446435711766,0.23854757367356588,0.5697479248046875,0.0971221923828125,1.0,0.08655010714631056,0.0,0.041997069897610706,1.0
screen_full,2.0,90,9,1.0,0.3066554039359732,0.2974155871199724,0.6324462890625,0.02597483096564461,0.005103858178552521,54,0.031374001736748564,0.27509541161354395,0.23854757367356588,0.5697479248046875,0.0626983642578125,0.0,0.05886801344640652,0.0,0.03654783793997807,1.0
screen_split,2.0,90,10,1.0,0.42859038820435447,0.3148641927856376,0.6019287109375,0.036795730076984494,0.005801380532087176,62,0.04549071847049424,0.2682119771438593,0.23854757367356588,0.5697479248046875,0.0321807861328125,1.0,0.07631661911207172,0.0,0.02966440347029342,1.0
screen_full,2.0,91,9,1.0,0.262730841470732,0.30178810711096826,0.61328125,0.026046460983125158,0.005227418897413076,57,0.03195010473303044,0.2805121181151774,0.23854757367356588,0.5697479248046875,0.0435333251953125,1.0,0.06324053343740238,0.0,0.04196454444161152,1.0
screen_split,2.0,91,10,1.0,0.43083227695023363,0.36339653371123504,0.6068115234375,0.039228660467675154,0.006351917457877947,55,0.03635909056774865,0.3194702581685612,0.23854757367356588,0.5697479248046875,0.0370635986328125,1.0,0.12484896003766915,0.0,0.08092268449499534,0.0
screen_full,2.0,92,10,1.0,0.29023103824141155,0.20216450346000014,0.5311279296875,0.025182552734774686,0.004633287856453449,56,0.039390225395908945,0.1736280145474445,0.23854757367356588,0.5697479248046875,-0.0386199951171875,1.0,-0.03638307021356574,1.0,-0.06491955912612138,0.0
screen_split,2.0,92,10,1.0,0.41217253308699203,0.19242172600924148,0.4798583984375,0.0330856219641276,0.005307355690522106,68,0.05041755150665583,0.14053297891348793,0.23854757367356588,0.5697479248046875,-0.0898895263671875,1.0,-0.0461258476643244,1.0,-0.09801459476007796,0.0
screen_full,2.0,93,10,1.0,0.26690314478689314,0.24134752418726557,0.595703125,0.027314455770272413,0.0045070215293181075,64,0.04346235658127429,0.21336228078801142,0.23854757367356588,0.5697479248046875,0.0259552001953125,1.0,0.0027999505136996894,1.0,-0.02518529288555446,1.0
screen_split,2.0,93,10,1.0,0.39195532418349205,0.25787645393616815,0.5218505859375,0.037314179154978006,0.005461733237413693,47,0.040997132347986034,0.20598169041944597,0.23854757367356588,0.5697479248046875,-0.0478973388671875,1.0,0.019328880262602266,1.0,-0.03256588325411991,1.0
screen_full,2.0,94,6,1.0,0.27009766049097,0.2722382725329372,0.608154296875,0.025153856724542744,0.005067301669543852,59,0.03998758768291968,0.24906392520370835,0.23854757367356588,0.5697479248046875,0.0384063720703125,1.0,0.033690698859371315,1.0,0.010516351530142465,1.0
screen_split,2.0,94,6,1.0,0.3461407789040718,0.2824971895723878,0.615478515625,0.03686727531582484,0.005016467190001974,73,0.06768479457594395,0.22887913130572454,0.23854757367356588,0.5697479248046875,0.0457305908203125,1.0,0.0439496158988219,1.0,-0.00966844236784134,1.0
screen_full,2.0,95,10,1.0,0.3450803599439479,0.3312195392900231,0.6435546875,0.027826647307897183,0.005380457348632407,49,0.030087900254850163,0.30889941328737947,0.23854757367356588,0.5697479248046875,0.0738067626953125,0.0,0.09267196561645724,0.0,0.07035183961381358,0.0
screen_split,2.0,95,10,1.0,0.3963767729698016,0.31942547820306044,0.6136474609375,0.03818796191363901,0.0060083859037271745,65,0.04818062623527952,0.2680997430136022,0.23854757367356588,0.5697479248046875,0.0438995361328125,1.0,0.08087790452949456,0.0,0.029552169340036294,1.0
screen_full,2.0,96,10,1.0,0.2882653724196849,0.2715739634000626,0.5850830078125,0.025082355293943693,0.0050031081451045135,51,0.03415769345231198,0.2472795756969187,0.23854757367356588,0.5697479248046875,0.0153350830078125,1.0,0.03302638972649674,1.0,0.008732002023352808,1.0
screen_split,2.0,96,6,1.0,0.38553852190857063,0.29495913784832606,0.5657958984375,0.03494325764102349,0.005857493061681158,61,0.04412967346091109,0.2568235863732443,0.23854757367356588,0.5697479248046875,-0.0039520263671875,1.0,0.056411564174760176,1.0,0.018276012699678434,1.0
screen_full,2.0,97,8,1.0,0.3107387297889698,0.3200187701487615,0.626708984375,0.026419038440555865,0.005103178061585523,55,0.032177907233405904,0.29541895255939715,0.23854757367356588,0.5697479248046875,0.0569610595703125,1.0,0.08147119647519563,0.0,0.05687137888583127,0.0
screen_split,2.0,97,9,1.0,0.37421704662619265,0.34847795946720034,0.6201171875,0.03753160160797946,0.005718753094974283,76,0.05284648379460242,0.30046437429280715,0.23854757367356588,0.5697479248046875,0.0503692626953125,1.0,0.10993038579363446,0.0,0.06191680061924126,1.0
screen_full,2.0,98,10,1.0,0.28156518767885674,0.29649671828993746,0.6005859375,0.026220994026053178,0.005123123253251477,68,0.040437206881343744,0.27008066704585076,0.23854757367356588,0.5697479248046875,0.0308380126953125,1.0,0.05794914461637157,0.0,0.03153309337228488,1.0
screen_split,2.0,98,6,1.0,0.4208689788574747,0.31931169663918124,0.5557861328125,0.03606674102445591,0.00608175216999413,74,0.04888075591227332,0.27248422960400104,0.23854757367356588,0.5697479248046875,-0.0139617919921875,1.0,0.08076412296561536,0.0,0.033936655930435156,1.0
screen_full,2.0,99,10,1.0,0.26301487628209075,0.24096695642792815,0.538330078125,0.023512524402334218,0.0051239792037365926,56,0.0332848341355399,0.21806785547359142,0.23854757367356588,0.5697479248046875,-0.0314178466796875,1.0,0.002419382754362265,1.0,-0.02047971819997446,1.0
screen_split,2.0,99,10,1.0,0.41261672317667214,0.28051736275129613,0.5426025390625,0.03371306834417808,0.005906694545683932,55,0.04573963506458756,0.23225468779799394,0.23854757367356588,0.5697479248046875,-0.0271453857421875,1.0,0.041969789077730246,1.0,-0.006292885875571946,1.0
screen_full,2.0,100,6,1.0,0.27994129534568957,0.3091660322447418,0.590087890625,0.02499674093070493,0.005570104095450806,59,0.04058578891807612,0.28746863255507005,0.23854757367356588,0.5697479248046875,0.0203399658203125,1.0,0.07061845857117593,0.0,0.048921058881504165,1.0
screen_split,2.0,100,10,1.0,0.321987893240227,0.2825227924671716,0.576171875,0.033943000204467194,0.005502768927098767,67,0.05697385194351031,0.23182887131190238,0.23854757367356588,0.5697479248046875,0.0064239501953125,1.0,0.04397521879360572,1.0,-0.006718702361663498,1.0
screen_full,2.0,101,10,1.0,0.31638440897560416,0.2979338429472679,0.595703125,0.025178272233077142,0.005404692097987609,49,0.028409179505596235,0.27703252693130587,0.23854757367356588,0.5697479248046875,0.0259552001953125,1.0,0.059386269273702,0.0,0.038484953257739984,1.0
screen_split,2.0,101,4,1.0,0.35530446750695255,0.2713086333053446,0.5328369140625,0.032884536807464206,0.005832697880800063,61,0.04972616525731551,0.23190723568175073,0.23854757367356588,0.5697479248046875,-0.0369110107421875,1.0,0.03276105963177872,1.0,-0.006640337991815154,1.0
screen_full,2.0,102,10,1.0,0.30865456657414314,0.3160428489203809,0.6160888671875,0.02705716753267966,0.005224796013526651,59,0.03987179772847828,0.2908444212274284,0.23854757367356588,0.5697479248046875,0.0463409423828125,1.0,0.07749527524681504,0.0,0.05229684755386249,1.0
screen_split,2.0,102,9,1.0,0.36826230875916716,0.3133250054671943,0.6185302734375,0.037845163731843066,0.005480568704815539,47,0.03603056532619265,0.27069739177412394,0.23854757367356588,0.5697479248046875,0.0487823486328125,1.0,0.07477743179362839,0.0,0.03214981810055806,1.0
screen_full,2.0,103,9,1.0,0.2933530218270524,0.27344460894803596,0.5721435546875,0.02420133106422699,0.005166816337276555,62,0.03700301248025306,0.2514918414401325,0.23854757367356588,0.5697479248046875,0.0023956298828125,1.0,0.03489703527447008,1.0,0.012944267766566597,1.0
screen_split,2.0,103,10,1.0,0.3558421835204926,0.23555679465588036,0.5142822265625,0.034328716053950506,0.005355355365099968,66,0.05271725739402286,0.18089835548432115,0.23854757367356588,0.5697479248046875,-0.0554656982421875,1.0,-0.0029907790176855187,1.0,-0.05764921818924473,1.0
screen_full,2.0,104,7,1.0,0.2873583144306816,0.26958496483785976,0.587158203125,0.025335247354509823,0.005067391603233717,69,0.04209490187567011,0.24634238447029616,0.23854757367356588,0.5697479248046875,0.0174102783203125,1.0,0.03103739116429388,1.0,0.007794810796730278,1.0
screen_split,2.0,104,3,1.0,0.348290354040586,0.23389769320592269,0.5469970703125,0.030252340928850117,0.004922736092573556,99,0.08643712036477709,0.17956882461001017,0.23854757367356588,0.5697479248046875,-0.0227508544921875,1.0,-0.004649880467643197,1.0,-0.05897874906355571,1.0
screen_full,2.0,105,7,1.0,0.2815832236370201,0.25144114179701227,0.5777587890625,0.025939751798538288,0.004933244693758734,60,0.036662599589231286,0.22720042594913725,0.23854757367356588,0.5697479248046875,0.0080108642578125,1.0,0.012893568123446386,1.0,-0.01134714772442863,1.0
screen_split,2.0,105,10,1.0,0.431281134839632,0.27749342741216204,0.57958984375,0.035388152488686486,0.005468452187567439,77,0.060699551958005214,0.22449284280892767,0.23854757367356588,0.5697479248046875,0.0098419189453125,1.0,0.03894585373859616,1.0,-0.01405473086463821,1.0
screen_full,2.0,106,10,1.0,0.30827521581412515,0.2826018948848721,0.6251220703125,0.02684792786243493,0.004914024305236001,51,0.03702612927545597,0.25572698939642247,0.23854757367356588,0.5697479248046875,0.0553741455078125,1.0,0.0440543212113062,1.0,0.017179415722856584,1.0
screen_split,2.0,106,10,1.0,0.36543398607140903,0.2823016773423254,0.6173095703125,0.03693999823721311,0.0049430828818870865,59,0.04965050036447146,0.24021297182028384,0.23854757367356588,0.5697479248046875,0.0475616455078125,1.0,0.043754103668759536,1.0,0.0016653981467179557,1.0
screen_full,2.0,107,10,1.0,0.2814835403337997,0.28014465979290837,0.6519775390625,0.0276746634531438,0.0044329777863216496,60,0.0481782195150225,0.2465003774586235,0.23854757367356588,0.5697479248046875,0.0822296142578125,1.0,0.041597086119342486,1.0,0.00795280378505761,1.0
screen_split,2.0,107,10,1.0,0.3952245109855416,0.30635187323816304,0.634765625,0.038652267063282765,0.005311314144441294,63,0.05101906680263525,0.25966909075743966,0.23854757367356588,0.5697479248046875,0.0650177001953125,1.0,0.06780429956459716,1.0,0.021121517083873775,1.0
screen_full,2.0,108,3,1.0,0.22467045390239665,0.2209559834316695,0.545654296875,0.022477984560083493,0.004406264026193516,63,0.055471070636377885,0.20041409121210618,0.23854757367356588,0.5697479248046875,-0.0240936279296875,1.0,-0.017591590241896382,1.0,-0.0381334824614597,1.0
screen_split,2.0,108,6,1.0,0.4010407471655909,0.26398709936137565,0.5716552734375,0.03446795828204037,0.005432051173960859,76,0.05634346097961457,0.21207381542898648,0.23854757367356588,0.5697479248046875,0.0019073486328125,1.0,0.025439525687809772,1.0,-0.0264737582445794,1.0
screen_full,2.0,109,5,1.0,0.27607203038144107,0.24433220330136865,0.555419921875,0.02330616103864819,0.005060043435518623,47,0.028476359531331086,0.22986109588430576,0.23854757367356588,0.5697479248046875,-0.0143280029296875,1.0,0.005784629627802768,1.0,-0.008686477789260127,1.0
screen_split,2.0,109,10,1.0,0.40737179354587627,0.2548173914889643,0.5584716796875,0.03499566057720734,0.005164695526977239,57,0.04500661922252947,0.20654377091045373,0.23854757367356588,0.5697479248046875,-0.0112762451171875,1.0,0.016269817815398435,1.0,-0.032003802763112155,1.0
screen_full,2.0,110,7,1.0,0.29081515022128046,0.2658871204983172,0.5457763671875,0.023888427993382564,0.005314447694911489,61,0.0352119492619103,0.24582636663574475,0.23854757367356588,0.5697479248046875,-0.0239715576171875,1.0,0.027339546824751315,1.0,0.0072787929621788705,1.0
screen_split,2.0,110,10,1.0,0.37592030525778225,0.26378278829780877,0.560546875,0.03583629720791688,0.005584774848722035,62,0.05228888507197981,0.2138887210096615,0.23854757367356588,0.5697479248046875,-0.0092010498046875,1.0,0.025235214624242885,1.0,-0.024658852663904385,1.0
screen_full,2.0,111,4,1.0,0.22160916367847838,0.2589431124299534,0.57763671875,0.023580272635728705,0.004879846877036325,60,0.03480235258781385,0.2398399009726992,0.23854757367356588,0.5697479248046875,0.0078887939453125,1.0,0.0203955387563875,1.0,0.0012923272991333112,1.0
screen_split,2.0,111,5,1.0,0.3278590392758737,0.29532372983848404,0.5655517578125,0.03433663976562823,0.0058406073847891175,54,0.04539790006990029,0.25709015402111773,0.23854757367356588,0.5697479248046875,-0.0041961669921875,1.0,0.05677615616491816,1.0,0.01854258034755185,1.0
screen_full,2.0,112,5,1.0,0.26586835853815405,0.273791683111301,0.5509033203125,0.02288041803402701,0.005200605281209215,60,0.035499028819775305,0.2516584248142574,0.23854757367356588,0.5697479248046875,-0.0188446044921875,1.0,0.035244109437735094,1.0,0.013110851140691493,1.0
screen_split,2.0,112,8,1.0,0.3752943635795458,0.28656284558297546,0.5511474609375,0.03337757270695192,0.005944320054865518,61,0.04696536138752776,0.24092467003738288,0.23854757367356588,0.5697479248046875,-0.0186004638671875,1.0,0.048015271909409574,1.0,0.0023770963638169995,1.0
screen_full,2.0,113,10,1.0,0.3115893125315065,0.2722587225570686,0.59423828125,0.02528218087560716,0.005305204175794881,61,0.03399222654322776,0.25029057204587535,0.23854757367356588,0.5697479248046875,0.0244903564453125,1.0,0.03371114888350274,1.0,0.011742998372309466,1.0
screen_split,2.0,113,10,1.0,0.3514074022590875,0.2682901310474328,0.5693359375,0.03376524211580751,0.005449558971433806,64,0.05513201452883331,0.2214503711718291,0.23854757367356588,0.5697479248046875,-0.0004119873046875,1.0,0.02974255737386694,1.0,-0.01709720250173677,1.0
screen_full,2.0,114,10,1.0,0.2482376492998996,0.2171588542755431,0.530517578125,0.023876007271051505,0.004599457773607422,66,0.04621922619998631,0.18897395475346399,0.23854757367356588,0.5697479248046875,-0.0392303466796875,1.0,-0.021388719398022782,1.0,-0.0495736189201019,0.0
screen_split,2.0,114,5,1.0,0.39058514176724946,0.2527528888836167,0.5361328125,0.03254580557887545,0.005660333028702721,66,0.05571352392584735,0.20486124697970523,0.23854757367356588,0.5697479248046875,-0.0336151123046875,1.0,0.014205315210050806,1.0,-0.03368632669386065,1.0
screen_full,2.0,115,10,1.0,0.3192342499436807,0.239018621036021,0.5714111328125,0.02498859144696704,0.004800636540490315,53,0.034986260353274026,0.21382341854337364,0.23854757367356588,0.5697479248046875,0.0016632080078125,1.0,0.0004710473624551237,1.0,-0.024724155130192244,1.0
screen_split,2.0,115,7,1.0,0.386771159863711,0.2508684466901562,0.5606689453125,0.035078422656789884,0.005115667056247185,55,0.04671304397305112,0.2057120159361376,0.23854757367356588,0.5697479248046875,-0.0090789794921875,1.0,0.012320873016590295,1.0,-0.03283555773742827,1.0
screen_full,2.0,116,10,1.0,0.3144847636207621,0.28827812299599437,0.58251953125,0.024958865158175077,0.005570638490912233,51,0.029775630096672858,0.2650637863377017,0.23854757367356588,0.5697479248046875,0.0127716064453125,1.0,0.049730549322428486,0.0,0.02651621266413584,1.0
screen_split,2.0,116,10,1.0,0.3885067133524497,0.3574221108971045,0.64794921875,0.0391380359768196,0.005831049465163829,55,0.04142754792753846,0.3122413271957274,0.23854757367356588,0.5697479248046875,0.0782012939453125,1.0,0.11887453722353863,0.0,0.07369375352216151,1.0
screen_full,2.0,117,10,1.0,0.3109633179712947,0.28352473627937547,0.5738525390625,0.02519763528924304,0.005509391280234171,74,0.03933050509988946,0.258354966735331,0.23854757367356588,0.5697479248046875,0.0041046142578125,1.0,0.044977162605809584,1.0,0.0198073930617651,1.0
screen_split,2.0,117,10,1.0,0.39267568918395324,0.3068669709139983,0.5743408203125,0.03562426317724053,0.00611632542035629,71,0.05224094000514921,0.26143144404614155,0.23854757367356588,0.5697479248046875,0.0045928955078125,1.0,0.0683193972404324,1.0,0.022883870372575665,1.0
screen_full,2.0,118,10,1.0,0.26928962115661687,0.29337919105700655,0.595703125,0.02633961708853487,0.005165989131405302,61,0.0359056012206342,0.2701128285216533,0.23854757367356588,0.5697479248046875,0.0259552001953125,1.0,0.05483161738344067,0.0,0.03156525484808742,1.0
screen_split,2.0,118,8,1.0,0.30735924466716386,0.26023939274907965,0.619384765625,0.038761182517875005,0.004836559799490732,50,0.05152092917412961,0.20723397481248246,0.23854757367356588,0.5697479248046875,0.0496368408203125,1.0,0.021691819075513763,1.0,-0.031313598861083425,1.0
screen_full,2.0,119,10,1.0,0.2763383447358297,0.272371025737847,0.6253662109375,0.02544056480972619,0.004512406690763092,46,0.03918786300858454,0.24737521720032152,0.23854757367356588,0.5697479248046875,0.0556182861328125,1.0,0.03382345206428111,1.0,0.008827643526755635,1.0
screen_split,2.0,119,10,1.0,0.4266026592060269,0.2988215988984244,0.592041015625,0.03286165997182213,0.005532572292740392,75,0.05570740741231412,0.24864673397509227,0.23854757367356588,0.5697479248046875,0.0222930908203125,1.0,0.06027402522485853,1.0,0.010099160301526383,1.0
screen_full,2.0,120,9,1.0,0.3035091413758779,0.2257672138674921,0.55126953125,0.024013701550914396,0.004691451045273603,62,0.04125993940352893,0.2008886152600442,0.23854757367356588,0.5697479248046875,-0.0184783935546875,1.0,-0.012780359806073782,1.0,-0.03765895841352168,1.0
screen_split,2.0,120,8,1.0,0.3905190536058937,0.2052991644575417,0.5330810546875,0.03445766567101961,0.004683439226388345,79,0.06980649153132441,0.14502905965012503,0.23854757367356588,0.5697479248046875,-0.0366668701171875,1.0,-0.03324840921602418,1.0,-0.09351851402344086,0.0
screen_full,2.0,121,10,1.0,0.301476595664247,0.30747902646221686,0.616943359375,0.026499615523192608,0.005282406421446502,58,0.03648200216912404,0.28503467476167893,0.23854757367356588,0.5697479248046875,0.0471954345703125,1.0,0.06893145278865098,0.0,0.04648710108811305,1.0
screen_split,2.0,121,10,1.0,0.39432285013071344,0.381314038283991,0.6572265625,0.03798027411690331,0.005759213764766786,66,0.05025759105129579,0.3336681330737612,0.23854757367356588,0.5697479248046875,0.0874786376953125,1.0,0.14276646461042514,0.0,0.09512055940019531,0.0
screen_full,2.0,122,10,1.0,0.3189805021520591,0.2822476865265021,0.5850830078125,0.02558948772309458,0.005350622853471266,51,0.03392554815485625,0.2597155862574726,0.23854757367356588,0.5697479248046875,0.0153350830078125,1.0,0.043700112852936235,1.0,0.021168012583906715,1.0
screen_split,2.0,122,10,1.0,0.37976558832109086,0.22481095382360655,0.501953125,0.034257993412339253,0.005399607595304861,57,0.0470990230331042,0.17846573070788632,0.23854757367356588,0.5697479248046875,-0.0677947998046875,1.0,-0.01373661984995933,1.0,-0.06008184296567956,1.0
screen_full,2.0,123,7,1.0,0.30692132380359843,0.24691329548056218,0.5701904296875,0.02419730530332663,0.005200629058102357,54,0.036171203401436154,0.22215413909140946,0.23854757367356588,0.5697479248046875,0.0004425048828125,1.0,0.008365721806996296,1.0,-0.01639343458215642,1.0
screen_split,2.0,123,10,1.0,0.3714963186455607,0.23173722197028718,0.5413818359375,0.035454088618250154,0.005185136711373493,57,0.04954369297379208,0.17760873875607186,0.23854757367356588,0.5697479248046875,-0.0283660888671875,1.0,-0.006810351703278705,1.0,-0.06093883491749402,1.0
screen_full,2.0,124,10,1.0,0.2990087084230474,0.2942885220614338,0.571533203125,0.024678905086565,0.005556808477427654,67,0.03945713387074899,0.2688362225210865,0.23854757367356588,0.5697479248046875,0.0017852783203125,1.0,0.05574094838786792,0.0,0.03028864884752064,1.0
screen_split,2.0,124,10,1.0,0.42080861626790333,0.3168665684271704,0.5626220703125,0.034495946074826304,0.006192171785317723,60,0.04003475467847395,0.2687190033602307,0.23854757367356588,0.5697479248046875,-0.0071258544921875,1.0,0.07831899475360454,0.0,0.030171429686664808,1.0
screen_full,2.0,125,10,1.0,0.30158958779895395,0.2806416577140071,0.628173828125,0.026526560492817017,0.004696031459292645,59,0.03799364932603117,0.2537339833771758,0.23854757367356588,0.5697479248046875,0.0584259033203125,1.0,0.04209408404044124,1.0,0.015186409703609904,1.0
screen_split,2.0,125,9,1.0,0.43202120376149117,0.29875402207056856,0.5921630859375,0.03733025126751513,0.0059737956326799116,64,0.048487119368452875,0.2506633655253272,0.23854757367356588,0.5697479248046875,0.0224151611328125,1.0,0.060206448397002676,1.0,0.012115791851761315,1.0
screen_full,2.0,126,10,1.0,0.28487371023066854,0.2830070500582568,0.6171875,0.02650398765725485,0.004768850753025847,51,0.03515470041846194,0.2580127817210681,0.23854757367356588,0.5697479248046875,0.0474395751953125,1.0,0.044459476384690944,1.0,0.019465208047502236,1.0
screen_split,2.0,126,10,1.0,0.4295163410224477,0.3081224324625149,0.60595703125,0.038273669306827914,0.005747405040112166,84,0.061367367810862286,0.257353761251157,0.23854757367356588,0.5697479248046875,0.0362091064453125,1.0,0.06957485878894903,1.0,0.018806187577591116,1.0
screen_full,2.0,127,7,1.0,0.24802495989923948,0.24243489567380244,0.507080078125,0.023089220891651316,0.005220128885203428,68,0.04258468694121828,0.22019547921433327,0.23854757367356588,0.5697479248046875,-0.0626678466796875,1.0,0.0038873220002365594,1.0,-0.01835209445923261,1.0
screen_split,2.0,127,8,1.0,0.4273605113432585,0.2843910892926737,0.52783203125,0.03605973594333979,0.006229373563768431,73,0.05108253580803929,0.2325561522173925,0.23854757367356588,0.5697479248046875,-0.0419158935546875,1.0,0.04584351561910782,1.0,-0.005991421456173374,1.0
screen_full,2.0,128,10,1.0,0.3163765345880673,0.29100829950740026,0.595947265625,0.025896045740620575,0.005038572524494602,71,0.04271011017919042,0.2643348401524527,0.23854757367356588,0.5697479248046875,0.0261993408203125,1.0,0.052460725833834376,0.0,0.025787266478886794,1.0
screen_split,2.0,128,10,1.0,0.4212540191442555,0.3233878150647165,0.57763671875,0.03571318938444017,0.006110729468787955,44,0.03238136479419899,0.2798915366479492,0.23854757367356588,0.5697479248046875,0.0078887939453125,1.0,0.0848402413911506,0.0,0.04134396297438331,1.0
screen_full,2.0,129,9,1.0,0.28471319795374406,0.279124780035321,0.5748291015625,0.02484383410422391,0.0055378734437649645,72,0.03962908898250351,0.25481250791780996,0.23854757367356588,0.5697479248046875,0.0050811767578125,1.0,0.0405772063617551,1.0,0.016264934244244078,1.0
screen_split,2.0,129,10,1.0,0.3620828858776298,0.3490073592188926,0.6495361328125,0.0380713647082999,0.005780227395004859,50,0.04031499412320378,0.309980313547632,0.23854757367356588,0.5697479248046875,0.0797882080078125,0.0,0.1104597855453267,0.0,0.07143273987406612,1.0
screen_full,2.0,130,10,1.0,0.3170165850490038,0.28446103417490975,0.612548828125,0.02676625869453338,0.004921134366827573,58,0.03885391805113388,0.2582174943558045,0.23854757367356588,0.5697479248046875,0.0428009033203125,1.0,0.04591346050134387,1.0,0.019669920682238606,1.0
screen_split,2.0,130,10,1.0,0.3654556976572074,0.31951082140866455,0.6383056640625,0.03701790830035218,0.0053134825900641395,62,0.048739159919081745,0.2657392359372789,0.23854757367356588,0.5697479248046875,0.0685577392578125,1.0,0.08096324773509866,0.0,0.027191662263713,1.0
screen_full,2.0,131,10,1.0,0.2910265357297064,0.3338634035725487,0.63671875,0.02688868955477403,0.005208225034434492,58,0.03593462922117096,0.30969423679211183,0.23854757367356588,0.5697479248046875,0.0669708251953125,1.0,0.0953158298989828,0.0,0.07114666311854595,0.0
screen_split,2.0,131,10,1.0,0.3737197936457768,0.3442630438831591,0.621337890625,0.03786545046435757,0.005932275845958718,46,0.04130198472113758,0.30203975897586405,0.23854757367356588,0.5697479248046875,0.0515899658203125,1.0,0.10571547020959321,0.0,0.06349218530229817,1.0
screen_full,2.0,132,10,1.0,0.3552658723299425,0.2818648252722795,0.5836181640625,0.025805069700757216,0.0055180567790256456,72,0.04000191286282742,0.2563612800760658,0.23854757367356588,0.5697479248046875,0.0138702392578125,1.0,0.043317251598713635,1.0,0.017813706402499907,1.0
screen_split,2.0,132,10,1.0,0.4034054632279911,0.2615299665243367,0.5579833984375,0.0354715127071174,0.005148838379005951,64,0.05396149713951178,0.20413481013487475,0.23854757367356588,0.5697479248046875,-0.0117645263671875,1.0,0.022982392850770805,1.0,-0.03441276353869113,1.0
screen_full,2.0,133,10,1.0,0.32684242386830736,0.3100604148127215,0.630859375,0.026227485646633117,0.004890520736135814,83,0.05096729402903293,0.28341444604366073,0.23854757367356588,0.5697479248046875,0.0611114501953125,1.0,0.07151284113915563,0.0,0.044866872370094846,1.0
screen_split,2.0,133,7,1.0,0.33964779182522226,0.2914590883914553,0.62060546875,0.03494570531409564,0.005046850867834448,65,0.056127295406306794,0.24244880731580326,0.23854757367356588,0.5697479248046875,0.0508575439453125,1.0,0.05291151471788941,1.0,0.0039012336422373783,1.0
screen_full,2.0,134,7,1.0,0.2826143323850848,0.27966885411807385,0.56640625,0.024893216378861185,0.005408235573511452,66,0.038201310131076256,0.2577408190738139,0.23854757367356588,0.5697479248046875,-0.0033416748046875,1.0,0.04112128044450797,1.0,0.019193245400248027,1.0
screen_split,2.0,134,5,1.0,0.3675229666415754,0.334795626030422,0.605224609375,0.03542006797994188,0.005960063508213437,55,0.04314452880263032,0.29914904827333266,0.23854757367356588,0.5697479248046875,0.0354766845703125,1.0,0.09624805235685613,0.0,0.06060147459976678,1.0
screen_full,2.0,135,6,1.0,0.2674768058444758,0.28554656396478606,0.591796875,0.026234205865343467,0.004984023733802788,48,0.036360820411236526,0.26169312708003767,0.23854757367356588,0.5697479248046875,0.0220489501953125,1.0,0.04699899029122018,1.0,0.023145553406471786,1.0
screen_split,2.0,135,10,1.0,0.4154738549557235,0.30103874096574007,0.5811767578125,0.03649548432950685,0.005769347083745273,65,0.05256792052585178,0.2524961510705027,0.23854757367356588,0.5697479248046875,0.0114288330078125,1.0,0.06249116729217419,1.0,0.013948577396936834,1.0
screen_full,2.0,136,10,1.0,0.31266149989969183,0.2683548080872251,0.5804443359375,0.02566601334767384,0.005477536182862528,63,0.033989073417633825,0.24362020575956034,0.23854757367356588,0.5697479248046875,0.0106964111328125,1.0,0.029807234413659234,1.0,0.005072632085994455,1.0
screen_split,2.0,136,8,1.0,0.36929455197728533,0.2617244516862731,0.5738525390625,0.034460257980284945,0.005310492373837795,50,0.04205104261701329,0.22008621043409282,0.23854757367356588,0.5697479248046875,0.0041046142578125,1.0,0.023176878012707236,1.0,-0.01846136323947306,1.0
screen_full,2.0,137,5,1.0,0.23717498856263838,0.24258558606704345,0.576904296875,0.02437431419846931,0.00488726029054753,62,0.03836479722366552,0.21986664308522608,0.23854757367356588,0.5697479248046875,0.0071563720703125,1.0,0.004038012393477564,1.0,-0.018680930588339806,1.0
screen_split,2.0,137,4,1.0,0.3515240850886209,0.24869777231595352,0.5589599609375,0.032200352986809976,0.005688081074081712,67,0.047824708360855304,0.21332708888597404,0.23854757367356588,0.5697479248046875,-0.0107879638671875,1.0,0.010150198642387642,1.0,-0.02522048478759184,1.0
screen_full,2.0,138,10,1.0,0.3651326430013919,0.36863929093297676,0.6741943359375,0.028748104424593635,0.005365009932633634,67,0.04145355102263309,0.34303869167534834,0.23854757367356588,0.5697479248046875,0.1044464111328125,0.0,0.13009171725941088,0.0,0.10449111800178246,0.0
screen_split,2.0,138,9,1.0,0.40193729339334794,0.3841539066015716,0.6795654296875,0.03851126248999459,0.005783420494934546,46,0.04424554016588967,0.34185976597049417,0.23854757367356588,0.5697479248046875,0.1098175048828125,0.0,0.14560633292800573,0.0,0.10331219229692828,0.0
screen_full,2.0,139,10,1.0,0.2926618246644158,0.26352613064590846,0.60595703125,0.02554737161730298,0.004702353629847312,57,0.04219381630773729,0.23804904157668055,0.23854757367356588,0.5697479248046875,0.0362091064453125,1.0,0.02497855697234258,1.0,-0.0004985320968853291,1.0
screen_split,2.0,139,8,1.0,0.3423526891525438,0.3122110927029608,0.6158447265625,0.03709179422698796,0.005372630781661319,74,0.06258170754483947,0.252936582714574,0.23854757367356588,0.5697479248046875,0.0460968017578125,1.0,0.07366351902939494,0.0,0.014389009041008094,1.0
screen_full,2.0,140,10,1.0,0.31103842100471873,0.22536748181099614,0.5135498046875,0.02253732638942049,0.004967330009024213,53,0.032736275911984906,0.20289287608431952,0.23854757367356588,0.5697479248046875,-0.0561981201171875,1.0,-0.013180091862569743,1.0,-0.03565469758924636,1.0
screen_split,2.0,140,10,1.0,0.48339343417362346,0.22184066200208036,0.4945068359375,0.03181351553048288,0.005813302687658027,67,0.054435784328734485,0.17136906845718383,0.23854757367356588,0.5697479248046875,-0.0752410888671875,1.0,-0.016706911671485525,1.0,-0.06717850521638205,0.0
screen_full,2.0,141,7,1.0,0.326342279268535,0.26582438037310196,0.537109375,0.024955045915542363,0.0056369906949667,55,0.03302292937596912,0.24308976817055952,0.23854757367356588,0.5697479248046875,-0.0326385498046875,1.0,0.027276806699536083,1.0,0.00454219449699364,1.0
screen_split,2.0,141,10,1.0,0.44787247251043527,0.3048689006818339,0.5692138671875,0.035621973648969706,0.006107578917660758,69,0.0492940794027285,0.259570785553762,0.23854757367356588,0.5697479248046875,-0.0005340576171875,1.0,0.06632132700826804,1.0,0.021023211880196124,1.0
screen_full,2.0,142,10,1.0,0.28327682041247293,0.2789881412913111,0.610595703125,0.02640833246688712,0.004875797835036968,64,0.039016865560126686,0.2529346065046802,0.23854757367356588,0.5697479248046875,0.0408477783203125,1.0,0.04044056761774523,1.0,0.01438703283111431,1.0
screen_split,2.0,142,10,1.0,0.43259011446360873,0.31392991883693433,0.5947265625,0.03442000881506212,0.005666045026938087,67,0.04934139445077667,0.2680639587368137,0.23854757367356588,0.5697479248046875,0.0249786376953125,1.0,0.07538234516336845,0.0,0.02951638506324783,1.0
screen_full,2.0,143,8,1.0,0.2837446609589302,0.3110663764686984,0.6082763671875,0.025296546391048478,0.00558282760333424,62,0.037138611980630745,0.28959813642026816,0.23854757367356588,0.5697479248046875,0.0385284423828125,1.0,0.07251880279513251,0.0,0.05105056274670228,0.0
screen_split,2.0,143,7,1.0,0.3619140327856849,0.32755331766747664,0.6021728515625,0.03532231234965634,0.005937709524591023,44,0.03510700687130793,0.29349555391860094,0.23854757367356588,0.5697479248046875,0.0324249267578125,1.0,0.08900574399391076,0.0,0.054947980245035055,1.0
screen_full,2.0,144,10,1.0,0.31517813421048785,0.2832894706553445,0.559326171875,0.024423094318119398,0.005298873004058446,80,0.04837016896934065,0.25792999623648466,0.23854757367356588,0.5697479248046875,-0.0104217529296875,1.0,0.044741896981778606,1.0,0.019382422562918777,1.0
screen_split,2.0,144,10,1.0,0.3543246713515915,0.2777092892951675,0.5458984375,0.03368871555180858,0.005577254016384709,65,0.04626158962613944,0.22825718166354117,0.23854757367356588,0.5697479248046875,-0.0238494873046875,1.0,0.039161715621601645,1.0,-0.010290392010024713,1.0
screen_full,2.0,145,10,1.0,0.3111508806693455,0.30222008320294624,0.5732421875,0.025069614235874112,0.005872925135348888,69,0.03238677766585614,0.28060068670769667,0.23854757367356588,0.5697479248046875,0.0034942626953125,1.0,0.06367250952938036,0.0,0.042053113034130785,1.0
screen_split,2.0,145,9,1.0,0.3696834656850661,0.33775532474341974,0.595947265625,0.0363514718962042,0.006107256998739373,65,0.05036342793432621,0.29779759775437004,0.23854757367356588,0.5697479248046875,0.0261993408203125,1.0,0.09920775106985386,0.0,0.05925002408080415,1.0
screen_full,2.0,146,10,1.0,0.25998100503578764,0.2322317696318617,0.572998046875,0.026047341684450716,0.004558263044442182,49,0.03407350032007301,0.20749690205120683,0.23854757367356588,0.5697479248046875,0.0032501220703125,1.0,-0.006315804041704176,1.0,-0.031050671622359055,1.0
screen_split,2.0,146,10,1.0,0.43421590833739143,0.29069196486865456,0.5272216796875,0.03527407917547357,0.006436610310786032,56,0.04402342154254791,0.24656253676992024,0.23854757367356588,0.5697479248046875,-0.0425262451171875,1.0,0.05214439119508868,1.0,0.008014963096354355,1.0
screen_full,2.0,147,10,1.0,0.2734094649259254,0.25673361023474084,0.5400390625,0.02477826518671388,0.005135221551236126,64,0.03777764880965485,0.23202123519514894,0.23854757367356588,0.5697479248046875,-0.0297088623046875,1.0,0.018186036561174956,1.0,-0.006526338478416938,1.0
screen_split,2.0,147,8,1.0,0.4056947428487077,0.2522405219208305,0.556640625,0.03511051387986468,0.005600955771003342,73,0.054029105239144504,0.2012719544407327,0.23854757367356588,0.5697479248046875,-0.0131072998046875,1.0,0.013692948247264636,1.0,-0.03727561923283318,1.0
screen_full,2.0,148,10,1.0,0.28974474417389634,0.3001666210699392,0.587158203125,0.025841412137094233,0.005687097541049965,61,0.031834965542708184,0.2812628044134999,0.23854757367356588,0.5697479248046875,0.0174102783203125,1.0,0.061619047396373305,0.0,0.042715230739933996,1.0
screen_split,2.0,148,10,1.0,0.38912398679466803,0.32061697843018394,0.593017578125,0.03726880892939652,0.006045388321329308,47,0.034518319973997756,0.28113554351149356,0.23854757367356588,0.5697479248046875,0.0232696533203125,1.0,0.08206940475661806,0.0,0.042587969837927675,1.0
screen_full,2.0,149,4,1.0,0.29531378351922033,0.24758870747144007,0.6092529296875,0.024834936712550066,0.005239241186836578,46,0.029198199963464063,0.22835695074350187,0.23854757367356588,0.5697479248046875,0.0395050048828125,1.0,0.00904113379787419,1.0,-0.010190622930064008,1.0
screen_split,2.0,149,7,1.0,0.3762780039978835,0.28703282647771095,0.5576171875,0.03341805253610486,0.005949926535900981,85,0.05860684586177498,0.2400121436846864,0.23854757367356588,0.5697479248046875,-0.0121307373046875,1.0,0.04848525280414506,1.0,0.0014645700111205195,1.0
screen_full,3.0,0,10,1.0,0.31677229299506926,0.3838206284904191,0.6033935546875,0.025749142791070233,0.006724901037738066,50,0.02334293046859345,0.3669990352832639,0.35782136051034885,0.5697479248046875,0.0336456298828125,1.0,0.02599926798007024,1.0,0.009177674772915034,1.0
screen_split,3.0,0,10,1.0,0.5006122287881669,0.4176822063137058,0.6063232421875,0.03810603561573874,0.00755002662315245,66,0.03705252714683876,0.3801848647516668,0.35782136051034885,0.5697479248046875,0.0365753173828125,1.0,0.05986084580335693,1.0,0.022363504241317944,1.0
screen_full,3.0,1,10,1.0,0.27464361464004133,0.29585753292441497,0.5579833984375,0.024139615315101202,0.005683986218655208,55,0.032287509449779615,0.27674881780523075,0.35782136051034885,0.5697479248046875,-0.0117645263671875,1.0,-0.061963827585933884,0.0,-0.0810725427051181,0.0
screen_split,3.0,1,10,1.0,0.4252267548920223,0.313230231792366,0.544921875,0.03490849153651084,0.006375554475567829,68,0.04642867723156165,0.2709565535818314,0.35782136051034885,0.5697479248046875,-0.0248260498046875,1.0,-0.044591128717982875,1.0,-0.08686480692851745,0.0
screen_full,3.0,2,7,1.0,0.2904103316928556,0.3537890706059629,0.565673828125,0.0252794271919873,0.006421893809329664,52,0.025426423160095715,0.3396148199219722,0.35782136051034885,0.5697479248046875,-0.0040740966796875,1.0,-0.004032289904385977,1.0,-0.018206540588376674,1.0
screen_split,3.0,2,5,1.0,0.3110746306870849,0.41280579614752566,0.5704345703125,0.03382597302847886,0.007522106973509841,58,0.03479579314086108,0.3869245099141818,0.35782136051034885,0.5697479248046875,0.0006866455078125,1.0,0.05498443563717681,1.0,0.029103149403832962,1.0
screen_full,3.0,3,10,1.0,0.2883560174209981,0.3645987626218178,0.573974609375,0.02615301324272643,0.00720366544457292,57,0.024735209315606643,0.3492738233563001,0.35782136051034885,0.5697479248046875,0.0042266845703125,1.0,0.006777402111468933,1.0,-0.008547537154048768,1.0
screen_split,3.0,3,10,1.0,0.4334230404569784,0.41493640078496236,0.58203125,0.03739006379749659,0.007831002983510955,54,0.032295293212475845,0.38212352433403624,0.35782136051034885,0.5697479248046875,0.0122833251953125,1.0,0.057115040274613504,1.0,0.024302163823687384,1.0
screen_full,3.0,4,10,1.0,0.31879292229573913,0.3884160745369233,0.591552734375,0.025989120966193237,0.006933228090514681,52,0.023678941982030317,0.37081895013548677,0.35782136051034885,0.5697479248046875,0.0218048095703125,1.0,0.030594714026574432,1.0,0.012997589625137917,1.0
screen_split,3.0,4,10,1.0,0.34445870720368676,0.38479537456414764,0.5838623046875,0.03647276886430222,0.007059673019060019,51,0.03840133954933466,0.35049504668511355,0.35782136051034885,0.5697479248046875,0.0141143798828125,1.0,0.02697401405379879,1.0,-0.007326313825235298,1.0
screen_full,3.0,5,7,1.0,0.2413828242192439,0.34640595498140814,0.5467529296875,0.024119583310243962,0.006449827319573657,60,0.031321356844801744,0.3273165325832813,0.35782136051034885,0.5697479248046875,-0.0229949951171875,1.0,-0.011415405528940714,1.0,-0.030504827927067546,1.0
screen_split,3.0,5,10,1.0,0.39820258315463203,0.40008809153316127,0.5616455078125,0.03494283216594617,0.00786954471401267,68,0.03687295356231487,0.36412534863943297,0.35782136051034885,0.5697479248046875,-0.0081024169921875,1.0,0.04226673102281242,1.0,0.006303988129084115,1.0
screen_full,3.0,6,10,1.0,0.3210027221875561,0.3813182269648902,0.56591796875,0.024881717715558825,0.007463452664116957,63,0.024105933291832374,0.36683954406721586,0.35782136051034885,0.5697479248046875,-0.0038299560546875,1.0,0.023496866454541354,1.0,0.00901818355686701,1.0
screen_split,3.0,6,7,1.0,0.3999650497856495,0.40632352287237394,0.5509033203125,0.034744839580617914,0.008125962008113654,58,0.031970718684481196,0.3775238039964658,0.35782136051034885,0.5697479248046875,-0.0188446044921875,1.0,0.04850216236202509,1.0,0.01970244348611694,1.0
screen_full,3.0,7,10,1.0,0.2629024362543603,0.35028066673737956,0.5809326171875,0.025151210107522276,0.006433336993282825,58,0.02947463901787646,0.3329946995356972,0.35782136051034885,0.5697479248046875,0.0111846923828125,1.0,-0.007540693772969287,1.0,-0.024826660974651638,1.0
screen_split,3.0,7,5,1.0,0.33588420120121054,0.3668404418757173,0.551025390625,0.03235176749006378,0.007519107144968581,57,0.03725867697177931,0.34082295517315253,0.35782136051034885,0.5697479248046875,-0.0187225341796875,1.0,0.009019081365368442,1.0,-0.01699840533719632,1.0
screen_full,3.0,8,10,1.0,0.3589686808169044,0.3846655518895017,0.6063232421875,0.02662764039644698,0.006561477330383204,57,0.027506824586351192,0.3647657162458749,0.35782136051034885,0.5697479248046875,0.0365753173828125,1.0,0.026844191379152837,1.0,0.006944355735526042,1.0
screen_split,3.0,8,9,1.0,0.41643742929246175,0.3821897644089698,0.610107421875,0.03746470227843749,0.006824093261409342,56,0.0425629009500867,0.34344040446763036,0.35782136051034885,0.5697479248046875,0.0403594970703125,1.0,0.02436840389862094,1.0,-0.014380956042718496,1.0
screen_full,3.0,9,10,1.0,0.31405157482688,0.40975525208613406,0.5867919921875,0.026166912930095397,0.007194080065244403,48,0.02299384565467708,0.39420986052581053,0.35782136051034885,0.5697479248046875,0.0170440673828125,1.0,0.05193389157578521,0.0,0.03638850001546168,1.0
screen_split,3.0,9,8,1.0,0.40491396727848583,0.43176144592816423,0.5672607421875,0.036487958098386744,0.008383599177209638,59,0.03199286504284659,0.40223521963479597,0.35782136051034885,0.5697479248046875,-0.0024871826171875,1.0,0.07394008541781538,0.0,0.04441385912444712,1.0
screen_full,3.0,10,10,1.0,0.27896982674350806,0.3308157935682113,0.560546875,0.024866146091867575,0.006600217854324914,61,0.029130831647699636,0.31137303269122574,0.35782136051034885,0.5697479248046875,-0.0092010498046875,1.0,-0.02700556694213757,1.0,-0.046448327819123114,1.0
screen_split,3.0,10,10,1.0,0.41559576334155207,0.38209376018412317,0.59033203125,0.03645805344589586,0.006592156959685699,77,0.05342180676642028,0.33651819119002996,0.35782136051034885,0.5697479248046875,0.0205841064453125,1.0,0.024272399673774314,1.0,-0.021303169320318893,1.0
screen_full,3.0,11,6,1.0,0.23844206651206862,0.3782867068421724,0.5843505859375,0.024606904111417274,0.00693150087867203,59,0.027486248377273797,0.3628072691128657,0.35782136051034885,0.5697479248046875,0.0146026611328125,1.0,0.020465346331823564,1.0,0.004985908602516853,1.0
screen_split,3.0,11,10,1.0,0.348013143465863,0.35998544647990827,0.588134765625,0.034598665445366994,0.00672630919263573,68,0.04184113055299813,0.3222566272831904,0.35782136051034885,0.5697479248046875,0.0183868408203125,1.0,0.002164085969559415,1.0,-0.035564733227158474,1.0
screen_full,3.0,12,10,1.0,0.30562587851618395,0.3082316769460347,0.5303955078125,0.024234090117403764,0.006418412403276948,58,0.02927990064916401,0.28878539001644254,0.35782136051034885,0.5697479248046875,-0.0393524169921875,1.0,-0.049589683564314146,0.0,-0.0690359704939063,0.0
screen_split,3.0,12,10,1.0,0.343338021160953,0.3421041578640409,0.552978515625,0.034414506463682895,0.007012604086008618,56,0.037349184288134475,0.3028513542073616,0.35782136051034885,0.5697479248046875,-0.0167694091796875,1.0,-0.015717202646307937,1.0,-0.05497000630298726,1.0
screen_full,3.0,13,10,1.0,0.24012671185605985,0.3617761107921499,0.5606689453125,0.024773901369694328,0.006899696667394776,54,0.025221950372717253,0.3458101104724382,0.35782136051034885,0.5697479248046875,-0.0090789794921875,1.0,0.003954750281801034,1.0,-0.012011250037910648,1.0
screen_split,3.0,13,10,1.0,0.3302103711023083,0.35679173555028965,0.5548095703125,0.03632471924615402,0.007299154113979335,60,0.03475734422903569,0.3238688062118053,0.35782136051034885,0.5697479248046875,-0.0149383544921875,1.0,-0.0010296249600592056,1.0,-0.03395255429854355,1.0
screen_full,3.0,14,10,1.0,0.2764262655719633,0.3836000597746396,0.5538330078125,0.024289235094376863,0.007356805294654782,55,0.023648698245085264,0.3675604516678599,0.35782136051034885,0.5697479248046875,-0.0159149169921875,1.0,0.025778699264290772,1.0,0.009739091157511037,1.0
screen_split,3.0,14,10,1.0,0.44668604064904815,0.40461722581901893,0.5487060546875,0.03400861293303727,0.008055723647590747,50,0.02725542306819926,0.37216037727014073,0.35782136051034885,0.5697479248046875,-0.0210418701171875,1.0,0.04679586530867008,1.0,0.014339016759791878,1.0
screen_full,3.0,15,10,1.0,0.30970652893009126,0.3997552470226094,0.6009521484375,0.025928906363115813,0.007025615234194981,69,0.031668270660309784,0.38273398368398415,0.35782136051034885,0.5697479248046875,0.0312042236328125,1.0,0.04193388651226054,1.0,0.024912623173635295,1.0
screen_split,3.0,15,7,1.0,0.3010113991640575,0.40247844748117234,0.6103515625,0.037523408952432155,0.006864089219032915,58,0.03801306522273867,0.3711893980105028,0.35782136051034885,0.5697479248046875,0.0406036376953125,1.0,0.04465708697082349,1.0,0.013368037500153973,1.0
screen_full,3.0,16,8,1.0,0.2779196726698582,0.35428073111943365,0.5806884765625,0.02584027633422403,0.006832050046432801,62,0.02672141401358823,0.33615087917049213,0.35782136051034885,0.5697479248046875,0.0109405517578125,1.0,-0.0035406293909152065,1.0,-0.021670481339856718,1.0
screen_split,3.0,16,6,1.0,0.382861630356666,0.35262691106982746,0.5762939453125,0.034347871152464855,0.00717395204669262,66,0.0437132703523927,0.3182045625749814,0.35782136051034885,0.5697479248046875,0.0065460205078125,1.0,-0.005194449440521387,1.0,-0.03961679793536743,1.0
screen_full,3.0,17,10,1.0,0.26999821307311217,0.3601123877101874,0.588134765625,0.025614212037244982,0.00616192332712977,48,0.024931412150704952,0.344024735493241,0.35782136051034885,0.5697479248046875,0.0183868408203125,1.0,0.0022910271998385356,1.0,-0.013796625017107877,1.0
screen_split,3.0,17,10,1.0,0.4120106128377689,0.4005603429952578,0.598876953125,0.036975572488949573,0.006939413933145716,59,0.038401584286469975,0.3625448750126239,0.35782136051034885,0.5697479248046875,0.0291290283203125,1.0,0.04273898248490893,1.0,0.004723514502275039,1.0
screen_full,3.0,18,10,1.0,0.2953923323332262,0.38191934791508547,0.5655517578125,0.025833095826490758,0.0071824852549060335,56,0.028060605162182922,0.36602188098786986,0.35782136051034885,0.5697479248046875,-0.0041961669921875,1.0,0.02409798740473662,1.0,0.008200520477521012,1.0
screen_split,3.0,18,5,1.0,0.4479546122518524,0.42708579573111904,0.6036376953125,0.036919689921699785,0.007904847226816997,65,0.03966635527051683,0.3935045713659172,0.35782136051034885,0.5697479248046875,0.0338897705078125,1.0,0.06926443522077019,1.0,0.03568321085556836,1.0
screen_full,3.0,19,10,1.0,0.281709169397154,0.3243011854143649,0.528564453125,0.024678866114225977,0.006703954032482301,54,0.027594994199224693,0.30769716680285647,0.35782136051034885,0.5697479248046875,-0.0411834716796875,1.0,-0.03352017509598393,1.0,-0.05012419370749238,0.0
screen_split,3.0,19,4,1.0,0.36138103236510466,0.3835165913091898,0.532958984375,0.03234971649687558,0.007804965861372891,45,0.02736435676593181,0.35996947722768985,0.35782136051034885,0.5697479248046875,-0.0367889404296875,1.0,0.02569523079884095,1.0,0.0021481167173409976,1.0
screen_full,3.0,20,9,1.0,0.30746438581989743,0.39066661076447057,0.595947265625,0.026289122717921602,0.0070878482443585055,47,0.02232752040258948,0.37497279398712613,0.35782136051034885,0.5697479248046875,0.0261993408203125,1.0,0.032845250254121716,1.0,0.017151433476777278,1.0
screen_split,3.0,20,10,1.0,0.38248721080604964,0.4454699600319741,0.63134765625,0.03858006562320324,0.00731101701947141,59,0.03295456131865031,0.4130907542761828,0.35782136051034885,0.5697479248046875,0.0615997314453125,1.0,0.08764859952162524,0.0,0.05526939376583395,1.0
screen_full,3.0,21,10,1.0,0.35293396079908235,0.42101243788144843,0.5870361328125,0.026025161747525078,0.007923230918649035,69,0.02732823674472608,0.4046200788725444,0.35782136051034885,0.5697479248046875,0.0172882080078125,1.0,0.06319107737109958,0.0,0.04679871836219557,1.0
screen_split,3.0,21,10,1.0,0.43087065189001056,0.39915450007790754,0.556640625,0.03607434983418313,0.007934561450500833,60,0.03905621653789909,0.3644805240516428,0.35782136051034885,0.5697479248046875,-0.0131072998046875,1.0,0.041333139567558685,1.0,0.006659163541293922,1.0
screen_full,3.0,22,10,1.0,0.3466013692179548,0.39506847289101116,0.5655517578125,0.02665847955159083,0.007429656112375595,50,0.023496605342127903,0.37759692572094267,0.35782136051034885,0.5697479248046875,-0.0041961669921875,1.0,0.037247112380662306,1.0,0.019775565210593815,1.0
screen_split,3.0,22,10,1.0,0.3781578988635189,0.3643792743468415,0.5589599609375,0.03575081753839483,0.007766589807324454,53,0.032277919011604185,0.3338942955668693,0.35782136051034885,0.5697479248046875,-0.0107879638671875,1.0,0.006557913836492624,1.0,-0.02392706494347957,1.0
screen_full,3.0,23,9,1.0,0.31202397887967276,0.3966396259141691,0.6134033203125,0.026504820412154916,0.006736310413018454,50,0.02577113657702258,0.37859527725128855,0.35782136051034885,0.5697479248046875,0.0436553955078125,1.0,0.03881826540382027,1.0,0.020773916740939702,1.0
screen_split,3.0,23,7,1.0,0.38583792099148295,0.43972675102722236,0.647216796875,0.03817053655094672,0.007186295903109422,46,0.029854817861472524,0.4110158213331095,0.35782136051034885,0.5697479248046875,0.0774688720703125,0.0,0.08190539051687351,0.0,0.053194460822760636,1.0
screen_full,3.0,24,10,1.0,0.3146306863131532,0.3869534383449549,0.5755615234375,0.02538133851781758,0.007296957364231278,45,0.019883097453112817,0.3729022364592072,0.35782136051034885,0.5697479248046875,0.0058135986328125,1.0,0.02913207783460603,1.0,0.015080875948858374,1.0
screen_split,3.0,24,10,1.0,0.4235472864260839,0.4339742191998972,0.5650634765625,0.0345541101221847,0.0080519025484793,49,0.027402229921738273,0.4068348018484058,0.35782136051034885,0.5697479248046875,-0.0046844482421875,1.0,0.07615285868954835,0.0,0.04901344133805696,1.0
screen_full,3.0,25,5,1.0,0.2828084105283538,0.3833401880630193,0.5760498046875,0.024577968956745196,0.00730858077111706,56,0.026208569563773636,0.3684563416741849,0.35782136051034885,0.5697479248046875,0.0063018798828125,1.0,0.02551882755267043,1.0,0.010634981163836044,1.0
screen_split,3.0,25,10,1.0,0.38298237614970154,0.40925861819018794,0.602783203125,0.03849655004880841,0.0070748497340846804,67,0.04202310774241776,0.3702003988190128,0.35782136051034885,0.5697479248046875,0.0330352783203125,1.0,0.05143725767983909,1.0,0.012379038308663937,1.0
screen_full,3.0,26,10,1.0,0.27425545241965826,0.3482406767490319,0.545166015625,0.02484359830367853,0.0070670419323737455,56,0.025496078774743,0.33300295902468163,0.35782136051034885,0.5697479248046875,-0.0245819091796875,1.0,-0.009580683761316933,1.0,-0.02481840148566722,1.0
screen_split,3.0,26,9,1.0,0.45622536929314045,0.3538966283192547,0.5389404296875,0.03390456462939158,0.007664731071559461,61,0.03512809884857718,0.31798410184535764,0.35782136051034885,0.5697479248046875,-0.0308074951171875,1.0,-0.003924732191094127,1.0,-0.039837258664991215,1.0
screen_full,3.0,27,10,1.0,0.30985660747667715,0.38204676782585845,0.586181640625,0.025988794524431633,0.00714139190916296,69,0.030099062829345415,0.3655335701828459,0.35782136051034885,0.5697479248046875,0.0164337158203125,1.0,0.024225407315509595,1.0,0.007712209672497028,1.0
screen_split,3.0,27,10,1.0,0.43856795897524165,0.3975189233191221,0.58984375,0.035492160603226165,0.007418327787741485,53,0.029185965336624625,0.36295900796350705,0.35782136051034885,0.5697479248046875,0.0200958251953125,1.0,0.039697562808773235,1.0,0.005137647453158201,1.0
screen_full,3.0,28,10,1.0,0.32225906350862504,0.3386028783903441,0.565185546875,0.024934120634984704,0.006336277900307785,60,0.03181413769893487,0.31992440472352457,0.35782136051034885,0.5697479248046875,-0.0045623779296875,1.0,-0.019218482120004765,1.0,-0.03789695578682428,1.0
screen_split,3.0,28,4,1.0,0.36273826496758027,0.3352653926068522,0.591796875,0.0339002120292717,0.006607520179982951,69,0.04383735849014182,0.2963643294718042,0.35782136051034885,0.5697479248046875,0.0220489501953125,1.0,-0.022555967903496676,1.0,-0.06145703103854466,1.0
screen_full,3.0,29,10,1.0,0.32657903948408734,0.3819271482499597,0.5760498046875,0.02549685863217111,0.006809802300906125,52,0.022958589082242957,0.3649192125870093,0.35782136051034885,0.5697479248046875,0.0063018798828125,1.0,0.024105787739610862,1.0,0.007097852076660471,1.0
screen_split,3.0,29,10,1.0,0.42848730110202715,0.41678348995713854,0.5872802734375,0.036441934257164556,0.007872026036191828,48,0.03074829893780561,0.38747831911429176,0.35782136051034885,0.5697479248046875,0.0175323486328125,1.0,0.05896212944678969,1.0,0.029656958603942907,1.0
screen_full,3.0,30,10,1.0,0.33262214921061223,0.37770445563832883,0.5897216796875,0.02542957440444027,0.007153219275854161,56,0.02524225924232079,0.36096539063978267,0.35782136051034885,0.5697479248046875,0.0199737548828125,1.0,0.019883095127979977,1.0,0.003144030129433817,1.0
screen_split,3.0,30,10,1.0,0.3883796101507252,0.34942216289426586,0.586181640625,0.03559774635639946,0.006861457210644553,69,0.04986177393163363,0.304895344606601,0.35782136051034885,0.5697479248046875,0.0164337158203125,1.0,-0.008399197616082987,1.0,-0.05292601590374785,1.0
screen_full,3.0,31,8,1.0,0.2956692363122507,0.36887608307557107,0.567138671875,0.02535725865549308,0.006991455586675802,75,0.03296873637609358,0.3522054430184705,0.35782136051034885,0.5697479248046875,-0.0026092529296875,1.0,0.01105472256522222,1.0,-0.005615917491878342,1.0
screen_split,3.0,31,3,1.0,0.3023063498786286,0.3964748248537031,0.5872802734375,0.0334685612696084,0.007093000588407072,42,0.033065782848849444,0.3713307751275023,0.35782136051034885,0.5697479248046875,0.0175323486328125,1.0,0.03865346434335426,1.0,0.013509414617153437,1.0
screen_full,3.0,32,10,1.0,0.32246597344074895,0.3847379331124441,0.604736328125,0.02650821325670668,0.006615953975035081,44,0.022128795320638307,0.36764313838021256,0.35782136051034885,0.5697479248046875,0.0349884033203125,1.0,0.026916572602095235,1.0,0.009821777869863713,1.0
screen_split,3.0,32,10,1.0,0.4412138139409997,0.37826204206149944,0.607177734375,0.0386171620411343,0.006448292748801072,49,0.03491499787500117,0.3426827003029367,0.35782136051034885,0.5697479248046875,0.0374298095703125,1.0,0.020440681551150586,1.0,-0.015138660207412169,1.0
screen_full,3.0,33,4,1.0,0.22168787443398574,0.36060878626120463,0.5501708984375,0.022981747501224028,0.007192723265076915,64,0.02885867225597057,0.34962011894163003,0.35782136051034885,0.5697479248046875,-0.0195770263671875,1.0,0.0027874257508557765,1.0,-0.00820124156871882,1.0
screen_split,3.0,33,10,1.0,0.4053498967929795,0.4392341969429464,0.596435546875,0.03684439855644856,0.008139408816170366,51,0.029402018882219178,0.40927281316849523,0.35782136051034885,0.5697479248046875,0.0266876220703125,1.0,0.08141283643259756,0.0,0.05145145265814638,1.0
screen_full,3.0,34,10,1.0,0.3100292783063394,0.37872127611566697,0.5986328125,0.026266563493846477,0.007019460867723889,52,0.02505901321925395,0.3602102164770597,0.35782136051034885,0.5697479248046875,0.0288848876953125,1.0,0.02089991560531812,1.0,0.0023888559667108455,1.0
screen_split,3.0,34,7,1.0,0.43869675271438396,0.3889140753674846,0.57373046875,0.03569711612380581,0.007501543803528601,58,0.036903998024046855,0.3572032014271955,0.35782136051034885,0.5697479248046875,0.0039825439453125,1.0,0.031092714857135773,1.0,-0.0006181590831533246,1.0
screen_full,3.0,35,7,1.0,0.3002327335467746,0.38342993794771696,0.5838623046875,0.02576030049104047,0.0073481525585357005,63,0.02585458562448751,0.3698199368091174,0.35782136051034885,0.5697479248046875,0.0141143798828125,1.0,0.025608577437368107,1.0,0.011998576298768548,1.0
screen_split,3.0,35,5,1.0,0.4133544759316783,0.3400563865021478,0.5496826171875,0.03497675184494194,0.007367643720762387,83,0.05263314860418619,0.3054020390089454,0.35782136051034885,0.5697479248046875,-0.0200653076171875,1.0,-0.01776497400820104,1.0,-0.05241932150140344,1.0
screen_full,3.0,36,10,1.0,0.3450837087331823,0.4146746628546013,0.6116943359375,0.026441738796801343,0.007077174325301975,48,0.021960848311718333,0.3980892291570158,0.35782136051034885,0.5697479248046875,0.0419464111328125,1.0,0.056853302344252454,0.0,0.04026786864666693,1.0
screen_split,3.0,36,10,1.0,0.40895986047206984,0.4379994650546717,0.6212158203125,0.03730497773949462,0.007461406918027708,47,0.029138821276705484,0.40629000219635614,0.35782136051034885,0.5697479248046875,0.0514678955078125,1.0,0.08017810454432284,0.0,0.048468641686007286,1.0
screen_full,3.0,37,10,1.0,0.3115824208909705,0.382893069166779,0.5804443359375,0.025619668814724383,0.0068818643475134144,65,0.031087034757381178,0.36378110953175447,0.35782136051034885,0.5697479248046875,0.0106964111328125,1.0,0.02507170865643016,1.0,0.005959749021405614,1.0
screen_split,3.0,37,10,1.0,0.4376449221595439,0.4334292266130976,0.58203125,0.034716905414468854,0.00808529159724609,57,0.02984879939157512,0.4025593135489904,0.35782136051034885,0.5697479248046875,0.0122833251953125,1.0,0.07560786610274872,0.0,0.04473795303864153,1.0
screen_full,3.0,38,10,1.0,0.28929600838255204,0.40331683471535773,0.5980224609375,0.02609364052921041,0.0068835287168216176,57,0.0257019731928554,0.38669853543342647,0.35782136051034885,0.5697479248046875,0.0282745361328125,1.0,0.04549547420500888,1.0,0.02887717492307762,1.0
screen_split,3.0,38,10,1.0,0.4569194127385385,0.4608322005439184,0.6029052734375,0.03684423904612689,0.008021648782952964,60,0.034676392000845366,0.42691910713802045,0.35782136051034885,0.5697479248046875,0.0331573486328125,1.0,0.10301084003356953,0.0,0.0690977466276716,1.0
screen_full,3.0,39,10,1.0,0.33203609902476394,0.38368309938550554,0.5968017578125,0.02673284516055091,0.006942791168262613,66,0.028682176377418052,0.36580549156692727,0.35782136051034885,0.5697479248046875,0.0270538330078125,1.0,0.025861738875156692,1.0,0.007984131056578414,1.0
screen_split,3.0,39,10,1.0,0.4446761444646642,0.42327865479504956,0.5838623046875,0.03900464208093991,0.007741039463610598,48,0.027026541964071792,0.39076976965545357,0.35782136051034885,0.5697479248046875,0.0141143798828125,1.0,0.0654572942847007,1.0,0.03294840914510472,1.0
screen_full,3.0,40,10,1.0,0.2737509674973464,0.39660178217977715,0.6019287109375,0.02629302118579385,0.006898914779201265,56,0.02735586679604839,0.38119518515042555,0.35782136051034885,0.5697479248046875,0.0321807861328125,1.0,0.0387804216694283,1.0,0.0233738246400767,1.0
screen_split,3.0,40,10,1.0,0.3691183596112851,0.3587277142894527,0.5927734375,0.035164806755964596,0.006541574638882143,48,0.03421003272363384,0.3213468112439756,0.35782136051034885,0.5697479248046875,0.0230255126953125,1.0,0.0009063537791038634,1.0,-0.036474549266373224,1.0
screen_full,3.0,41,10,1.0,0.29503651791293817,0.412445612675574,0.5794677734375,0.025244869429912623,0.007458924826711684,53,0.02456496179307153,0.3959006200439966,0.35782136051034885,0.5697479248046875,0.0097198486328125,1.0,0.05462425216522515,0.0,0.03807925953364777,1.0
screen_split,3.0,41,10,1.0,0.41632293386755675,0.44804682545199853,0.609375,0.03955004405722998,0.007916512022318873,49,0.02873050171334114,0.4172509887621421,0.35782136051034885,0.5697479248046875,0.0396270751953125,1.0,0.09022546494164968,0.0,0.059429628251793265,1.0
screen_full,3.0,42,10,1.0,0.34834946346704654,0.3485247057037039,0.568603515625,0.025174273089934186,0.006506689243452221,54,0.024251207331681582,0.3315455537667892,0.35782136051034885,0.5697479248046875,-0.0011444091796875,1.0,-0.009296654806644933,1.0,-0.02627580674355967,1.0
screen_split,3.0,42,10,1.0,0.33170323416531333,0.33727903968949147,0.556396484375,0.03443242349535472,0.00674853065797458,68,0.041453567455213995,0.29965223759958953,0.35782136051034885,0.5697479248046875,-0.0133514404296875,1.0,-0.020542320820857385,1.0,-0.05816912291075932,1.0
screen_full,3.0,43,10,1.0,0.3245586737194903,0.3808537647894591,0.5733642578125,0.025005399060740743,0.007097795687409949,63,0.030570529772383708,0.36317978323897937,0.35782136051034885,0.5697479248046875,0.0036163330078125,1.0,0.02303240427911024,1.0,0.005358422728630519,1.0
screen_split,3.0,43,6,1.0,0.35131160438143194,0.3819485599329487,0.5462646484375,0.03433360189738944,0.007414225882496598,59,0.04174043261263463,0.34440819899344044,0.35782136051034885,0.5697479248046875,-0.0234832763671875,1.0,0.024127199422599832,1.0,-0.013413161516908412,1.0
screen_full,3.0,44,10,1.0,0.2746697769950616,0.2985765643836761,0.54443359375,0.024157785083091562,0.005871710469680495,55,0.031020358432501983,0.27806854239893564,0.35782136051034885,0.5697479248046875,-0.0253143310546875,1.0,-0.05924479612667277,0.0,-0.07975281811141322,0.0
screen_split,3.0,44,10,1.0,0.41334043778382096,0.341935106202683,0.5843505859375,0.037728285494239476,0.006338999689008446,57,0.04080440564290372,0.297828427906858,0.35782136051034885,0.5697479248046875,0.0146026611328125,1.0,-0.015886254307665826,1.0,-0.05999293260349087,1.0
screen_full,3.0,45,7,1.0,0.26251389797048696,0.3889281201465551,0.58740234375,0.025505175642957546,0.006565755425758799,60,0.03319752751125216,0.3721642874379016,0.35782136051034885,0.5697479248046875,0.0176544189453125,1.0,0.031106759636206238,1.0,0.014342926927552735,1.0
screen_split,3.0,45,10,1.0,0.39148387432131937,0.45897172787685026,0.6021728515625,0.03687316162148878,0.007721836155546926,67,0.035619770587163015,0.4230388567655664,0.35782136051034885,0.5697479248046875,0.0324249267578125,1.0,0.1011503673665014,0.0,0.06521749625521756,1.0
screen_full,3.0,46,10,1.0,0.25538821993039795,0.36772299113783485,0.586181640625,0.026109982197425812,0.006611180997132235,72,0.037681822247872206,0.3486101107747128,0.35782136051034885,0.5697479248046875,0.0164337158203125,1.0,0.009901630627486002,1.0,-0.009211249735636029,1.0
screen_split,3.0,46,10,1.0,0.37304116935062037,0.3650298220378583,0.5777587890625,0.03709727673925066,0.007076816306005197,50,0.029727127079781347,0.3311175311434304,0.35782136051034885,0.5697479248046875,0.0080108642578125,1.0,0.007208461527509424,1.0,-0.026703829366918452,1.0
screen_full,3.0,47,4,1.0,0.2348588600326207,0.3483281321097454,0.5640869140625,0.02314299266801992,0.007165089294406949,46,0.022015170741296525,0.33819162042539763,0.35782136051034885,0.5697479248046875,-0.0056610107421875,1.0,-0.00949322840060346,1.0,-0.01962974008495122,1.0
screen_split,3.0,47,6,1.0,0.3923276691128167,0.3752214981493791,0.575439453125,0.03400945287648929,0.007939796422368962,86,0.043751323262901404,0.34410317679475805,0.35782136051034885,0.5697479248046875,0.0056915283203125,1.0,0.017400137639030255,1.0,-0.013718183715590804,1.0
screen_full,3.0,48,10,1.0,0.3312365956013284,0.3774725493102381,0.5718994140625,0.025603631066490565,0.0073998615398674005,60,0.02938696719246679,0.36020177577258006,0.35782136051034885,0.5697479248046875,0.0021514892578125,1.0,0.019651188799889252,1.0,0.002380415262231206,1.0
screen_split,3.0,48,10,1.0,0.40156923299328645,0.38474533571752934,0.5528564453125,0.033630952905385696,0.007591330886798139,68,0.03976106391111846,0.3487662971333458,0.35782136051034885,0.5697479248046875,-0.0168914794921875,1.0,0.026923975207180484,1.0,-0.00905506337700307,1.0
screen_full,3.0,49,10,1.0,0.3178243366395613,0.3774919530863612,0.5804443359375,0.025534274454099753,0.006992437780391943,67,0.03085225831108732,0.3582660586199154,0.35782136051034885,0.5697479248046875,0.0106964111328125,1.0,0.019670592576012336,1.0,0.00044469810956654365,1.0
screen_split,3.0,49,3,1.0,0.402085794714256,0.3648337530780221,0.5423583984375,0.032362114258937584,0.007773113862130939,67,0.03975632758252093,0.3373819230135982,0.35782136051034885,0.5697479248046875,-0.0273895263671875,1.0,0.007012392567673276,1.0,-0.020439437496750645,1.0
screen_full,3.0,50,10,1.0,0.3629438802800661,0.3772596852375284,0.5849609375,0.025228666173346934,0.007653525781117017,61,0.025900494656897817,0.36148339949936686,0.35782136051034885,0.5697479248046875,0.0152130126953125,1.0,0.019438324727179546,1.0,0.0036620389890180127,1.0
screen_split,3.0,50,10,1.0,0.4545090143076769,0.41960509080713015,0.570068359375,0.03477086283645757,0.008232680038765438,52,0.0291355075242284,0.39037084063721333,0.35782136051034885,0.5697479248046875,0.0003204345703125,1.0,0.0617837302967813,1.0,0.03254948012686448,1.0
screen_full,3.0,51,10,1.0,0.3633645643564096,0.4230283508997788,0.640869140625,0.027614016021660436,0.006755992559914992,51,0.027379508799611256,0.4036409564101714,0.35782136051034885,0.5697479248046875,0.0711212158203125,0.0,0.06520699038942995,0.0,0.04581959589982254,1.0
screen_split,3.0,51,9,1.0,0.39329091439956615,0.401686265424012,0.622802734375,0.03901866529829637,0.007017869454883905,47,0.030565143683180217,0.3680351331541385,0.35782136051034885,0.5697479248046875,0.0530548095703125,1.0,0.04386490491366313,1.0,0.010213772643789643,1.0
screen_full,3.0,52,10,1.0,0.26002111626210933,0.37464909977403105,0.560546875,0.02484666731131722,0.007179759275428755,47,0.020841566847268515,0.3589141316660743,0.35782136051034885,0.5697479248046875,-0.0092010498046875,1.0,0.016827739263682195,1.0,0.001092771155725425,1.0
screen_split,3.0,52,6,1.0,0.5068547218348832,0.41598565110077973,0.591552734375,0.033698811629388745,0.008185505606512664,78,0.037811303841410716,0.384358180157801,0.35782136051034885,0.5697479248046875,0.0218048095703125,1.0,0.05816429059043088,1.0,0.026536819647452137,1.0
screen_full,3.0,53,10,1.0,0.27335313143066364,0.37040340845874115,0.563232421875,0.02472393967196047,0.007045725699350105,59,0.027039237275512655,0.35390429910856813,0.35782136051034885,0.5697479248046875,-0.0065155029296875,1.0,0.012582047948392294,1.0,-0.003917061401780719,1.0
screen_split,3.0,53,10,1.0,0.3426999190354632,0.42528785196337393,0.6104736328125,0.03631761056864913,0.007157130767753068,69,0.04235729166083639,0.38957403910823185,0.35782136051034885,0.5697479248046875,0.0407257080078125,1.0,0.06746649145302508,1.0,0.031752678597883,1.0
screen_full,3.0,54,9,1.0,0.326602160770701,0.38549709469734245,0.6099853515625,0.02595457212288778,0.006514398881477565,56,0.02894715183608039,0.3659611699409833,0.35782136051034885,0.5697479248046875,0.0402374267578125,1.0,0.027675734186993595,1.0,0.00813980943063447,1.0
screen_split,3.0,54,6,1.0,0.3442756536791157,0.452599069123277,0.64453125,0.03753992267947323,0.007264261941230627,53,0.03357553719834355,0.42361425631299093,0.35782136051034885,0.5697479248046875,0.0747833251953125,0.0,0.09477770861292817,0.0,0.06579289580264208,1.0
screen_full,3.0,55,10,1.0,0.3122499315900663,0.4016157171815526,0.5770263671875,0.02576933373996536,0.007520087360891911,53,0.023839263405244303,0.38692891373317684,0.35782136051034885,0.5697479248046875,0.0072784423828125,1.0,0.04379435667120374,1.0,0.029107553222827987,1.0
screen_split,3.0,55,10,1.0,0.3546783911883154,0.41969812566033277,0.5859375,0.03634702540891698,0.0075459384631394,65,0.03849712221472094,0.3827055225367407,0.35782136051034885,0.5697479248046875,0.0161895751953125,1.0,0.061876765149983914,1.0,0.024884162026391876,1.0
screen_full,3.0,56,8,1.0,0.2908213657257743,0.3329674046374338,0.525634765625,0.024124299957262892,0.0074781060447067765,56,0.025401197467294693,0.31644252194168254,0.35782136051034885,0.5697479248046875,-0.0441131591796875,1.0,-0.024853955872915057,1.0,-0.04137883856866631,1.0
screen_split,3.0,56,3,1.0,0.349804505608374,0.3436766195698483,0.5333251953125,0.03161085249018016,0.007898690738090314,56,0.034190637918800955,0.31979013479716967,0.35782136051034885,0.5697479248046875,-0.0364227294921875,1.0,-0.014144740940500555,1.0,-0.038031225713179184,1.0
screen_full,3.0,57,8,1.0,0.3271836323266553,0.3905580874382879,0.5911865234375,0.026244675145925916,0.007028150265656586,61,0.02768770774549263,0.3732571575200351,0.35782136051034885,0.5697479248046875,0.0214385986328125,1.0,0.03273672692793905,1.0,0.015435797009686225,1.0
screen_split,3.0,57,3,1.0,0.3741458021891465,0.34660761209802965,0.573974609375,0.03373022638970723,0.007027424330286176,40,0.028883454608358058,0.3239616727601504,0.35782136051034885,0.5697479248046875,0.0042266845703125,1.0,-0.011213748412319202,1.0,-0.03385968775019843,1.0
screen_full,3.0,58,8,1.0,0.2866437842666092,0.38481748357890416,0.597412109375,0.025075834437484075,0.007145951925390915,58,0.02639023699191769,0.36925802254402323,0.35782136051034885,0.5697479248046875,0.0276641845703125,1.0,0.02699612306855531,1.0,0.011436662033674383,1.0
screen_split,3.0,58,10,1.0,0.4139309995116625,0.4100485082202404,0.595703125,0.036438043096542895,0.007455075539402782,55,0.034150842728682476,0.3797706562906152,0.35782136051034885,0.5697479248046875,0.0259552001953125,1.0,0.052227147709891564,1.0,0.02194929578026633,1.0
screen_full,3.0,59,10,1.0,0.30939438617277054,0.38924586455864973,0.598876953125,0.026392586465691203,0.006767073452607522,63,0.03170628464886363,0.37039166797236467,0.35782136051034885,0.5697479248046875,0.0291290283203125,1.0,0.03142450404830088,1.0,0.012570307462015817,1.0
screen_split,3.0,59,10,1.0,0.44947815594104185,0.46018030015599576,0.6295166015625,0.038306204095022535,0.007431386365925734,54,0.03206358080716649,0.4268985059687355,0.35782136051034885,0.5697479248046875,0.0597686767578125,1.0,0.10235893964564691,0.0,0.06907714545838667,1.0
screen_full,3.0,60,10,1.0,0.29857058908678313,0.38942672942704126,0.575927734375,0.02529674661012279,0.007301727296822898,58,0.024537268296577566,0.3734434777294601,0.35782136051034885,0.5697479248046875,0.0061798095703125,1.0,0.03160536891669241,1.0,0.015622117219111276,1.0
screen_split,3.0,60,8,1.0,0.32998902593622625,0.3989027776073969,0.5975341796875,0.03584300577133629,0.007333608943107689,50,0.033502456101565235,0.36570216868966643,0.35782136051034885,0.5697479248046875,0.0277862548828125,1.0,0.041081417097048045,1.0,0.007880808179317578,1.0
screen_full,3.0,61,10,1.0,0.29416481528139504,0.3530487274794849,0.5823974609375,0.02500123425715286,0.006426242455142347,57,0.027638852471292837,0.334860035909939,0.35782136051034885,0.5697479248046875,0.0126495361328125,1.0,-0.004772633030863949,1.0,-0.022961324600409838,1.0
screen_split,3.0,61,5,1.0,0.3764010835618529,0.39876781313959586,0.608154296875,0.03639184334683121,0.007040179535246328,54,0.04047036689600175,0.3620164379221945,0.35782136051034885,0.5697479248046875,0.0384063720703125,1.0,0.04094645262924701,1.0,0.00419507741184566,1.0
screen_full,3.0,62,8,1.0,0.25118876313720345,0.39783186113323293,0.5726318359375,0.025531736873006364,0.007106149961030634,56,0.024926198087738136,0.38317061216472353,0.35782136051034885,0.5697479248046875,0.0028839111328125,1.0,0.04001050062288408,1.0,0.025349251654374683,1.0
screen_split,3.0,62,10,1.0,0.3622476240035671,0.42261684836415186,0.591796875,0.03677109798620281,0.007540075116325556,55,0.033831715201713825,0.3902968453787688,0.35782136051034885,0.5697479248046875,0.0220489501953125,1.0,0.06479548785380301,1.0,0.032475484868419946,1.0
screen_full,3.0,63,5,1.0,0.3105800212291357,0.3637139250488294,0.6055908203125,0.02448893564502597,0.0064010696095459394,55,0.029743096828641243,0.34951759055943615,0.35782136051034885,0.5697479248046875,0.0358428955078125,1.0,0.005892564538480527,1.0,-0.008303769950912698,1.0
screen_split,3.0,63,8,1.0,0.40644479506511016,0.3931009384925743,0.60107421875,0.0374440500849681,0.006770371016798123,75,0.04541911609959746,0.35104886324238693,0.35782136051034885,0.5697479248046875,0.0313262939453125,1.0,0.035279577982225474,1.0,-0.006772497267961919,1.0
screen_full,3.0,64,9,1.0,0.3003440164484808,0.42111471899536324,0.603271484375,0.026874572115152855,0.007000444549450952,40,0.019956872037071933,0.40585815581113693,0.35782136051034885,0.5697479248046875,0.0335235595703125,1.0,0.06329335848501438,0.0,0.04803679530078808,1.0
screen_split,3.0,64,6,1.0,0.4070185025289355,0.47475654844352155,0.59130859375,0.0388433253990686,0.008539636170969409,60,0.03079537908535615,0.44500860931397845,0.35782136051034885,0.5697479248046875,0.0215606689453125,1.0,0.1169351879331727,0.0,0.0871872488036296,0.0
screen_full,3.0,65,10,1.0,0.26555810099824423,0.37706193644356634,0.60693359375,0.0259665122947674,0.006541714395332651,48,0.026963385465214863,0.35981103824559524,0.35782136051034885,0.5697479248046875,0.0371856689453125,1.0,0.019240575933217485,1.0,0.001989677735246387,1.0
screen_split,3.0,65,5,1.0,0.4378078421431203,0.42223752079350296,0.586669921875,0.03499444141851733,0.008043421183801757,53,0.03150119116247415,0.39774904098841457,0.35782136051034885,0.5697479248046875,0.0169219970703125,1.0,0.06441616028315411,1.0,0.03992768047806572,1.0
screen_full,3.0,66,10,1.0,0.32032197814426167,0.41055731726606426,0.5889892578125,0.02594675035099741,0.007529682331016722,46,0.022069263471894435,0.39601549493311083,0.35782136051034885,0.5697479248046875,0.0192413330078125,1.0,0.05273595675571541,0.0,0.03819413442276198,1.0
screen_split,3.0,66,9,1.0,0.440191099312616,0.44333472669941976,0.599365234375,0.036154895130418474,0.008099733833300713,56,0.03080483833384445,0.4154669525709849,0.35782136051034885,0.5697479248046875,0.0296173095703125,1.0,0.0855133661890709,0.0,0.057645592060636075,1.0
screen_full,3.0,67,10,1.0,0.2747751534876128,0.39117984672129785,0.572265625,0.025750954981341702,0.007219998477930997,48,0.02342190569674892,0.37531070141967254,0.35782136051034885,0.5697479248046875,0.0025177001953125,1.0,0.033358486210949,1.0,0.017489340909323692,1.0
screen_split,3.0,67,10,1.0,0.3948626789434964,0.41657849722371465,0.57421875,0.03610481732150256,0.008209491602070351,66,0.034205993458735554,0.3844025934564201,0.35782136051034885,0.5697479248046875,0.0044708251953125,1.0,0.0587571367133658,1.0,0.02658123294607123,1.0
screen_full,3.0,68,10,1.0,0.2906841782117748,0.3286534269296294,0.558349609375,0.025477434459210625,0.006349702245953299,60,0.030650067277599,0.30860553426419507,0.35782136051034885,0.5697479248046875,-0.0113983154296875,1.0,-0.029167933580719452,1.0,-0.04921582624615378,1.0
screen_split,3.0,68,10,1.0,0.46756934942047507,0.36525461142481624,0.618408203125,0.038635765355704496,0.006523721134536491,55,0.040531831796148346,0.3213465340037254,0.35782136051034885,0.5697479248046875,0.0486602783203125,1.0,0.007433250914467393,1.0,-0.036474826506623426,1.0
screen_full,3.0,69,10,1.0,0.30435541405108923,0.3573869680138173,0.57568359375,0.026113940326970023,0.006734916556689391,49,0.022484303017037504,0.3403681663699391,0.35782136051034885,0.5697479248046875,0.0059356689453125,1.0,-0.00043439249653154377,1.0,-0.017453194140409745,1.0
screen_split,3.0,69,10,1.0,0.43637093005708977,0.3531560230548271,0.5555419921875,0.03578317537907649,0.007268031234780467,71,0.040603379264681036,0.31365685318585285,0.35782136051034885,0.5697479248046875,-0.0142059326171875,1.0,-0.004665337455521779,1.0,-0.044164507324496005,1.0
screen_full,3.0,70,5,1.0,0.2923097795836838,0.3894691235295019,0.5692138671875,0.02505988914554747,0.00758664345541628,46,0.022547772774030132,0.37938289194866276,0.35782136051034885,0.5697479248046875,-0.0005340576171875,1.0,0.03164776301915306,1.0,0.021561531438313908,1.0
screen_split,3.0,70,10,1.0,0.45512135705045675,0.3854059904084073,0.53076171875,0.032506591112422434,0.008600037211541189,56,0.03182722223809906,0.35779312827492843,0.35782136051034885,0.5697479248046875,-0.0389862060546875,1.0,0.027584629898058433,1.0,-2.8232235420422302e-05,1.0
screen_full,3.0,71,4,1.0,0.23545337528110447,0.33601488859980977,0.58251953125,0.023442442508452902,0.006900558158069182,56,0.028550235670395486,0.32223188316710627,0.35782136051034885,0.5697479248046875,0.0127716064453125,1.0,-0.021806471910539083,1.0,-0.03558947734324258,1.0
screen_split,3.0,71,9,1.0,0.4702819726055131,0.3614384893860749,0.5341796875,0.03343264891521586,0.007846162208177035,61,0.036321894195841725,0.3261467170124595,0.35782136051034885,0.5697479248046875,-0.0355682373046875,1.0,0.0036171288757260722,1.0,-0.03167464349788934,1.0
screen_full,3.0,72,10,1.0,0.27750945039214947,0.38482764366036953,0.5888671875,0.025958082284516737,0.007130064290570086,45,0.022826145428561068,0.369414461769623,0.35782136051034885,0.5697479248046875,0.0191192626953125,1.0,0.027006283150020682,1.0,0.011593101259274152,1.0
screen_split,3.0,72,8,1.0,0.38598724390845335,0.35536008986211665,0.5274658203125,0.03335336100108183,0.0076303408888251795,42,0.026848603044029255,0.326625587659902,0.35782136051034885,0.5697479248046875,-0.0422821044921875,1.0,-0.0024612706482322055,1.0,-0.031195772850446835,1.0
screen_full,3.0,73,10,1.0,0.29380949959982305,0.3499475694820955,0.547119140625,0.025240049051059726,0.007002471189329442,59,0.028829242615715938,0.33232937313555977,0.35782136051034885,0.5697479248046875,-0.0226287841796875,1.0,-0.007873791028253363,1.0,-0.025491987374789082,1.0
screen_split,3.0,73,10,1.0,0.3981532532102576,0.3781583236131527,0.5718994140625,0.03648959588226259,0.007552397066839941,51,0.03259513175440011,0.3445443760048984,0.35782136051034885,0.5697479248046875,0.0021514892578125,1.0,0.020336963102803862,1.0,-0.013276984505450451,1.0
screen_full,3.0,74,10,1.0,0.31424007308006047,0.3356075854749878,0.545166015625,0.02492517023988477,0.006799995844415833,68,0.031206599386982992,0.3162375750928897,0.35782136051034885,0.5697479248046875,-0.0245819091796875,1.0,-0.02221377503536104,1.0,-0.04158378541745916,1.0
screen_split,3.0,74,9,1.0,0.430381025772444,0.42243267027328246,0.5794677734375,0.03652185416493169,0.008186513337747208,72,0.036295677643884035,0.39016396125308295,0.35782136051034885,0.5697479248046875,0.0097198486328125,1.0,0.06461130976293361,1.0,0.032342600742734096,1.0
screen_full,3.0,75,7,1.0,0.2615182856829298,0.41797367966603116,0.5770263671875,0.025651283684980115,0.007462568099183378,55,0.02205117503988899,0.40440391820011845,0.35782136051034885,0.5697479248046875,0.0072784423828125,1.0,0.06015231915568231,0.0,0.0465825576897696,1.0
screen_split,3.0,75,6,1.0,0.3818600118162037,0.40988825915787314,0.5718994140625,0.036366335337627814,0.007897564493056303,47,0.02917229262835277,0.37921095239460156,0.35782136051034885,0.5697479248046875,0.0021514892578125,1.0,0.052066898647524285,1.0,0.021389591884252712,1.0
screen_full,3.0,76,10,1.0,0.2873703250334745,0.3419965974759789,0.5693359375,0.025512673159455268,0.0062710705921715446,51,0.028088870035998807,0.3215273923802593,0.35782136051034885,0.5697479248046875,-0.0004119873046875,1.0,-0.01582476303436997,1.0,-0.03629396813008956,1.0
screen_split,3.0,76,10,1.0,0.44516111870976155,0.373993462708744,0.5504150390625,0.03496013869475925,0.00767183824336947,53,0.027333101002551274,0.33934248150947033,0.35782136051034885,0.5697479248046875,-0.0193328857421875,1.0,0.016172102198395155,1.0,-0.018478879000878523,1.0
screen_full,3.0,77,10,1.0,0.3092252314693601,0.3555935480732911,0.5694580078125,0.025479775499786365,0.006695081424787553,55,0.02674955566801163,0.33980042074256694,0.35782136051034885,0.5697479248046875,-0.0002899169921875,1.0,-0.0022278124370577745,1.0,-0.018020939767781907,1.0
screen_split,3.0,77,10,1.0,0.42654349205299547,0.40267667725408784,0.5411376953125,0.03461773513992564,0.007786306061865375,60,0.03588648023653363,0.37532142395584533,0.35782136051034885,0.5697479248046875,-0.0286102294921875,1.0,0.04485531674373899,1.0,0.017500063445496483,1.0
screen_full,3.0,78,10,1.0,0.2711750072945148,0.42417428583930195,0.5972900390625,0.026151100632013712,0.0073915806234866,53,0.024332840639782506,0.4099784129356908,0.35782136051034885,0.5697479248046875,0.0275421142578125,1.0,0.0663529253289531,0.0,0.052157052425341965,0.0
screen_split,3.0,78,10,1.0,0.47491112114476963,0.4363780744054343,0.583251953125,0.03585054909097783,0.008335441955351365,65,0.033352912615463505,0.40512650837997743,0.35782136051034885,0.5697479248046875,0.0135040283203125,1.0,0.07855671389508545,0.0,0.04730514786962858,1.0
screen_full,3.0,79,8,1.0,0.22600698428591923,0.3314995734542008,0.559326171875,0.02429718533440101,0.0063106303331276386,47,0.027027240969346694,0.31683909484698686,0.35782136051034885,0.5697479248046875,-0.0104217529296875,1.0,-0.02632178705614807,1.0,-0.040982265663361994,1.0
screen_split,3.0,79,10,1.0,0.3452603632134927,0.3250925262901408,0.5555419921875,0.034041298352097765,0.006595230651434432,71,0.046705199835691436,0.28532356747398857,0.35782136051034885,0.5697479248046875,-0.0142059326171875,1.0,-0.03272883422020806,1.0,-0.07249779303636028,0.0
screen_full,3.0,80,7,1.0,0.2679334746703444,0.4068839878198512,0.57080078125,0.024606752165360717,0.0076609949766628304,54,0.026805537449998196,0.39315345996273066,0.35782136051034885,0.5697479248046875,0.0010528564453125,1.0,0.04906262730950234,0.0,0.035332099452381804,1.0
screen_split,3.0,80,10,1.0,0.42199550948127446,0.4498823575960933,0.602294921875,0.03718240553769339,0.007953996134786317,49,0.029163643409577732,0.4167680476840801,0.35782136051034885,0.5697479248046875,0.0325469970703125,1.0,0.09206099708574444,0.0,0.05894668717373125,1.0
screen_full,3.0,81,10,1.0,0.373218369332733,0.3437014345208976,0.558837890625,0.026311196968065297,0.006520367658840496,69,0.0377461250029418,0.3225921905382009,0.35782136051034885,0.5697479248046875,-0.0109100341796875,1.0,-0.014119925989451276,1.0,-0.03522916997214798,1.0
screen_split,3.0,81,10,1.0,0.3974688062853207,0.35355010049573965,0.567138671875,0.03815192615097537,0.007277416255944492,61,0.03847043730773833,0.3143147522720768,0.35782136051034885,0.5697479248046875,-0.0026092529296875,1.0,-0.004271260014609202,1.0,-0.04350660823827207,1.0
screen_full,3.0,82,10,1.0,0.3159699591393074,0.3732287091540726,0.6094970703125,0.02590075891034429,0.006682423035090126,48,0.02356597336910102,0.35548163714499015,0.35782136051034885,0.5697479248046875,0.0397491455078125,1.0,0.015407348643723728,1.0,-0.0023397233653587035,1.0
screen_split,3.0,82,5,1.0,0.29364138016749075,0.37691917304855505,0.6112060546875,0.034086488613958674,0.007285023824290117,59,0.04668342415657839,0.34382784482055606,0.35782136051034885,0.5697479248046875,0.0414581298828125,1.0,0.019097812538206194,1.0,-0.01399351568979279,1.0
screen_full,3.0,83,10,1.0,0.30251762441908564,0.4054895267881172,0.5906982421875,0.025788216050801997,0.007466900441422725,70,0.0313714697247706,0.386859125609158,0.35782136051034885,0.5697479248046875,0.0209503173828125,1.0,0.047668166277768376,1.0,0.029037765098809176,1.0
screen_split,3.0,83,10,1.0,0.3886767449093379,0.3863769523948818,0.5758056640625,0.03616967470784857,0.007288229351033092,59,0.03686040680052156,0.3536625299758356,0.35782136051034885,0.5697479248046875,0.0060577392578125,1.0,0.028555591884532938,1.0,-0.004158830534513269,1.0
screen_full,3.0,84,7,1.0,0.253806508878063,0.3800351948186978,0.5465087890625,0.024223812227783754,0.007435518759762866,52,0.024580503854345098,0.36816337005052957,0.35782136051034885,0.5697479248046875,-0.0232391357421875,1.0,0.022213834308348945,1.0,0.010342009540180719,1.0
screen_split,3.0,84,10,1.0,0.3637521741229753,0.38737977136220014,0.5791015625,0.03717909627130338,0.00753216382406455,65,0.034829176188639246,0.354995067389274,0.35782136051034885,0.5697479248046875,0.0093536376953125,1.0,0.02955841085185129,1.0,-0.002826293121074852,1.0
screen_full,3.0,85,10,1.0,0.3199144206289263,0.378936636571487,0.534912109375,0.024650887457618845,0.0072642927442385305,61,0.02575964351504604,0.36281238247627834,0.35782136051034885,0.5697479248046875,-0.0348358154296875,1.0,0.021115276061138166,1.0,0.0049910219659294874,1.0
screen_split,3.0,85,4,1.0,0.3553074750233849,0.42941517778388894,0.5863037109375,0.03402013631072204,0.00792322132933922,60,0.033379378535489376,0.403507568158576,0.35782136051034885,0.5697479248046875,0.0165557861328125,1.0,0.07159381727354008,0.0,0.04568620764822717,1.0
screen_full,3.0,86,10,1.0,0.3446131757830446,0.4257284341733884,0.5914306640625,0.02671852410134832,0.007602020789817639,48,0.020732262997767318,0.4104856208840779,0.35782136051034885,0.5697479248046875,0.0216827392578125,1.0,0.06790707366303955,0.0,0.052664260373729066,0.0
screen_split,3.0,86,8,1.0,0.44439502002208797,0.47939138029938355,0.5819091796875,0.036816565670723445,0.00870589486085086,53,0.03007050068663005,0.4498296385897854,0.35782136051034885,0.5697479248046875,0.0121612548828125,1.0,0.1215700197890347,0.0,0.09200827807943657,0.0
screen_full,3.0,87,10,1.0,0.32668297134247404,0.3959198658907568,0.5760498046875,0.026025492304973846,0.007537470018037318,62,0.02821327116797076,0.37964951451718554,0.35782136051034885,0.5697479248046875,0.0063018798828125,1.0,0.03809850538040793,1.0,0.021828154006836686,1.0
screen_split,3.0,87,10,1.0,0.42953590942128356,0.40386858837966466,0.5543212890625,0.037565966545138774,0.00818136075146675,63,0.032210577076755356,0.36892660292493284,0.35782136051034885,0.5697479248046875,-0.0154266357421875,1.0,0.04604722786931581,1.0,0.011105242414583993,1.0
screen_full,3.0,88,9,1.0,0.254657092782748,0.3283400993128244,0.548583984375,0.024491510983808043,0.006812175497097116,51,0.021849574852731257,0.3130353632740173,0.35782136051034885,0.5697479248046875,-0.0211639404296875,1.0,-0.029481261197524478,1.0,-0.04478599723633153,1.0
screen_split,3.0,88,5,1.0,0.31624359225084403,0.3318413013735694,0.5576171875,0.03209908856057819,0.006690649999698064,78,0.053890234872584326,0.29940141407362686,0.35782136051034885,0.5697479248046875,-0.0121307373046875,1.0,-0.025980059136779476,1.0,-0.05841994643672199,1.0
screen_full,3.0,89,10,1.0,0.3838269271987294,0.3327368834389838,0.5679931640625,0.02523129555518992,0.006315973641343624,67,0.03534413444656914,0.3130036001178211,0.35782136051034885,0.5697479248046875,-0.0017547607421875,1.0,-0.025084477071365074,1.0,-0.04481776039252777,1.0
screen_split,3.0,89,10,1.0,0.44849830452157635,0.393441756468918,0.5577392578125,0.036752702262856096,0.007781589928121026,80,0.046789434583038116,0.3496163694653779,0.35782136051034885,0.5697479248046875,-0.0120086669921875,1.0,0.03562039595856914,1.0,-0.008204991044970966,1.0
screen_full,3.0,90,10,1.0,0.33037020279454105,0.3923866426155747,0.6278076171875,0.02881615777243621,0.006748132231383529,54,0.025285151099030755,0.37291317160109394,0.35782136051034885,0.5697479248046875,0.0580596923828125,0.0,0.03456528210522586,1.0,0.015091811090745089,1.0
screen_split,3.0,90,10,1.0,0.36102960557408587,0.35420615224895197,0.55419921875,0.03540981931301747,0.006971469267703543,70,0.044921901010107956,0.3116092957525831,0.35782136051034885,0.5697479248046875,-0.0155487060546875,1.0,-0.003615208261396885,1.0,-0.046212064757765736,1.0
screen_full,3.0,91,10,1.0,0.3395304365472118,0.36154863980342616,0.5853271484375,0.024823097968709486,0.006615058332904604,58,0.026803526548052972,0.3434847881696841,0.35782136051034885,0.5697479248046875,0.0155792236328125,1.0,0.0037272792930773124,1.0,-0.014336572340664766,1.0
screen_split,3.0,91,10,1.0,0.41933056495326204,0.37337769937407184,0.5872802734375,0.0375477928939078,0.006857857002774303,65,0.042392089699168474,0.3308614455850191,0.35782136051034885,0.5697479248046875,0.0175323486328125,1.0,0.015556338863722985,1.0,-0.02695991492532973,1.0
screen_full,3.0,92,10,1.0,0.29301101315545963,0.38215560984056984,0.5606689453125,0.025026780213796535,0.007456846723162364,53,0.020484294875866012,0.36759631990507347,0.35782136051034885,0.5697479248046875,-0.0090789794921875,1.0,0.02433424933022099,1.0,0.009774959394724614,1.0
screen_split,3.0,92,10,1.0,0.4190018434078001,0.37123392542806855,0.5264892578125,0.033674108669304925,0.008066486405502423,71,0.03623724255376267,0.3418354701104685,0.35782136051034885,0.5697479248046875,-0.0432586669921875,1.0,0.013412564917719694,1.0,-0.015985890399880354,1.0
screen_full,3.0,93,10,1.0,0.33067369806411556,0.41660682130542936,0.5887451171875,0.027546300871140895,0.007448979966262873,47,0.024309101643460198,0.3986604371121852,0.35782136051034885,0.5697479248046875,0.0189971923828125,1.0,0.05878546079508051,0.0,0.04083907660183633,1.0
screen_split,3.0,93,5,1.0,0.42353284509619926,0.4502994015303251,0.5950927734375,0.033977503053274405,0.008379390985580637,56,0.029820944693001124,0.42728961285055433,0.35782136051034885,0.5697479248046875,0.0253448486328125,1.0,0.09247804101997625,0.0,0.06946825234020548,0.0
screen_full,3.0,94,9,1.0,0.30657422243453236,0.35998493515650554,0.5606689453125,0.02512457973027793,0.0071103893196361265,58,0.030207476885876584,0.34252166312029675,0.35782136051034885,0.5697479248046875,-0.0090789794921875,1.0,0.002163574646156685,1.0,-0.015299697390052103,1.0
screen_split,3.0,94,10,1.0,0.4561316029171808,0.3700319194431272,0.5321044921875,0.03579447546028677,0.0073680861205276124,55,0.03700113694814139,0.3262198435146568,0.35782136051034885,0.5697479248046875,-0.0376434326171875,1.0,0.012210558932778337,1.0,-0.031601516995692025,1.0
screen_full,3.0,95,4,1.0,0.22714962021164864,0.348570750023166,0.5313720703125,0.022213013973730895,0.007194093338296732,48,0.021792813747175385,0.33832107756125257,0.35782136051034885,0.5697479248046875,-0.0383758544921875,1.0,-0.009250610487182842,1.0,-0.01950028294909628,1.0
screen_split,3.0,95,9,1.0,0.4061277932523269,0.3772468223175908,0.542724609375,0.03385404390016413,0.00817251028815196,50,0.03118763694519206,0.35067078415908953,0.35782136051034885,0.5697479248046875,-0.0270233154296875,1.0,0.019425461807241973,1.0,-0.007150576351259319,1.0
screen_full,3.0,96,9,1.0,0.3199912726817565,0.4133213194930303,0.6107177734375,0.027110144966321928,0.006779313926085729,50,0.02466316482937447,0.39713762875120606,0.35782136051034885,0.5697479248046875,0.0409698486328125,1.0,0.05549995898268145,0.0,0.03931626824085721,1.0
screen_split,3.0,96,3,1.0,0.37331626581652605,0.39760039684018317,0.6072998046875,0.03341143998297549,0.007039554945392923,47,0.04122442759418135,0.3677912434694126,0.35782136051034885,0.5697479248046875,0.0375518798828125,1.0,0.039779036329834316,1.0,0.009969882959063758,1.0
screen_full,3.0,97,10,1.0,0.34660896349646164,0.36653903677424193,0.5791015625,0.02503097782009514,0.007122916020868142,54,0.022986647565189533,0.3503511921030144,0.35782136051034885,0.5697479248046875,0.0093536376953125,1.0,0.008717676263893082,1.0,-0.007470168407334443,1.0
screen_split,3.0,97,10,1.0,0.35705536156919543,0.40841539342438593,0.5892333984375,0.034770197587172966,0.007416407921962269,57,0.032507244841136373,0.37419224210869856,0.35782136051034885,0.5697479248046875,0.0194854736328125,1.0,0.05059403291403708,1.0,0.016370881598349707,1.0
screen_full,3.0,98,10,1.0,0.36891648268058147,0.40772251919728386,0.5811767578125,0.026006982546950257,0.007674376148057182,54,0.020862616553799264,0.3937134149388792,0.35782136051034885,0.5697479248046875,0.0114288330078125,1.0,0.04990115868693501,1.0,0.03589205442853033,1.0
screen_split,3.0,98,10,1.0,0.4250218551555029,0.42461866382899377,0.591064453125,0.0371657819513834,0.007804744588624162,59,0.03358187262715972,0.38271511444468176,0.35782136051034885,0.5697479248046875,0.0213165283203125,1.0,0.06679730331864492,1.0,0.024893753934332907,1.0
screen_full,3.0,99,10,1.0,0.3273137463527713,0.35125347842889904,0.57958984375,0.026499862004544152,0.006656096597331435,62,0.02837699661557629,0.33010429536434016,0.35782136051034885,0.5697479248046875,0.0098419189453125,1.0,-0.006567882081449816,1.0,-0.02771706514600869,1.0
screen_split,3.0,99,3,1.0,0.3446099790982798,0.33887038291110955,0.585693359375,0.03406014113076484,0.007340268311491219,71,0.049165197257817476,0.30377017098735737,0.35782136051034885,0.5697479248046875,0.0159454345703125,1.0,-0.018950977599239305,1.0,-0.05405118952299148,1.0
screen_full,3.0,100,10,1.0,0.27679185531474315,0.37518944437829427,0.5811767578125,0.02584873838326088,0.007274670836473549,51,0.02241946540237764,0.3586407665697848,0.35782136051034885,0.5697479248046875,0.0114288330078125,1.0,0.017368083867945416,1.0,0.0008194060594359232,1.0
screen_split,3.0,100,10,1.0,0.38908843565648393,0.3486929232810539,0.5439453125,0.0354431311829631,0.007217224209050296,55,0.032286112485678094,0.3142392030908584,0.35782136051034885,0.5697479248046875,-0.0258026123046875,1.0,-0.009128437229294961,1.0,-0.04358215741949045,1.0
screen_full,3.0,101,10,1.0,0.32152453706152195,0.3946750509409942,0.58935546875,0.025289532070232847,0.007253768765035724,67,0.025833079093238925,0.37739061695971343,0.35782136051034885,0.5697479248046875,0.0196075439453125,1.0,0.03685369043064535,1.0,0.01956925644936458,1.0
screen_split,3.0,101,10,1.0,0.4352894781223922,0.45043024143674615,0.615234375,0.03866128706885867,0.008264683265068731,59,0.03381325586644536,0.41743556027502493,0.35782136051034885,0.5697479248046875,0.0454864501953125,1.0,0.0926088809263973,0.0,0.05961419976467608,1.0
screen_full,3.0,102,10,1.0,0.2980199978645788,0.38801897716488654,0.585693359375,0.026456597931392184,0.0070740061845577145,63,0.03023583091628972,0.3705043834198355,0.35782136051034885,0.5697479248046875,0.0159454345703125,1.0,0.030197616654537685,1.0,0.012683022909486641,1.0
screen_split,3.0,102,10,1.0,0.41992225355897517,0.4205533965726024,0.6239013671875,0.039223845724272975,0.007023983982453884,68,0.046677354751969075,0.37646068877298805,0.35782136051034885,0.5697479248046875,0.0541534423828125,1.0,0.06273203606225353,1.0,0.0186393282626392,1.0
screen_full,3.0,103,8,1.0,0.3020069061536302,0.3434034432447093,0.5498046875,0.025928548149675084,0.007107828993804664,58,0.0262388667569383,0.3248105427858737,0.35782136051034885,0.5697479248046875,-0.0199432373046875,1.0,-0.014417917265639568,1.0,-0.03301081772447517,1.0
screen_split,3.0,103,3,1.0,0.3139031473302732,0.38303333205697765,0.59521484375,0.03432284552099268,0.0074213572472280175,46,0.03200591306149638,0.36101139809639887,0.35782136051034885,0.5697479248046875,0.0254669189453125,1.0,0.025211971546628797,1.0,0.0031900375860500207,1.0
screen_full,3.0,104,8,1.0,0.31615269499861215,0.39666732453637044,0.5699462890625,0.025660592528948645,0.0076826802634609595,53,0.02279287993233247,0.38254204830707333,0.35782136051034885,0.5697479248046875,0.0001983642578125,1.0,0.038845964026021584,1.0,0.024720687796724483,1.0
screen_split,3.0,104,6,1.0,0.44882981680708467,0.37975538950179166,0.549560546875,0.033138928761916674,0.007494544674159993,57,0.037846700992022635,0.3465123002206395,0.35782136051034885,0.5697479248046875,-0.0201873779296875,1.0,0.02193402899144281,1.0,-0.01130906028970935,1.0
screen_full,3.0,105,10,1.0,0.3420565381018183,0.3826935502424471,0.5799560546875,0.026186956142738665,0.006883231275070657,62,0.027135610897427578,0.3637161961887767,0.35782136051034885,0.5697479248046875,0.0102081298828125,1.0,0.02487218973209826,1.0,0.005894835678427857,1.0
screen_split,3.0,105,10,1.0,0.45931646560782063,0.43029202755380636,0.59228515625,0.03779154587491181,0.007643154494790221,65,0.036990769250039086,0.39555818628728134,0.35782136051034885,0.5697479248046875,0.0225372314453125,1.0,0.0724706670434575,1.0,0.03773682577693249,1.0
screen_full,3.0,106,7,1.0,0.2786066968990558,0.39199197515540535,0.58447265625,0.025508347732705185,0.007157515141966536,60,0.028535760720859456,0.3758741467019436,0.35782136051034885,0.5697479248046875,0.0147247314453125,1.0,0.034170614645056496,1.0,0.018052786191594727,1.0
screen_split,3.0,106,6,1.0,0.3981187181944297,0.4273748192579356,0.5833740234375,0.03629029845982111,0.007748057417935707,59,0.03942678119938366,0.39853641010719065,0.35782136051034885,0.5697479248046875,0.0136260986328125,1.0,0.06955345874758673,1.0,0.0407150495968418,1.0
screen_full,3.0,107,4,1.0,0.21413616020725781,0.3607752296410186,0.5499267578125,0.023402073068322437,0.00698699445026563,51,0.025336730458011155,0.34876908194384904,0.35782136051034885,0.5697479248046875,-0.0198211669921875,1.0,0.0029538691306697507,1.0,-0.009052278566499816,1.0
screen_split,3.0,107,10,1.0,0.43430275298984305,0.44417448282104754,0.5655517578125,0.03436515956633488,0.008499444203961494,71,0.03354026760078109,0.4120943931926571,0.35782136051034885,0.5697479248046875,-0.0041961669921875,1.0,0.0863531223106987,0.0,0.054273032682308264,1.0
screen_full,3.0,108,5,1.0,0.24795392661326543,0.37782044839743534,0.5706787109375,0.024308536956552093,0.007035269364712901,59,0.02809372896702309,0.36368420099184606,0.35782136051034885,0.5697479248046875,0.0009307861328125,1.0,0.019999087887086486,1.0,0.005862840481497211,1.0
screen_split,3.0,108,10,1.0,0.38893998936316293,0.35116121298255826,0.557861328125,0.036300960440740146,0.007259209493792383,60,0.03991656026701665,0.3125616917785665,0.35782136051034885,0.5697479248046875,-0.0118865966796875,1.0,-0.006660147527790594,1.0,-0.04525966873178233,1.0
screen_full,3.0,109,6,1.0,0.28326577268121145,0.3576967185377542,0.539306640625,0.02457400806427447,0.007449906994457826,55,0.023137948599121275,0.3436821742712488,0.35782136051034885,0.5697479248046875,-0.0304412841796875,1.0,-0.00012464197259465237,1.0,-0.014139186239100043,1.0
screen_split,3.0,109,9,1.0,0.36389410659822075,0.4062212219498744,0.5782470703125,0.034906918210634526,0.007622288935927391,61,0.03341137068820285,0.3707445952409895,0.35782136051034885,0.5697479248046875,0.0084991455078125,1.0,0.04839986143952557,1.0,0.012923234730640665,1.0
screen_full,3.0,110,10,1.0,0.29869479006963456,0.36132950747843773,0.5675048828125,0.02588246126365866,0.006796257848164332,59,0.03156531389470341,0.34367968294331097,0.35782136051034885,0.5697479248046875,-0.0022430419921875,1.0,0.0035081469680888766,1.0,-0.01414167756703788,1.0
screen_split,3.0,110,8,1.0,0.35566205744925683,0.3856389527080631,0.5592041015625,0.0345193280525766,0.007655154696918049,51,0.030031432270657632,0.35901235429931916,0.35782136051034885,0.5697479248046875,-0.0105438232421875,1.0,0.027817592197714236,1.0,0.001190993788970307,1.0
screen_full,3.0,111,9,1.0,0.2933842059509438,0.4143936212441178,0.5843505859375,0.024903950030177254,0.007377510180494354,66,0.02911783308732495,0.39861497705503085,0.35782136051034885,0.5697479248046875,0.0146026611328125,1.0,0.056572260733768975,0.0,0.040793616544682,1.0
screen_split,3.0,111,10,1.0,0.4374383109058768,0.4503356179549268,0.637939453125,0.03750504768129528,0.0072578491614333105,51,0.030879719137837453,0.413481162076976,0.35782136051034885,0.5697479248046875,0.0681915283203125,0.0,0.09251425744457797,0.0,0.05565980156662714,1.0
screen_full,3.0,112,10,1.0,0.2808015879429052,0.3697325315611828,0.569091796875,0.025879713155173335,0.006809539007550623,50,0.024792851740250817,0.3555041668664014,0.35782136051034885,0.5697479248046875,-0.0006561279296875,1.0,0.011911171050833946,1.0,-0.002317193643947446,1.0
screen_split,3.0,112,10,1.0,0.42028617729180867,0.3362211332405056,0.52392578125,0.03432678825753168,0.007430388098687662,74,0.04314278354292524,0.2972821205639464,0.35782136051034885,0.5697479248046875,-0.0458221435546875,1.0,-0.02160022726984323,1.0,-0.06053923994640248,1.0
screen_full,3.0,113,4,1.0,0.2601472641754729,0.3856868684219777,0.568603515625,0.023829829243461862,0.006966420909589079,43,0.022275948914178213,0.3743614782685304,0.35782136051034885,0.5697479248046875,-0.0011444091796875,1.0,0.02786550791162884,1.0,0.01654011775818154,1.0
screen_split,3.0,113,10,1.0,0.38330539541382086,0.39817280552906986,0.5919189453125,0.03774309356300009,0.007469101766576425,64,0.04164319502283303,0.36530881089602146,0.35782136051034885,0.5697479248046875,0.0221710205078125,1.0,0.04035144501872101,1.0,0.0074874503856726116,1.0
screen_full,3.0,114,9,1.0,0.3137124430726213,0.3749552314131566,0.583984375,0.026258968827142792,0.00695260498218361,73,0.032185125172513526,0.35854711338733863,0.35782136051034885,0.5697479248046875,0.0142364501953125,1.0,0.01713387090280777,1.0,0.0007257528769897825,1.0
screen_split,3.0,114,10,1.0,0.37704874837373986,0.4008583877848107,0.5738525390625,0.03556868273541597,0.007555691143842035,53,0.025626817306164812,0.37419244548200103,0.35782136051034885,0.5697479248046875,0.0041046142578125,1.0,0.04303702727446185,1.0,0.016371084971652183,1.0
screen_full,3.0,115,9,1.0,0.31270645389186363,0.4266488588413818,0.6170654296875,0.027345981148926106,0.007139610465988009,59,0.028328438258354703,0.408316347340295,0.35782136051034885,0.5697479248046875,0.0473175048828125,1.0,0.06882749833103297,0.0,0.05049498682994613,1.0
screen_split,3.0,115,10,1.0,0.42116948520182396,0.4854770546614356,0.616943359375,0.03950871904225719,0.008060370374305622,48,0.028012918563734293,0.4576291216282648,0.35782136051034885,0.5697479248046875,0.0471954345703125,1.0,0.12765569415108674,0.0,0.09980776111791595,0.0
screen_full,3.0,116,7,1.0,0.3186504875063171,0.3777398170016829,0.589599609375,0.025540842957755223,0.007188195218214502,71,0.03273151302512567,0.35916650393841004,0.35782136051034885,0.5697479248046875,0.0198516845703125,1.0,0.019918456491334058,1.0,0.0013451434280611907,1.0
screen_split,3.0,116,9,1.0,0.47461792696040905,0.39871757621750026,0.556640625,0.03645013195685284,0.008189083683652471,60,0.036677466980714106,0.36543020054910547,0.35782136051034885,0.5697479248046875,-0.0131072998046875,1.0,0.040896215707151407,1.0,0.007608840038756615,1.0
screen_full,3.0,117,10,1.0,0.292459647808564,0.39789524534812315,0.590087890625,0.025819671295422834,0.007051091655467024,66,0.02856421405545458,0.38038874673374223,0.35782136051034885,0.5697479248046875,0.0203399658203125,1.0,0.0400738848377743,1.0,0.022567386223393382,1.0
screen_split,3.0,117,10,1.0,0.4024487120696954,0.4185397376405229,0.608642578125,0.03743999197738976,0.007511335935695691,52,0.031088943576008148,0.3827631611894946,0.35782136051034885,0.5697479248046875,0.0388946533203125,1.0,0.06071837713017403,1.0,0.024941800679145754,1.0
screen_full,3.0,118,10,1.0,0.30388389129680626,0.4105752289897576,0.5509033203125,0.025073365902671417,0.00789592200082096,47,0.020074729555791055,0.39789633125765445,0.35782136051034885,0.5697479248046875,-0.0188446044921875,1.0,0.05275386847940877,0.0,0.040074970747305594,1.0
screen_split,3.0,118,10,1.0,0.4302853972866182,0.4305743051078388,0.55810546875,0.03464371320702807,0.008464594165786965,78,0.040859359588403595,0.3960597537197523,0.35782136051034885,0.5697479248046875,-0.0116424560546875,1.0,0.07275294459748993,0.0,0.038238393209403476,1.0
screen_full,3.0,119,10,1.0,0.28279886315377756,0.387454490055813,0.5697021484375,0.025461110483985024,0.007322840603142067,72,0.03294688502549651,0.36846186832137584,0.35782136051034885,0.5697479248046875,-4.57763671875e-05,1.0,0.029633129545464154,1.0,0.010640507811026989,1.0
screen_split,3.0,119,10,1.0,0.39857420665053467,0.38754134706514487,0.5457763671875,0.03488980454103245,0.008261571698916817,66,0.03586798975420183,0.35771966755086015,0.35782136051034885,0.5697479248046875,-0.0239715576171875,1.0,0.02971998655479602,1.0,-0.00010169295948869728,1.0
screen_full,3.0,120,10,1.0,0.34051655138064324,0.37262505872594637,0.572265625,0.024897002760636486,0.007303979844844701,60,0.024316899869131756,0.3565580628006915,0.35782136051034885,0.5697479248046875,0.0025177001953125,1.0,0.014803698215597516,1.0,-0.0012632977096573295,1.0
screen_split,3.0,120,10,1.0,0.38569212759508653,0.4042612124076988,0.57568359375,0.034704266084139714,0.007965446175788775,61,0.037820157306475394,0.3727443126553584,0.35782136051034885,0.5697479248046875,0.0059356689453125,1.0,0.04643985189734995,1.0,0.01492295214500955,1.0
screen_full,3.0,121,10,1.0,0.30195557211435015,0.3495889506241808,0.5528564453125,0.02514244486086037,0.006984335479143755,55,0.025420613263304307,0.3327922461511722,0.35782136051034885,0.5697479248046875,-0.0168914794921875,1.0,-0.008232409886168024,1.0,-0.025029114359176652,1.0
screen_split,3.0,121,8,1.0,0.32902517042084445,0.3532703850503643,0.5360107421875,0.03351198170847283,0.007382304120823241,47,0.031615121023138584,0.3205538702198629,0.35782136051034885,0.5697479248046875,-0.0337371826171875,1.0,-0.004550975459984563,1.0,-0.03726749029048593,1.0
screen_full,3.0,122,10,1.0,0.26669804431373995,0.38021231046358694,0.5791015625,0.02523810230200949,0.006923497079269895,50,0.023573334917633942,0.3643222191025414,0.35782136051034885,0.5697479248046875,0.0093536376953125,1.0,0.022390949953238093,1.0,0.006500858592192571,1.0
screen_split,3.0,122,10,1.0,0.3461586161058235,0.3610923955015566,0.583984375,0.035142534593470325,0.006908962993568289,48,0.03488272085376457,0.3230665783834095,0.35782136051034885,0.5697479248046875,0.0142364501953125,1.0,0.003271034991207733,1.0,-0.03475478212693933,1.0
screen_full,3.0,123,9,1.0,0.2880870089677434,0.394241638003263,0.6224365234375,0.025544122813312815,0.0066784282218987304,51,0.024776923210505352,0.37850210602405937,0.35782136051034885,0.5697479248046875,0.0526885986328125,0.0,0.036420277492914155,1.0,0.02068074551371052,1.0
screen_split,3.0,123,10,1.0,0.4276345979139583,0.42060146108621527,0.64453125,0.03947541100339129,0.006744806811375415,59,0.041973276268781785,0.37933302631776933,0.35782136051034885,0.5697479248046875,0.0747833251953125,1.0,0.06278010057586642,1.0,0.021511665807420477,1.0
screen_full,3.0,124,10,1.0,0.29240193704285417,0.36756971012730205,0.5516357421875,0.02551841505967444,0.007044201141577074,51,0.022494362173920025,0.35072338068145303,0.35782136051034885,0.5697479248046875,-0.0181121826171875,1.0,0.0097483496169532,1.0,-0.007097979828895817,1.0
screen_split,3.0,124,9,1.0,0.38988347957849495,0.446705796346228,0.5853271484375,0.036396111810869346,0.008237417781434261,66,0.0400644683104446,0.41415662791507313,0.35782136051034885,0.5697479248046875,0.0155792236328125,1.0,0.08888443583587913,0.0,0.056335267404724276,1.0
screen_full,3.0,125,10,1.0,0.30128122750083425,0.3744427778858279,0.5579833984375,0.024796084957585302,0.007049141935995582,57,0.02634245025951204,0.35669116559546327,0.35782136051034885,0.5697479248046875,-0.0117645263671875,1.0,0.016621417375479064,1.0,-0.001130194914885585,1.0
screen_split,3.0,125,5,1.0,0.32719643930873843,0.3899188760806722,0.5252685546875,0.03257507125530237,0.008196178319075128,47,0.030669682750345557,0.362330641399619,0.35782136051034885,0.5697479248046875,-0.0444793701171875,1.0,0.032097515570323365,1.0,0.004509280889270162,1.0
screen_full,3.0,126,10,1.0,0.3301402981554689,0.3811859744521115,0.6005859375,0.02625052302159634,0.00676776555010353,61,0.02970811095353616,0.3619369203708643,0.35782136051034885,0.5697479248046875,0.0308380126953125,1.0,0.023364613941762646,1.0,0.0041155598605154275,1.0
screen_split,3.0,126,6,1.0,0.3748313906678758,0.4245565726369247,0.570556640625,0.03375930378810788,0.008212816275603533,55,0.031038437673387133,0.3983771433901828,0.35782136051034885,0.5697479248046875,0.0008087158203125,1.0,0.06673521212657585,0.0,0.04055578287983397,1.0
screen_full,3.0,127,10,1.0,0.29739193647345874,0.3608418666893631,0.5562744140625,0.02563986790038904,0.006860748656010927,71,0.03357900793695921,0.34156336074413757,0.35782136051034885,0.5697479248046875,-0.0134735107421875,1.0,0.0030205061790142262,1.0,-0.016257999766211284,1.0
screen_split,3.0,127,7,1.0,0.3782729625015759,0.36369227727123954,0.5699462890625,0.03507480716352374,0.0076835262916853135,51,0.03154743020690551,0.3334400989802898,0.35782136051034885,0.5697479248046875,0.0001983642578125,1.0,0.005870916760890688,1.0,-0.02438126153005904,1.0
screen_full,3.0,128,10,1.0,0.3035629287548566,0.3769797813414042,0.618408203125,0.026692727509438376,0.006366048535431007,39,0.024316629374124276,0.3600510747910973,0.35782136051034885,0.5697479248046875,0.0486602783203125,0.0,0.019158420831055345,1.0,0.0022297142807484738,1.0
screen_split,3.0,128,7,1.0,0.3095907537574493,0.3559430945428765,0.5548095703125,0.03510379846495392,0.007118871065684332,50,0.03314849510272605,0.32489252435654653,0.35782136051034885,0.5697479248046875,-0.0149383544921875,1.0,-0.00187826596747237,1.0,-0.03292883615380232,1.0
screen_full,3.0,129,10,1.0,0.31800862265285906,0.38511283839710764,0.597412109375,0.026279073386197768,0.006814234460846847,61,0.028579184153462146,0.3652300926657413,0.35782136051034885,0.5697479248046875,0.0276641845703125,1.0,0.027291477886758786,1.0,0.00740873215539245,1.0
screen_split,3.0,129,8,1.0,0.4717805308985918,0.45854553554223676,0.6312255859375,0.037742352702027866,0.007629808798179668,75,0.03950250028495706,0.4249087773725298,0.35782136051034885,0.5697479248046875,0.0614776611328125,1.0,0.10072417503188791,0.0,0.06708741686218095,1.0
screen_full,3.0,130,4,1.0,0.27454845243088855,0.35040259163437376,0.577880859375,0.023480145016564577,0.007264945670133554,77,0.03539448678151063,0.33683479476422207,0.35782136051034885,0.5697479248046875,0.0081329345703125,1.0,-0.00741876887597509,1.0,-0.020986565746126784,1.0
screen_split,3.0,130,4,1.0,0.31211764800437913,0.35567051772893954,0.592529296875,0.03332049540283839,0.007088036113665897,52,0.031998898430906204,0.3288632553080953,0.35782136051034885,0.5697479248046875,0.0227813720703125,1.0,-0.0021508427814093123,1.0,-0.02895810520225356,1.0
screen_full,3.0,131,10,1.0,0.3446905185434807,0.43470890578124555,0.59326171875,0.026851917171923072,0.007718845278328507,58,0.02285456720850388,0.4205364203211977,0.35782136051034885,0.5697479248046875,0.0235137939453125,1.0,0.0768875452708967,0.0,0.06271505981084885,0.0
screen_split,3.0,131,10,1.0,0.3995216693009715,0.45046646863438333,0.60400390625,0.03860749636610186,0.0081750112574374,44,0.025433196571010938,0.4227346564046214,0.35782136051034885,0.5697479248046875,0.0342559814453125,1.0,0.09264510812403448,0.0,0.06491329589427253,1.0
screen_full,3.0,132,10,1.0,0.3516262875909683,0.4302411422061979,0.6068115234375,0.025874913975759323,0.0072116287929460425,56,0.02687632585360768,0.41166965591225185,0.35782136051034885,0.5697479248046875,0.0370635986328125,1.0,0.07241978169584906,0.0,0.053848295401903,0.0
screen_split,3.0,132,10,1.0,0.47980306981117415,0.49836475307303896,0.6180419921875,0.039261708184508554,0.008386138437884261,66,0.034340736567619094,0.462902522615526,0.35782136051034885,0.5697479248046875,0.0482940673828125,1.0,0.1405433925626901,0.0,0.10508116210517715,0.0
screen_full,3.0,133,10,1.0,0.3016456971014012,0.390822322744572,0.5926513671875,0.025963619455985416,0.006634799515100275,39,0.02138509742546099,0.3753389072332238,0.35782136051034885,0.5697479248046875,0.0229034423828125,1.0,0.03300096223422316,1.0,0.01751754672287492,1.0
screen_split,3.0,133,10,1.0,0.4178848552280419,0.395447863051151,0.5621337890625,0.035394683583175934,0.00739619904966789,51,0.033174602984492464,0.35839227456510075,0.35782136051034885,0.5697479248046875,-0.0076141357421875,1.0,0.03762650254080213,1.0,0.0005709140547519032,1.0
screen_full,3.0,134,10,1.0,0.29219490799540393,0.37277946139246493,0.5826416015625,0.025854189553750694,0.006816465290040383,47,0.021878168412044815,0.3558802945527445,0.35782136051034885,0.5697479248046875,0.0128936767578125,1.0,0.014958100882116077,1.0,-0.0019410659576043487,1.0
screen_split,3.0,134,10,1.0,0.34154956019254507,0.3544742343977939,0.5958251953125,0.03697370364606962,0.006719980315294242,46,0.03281032825259632,0.32046587529567155,0.35782136051034885,0.5697479248046875,0.0260772705078125,1.0,-0.0033471261125549434,1.0,-0.0373554852146773,1.0
screen_full,3.0,135,9,1.0,0.2691585521438734,0.3637937614569423,0.5604248046875,0.02423251916370903,0.007313533480764411,69,0.026723034322783022,0.3493728497564674,0.35782136051034885,0.5697479248046875,-0.0093231201171875,1.0,0.005972400946593459,1.0,-0.008448510753881477,1.0
screen_split,3.0,135,4,1.0,0.32648628226897575,0.368888412204667,0.560791015625,0.033113518632364725,0.007406876571632961,60,0.03755028384000362,0.34242512759395444,0.35782136051034885,0.5697479248046875,-0.0089569091796875,1.0,0.011067051694318153,1.0,-0.015396232916394414,1.0
screen_full,3.0,136,10,1.0,0.2875520986994557,0.40412086309466144,0.6146240234375,0.02754456316582978,0.006948550341955024,72,0.03294246602234646,0.38542758258268206,0.35782136051034885,0.5697479248046875,0.0448760986328125,1.0,0.04629950258431259,1.0,0.02760622207233321,1.0
screen_split,3.0,136,10,1.0,0.40502812368851154,0.3852731700985206,0.569091796875,0.03548164990038576,0.007235119022041804,59,0.03557052497416565,0.3483758429471624,0.35782136051034885,0.5697479248046875,-0.0006561279296875,1.0,0.027451809588171727,1.0,-0.009445517563186456,1.0
screen_full,3.0,137,10,1.0,0.33965024330165383,0.3666070358263295,0.567626953125,0.02594667616786616,0.006767142116323469,67,0.028801109481454708,0.34539671115657966,0.35782136051034885,0.5697479248046875,-0.0021209716796875,1.0,0.008785675315980623,1.0,-0.01242464935376919,1.0
screen_split,3.0,137,10,1.0,0.3574888033371345,0.4203958598796814,0.60498046875,0.037323686392967174,0.007285790966048446,57,0.032859649904292215,0.38396759025209315,0.35782136051034885,0.5697479248046875,0.0352325439453125,1.0,0.06257449936933257,1.0,0.026146229741744298,1.0
screen_full,3.0,138,9,1.0,0.30556761663950305,0.32700800009450354,0.523681640625,0.02375859336957916,0.007016301866803434,54,0.024388265554480797,0.3084096817085637,0.35782136051034885,0.5697479248046875,-0.0460662841796875,1.0,-0.030813360415845314,1.0,-0.04941167880178515,0.0
screen_split,3.0,138,10,1.0,0.4266899150531409,0.33464479049393875,0.533447265625,0.034221130600283076,0.007265546499566252,52,0.030875071038225232,0.29849315775872,0.35782136051034885,0.5697479248046875,-0.0363006591796875,1.0,-0.023176570016410103,1.0,-0.05932820275162887,1.0
screen_full,3.0,139,8,1.0,0.30938298956612265,0.3930811047308305,0.561767578125,0.024593694853409565,0.007815011171192196,61,0.02471034313995846,0.380269284074468,0.35782136051034885,0.5697479248046875,-0.0079803466796875,1.0,0.03525974422048167,1.0,0.02244792356411912,1.0
screen_split,3.0,139,10,1.0,0.41156757168344893,0.43359071001667426,0.5362548828125,0.034949646757476506,0.008940602468347674,59,0.030595988255581713,0.4059023374137508,0.35782136051034885,0.5697479248046875,-0.0334930419921875,1.0,0.07576934950632541,0.0,0.04808097690340196,1.0
screen_full,3.0,140,10,1.0,0.38890977259820186,0.34555696843210887,0.54052734375,0.024795415016463082,0.0069342274041186746,61,0.024900342717637563,0.3293135386060628,0.35782136051034885,0.5697479248046875,-0.0292205810546875,1.0,-0.012264392078239983,1.0,-0.02850782190428608,1.0
screen_split,3.0,140,10,1.0,0.42915767913014435,0.34325455994864207,0.4898681640625,0.03354694577042571,0.007563149487155543,47,0.03155606406575735,0.3100328140723215,0.35782136051034885,0.5697479248046875,-0.0798797607421875,0.0,-0.014566800561706783,1.0,-0.047788546438027324,1.0
screen_full,3.0,141,10,1.0,0.3144613891914003,0.40204446825184337,0.582275390625,0.025174558949672514,0.007216465684769977,54,0.02338892060062162,0.386138491095475,0.35782136051034885,0.5697479248046875,0.0125274658203125,1.0,0.044223107741494516,1.0,0.028317130585126138,1.0
screen_split,3.0,141,10,1.0,0.4280136775120436,0.4147325080190232,0.5882568359375,0.03562167468052398,0.007663820958119352,50,0.03425710464018323,0.3822930818377477,0.35782136051034885,0.5697479248046875,0.0185089111328125,1.0,0.056911147508674376,1.0,0.024471721327398832,1.0
screen_full,3.0,142,10,1.0,0.2969689451675527,0.33684145771670926,0.5582275390625,0.024685602556945865,0.00662263643480468,68,0.0342737767139941,0.31567821341609537,0.35782136051034885,0.5697479248046875,-0.0115203857421875,1.0,-0.020979902793639593,1.0,-0.042143147094253486,1.0
screen_split,3.0,142,10,1.0,0.39748474571834946,0.37201046925958575,0.5797119140625,0.03634103892829298,0.006781275030743247,50,0.035916539386074434,0.3296752513324348,0.35782136051034885,0.5697479248046875,0.0099639892578125,1.0,0.0141891087492369,1.0,-0.028146109177914047,1.0
screen_full,3.0,143,10,1.0,0.2913399846176564,0.3475563105735172,0.5601806640625,0.02410205107575175,0.006699775610129089,66,0.029182915110149997,0.3300916636688814,0.35782136051034885,0.5697479248046875,-0.0095672607421875,1.0,-0.010265049936831638,1.0,-0.027729696841467477,1.0
screen_split,3.0,143,10,1.0,0.39611434647779703,0.3947032285333918,0.595703125,0.0360384842082279,0.006875359065684337,56,0.03376344742933037,0.3559875936991659,0.35782136051034885,0.5697479248046875,0.0259552001953125,1.0,0.03688186802304294,1.0,-0.0018337668111829686,1.0
screen_full,3.0,144,7,1.0,0.320681958788369,0.3550379489568103,0.590576171875,0.026525210165037286,0.006878892513233037,53,0.02598682685335951,0.33880265616792093,0.35782136051034885,0.5697479248046875,0.0208282470703125,1.0,-0.0027834115535385617,1.0,-0.019018704342427917,1.0
screen_split,3.0,144,6,1.0,0.2840523973970059,0.36408211158260806,0.61474609375,0.037403856758557764,0.006332086425959052,39,0.0348651100108729,0.3344354897817367,0.35782136051034885,0.5697479248046875,0.0449981689453125,1.0,0.0062607510722592075,1.0,-0.023385870728612146,1.0
screen_full,3.0,145,3,1.0,0.20491657054843432,0.3164092544303624,0.562255859375,0.023506495023835977,0.006366847908999998,52,0.030676601434724133,0.30645713143451353,0.35782136051034885,0.5697479248046875,-0.0074920654296875,1.0,-0.041412106079986466,1.0,-0.05136422907583532,0.0
screen_split,3.0,145,10,1.0,0.38248753238192046,0.38441392858932494,0.5770263671875,0.0366439263555979,0.00734581474837769,59,0.03586921391711333,0.3469697086282743,0.35782136051034885,0.5697479248046875,0.0072784423828125,1.0,0.026592568078976087,1.0,-0.010851651882074542,1.0
screen_full,3.0,146,10,1.0,0.3146424982201217,0.3951970366882717,0.5928955078125,0.026539929279392745,0.007118593348297633,55,0.028495749814884442,0.37803215418721436,0.35782136051034885,0.5697479248046875,0.0231475830078125,1.0,0.03737567617792287,1.0,0.020210793676865513,1.0
screen_split,3.0,146,9,1.0,0.26881677149414457,0.38832587385871886,0.6011962890625,0.03537547873777705,0.007122994277380675,46,0.02981768634377436,0.3561633803872538,0.35782136051034885,0.5697479248046875,0.0314483642578125,1.0,0.03050451334837001,1.0,-0.0016579801230950375,1.0
screen_full,3.0,147,10,1.0,0.26543383584539915,0.38421408978436344,0.594970703125,0.02491797274290309,0.0066884013725762225,50,0.02511085847601633,0.36938358931706994,0.35782136051034885,0.5697479248046875,0.0252227783203125,1.0,0.026392729274014592,1.0,0.011562228806721087,1.0
screen_split,3.0,147,10,1.0,0.4090713949870671,0.39727399463897584,0.5902099609375,0.03584187791557951,0.007220435247739002,71,0.04427266734514346,0.3624311694611936,0.35782136051034885,0.5697479248046875,0.0204620361328125,1.0,0.039452634128626984,1.0,0.004609808950844729,1.0
screen_full,3.0,148,10,1.0,0.27041591396492454,0.3194672534494529,0.53369140625,0.024300773634276813,0.006708729392275168,57,0.024823921361844883,0.30217560317617487,0.35782136051034885,0.5697479248046875,-0.0360565185546875,1.0,-0.038354107060895926,1.0,-0.055645757334173984,0.0
screen_split,3.0,148,10,1.0,0.40461226179580567,0.3546619138503848,0.5609130859375,0.03488807916161138,0.007266835561762779,57,0.04129661164151736,0.31764742039478056,0.35782136051034885,0.5697479248046875,-0.0088348388671875,1.0,-0.003159446659964038,1.0,-0.040173940115568296,1.0
screen_full,3.0,149,10,1.0,0.34380511798345004,0.3782206634221131,0.5740966796875,0.02603775249070372,0.007352877026136791,61,0.02675267291722029,0.36146762553319434,0.35782136051034885,0.5697479248046875,0.0043487548828125,1.0,0.020399302911764228,1.0,0.003646265022845485,1.0
screen_split,3.0,149,6,1.0,0.44492279520979544,0.38879630792012576,0.5360107421875,0.035005964142773585,0.008229259371667085,55,0.030071208977177973,0.36216583830234805,0.35782136051034885,0.5697479248046875,-0.0337371826171875,1.0,0.03097494740977691,1.0,0.004344477791999202,1.0
