cell,rep,W_true,V_true,h_rmse,W_hat,V_hat,W_se,eps_band,n_band,V_se,V_hat_dev,V_hat_cover,W_hat_dev,W_hat_cover
F1_cubic,0,0.04687213902070653,0.5,0.361703361399228,0.1385783600495748,0.461669921875,0.02130918682896071,0.0037071860504655552,68,0.06143175636538146,-0.038330078125,1.0,0.09170622102886827,0.0
F1_cubic,1,0.04687213902070653,0.5,0.3790265575335032,0.16309166491871235,0.5186767578125,0.022710904486951528,0.003858661938848272,84,0.06462040668756462,0.0186767578125,1.0,0.11621952589800583,0.0
F1_cubic,2,0.04687213902070653,0.5,0.39856683794830383,0.174281761239486,0.5357666015625,0.023766013410733564,0.0039948252880973225,62,0.053325255485713416,0.0357666015625,1.0,0.12740962221877947,0.0
F1_cubic,3,0.04687213902070653,0.5,0.4203465431621217,0.18523641972206406,0.5006103515625,0.02242409704654545,0.004473610167739291,82,0.06078370768261505,0.0006103515625,1.0,0.13836428070135753,0.0
F1_cubic,4,0.04687213902070653,0.5,0.39137227825689286,0.14978447586865767,0.4774169921875,0.022311158280152416,0.00414056389237371,61,0.05002107423558379,-0.0225830078125,1.0,0.10291233684795115,0.0
F1_cubic,5,0.04687213902070653,0.5,0.39497779481159273,0.15144201039270244,0.4583740234375,0.022201604531756267,0.004219607819509845,62,0.05383714771453424,-0.0416259765625,1.0,0.10456987137199591,0.0
F1_cubic,6,0.04687213902070653,0.5,0.3911791299065246,0.12756782150028295,0.435546875,0.021050911115106194,0.003980733803176152,66,0.05766367506512964,-0.064453125,1.0,0.08069568247957642,0.0
F1_cubic,7,0.04687213902070653,0.5,0.37685169288742204,0.14776388892835646,0.475341796875,0.021716571241467107,0.003851775116864425,84,0.06818099174030573,-0.024658203125,1.0,0.10089174990764993,0.0
F1_cubic,8,0.04687213902070653,0.5,0.3487343555098563,0.09729863011522785,0.4068603515625,0.019587102025977722,0.0033896403654471575,74,0.07055163945262331,-0.0931396484375,1.0,0.050426491094521325,0.0
F1_cubic,9,0.04687213902070653,0.5,0.34560624782871774,0.1485566406738277,0.51953125,0.02316123119258433,0.0035562282976171738,72,0.06417310608465525,0.01953125,1.0,0.10168450165312118,0.0
F1_cubic,10,0.04687213902070653,0.5,0.34976418642548146,0.1744070812538703,0.54052734375,0.023349819739288562,0.003798156434388455,67,0.058219028822890595,0.04052734375,1.0,0.12753494223316378,0.0
F1_cubic,11,0.04687213902070653,0.5,0.3595391840524556,0.1479820113047441,0.4879150390625,0.02244194050490075,0.003883186502906637,70,0.05607284711360101,-0.0120849609375,1.0,0.10110987228403756,0.0
F1_cubic,12,0.04687213902070653,0.5,0.36074120965682216,0.1547269914287014,0.49169921875,0.021454945741655726,0.003767465158072061,67,0.06095622518533824,-0.00830078125,1.0,0.10785485240799486,0.0
F1_cubic,13,0.04687213902070653,0.5,0.39246967859433146,0.17436985912738384,0.50341796875,0.022377105427587876,0.004262035490289347,78,0.05364205469753139,0.00341796875,1.0,0.12749772010667731,0.0
F1_cubic,14,0.04687213902070653,0.5,0.3384628213597421,0.16236540810308295,0.5338134765625,0.022874223306447613,0.0036645946362879878,62,0.05850750059432442,0.0338134765625,1.0,0.11549326908237642,0.0
F1_cubic,15,0.04687213902070653,0.5,0.37763157361260263,0.17294702887612584,0.5302734375,0.023506418120783655,0.0038239619424983444,65,0.0541111039169935,0.0302734375,1.0,0.12607488985541931,0.0
F1_cubic,16,0.04687213902070653,0.5,0.37634509396832144,0.19551130975973402,0.578369140625,0.02547050622041591,0.003949587592119959,69,0.057381305243910816,0.078369140625,1.0,0.1486391707390275,0.0
F1_cubic,17,0.04687213902070653,0.5,0.388501551293836,0.12146059416420801,0.454345703125,0.021139010064044082,0.0037940803556185143,84,0.067209848346018,-0.045654296875,1.0,0.07458845514350149,0.0
F1_cubic,18,0.04687213902070653,0.5,0.3965195770667199,0.168099234237449,0.5150146484375,0.023079129962577088,0.0041872301222119135,69,0.05377096418277515,0.0150146484375,1.0,0.12122709521674246,0.0
F1_cubic,19,0.04687213902070653,0.5,0.36019091186581575,0.16485081255474496,0.5203857421875,0.023014718669268915,0.003927632752679528,76,0.062332420113552583,0.0203857421875,1.0,0.11797867353403843,0.0
F1_cubic,20,0.04687213902070653,0.5,0.3787217515193824,0.1557708093596623,0.5098876953125,0.022452966138880887,0.003976201047658753,54,0.04751147438957065,0.0098876953125,1.0,0.10889867033895578,0.0
F1_cubic,21,0.04687213902070653,0.5,0.43609653365052947,0.1830079805484921,0.5228271484375,0.02355233810007482,0.004445047182439305,81,0.06028116541745393,0.0228271484375,1.0,0.13613584152778557,0.0
F1_cubic,22,0.04687213902070653,0.5,0.36037180438561855,0.15671252605324168,0.5145263671875,0.023340533796579504,0.0036809522227924576,65,0.06407508595453956,0.0145263671875,1.0,0.10984038703253515,0.0
F1_cubic,23,0.04687213902070653,0.5,0.37646621536869473,0.14825133142677144,0.4970703125,0.022904535211549656,0.003990309384497806,50,0.04379857664051734,-0.0029296875,1.0,0.10137919240606491,0.0
F1_cubic,24,0.04687213902070653,0.5,0.3578204063145491,0.14839147438788372,0.51513671875,0.022286323904106693,0.0036963148059432427,66,0.062072061457757226,0.01513671875,1.0,0.1015193353671772,0.0
F1_cubic,25,0.04687213902070653,0.5,0.3755472120118474,0.15348476873676678,0.48388671875,0.021902491412358307,0.003933712811023223,68,0.05909761712668386,-0.01611328125,1.0,0.10661262971606025,0.0
F1_cubic,26,0.04687213902070653,0.5,0.383141912768331,0.14278646699415465,0.478515625,0.02121620318756722,0.0038746036584621914,62,0.05671836789651341,-0.021484375,1.0,0.09591432797344812,0.0
F1_cubic,27,0.04687213902070653,0.5,0.36133737121986076,0.12642983829491466,0.4296875,0.02074147893548007,0.003943994940681653,65,0.05569953169923383,-0.0703125,1.0,0.07955769927420814,0.0
F1_cubic,28,0.04687213902070653,0.5,0.32571943483676186,0.14039024338629993,0.49951171875,0.021879702623146556,0.0035830843219304105,55,0.04998622313696528,-0.00048828125,1.0,0.09351810436559341,0.0
F1_cubic,29,0.04687213902070653,0.5,0.31173977856215557,0.1268041394910616,0.5,0.022072932227453875,0.003372160998535803,81,0.0773594044301203,0.0,1.0,0.07993200047035506,0.0
F1_cubic,30,0.04687213902070653,0.5,0.3973474401754303,0.16396518013017722,0.50390625,0.022438424239536105,0.004060564378849309,83,0.06825692513810241,0.00390625,1.0,0.11709304110947069,0.0
F1_cubic,31,0.04687213902070653,0.5,0.4072029575882021,0.14076707584177203,0.44970703125,0.02125804209329381,0.00399640444173014,66,0.05319347289311537,-0.05029296875,1.0,0.0938949368210655,0.0
F1_cubic,32,0.04687213902070653,0.5,0.35103592929700006,0.12456217504393538,0.4461669921875,0.020826606566471468,0.0036691891594084008,67,0.06969022284181665,-0.0538330078125,1.0,0.07769003602322885,0.0
F1_cubic,33,0.04687213902070653,0.5,0.34084711690422337,0.1298087203411089,0.4747314453125,0.022196949961161325,0.0035010350134591795,70,0.06619477505996314,-0.0252685546875,1.0,0.08293658132040238,0.0
F1_cubic,34,0.04687213902070653,0.5,0.368274243934742,0.16104169883748515,0.5225830078125,0.023160637084991827,0.003841731741465771,62,0.05165763676437084,0.0225830078125,1.0,0.11416955981677862,0.0
F1_cubic,35,0.04687213902070653,0.5,0.34042657019237144,0.12408080566544202,0.4605712890625,0.02025420471595608,0.003615408247045584,83,0.07234437484207845,-0.0394287109375,1.0,0.0772086666447355,0.0
F1_cubic,36,0.04687213902070653,0.5,0.3323912756783465,0.14998401139749948,0.5274658203125,0.023285513498527196,0.003417420497326061,85,0.0840042494214172,0.0274658203125,1.0,0.10311187237679295,0.0
F1_cubic,37,0.04687213902070653,0.5,0.34013786810541474,0.14814385676827818,0.5343017578125,0.023608166724083668,0.003501505332601119,72,0.06256535583315219,0.0343017578125,1.0,0.10127171774757165,0.0
F1_cubic,38,0.04687213902070653,0.5,0.33558500779503736,0.13611076406500144,0.5050048828125,0.022139371951974553,0.003463249485236172,84,0.0815066863448232,0.0050048828125,1.0,0.08923862504429492,0.0
F1_cubic,39,0.04687213902070653,0.5,0.3735381342800723,0.18162617105239087,0.558349609375,0.024872802324549543,0.0038631292003362488,74,0.06481879543559181,0.058349609375,1.0,0.13475403203168435,0.0
F1_cubic,40,0.04687213902070653,0.5,0.3901522013957157,0.15417410289629935,0.5181884765625,0.022528790711660463,0.003933194538472911,63,0.05614242939208787,0.0181884765625,1.0,0.10730196387559282,0.0
F1_cubic,41,0.04687213902070653,0.5,0.45208437229178133,0.21060171819203816,0.5535888671875,0.023945299599190124,0.004497282796473003,62,0.046535471911988896,0.0535888671875,1.0,0.16372957917133163,0.0
F1_cubic,42,0.04687213902070653,0.5,0.39016032736730355,0.1876585012136378,0.590576171875,0.026351888657964444,0.003811683738128149,44,0.043923262439685334,0.090576171875,0.0,0.14078636219293128,0.0
F1_cubic,43,0.04687213902070653,0.5,0.4051336951895172,0.16291364232341718,0.5150146484375,0.02313778375666926,0.004150373221262875,74,0.05751543892027019,0.0150146484375,1.0,0.11604150330271065,0.0
F1_cubic,44,0.04687213902070653,0.5,0.3293952340300165,0.13609014883285628,0.483642578125,0.02193730937812459,0.0035085183762678914,58,0.059465782398337004,-0.016357421875,1.0,0.08921800981214975,0.0
F1_cubic,45,0.04687213902070653,0.5,0.3680577340893606,0.1783337496049641,0.568359375,0.024191972112623188,0.0038955764794228447,71,0.06738618420182735,0.068359375,1.0,0.13146161058425757,0.0
F1_cubic,46,0.04687213902070653,0.5,0.29366357280513183,0.1346810715994422,0.4923095703125,0.022566127372886793,0.003406683634422419,53,0.055105241780854027,-0.0076904296875,1.0,0.08780893257873568,0.0
F1_cubic,47,0.04687213902070653,0.5,0.3832856191431452,0.1704431413777247,0.5413818359375,0.023698853427519297,0.003847602157427325,75,0.0661122100655548,0.0413818359375,1.0,0.12357100235701818,0.0
F1_cubic,48,0.04687213902070653,0.5,0.41137171197323835,0.18408405365214298,0.50341796875,0.022857517139388377,0.004427246911284853,65,0.05827536463352602,0.00341796875,1.0,0.13721191463143645,0.0
F1_cubic,49,0.04687213902070653,0.5,0.38931566832031744,0.15162284944988208,0.4849853515625,0.022015370050351396,0.004134083752560655,56,0.04764821623434782,-0.0150146484375,1.0,0.10475071042917555,0.0
F1_cubic,50,0.04687213902070653,0.5,0.30639993803118154,0.11453319477387301,0.4979248046875,0.023068343138352924,0.0031186246768540407,83,0.08167971755249859,-0.0020751953125,1.0,0.06766105575316649,0.0
F1_cubic,51,0.04687213902070653,0.5,0.3628965215386525,0.1972687795617545,0.603271484375,0.02451854746192461,0.003642971561413152,77,0.06673381333431479,0.103271484375,1.0,0.15039664054104798,0.0
F1_cubic,52,0.04687213902070653,0.5,0.3599436270869501,0.1711436097228036,0.533203125,0.02373270443985702,0.003963924891111394,62,0.05556875937490267,0.033203125,1.0,0.12427147070209707,0.0
F1_cubic,53,0.04687213902070653,0.5,0.3930687709015273,0.14441346119619589,0.450439453125,0.020848476748093033,0.004036237303158045,75,0.05834914118013467,-0.049560546875,1.0,0.09754132217548936,0.0
F1_cubic,54,0.04687213902070653,0.5,0.32989491290722267,0.16753100296866658,0.533447265625,0.02290362163062648,0.0036964693817228243,63,0.0565776167380395,0.033447265625,1.0,0.12065886394796005,0.0
F1_cubic,55,0.04687213902070653,0.5,0.3565154545659557,0.13658315799233253,0.5135498046875,0.02249959798296419,0.003649968167358126,60,0.06289367380112548,0.0135498046875,1.0,0.089711018971626,0.0
F1_cubic,56,0.04687213902070653,0.5,0.39488360710609616,0.15991247784976123,0.50390625,0.022199726086188403,0.004024294176690764,72,0.05323685519399919,0.00390625,1.0,0.1130403388290547,0.0
F1_cubic,57,0.04687213902070653,0.5,0.36562141209251725,0.15567761778723116,0.51513671875,0.02284055312653247,0.0037570194868140256,74,0.06199152279513705,0.01513671875,1.0,0.10880547876652463,0.0
F1_cubic,58,0.04687213902070653,0.5,0.3658884704251433,0.15961308544419658,0.5242919921875,0.02319215660997457,0.0037951556506553756,78,0.061502196679407116,0.0242919921875,1.0,0.11274094642349006,0.0
F1_cubic,59,0.04687213902070653,0.5,0.4230173252754581,0.18306671221192264,0.494140625,0.022405421576887085,0.004450569245026918,73,0.05244599460457577,-0.005859375,1.0,0.1361945731912161,0.0
F1_cubic,60,0.04687213902070653,0.5,0.3758938125980755,0.14355135521904444,0.4649658203125,0.022220690872964705,0.0040129105443562916,54,0.05023237407312282,-0.0350341796875,1.0,0.09667921619833791,0.0
F1_cubic,61,0.04687213902070653,0.5,0.43663794885871393,0.15656887427633137,0.446044921875,0.02057218897999069,0.004474471428582377,71,0.053077084778541866,-0.053955078125,1.0,0.10969673525562484,0.0
F1_cubic,62,0.04687213902070653,0.5,0.3995273189277119,0.15185031961812853,0.46826171875,0.02076571422889895,0.0041723377308941515,64,0.05430405954761278,-0.03173828125,1.0,0.104978180597422,0.0
F1_cubic,63,0.04687213902070653,0.5,0.33420872274189,0.14635040902225416,0.530029296875,0.02253562701080786,0.0035831546863893753,82,0.0702901886411817,0.030029296875,1.0,0.09947827000154763,0.0
F1_cubic,64,0.04687213902070653,0.5,0.3849011581455533,0.1676392182190699,0.5159912109375,0.023210887394240397,0.004072776718582471,71,0.05988028340353211,0.0159912109375,1.0,0.12076707919836338,0.0
F1_cubic,65,0.04687213902070653,0.5,0.35313343018376797,0.1355258329613832,0.4725341796875,0.021561327777391757,0.0036180756925658897,68,0.0626039679936887,-0.0274658203125,1.0,0.08865369394067668,0.0
F1_cubic,66,0.04687213902070653,0.5,0.38150803354373053,0.15824388989781046,0.5010986328125,0.02290923157492254,0.003886727922983654,66,0.06320300710988934,0.0010986328125,1.0,0.11137175087710394,0.0
F1_cubic,67,0.04687213902070653,0.5,0.409751965743987,0.16093148045039893,0.4925537109375,0.023294685628729026,0.0040157759134623345,65,0.04875031146393484,-0.0074462890625,1.0,0.1140593414296924,0.0
F1_cubic,68,0.04687213902070653,0.5,0.35316491389206944,0.17210940629871918,0.554931640625,0.023170515361034247,0.003657838390110402,64,0.0619236816776077,0.054931640625,1.0,0.12523726727801265,0.0
F1_cubic,69,0.04687213902070653,0.5,0.37748803270952097,0.15993146052773208,0.5413818359375,0.0234129579233361,0.0038492341624472124,68,0.0564397759345329,0.0413818359375,1.0,0.11305932150702555,0.0
F1_cubic,70,0.04687213902070653,0.5,0.37080360224315223,0.15876823907938548,0.5263671875,0.023427867287203755,0.003813350002436139,70,0.059003244469991,0.0263671875,1.0,0.11189610005867895,0.0
F1_cubic,71,0.04687213902070653,0.5,0.34497715095679093,0.13604975538050518,0.4599609375,0.021638038630353525,0.0035609730030157754,54,0.05331660692176064,-0.0400390625,1.0,0.08917761635979865,0.0
F1_cubic,72,0.04687213902070653,0.5,0.35584303755864666,0.1657342627090801,0.5294189453125,0.023281253123385914,0.0037953185100577593,70,0.05886480208635859,0.0294189453125,1.0,0.11886212368837357,0.0
F1_cubic,73,0.04687213902070653,0.5,0.3490653921037383,0.15678648491378586,0.5159912109375,0.023469242510524114,0.003794583422068241,67,0.05648719226391262,0.0159912109375,1.0,0.10991434589307933,0.0
F1_cubic,74,0.04687213902070653,0.5,0.36109160694255266,0.1428073553940555,0.4796142578125,0.022505576001945894,0.003722564641405428,80,0.06940916989959979,-0.0203857421875,1.0,0.09593521637334898,0.0
F1_cubic,75,0.04687213902070653,0.5,0.36849331637998994,0.17320899577351273,0.52587890625,0.023919889445097056,0.003959016625685302,74,0.06037832247897539,0.02587890625,1.0,0.1263368567528062,0.0
F1_cubic,76,0.04687213902070653,0.5,0.3581715329396347,0.14195513584788128,0.499267578125,0.022351739768481583,0.0037368062715573153,64,0.05742680795306839,-0.000732421875,1.0,0.09508299682717475,0.0
F1_cubic,77,0.04687213902070653,0.5,0.3669907812445143,0.15208230886825527,0.5079345703125,0.022944835453978712,0.0038004805338468094,77,0.06421526767537505,0.0079345703125,1.0,0.10521016984754875,0.0
F1_cubic,78,0.04687213902070653,0.5,0.3449022428185623,0.1292604388126467,0.459228515625,0.020897834413836847,0.003779795724558416,71,0.05915093378772726,-0.040771484375,1.0,0.08238829979194018,0.0
F1_cubic,79,0.04687213902070653,0.5,0.3254961681645767,0.1305758579240046,0.45849609375,0.020764887848472587,0.0036508502744806706,52,0.05217433038983074,-0.04150390625,1.0,0.08370371890329809,0.0
F1_cubic,80,0.04687213902070653,0.5,0.3635885369556968,0.13447044673610575,0.4326171875,0.020099047694753243,0.003969678876296001,67,0.05902752488039506,-0.0673828125,1.0,0.08759830771539923,0.0
F1_cubic,81,0.04687213902070653,0.5,0.35961740080484933,0.13109387496381103,0.4515380859375,0.021747218166059366,0.0038108735444644633,61,0.060372803600023436,-0.0484619140625,1.0,0.0842217359431045,0.0
F1_cubic,82,0.04687213902070653,0.5,0.33317003196185246,0.14262345329065082,0.5013427734375,0.021388930027160972,0.0035859158795723827,67,0.06552523325529379,0.0013427734375,1.0,0.0957513142699443,0.0
F1_cubic,83,0.04687213902070653,0.5,0.4084584750677016,0.16367369286016883,0.5018310546875,0.0229602285351863,0.004187366740679404,88,0.06704665280098951,0.0018310546875,1.0,0.11680155383946231,0.0
F1_cubic,84,0.04687213902070653,0.5,0.3388233891229155,0.11287609838512286,0.424072265625,0.020304458644719966,0.003405646704662417,68,0.0633019070628067,-0.075927734375,1.0,0.06600395936441633,0.0
F1_cubic,85,0.04687213902070653,0.5,0.39197399984876086,0.14766450845194673,0.492431640625,0.022138611814828207,0.003996027784414418,68,0.05322725865280846,-0.007568359375,1.0,0.1007923694312402,0.0
F1_cubic,86,0.04687213902070653,0.5,0.3651231547956858,0.134239411660262,0.4859619140625,0.021857151932520212,0.0035497199487228744,76,0.06850918190026653,-0.0140380859375,1.0,0.08736727263955546,0.0
F1_cubic,87,0.04687213902070653,0.5,0.40819782262984233,0.15048414223653245,0.47265625,0.02184257242490964,0.004316453479408048,74,0.05653231055282199,-0.02734375,1.0,0.10361200321582592,0.0
F1_cubic,88,0.04687213902070653,0.5,0.34442276540924116,0.13659727915486358,0.5045166015625,0.022695412691357365,0.003716584930164943,64,0.05824911630473197,0.0045166015625,1.0,0.08972514013415706,0.0
F1_cubic,89,0.04687213902070653,0.5,0.38730736537479427,0.15096250145863058,0.51171875,0.02225016505647506,0.004016906849711961,59,0.05304193116558076,0.01171875,1.0,0.10409036243792405,0.0
F1_cubic,90,0.04687213902070653,0.5,0.3571390046080534,0.13066127061934804,0.4793701171875,0.023089930044215168,0.0036315592876294688,55,0.051279083685284006,-0.0206298828125,1.0,0.08378913159864151,0.0
F1_cubic,91,0.04687213902070653,0.5,0.35206122077188423,0.16579297645620228,0.5228271484375,0.02445216360676183,0.0038326967828110387,78,0.07001885061844786,0.0228271484375,1.0,0.11892083743549575,0.0
F1_cubic,92,0.04687213902070653,0.5,0.400557700707997,0.11361825287034809,0.4102783203125,0.01980594441452027,0.004156680930675094,74,0.056616331668793235,-0.0897216796875,1.0,0.06674611384964156,0.0
F1_cubic,93,0.04687213902070653,0.5,0.37642504672341054,0.12514823562108873,0.4410400390625,0.019925604906350574,0.003756777244411573,59,0.054526137493534084,-0.0589599609375,1.0,0.0782760966003822,0.0
F1_cubic,94,0.04687213902070653,0.5,0.3648546136263819,0.1137270215860445,0.4447021484375,0.02111364434118785,0.0037724427913696373,59,0.05605205195940368,-0.0552978515625,1.0,0.06685488256533798,0.0
F1_cubic,95,0.04687213902070653,0.5,0.3584923695333438,0.14454404311761032,0.505126953125,0.023092398190301882,0.00358227942864815,81,0.0659612182438402,0.005126953125,1.0,0.0976719040969038,0.0
F1_cubic,96,0.04687213902070653,0.5,0.39851467813630176,0.1665734180367478,0.48291015625,0.021079263182687744,0.004234094858925521,71,0.061788550981801346,-0.01708984375,1.0,0.11970127901604127,0.0
F1_cubic,97,0.04687213902070653,0.5,0.37784467946625444,0.15926044261327155,0.527587890625,0.02364664312200259,0.0039078424746838755,67,0.0548416890434479,0.027587890625,1.0,0.11238830359256502,0.0
F1_cubic,98,0.04687213902070653,0.5,0.36224083231608634,0.12445519787586518,0.4459228515625,0.02146191602060188,0.0037882145906442655,64,0.05802596187792561,-0.0540771484375,1.0,0.07758305885515865,0.0
F1_cubic,99,0.04687213902070653,0.5,0.4021625953038028,0.15239755069528432,0.5091552734375,0.02329739392161613,0.003954630719058451,81,0.06881690453099307,0.0091552734375,1.0,0.1055254116745778,0.0
F1_cubic,100,0.04687213902070653,0.5,0.3930216182158081,0.17103765222334652,0.5107421875,0.022828222348627858,0.004197541906860004,77,0.06022989021655383,0.0107421875,1.0,0.12416551320264,0.0
F1_cubic,101,0.04687213902070653,0.5,0.37550570998445587,0.17687364480515258,0.5723876953125,0.024583787864723282,0.003875384411149529,69,0.055950336034190765,0.0723876953125,1.0,0.13000150578444605,0.0
F1_cubic,102,0.04687213902070653,0.5,0.3689413405544038,0.14247321119097414,0.505615234375,0.022843856935463345,0.003757200469487144,79,0.06996528554863744,0.005615234375,1.0,0.09560107217026761,0.0
F1_cubic,103,0.04687213902070653,0.5,0.32974277518993345,0.12957262954421184,0.4921875,0.021889357625019996,0.0033396801781332137,65,0.06556695303911403,-0.0078125,1.0,0.08270049052350531,0.0
F1_cubic,104,0.04687213902070653,0.5,0.3795566609257692,0.16897274679727298,0.537109375,0.023518215671963535,0.004063503556098061,66,0.05545026259248273,0.037109375,1.0,0.12210060777656645,0.0
F1_cubic,105,0.04687213902070653,0.5,0.3723333044456182,0.17433764701901724,0.5435791015625,0.02372143535745295,0.003737420528725208,77,0.0681174573590014,0.0435791015625,1.0,0.12746550799831072,0.0
F1_cubic,106,0.04687213902070653,0.5,0.41058161341881233,0.14663819599402222,0.4725341796875,0.02226614237455813,0.0041808912426011145,68,0.056473358790625906,-0.0274658203125,1.0,0.0997660569733157,0.0
F1_cubic,107,0.04687213902070653,0.5,0.39552844934094916,0.15142068804509962,0.5028076171875,0.02173909910057403,0.0038970925993540464,68,0.05910932568604131,0.0028076171875,1.0,0.10454854902439309,0.0
F1_cubic,108,0.04687213902070653,0.5,0.38351937291733934,0.15010457664116977,0.505615234375,0.022232646900917283,0.0039412136080521675,87,0.06777494249783951,0.005615234375,1.0,0.10323243762046325,0.0
F1_cubic,109,0.04687213902070653,0.5,0.34637639423484795,0.14781302801478163,0.5052490234375,0.023012942166954965,0.003700396762639708,76,0.06964980157867458,0.0052490234375,1.0,0.1009408889940751,0.0
F1_cubic,110,0.04687213902070653,0.5,0.3548387389219948,0.1686654943317862,0.491455078125,0.02233060812194584,0.004080978386827481,54,0.048624542100718704,-0.008544921875,1.0,0.12179335531107968,0.0
F1_cubic,111,0.04687213902070653,0.5,0.4221335167282939,0.16374611359028227,0.4678955078125,0.022062747540386327,0.0043526007503672986,67,0.050480440072566315,-0.0321044921875,1.0,0.11687397456957574,0.0
F1_cubic,112,0.04687213902070653,0.5,0.3838236672180659,0.14887216632563555,0.4732666015625,0.022059026433687408,0.004003871646845219,83,0.07065410215734132,-0.0267333984375,1.0,0.10200002730492902,0.0
F1_cubic,113,0.04687213902070653,0.5,0.36514849427169177,0.17726147020031194,0.552001953125,0.023439568886544353,0.0038244403423094426,70,0.059978224513428116,0.052001953125,1.0,0.1303893311796054,0.0
F1_cubic,114,0.04687213902070653,0.5,0.3923209454910002,0.13155345746449426,0.4791259765625,0.02132586122484431,0.004013313100311201,71,0.05627729008173395,-0.0208740234375,1.0,0.08468131844378773,0.0
F1_cubic,115,0.04687213902070653,0.5,0.3814184265014447,0.12388359088521422,0.4212646484375,0.01974798232860491,0.003738478774472322,68,0.0597704464144678,-0.0787353515625,1.0,0.0770114518645077,0.0
F1_cubic,116,0.04687213902070653,0.5,0.35312216285329656,0.10899822309657302,0.4266357421875,0.019734122868929498,0.003493410850811286,71,0.06507735294529973,-0.0733642578125,1.0,0.06212608407586649,0.0
F1_cubic,117,0.04687213902070653,0.5,0.3824866574361479,0.14804937539907786,0.458740234375,0.020941339797576303,0.0041818897480043835,76,0.05863751464865533,-0.041259765625,1.0,0.10117723637837134,0.0
F1_cubic,118,0.04687213902070653,0.5,0.4053502412979896,0.1848501122768416,0.542236328125,0.023546300503398187,0.0041157899209677655,83,0.0578723941884348,0.042236328125,1.0,0.13797797325613506,0.0
F1_cubic,119,0.04687213902070653,0.5,0.38928336320348483,0.17161388696750293,0.520263671875,0.02343262128028549,0.004135912580444615,84,0.06256041870000059,0.020263671875,1.0,0.1247417479467964,0.0
F1_cubic,120,0.04687213902070653,0.5,0.4028469679949237,0.14681567251933197,0.466552734375,0.022372581826218013,0.0040815510786874586,63,0.05304052203843652,-0.033447265625,1.0,0.09994353349862545,0.0
F1_cubic,121,0.04687213902070653,0.5,0.369265876787591,0.1452230564531907,0.5433349609375,0.023195533937193577,0.0036386092454910542,64,0.05603313925153311,0.0433349609375,1.0,0.09835091743248417,0.0
F1_cubic,122,0.04687213902070653,0.5,0.36066616803319695,0.12090450702321291,0.4302978515625,0.02047222620755658,0.003765033743163504,63,0.058557494585471465,-0.0697021484375,1.0,0.07403236800250639,0.0
F1_cubic,123,0.04687213902070653,0.5,0.3570877130269887,0.147911588178748,0.465576171875,0.02158003559781102,0.003817278555249692,52,0.049407693852860646,-0.034423828125,1.0,0.10103944915804147,0.0
F1_cubic,124,0.04687213902070653,0.5,0.3818998230149924,0.1402828917981283,0.4716796875,0.022324441241881383,0.003963907454596588,62,0.05547676820537225,-0.0283203125,1.0,0.09341075277742178,0.0
F1_cubic,125,0.04687213902070653,0.5,0.30386196213327415,0.1371563927471891,0.52392578125,0.022954728793922248,0.003368846242671072,55,0.05419730298035355,0.02392578125,1.0,0.09028425372648258,0.0
F1_cubic,126,0.04687213902070653,0.5,0.38003701561849684,0.14718043727111735,0.5084228515625,0.023148006158924157,0.0038210241661496874,62,0.05556360546889492,0.0084228515625,1.0,0.10030829825041082,0.0
F1_cubic,127,0.04687213902070653,0.5,0.4029112659547127,0.16231075654087398,0.512451171875,0.02224502802024786,0.003996580122997909,47,0.04761232848453671,0.012451171875,1.0,0.11543861752016746,0.0
F1_cubic,128,0.04687213902070653,0.5,0.31902400804358794,0.1322961553961609,0.521728515625,0.02280403833083005,0.003382669038259134,55,0.06029014484354318,0.021728515625,1.0,0.08542401637545438,0.0
F1_cubic,129,0.04687213902070653,0.5,0.3804349047750249,0.17944643208149086,0.558349609375,0.02374429697311962,0.003974119188869077,75,0.06178954929477234,0.058349609375,1.0,0.13257429306078433,0.0
F1_cubic,130,0.04687213902070653,0.5,0.3317896467897284,0.1357637425246674,0.5208740234375,0.022845047543252985,0.003500211032687692,73,0.06964828047430402,0.0208740234375,1.0,0.08889160350396089,0.0
F1_cubic,131,0.04687213902070653,0.5,0.3903382601097745,0.18203875787586665,0.573486328125,0.024332697669767006,0.003866362271878684,82,0.06727258444354996,0.073486328125,1.0,0.13516661885516013,0.0
F1_cubic,132,0.04687213902070653,0.5,0.3687738676572021,0.1304416055706928,0.4473876953125,0.020866495873862315,0.0039333955275852196,72,0.0628402383222048,-0.0526123046875,1.0,0.08356946654998626,0.0
F1_cubic,133,0.04687213902070653,0.5,0.36433746944914275,0.163344682296701,0.5328369140625,0.023189485764489343,0.003827180531877821,66,0.05462952247886614,0.0328369140625,1.0,0.11647254327599446,0.0
F1_cubic,134,0.04687213902070653,0.5,0.3727859562720937,0.14961496957320397,0.4927978515625,0.022746393526620938,0.003992876207442589,67,0.05243934402523374,-0.0072021484375,1.0,0.10274283055249744,0.0
F1_cubic,135,0.04687213902070653,0.5,0.37697900179659355,0.1561865150259812,0.526123046875,0.023632155971456226,0.004046232742096536,66,0.056295284127666004,0.026123046875,1.0,0.10931437600527466,0.0
F1_cubic,136,0.04687213902070653,0.5,0.4000540454107667,0.15955976601337282,0.47314453125,0.02230201187705037,0.004069573432052777,67,0.05685336211060757,-0.02685546875,1.0,0.1126876269926663,0.0
F1_cubic,137,0.04687213902070653,0.5,0.35145932570189115,0.10551149502806474,0.4434814453125,0.021241511883833743,0.003345996900981592,70,0.07144407128724896,-0.0565185546875,1.0,0.058639356007358215,0.0
F1_cubic,138,0.04687213902070653,0.5,0.39399474063968654,0.1455553684702735,0.5001220703125,0.022100801127329903,0.0038724572002328374,68,0.059486001831428055,0.0001220703125,1.0,0.09868322944956698,0.0
F1_cubic,139,0.04687213902070653,0.5,0.35179514901423775,0.173835271008311,0.598388671875,0.025194176751347653,0.0033973014283254135,66,0.06804370642795197,0.098388671875,1.0,0.12696313198760448,0.0
F1_cubic,140,0.04687213902070653,0.5,0.39133808243880197,0.15982545898087103,0.49951171875,0.023007832904890033,0.004028122688405232,71,0.06403410746503058,-0.00048828125,1.0,0.1129533199601645,0.0
F1_cubic,141,0.04687213902070653,0.5,0.3313772218834143,0.1258987333219782,0.47607421875,0.021680569052641922,0.0034901932954055303,61,0.05715842001834545,-0.02392578125,1.0,0.07902659430127168,0.0
F1_cubic,142,0.04687213902070653,0.5,0.41890655740393073,0.19719828356730415,0.5555419921875,0.02475716189946662,0.0044331434753390655,60,0.04661907162088665,0.0555419921875,1.0,0.15032614454659762,0.0
F1_cubic,143,0.04687213902070653,0.5,0.3585648742111333,0.13390633064954305,0.4517822265625,0.021239441670952347,0.003794624062162813,81,0.06981021053732245,-0.0482177734375,1.0,0.08703419162883652,0.0
F1_cubic,144,0.04687213902070653,0.5,0.413553848335911,0.19058574823356295,0.547607421875,0.024460539727671916,0.004319364514269701,73,0.06123670570575326,0.047607421875,1.0,0.14371360921285642,0.0
F1_cubic,145,0.04687213902070653,0.5,0.3747699726471225,0.1422299956984024,0.4832763671875,0.02194791661035119,0.004005427806942144,68,0.053824006258842906,-0.0167236328125,1.0,0.09535785667769586,0.0
F1_cubic,146,0.04687213902070653,0.5,0.371122291593656,0.14756330559405498,0.488037109375,0.02185781704374883,0.003969586101480344,71,0.060359745292973374,-0.011962890625,1.0,0.10069116657334845,0.0
F1_cubic,147,0.04687213902070653,0.5,0.3583048884744987,0.14179442308885273,0.5013427734375,0.02314817368629134,0.003718983751870648,62,0.05120041646931942,0.0013427734375,1.0,0.0949222840681462,0.0
F1_cubic,148,0.04687213902070653,0.5,0.36183461777756193,0.1423233172570626,0.4710693359375,0.02129350309525041,0.003745534436494962,68,0.060082978884321965,-0.0289306640625,1.0,0.09545117823635607,0.0
F1_cubic,149,0.04687213902070653,0.5,0.3440720200181358,0.13101888825950003,0.4910888671875,0.022050187967629597,0.0032986126628805033,73,0.07318325133978068,-0.0089111328125,1.0,0.0841467492387935,0.0
F2_screen_miss,0,0.35782136051034885,0.5697479248046875,0.3236079032358859,0.41512784759488075,0.563232421875,0.03042300328028728,0.006154844209507289,34,0.027071418330406362,-0.0065155029296875,1.0,0.0573064870845319,1.0
F2_screen_miss,1,0.35782136051034885,0.5697479248046875,0.32671223918209874,0.31811951361137847,0.5230712890625,0.030006003135653336,0.005197846675078091,34,0.03276324589368583,-0.0466766357421875,1.0,-0.03970184689897038,1.0
F2_screen_miss,2,0.35782136051034885,0.5697479248046875,0.3246863360714262,0.38624075328718066,0.6395263671875,0.032455022428217455,0.005946617969518444,59,0.05434611556505617,0.0697784423828125,1.0,0.02841939277683181,1.0
F2_screen_miss,3,0.35782136051034885,0.5697479248046875,0.33016187762163,0.42233855805689746,0.661865234375,0.032049817413776105,0.0060031643808525,49,0.040000476799312644,0.0921173095703125,0.0,0.06451719754654861,0.0
F2_screen_miss,4,0.35782136051034885,0.5697479248046875,0.3006905223859533,0.3587822153687428,0.6141357421875,0.031230150388479493,0.00590232958644658,38,0.03387055935659792,0.0443878173828125,1.0,0.0009608548583939225,1.0
F2_screen_miss,5,0.35782136051034885,0.5697479248046875,0.3384747377283975,0.42144765817668817,0.57568359375,0.031050393684666538,0.006015912222901089,36,0.03161411432848617,0.0059356689453125,1.0,0.06362629766633932,0.0
F2_screen_miss,6,0.35782136051034885,0.5697479248046875,0.3260284715111985,0.4143417662689917,0.625732421875,0.033973410992848285,0.005765418676397966,35,0.032195717950390355,0.0559844970703125,1.0,0.05652040575864287,1.0
F2_screen_miss,7,0.35782136051034885,0.5697479248046875,0.3162669182638671,0.398788267374108,0.5731201171875,0.031525985436317044,0.006144378803403905,44,0.036741170958699824,0.0033721923828125,1.0,0.040966906863759145,1.0
F2_screen_miss,8,0.35782136051034885,0.5697479248046875,0.3004736006019454,0.33693448327359293,0.543212890625,0.029938679184869386,0.005577697902884608,40,0.03499208090825636,-0.0265350341796875,1.0,-0.02088687723675592,1.0
F2_screen_miss,9,0.35782136051034885,0.5697479248046875,0.31497305622670135,0.36414591308574484,0.6453857421875,0.03231355186484814,0.00610840467493573,40,0.034944212236321916,0.0756378173828125,0.0,0.006324552575395992,1.0
F2_screen_miss,10,0.35782136051034885,0.5697479248046875,0.3359851200290738,0.413677099194653,0.543701171875,0.02912193878030438,0.006153683656361372,37,0.029348199236986665,-0.0260467529296875,1.0,0.05585573868430416,1.0
F2_screen_miss,11,0.35782136051034885,0.5697479248046875,0.3057643527372355,0.342695075297883,0.5845947265625,0.030794322735869826,0.005891350380345257,37,0.03237607038809044,0.0148468017578125,1.0,-0.01512628521246584,1.0
F2_screen_miss,12,0.35782136051034885,0.5697479248046875,0.3278063596440006,0.3711487290888743,0.65185546875,0.0321578873355898,0.004976824392695443,40,0.043456584469380305,0.0821075439453125,1.0,0.013327368578525456,1.0
F2_screen_miss,13,0.35782136051034885,0.5697479248046875,0.3055974160581008,0.3773124583764315,0.5821533203125,0.0319412681024666,0.006185895076116328,52,0.04415276140721219,0.0124053955078125,1.0,0.019491097866082663,1.0
F2_screen_miss,14,0.35782136051034885,0.5697479248046875,0.30886578762607053,0.37352994686257296,0.5478515625,0.029276216613607013,0.006203182951069203,41,0.03328466661976351,-0.0218963623046875,1.0,0.015708586352224108,1.0
F2_screen_miss,15,0.35782136051034885,0.5697479248046875,0.3460605404913365,0.401208244064574,0.5880126953125,0.031597576286231575,0.005342110865219228,30,0.029691978857585278,0.0182647705078125,1.0,0.04338688355422515,1.0
F2_screen_miss,16,0.35782136051034885,0.5697479248046875,0.3079382299009602,0.3401874170954661,0.610107421875,0.032191775628469824,0.005317604610385531,34,0.032694571701723574,0.0403594970703125,1.0,-0.017633943414882725,1.0
F2_screen_miss,17,0.35782136051034885,0.5697479248046875,0.3094580970301747,0.38354241099325376,0.5745849609375,0.03055405705582486,0.005805365643545771,34,0.029454042871968938,0.0048370361328125,1.0,0.025721050482904906,1.0
F2_screen_miss,18,0.35782136051034885,0.5697479248046875,0.30727102903995684,0.36141582963417634,0.5723876953125,0.029857897570489747,0.005730751226435338,53,0.048052545882944914,0.0026397705078125,1.0,0.003594469123827493,1.0
F2_screen_miss,19,0.35782136051034885,0.5697479248046875,0.32193621345340107,0.34785469156235194,0.6370849609375,0.03282063013921047,0.005874273999103672,35,0.031101360898159614,0.0673370361328125,0.0,-0.009966668947996915,1.0
F2_screen_miss,20,0.35782136051034885,0.5697479248046875,0.31225152975275866,0.39029702043473835,0.557861328125,0.03024385942009885,0.00617247954306561,35,0.028197187839839294,-0.0118865966796875,1.0,0.0324756599243895,1.0
F2_screen_miss,21,0.35782136051034885,0.5697479248046875,0.33273896459877683,0.3919826740652457,0.6298828125,0.0319602986459568,0.0052571711433310395,34,0.03383126092907367,0.0601348876953125,1.0,0.03416131355489682,1.0
F2_screen_miss,22,0.35782136051034885,0.5697479248046875,0.3160870703150338,0.31555792121695414,0.627685546875,0.03299280260878438,0.0059800809116750675,77,0.0694469383858599,0.0579376220703125,1.0,-0.04226343929339471,1.0
F2_screen_miss,23,0.35782136051034885,0.5697479248046875,0.32122591509769366,0.38152603468648255,0.622802734375,0.031997642015922936,0.00544261824045451,39,0.037720267784883674,0.0530548095703125,1.0,0.0237046741761337,1.0
F2_screen_miss,24,0.35782136051034885,0.5697479248046875,0.3180135339896287,0.3935955272168456,0.58447265625,0.03176188831122214,0.006491050096356231,38,0.0297826983262999,0.0147247314453125,1.0,0.035774166706496746,1.0
F2_screen_miss,25,0.35782136051034885,0.5697479248046875,0.32325459510399207,0.4133276877053816,0.6409912109375,0.03194067877217542,0.006071868273768764,36,0.031839037701152394,0.0712432861328125,0.0,0.055506327195032734,1.0
F2_screen_miss,26,0.35782136051034885,0.5697479248046875,0.31887622939848487,0.39004474652482174,0.6220703125,0.03260585298774229,0.0059829422037361805,71,0.06341462435754215,0.0523223876953125,1.0,0.03222338601447289,1.0
F2_screen_miss,27,0.35782136051034885,0.5697479248046875,0.32148719427376826,0.354018322209889,0.5904541015625,0.03025684928341072,0.005196211194907139,42,0.0425264983518784,0.0207061767578125,1.0,-0.00380303830045986,1.0
F2_screen_miss,28,0.35782136051034885,0.5697479248046875,0.33715251801719054,0.3532859213687821,0.5877685546875,0.030440015856423547,0.005001258678341955,52,0.05437785844112358,0.0180206298828125,1.0,-0.004535439141566733,1.0
F2_screen_miss,29,0.35782136051034885,0.5697479248046875,0.3200300897757929,0.4218246274424084,0.611572265625,0.030793167934828544,0.006846381978936151,43,0.032243309422515395,0.0418243408203125,1.0,0.06400326693205954,0.0
F2_screen_miss,30,0.35782136051034885,0.5697479248046875,0.32615524146346525,0.3845288634383148,0.618896484375,0.03216019842608851,0.0053996123593765075,35,0.03528687140158415,0.0491485595703125,1.0,0.026707502927965976,1.0
F2_screen_miss,31,0.35782136051034885,0.5697479248046875,0.3216321684493638,0.4110300087889889,0.6380615234375,0.03237546305706623,0.005754376883646079,41,0.03803059172639374,0.0683135986328125,1.0,0.053208648278640025,1.0
F2_screen_miss,32,0.35782136051034885,0.5697479248046875,0.3423606379801821,0.41449983128360773,0.6214599609375,0.032022644814849066,0.005457570518805897,39,0.03878630675674265,0.0517120361328125,1.0,0.05667847077325888,1.0
F2_screen_miss,33,0.35782136051034885,0.5697479248046875,0.33169688142572884,0.36881392174155225,0.5654296875,0.030265709320380606,0.006698332613733318,54,0.040885502217566136,-0.0043182373046875,1.0,0.010992561231203402,1.0
F2_screen_miss,34,0.35782136051034885,0.5697479248046875,0.31484673678295616,0.39187172734509007,0.59375,0.03198642784367799,0.006000984343432369,49,0.04327492285851682,0.0240020751953125,1.0,0.03405036683474122,1.0
F2_screen_miss,35,0.35782136051034885,0.5697479248046875,0.31590912407624755,0.39571747220485837,0.5697021484375,0.030929345345800868,0.006340667688138344,54,0.042852381765602326,-4.57763671875e-05,1.0,0.037896111694509516,1.0
F2_screen_miss,36,0.35782136051034885,0.5697479248046875,0.3045564088420585,0.30075619408072674,0.536865234375,0.029062008062427102,0.0053390132147673195,34,0.030346469651068395,-0.0328826904296875,1.0,-0.057065166429622116,0.0
F2_screen_miss,37,0.35782136051034885,0.5697479248046875,0.3047097777428653,0.33441592279035587,0.60498046875,0.031665864981978854,0.005772765427625245,62,0.055759044833472035,0.0352325439453125,1.0,-0.023405437719992983,1.0
F2_screen_miss,38,0.35782136051034885,0.5697479248046875,0.31386339191554097,0.3713080892456369,0.5631103515625,0.03018870404719513,0.00590777321362207,28,0.023990737580418715,-0.0066375732421875,1.0,0.013486728735288056,1.0
F2_screen_miss,39,0.35782136051034885,0.5697479248046875,0.3140571036742971,0.37375666450885875,0.6610107421875,0.033536319813557126,0.0059278914202255785,40,0.035451498349165896,0.0912628173828125,0.0,0.015935303998509898,1.0
F2_screen_miss,40,0.35782136051034885,0.5697479248046875,0.3122002942845232,0.3682663683343508,0.5804443359375,0.030781113248806783,0.005589912763559034,37,0.03432172674435671,0.0106964111328125,1.0,0.010445007824001928,1.0
F2_screen_miss,41,0.35782136051034885,0.5697479248046875,0.32787447051561985,0.3809465734121056,0.6298828125,0.032496169721105715,0.005679358966626826,38,0.03554831634406037,0.0601348876953125,1.0,0.02312521290175673,1.0
F2_screen_miss,42,0.35782136051034885,0.5697479248046875,0.3183850753934685,0.36975966697544616,0.57568359375,0.030646661282106896,0.0061000235198496846,48,0.03971571629234844,0.0059356689453125,1.0,0.011938306465097304,1.0
F2_screen_miss,43,0.35782136051034885,0.5697479248046875,0.3283985070298799,0.40782396876223126,0.66845703125,0.03308438689565811,0.005943358257409983,28,0.023969230923056146,0.0987091064453125,0.0,0.05000260825188241,1.0
F2_screen_miss,44,0.35782136051034885,0.5697479248046875,0.29693805305248305,0.34661782111272993,0.5804443359375,0.030999196478390726,0.005730595650598434,36,0.03138923733558234,0.0106964111328125,1.0,-0.011203539397618922,1.0
F2_screen_miss,45,0.35782136051034885,0.5697479248046875,0.3128846207806357,0.3859570399697416,0.5911865234375,0.030902206671811858,0.005649851167494486,42,0.03963387771573611,0.0214385986328125,1.0,0.02813567945939277,1.0
F2_screen_miss,46,0.35782136051034885,0.5697479248046875,0.3008334498698679,0.342006130022079,0.552001953125,0.03036840260408069,0.006382144480487549,44,0.03437183283373936,-0.0177459716796875,1.0,-0.015815230488269827,1.0
F2_screen_miss,47,0.35782136051034885,0.5697479248046875,0.32602656615347775,0.4240991658115565,0.657470703125,0.03262493539630814,0.006268384977600539,47,0.040707555365008995,0.0877227783203125,0.0,0.06627780530120764,0.0
F2_screen_miss,48,0.35782136051034885,0.5697479248046875,0.3410798798136212,0.41029320188071544,0.682861328125,0.03391076948927994,0.005386037061815823,40,0.03850806918398346,0.1131134033203125,0.0,0.05247184137036659,1.0
F2_screen_miss,49,0.35782136051034885,0.5697479248046875,0.3473469989348096,0.44292918342448356,0.58935546875,0.0309364248799992,0.006368251243659035,51,0.03975115243538197,0.0196075439453125,1.0,0.08510782291413471,0.0
F2_screen_miss,50,0.35782136051034885,0.5697479248046875,0.31063641901843814,0.38446549559091275,0.5809326171875,0.0307716819886487,0.005777136262494015,35,0.030526782178623254,0.0111846923828125,1.0,0.026644135080563902,1.0
F2_screen_miss,51,0.35782136051034885,0.5697479248046875,0.31133585123180507,0.40004891929082176,0.5819091796875,0.03135167567399864,0.005998715277771267,35,0.02884541324499365,0.0121612548828125,1.0,0.04222755878047291,1.0
F2_screen_miss,52,0.35782136051034885,0.5697479248046875,0.340343484831566,0.3960314647568685,0.5982666015625,0.03171602686638803,0.005588687555999851,66,0.05963021601949994,0.0285186767578125,1.0,0.03821010424651966,1.0
F2_screen_miss,53,0.35782136051034885,0.5697479248046875,0.31068096498837233,0.39810067355707895,0.5908203125,0.03069316542179715,0.00607807028518242,45,0.037213246312216355,0.0210723876953125,1.0,0.0402793130467301,1.0
F2_screen_miss,54,0.35782136051034885,0.5697479248046875,0.3140818857598727,0.3784354980960339,0.575439453125,0.0306700922562754,0.006347438277972888,67,0.054572017709969514,0.0056915283203125,1.0,0.020614137585685033,1.0
F2_screen_miss,55,0.35782136051034885,0.5697479248046875,0.3026255850135354,0.3285479223056139,0.569580078125,0.030839525322838558,0.00609894302039271,69,0.057882359783408846,-0.0001678466796875,1.0,-0.029273438204734936,1.0
F2_screen_miss,56,0.35782136051034885,0.5697479248046875,0.3494672222524353,0.4696662516464743,0.658203125,0.03350330744804005,0.006358707934309597,41,0.034651173608127146,0.0884552001953125,0.0,0.11184489113612545,0.0
F2_screen_miss,57,0.35782136051034885,0.5697479248046875,0.30427512178725213,0.3695649069493488,0.56640625,0.030963742886992957,0.005818197072992883,44,0.036811181441952265,-0.0033416748046875,1.0,0.011743546438999941,1.0
F2_screen_miss,58,0.35782136051034885,0.5697479248046875,0.3223809119868359,0.42442287308506754,0.590576171875,0.031386457834694424,0.006589822521015149,52,0.04058274237158374,0.0208282470703125,1.0,0.06660151257471869,0.0
F2_screen_miss,59,0.35782136051034885,0.5697479248046875,0.3140827029950258,0.4064346358037966,0.5947265625,0.030222787129281455,0.0062362061971453836,34,0.027589975631526705,0.0249786376953125,1.0,0.04861327529344772,1.0
F2_screen_miss,60,0.35782136051034885,0.5697479248046875,0.3072446798281279,0.397181434132679,0.5789794921875,0.030637710556856053,0.006214135812560218,38,0.03189133956477026,0.0092315673828125,1.0,0.03936007362233013,1.0
F2_screen_miss,61,0.35782136051034885,0.5697479248046875,0.3084962482277548,0.3836718657192643,0.6077880859375,0.031476608274190604,0.006325040351402593,34,0.028278214185829938,0.0380401611328125,1.0,0.025850505208915464,1.0
F2_screen_miss,62,0.35782136051034885,0.5697479248046875,0.3095426431619868,0.3976478004829971,0.58837890625,0.030564034488186623,0.006296401455422968,48,0.039140927423915686,0.0186309814453125,1.0,0.03982643997264823,1.0
F2_screen_miss,63,0.35782136051034885,0.5697479248046875,0.3150739050237601,0.4077830425232956,0.6134033203125,0.0322467466449452,0.006151168873092541,34,0.029184222089883662,0.0436553955078125,1.0,0.04996168201294676,1.0
F2_screen_miss,64,0.35782136051034885,0.5697479248046875,0.32173538544882774,0.3567954931371412,0.570068359375,0.030885258588181717,0.005828080080540634,74,0.06405277127505717,0.0003204345703125,1.0,-0.001025867373207645,1.0
F2_screen_miss,65,0.35782136051034885,0.5697479248046875,0.3460754886547761,0.4538875257692051,0.6229248046875,0.031721586559504626,0.0067541863934158656,36,0.02828154271505019,0.0531768798828125,1.0,0.09606616525885625,0.0
F2_screen_miss,66,0.35782136051034885,0.5697479248046875,0.30474319194121524,0.38605279821779825,0.5828857421875,0.03059114837115377,0.006215399480939892,45,0.03752447179083921,0.0131378173828125,1.0,0.028231437707449403,1.0
F2_screen_miss,67,0.35782136051034885,0.5697479248046875,0.3082097007267106,0.342118586710117,0.5897216796875,0.031985578853104046,0.005790775977106351,47,0.042329757775535895,0.0199737548828125,1.0,-0.01570277380023183,1.0
F2_screen_miss,68,0.35782136051034885,0.5697479248046875,0.32876457011228527,0.40723601704123724,0.6181640625,0.03211703519069201,0.006571644394838858,57,0.046548357058693514,0.0484161376953125,1.0,0.04941465653088839,1.0
F2_screen_miss,69,0.35782136051034885,0.5697479248046875,0.3337788220685731,0.33334783154716674,0.53564453125,0.029056618225968507,0.005259625044343792,71,0.06605560460664557,-0.0341033935546875,1.0,-0.024473528963182112,1.0
F2_screen_miss,70,0.35782136051034885,0.5697479248046875,0.34362549651750046,0.4578402360972972,0.57666015625,0.03130593522227269,0.007178180272503322,36,0.026691130353157913,0.0069122314453125,1.0,0.10001887558694833,0.0
F2_screen_miss,71,0.35782136051034885,0.5697479248046875,0.32392169334009774,0.4093270322965624,0.617431640625,0.03184010053585938,0.005700284006476917,43,0.039205194075121755,0.0476837158203125,1.0,0.05150567178621357,1.0
F2_screen_miss,72,0.35782136051034885,0.5697479248046875,0.31149212296727835,0.4066783420222603,0.6273193359375,0.03275710393907938,0.006183472344806087,37,0.03211246615558342,0.0575714111328125,1.0,0.048856981511911424,1.0
F2_screen_miss,73,0.35782136051034885,0.5697479248046875,0.333247465123715,0.44016557086963587,0.610107421875,0.03168809308187391,0.0063522794741936285,46,0.03836087074206982,0.0403594970703125,1.0,0.08234421035928702,0.0
F2_screen_miss,74,0.35782136051034885,0.5697479248046875,0.3428639662015086,0.37081825219216336,0.530029296875,0.030007332909998387,0.005845578183056092,26,0.021425914379588476,-0.0397186279296875,1.0,0.012996891681814504,1.0
F2_screen_miss,75,0.35782136051034885,0.5697479248046875,0.3132094774254594,0.40030642435979835,0.5782470703125,0.032014351410049394,0.006183898371925446,44,0.03739395113682642,0.0084991455078125,1.0,0.0424850638494495,1.0
F2_screen_miss,76,0.35782136051034885,0.5697479248046875,0.3126777618889351,0.3886435574783447,0.63134765625,0.03215032366402121,0.006438077691552946,36,0.028558340553244573,0.0615997314453125,0.0,0.030822196967995874,1.0
F2_screen_miss,77,0.35782136051034885,0.5697479248046875,0.31137169841137524,0.3864354526227415,0.6041259765625,0.031518907172972226,0.006209438081231514,45,0.03775662981275384,0.0343780517578125,1.0,0.02861409211239263,1.0
F2_screen_miss,78,0.35782136051034885,0.5697479248046875,0.31161969386131927,0.35277700880883034,0.5966796875,0.0312342958873853,0.0056598118912515585,36,0.033005453665390795,0.0269317626953125,1.0,-0.005044351701518512,1.0
F2_screen_miss,79,0.35782136051034885,0.5697479248046875,0.3152247505148054,0.3926958907129572,0.5758056640625,0.030614720524712858,0.005942203538279355,42,0.03568798934857984,0.0060577392578125,1.0,0.034874530202608334,1.0
F2_screen_miss,80,0.35782136051034885,0.5697479248046875,0.3203422450565494,0.3730513776506441,0.61767578125,0.031197139393730117,0.005603143185113068,41,0.039314296105517614,0.0479278564453125,1.0,0.01523001714029526,1.0
F2_screen_miss,81,0.35782136051034885,0.5697479248046875,0.32360399795741396,0.3817790794907362,0.5753173828125,0.032183272330403,0.005545993965392035,39,0.036324550953805046,0.0055694580078125,1.0,0.023957718980387344,1.0
F2_screen_miss,82,0.35782136051034885,0.5697479248046875,0.3155389053258814,0.34642538063973605,0.611328125,0.03052882160729376,0.005798190268740595,102,0.08962549974198562,0.0415802001953125,1.0,-0.011395979870612805,1.0
F2_screen_miss,83,0.35782136051034885,0.5697479248046875,0.3496340084367733,0.4399503955753782,0.682373046875,0.032992026201402624,0.006052102788755224,44,0.03822673230318879,0.1126251220703125,0.0,0.08212903506502933,0.0
F2_screen_miss,84,0.35782136051034885,0.5697479248046875,0.3132235109885373,0.34538634650586664,0.606201171875,0.03236892810442605,0.005586502565898594,54,0.049969441770167364,0.0364532470703125,1.0,-0.012435014004482214,1.0
F2_screen_miss,85,0.35782136051034885,0.5697479248046875,0.32844878476229245,0.3506434745692092,0.5355224609375,0.030358316555676234,0.005313380315964295,35,0.03236497957534208,-0.0342254638671875,1.0,-0.007177885941139661,1.0
F2_screen_miss,86,0.35782136051034885,0.5697479248046875,0.32334794869634426,0.3727547293261065,0.5782470703125,0.03040004956152545,0.005565006709644694,29,0.02628342840940376,0.0084991455078125,1.0,0.01493336881575763,1.0
F2_screen_miss,87,0.35782136051034885,0.5697479248046875,0.32353650254475086,0.3908397398488496,0.596435546875,0.030750258217408174,0.005648964916015198,50,0.04658555097227014,0.0266876220703125,1.0,0.03301837933850077,1.0
F2_screen_miss,88,0.35782136051034885,0.5697479248046875,0.3382845215507427,0.36316781908255535,0.666748046875,0.03342423326087973,0.005069855727755193,29,0.03137737200561765,0.0970001220703125,0.0,0.005346458572206503,1.0
F2_screen_miss,89,0.35782136051034885,0.5697479248046875,0.3122485711867828,0.3811673735468394,0.58203125,0.030464967974900312,0.005804029583814827,30,0.02694635360518892,0.0122833251953125,1.0,0.02334601303649053,1.0
F2_screen_miss,90,0.35782136051034885,0.5697479248046875,0.32320453437506574,0.4065754304119029,0.6651611328125,0.03314881073662601,0.006204379345447994,37,0.031373272081377634,0.0954132080078125,0.0,0.048754069901554065,1.0
F2_screen_miss,91,0.35782136051034885,0.5697479248046875,0.31655159269092875,0.3990350337468179,0.57421875,0.030145652553613643,0.005959085676292767,39,0.03424303043761522,0.0044708251953125,1.0,0.04121367323646907,1.0
F2_screen_miss,92,0.35782136051034885,0.5697479248046875,0.31046323689825506,0.39138487333966215,0.545166015625,0.029508374246733887,0.006366590508657118,39,0.03069490393740517,-0.0245819091796875,1.0,0.0335635128293133,1.0
F2_screen_miss,93,0.35782136051034885,0.5697479248046875,0.30459874445817003,0.35825628683790667,0.6043701171875,0.03243065467801934,0.0056137790542399105,46,0.04100270911752291,0.0346221923828125,1.0,0.00043492632755781635,1.0
F2_screen_miss,94,0.35782136051034885,0.5697479248046875,0.33304340165052887,0.4125728825069867,0.630859375,0.03227263732536531,0.005954204258333036,30,0.02725599636181775,0.0611114501953125,0.0,0.05475152199663785,1.0
F2_screen_miss,95,0.35782136051034885,0.5697479248046875,0.3423129891410414,0.42994969828092877,0.694580078125,0.03395448367000034,0.00581660727458049,41,0.03591618771893673,0.1248321533203125,0.0,0.07212833777057992,0.0
F2_screen_miss,96,0.35782136051034885,0.5697479248046875,0.32634581219621805,0.41387554149112604,0.565673828125,0.030141906671018237,0.006254900779182013,32,0.02630840624372123,-0.0040740966796875,1.0,0.05605418098077719,1.0
F2_screen_miss,97,0.35782136051034885,0.5697479248046875,0.34148807301960493,0.3532724642480321,0.69970703125,0.03389799423314922,0.005444676620049854,66,0.06382328592597454,0.1299591064453125,0.0,-0.004548896262316748,1.0
F2_screen_miss,98,0.35782136051034885,0.5697479248046875,0.31285340969935715,0.3936396078668321,0.5596923828125,0.02958404993713464,0.006099566092270783,42,0.033847795570490176,-0.0100555419921875,1.0,0.03581824735648326,1.0
F2_screen_miss,99,0.35782136051034885,0.5697479248046875,0.3345373207566637,0.4339514476974684,0.6646728515625,0.033081135657267814,0.0063567524863242676,38,0.03270141809893639,0.0949249267578125,0.0,0.07613008718711956,0.0
F2_screen_miss,100,0.35782136051034885,0.5697479248046875,0.34538119794360794,0.4405628717104491,0.66552734375,0.03360581054453133,0.00619866620830017,32,0.028008442358420888,0.0957794189453125,0.0,0.08274151120010026,0.0
F2_screen_miss,101,0.35782136051034885,0.5697479248046875,0.326552515771526,0.34908276187584675,0.5533447265625,0.029949010598463163,0.005621592806447044,81,0.07185825614132543,-0.0164031982421875,1.0,-0.008738598634502104,1.0
F2_screen_miss,102,0.35782136051034885,0.5697479248046875,0.33101580090941823,0.4404319277846497,0.60595703125,0.03174939446127196,0.006309110228520053,45,0.038084028543498766,0.0362091064453125,1.0,0.08261056727430083,0.0
F2_screen_miss,103,0.35782136051034885,0.5697479248046875,0.3101572517693771,0.3729591096853592,0.5338134765625,0.029173863497302284,0.006429026720713775,31,0.02432219685961079,-0.0359344482421875,1.0,0.015137749175010373,1.0
F2_screen_miss,104,0.35782136051034885,0.5697479248046875,0.3428330803519487,0.37245986073648407,0.6820068359375,0.033817248666706795,0.0053527422403790515,36,0.03624982586833711,0.1122589111328125,0.0,0.01463850022613522,1.0
F2_screen_miss,105,0.35782136051034885,0.5697479248046875,0.3295468481000829,0.3863553204279778,0.57373046875,0.031398219157454665,0.006570224870684672,49,0.03773773965684928,0.0039825439453125,1.0,0.02853395991762897,1.0
F2_screen_miss,106,0.35782136051034885,0.5697479248046875,0.30844373595551094,0.3792907512222107,0.571533203125,0.030803605177261113,0.005843728202398271,45,0.03921143764353564,0.0017852783203125,1.0,0.021469390711861824,1.0
F2_screen_miss,107,0.35782136051034885,0.5697479248046875,0.31421733546253505,0.3520414995452157,0.5830078125,0.03134543762391211,0.005341557500281657,49,0.04756134889241483,0.0132598876953125,1.0,-0.005779860965133166,1.0
F2_screen_miss,108,0.35782136051034885,0.5697479248046875,0.3216817017202234,0.3991181359506942,0.6383056640625,0.032675438166925766,0.006193276638464664,46,0.03960706957675596,0.0685577392578125,1.0,0.041296775440345324,1.0
F2_screen_miss,109,0.35782136051034885,0.5697479248046875,0.3092994437783031,0.381667088169644,0.5919189453125,0.030656892379773985,0.005656124202635995,42,0.037746124206808875,0.0221710205078125,1.0,0.023845727659295157,1.0
F2_screen_miss,110,0.35782136051034885,0.5697479248046875,0.3288442566262694,0.3545806177144968,0.613037109375,0.03138935484029839,0.005383688348002186,28,0.027078895420766202,0.0432891845703125,1.0,-0.0032407427958520696,1.0
F2_screen_miss,111,0.35782136051034885,0.5697479248046875,0.32745126664078783,0.4270099168058651,0.643798828125,0.032461939041651025,0.006764671852655914,44,0.03501191739748981,0.0740509033203125,0.0,0.06918855629551623,0.0
F2_screen_miss,112,0.35782136051034885,0.5697479248046875,0.3419270405174557,0.4360172138279126,0.6337890625,0.032875310758173584,0.006239284717353338,58,0.04973220117482316,0.0640411376953125,1.0,0.07819585331756373,0.0
F2_screen_miss,113,0.35782136051034885,0.5697479248046875,0.3192293765415808,0.351346828419842,0.5943603515625,0.030380525037844344,0.005318623530635843,54,0.05151561222834862,0.0246124267578125,1.0,-0.006474532090506857,1.0
F2_screen_miss,114,0.35782136051034885,0.5697479248046875,0.30502963285444384,0.37769442308106843,0.6279296875,0.032714720525671176,0.005756926936919668,37,0.03439928091764706,0.0581817626953125,1.0,0.01987306257071958,1.0
F2_screen_miss,115,0.35782136051034885,0.5697479248046875,0.3107245180088843,0.3633151457176272,0.62744140625,0.03186197539163345,0.005856129822896126,49,0.043607483502253436,0.0576934814453125,1.0,0.005493785207278334,1.0
F2_screen_miss,116,0.35782136051034885,0.5697479248046875,0.3474919265464108,0.35652058076086623,0.5758056640625,0.03242600865087979,0.0049246340226842865,39,0.040487633420625814,0.0060577392578125,1.0,-0.0013007797494826168,1.0
F2_screen_miss,117,0.35782136051034885,0.5697479248046875,0.32056992470787443,0.401881494959047,0.5848388671875,0.030974111072208155,0.006376663481388367,32,0.025240237116053298,0.0150909423828125,1.0,0.04406013444869816,1.0
F2_screen_miss,118,0.35782136051034885,0.5697479248046875,0.32608226387100764,0.40441302431816306,0.57373046875,0.030455519202679054,0.006045330886807146,40,0.033633745142026855,0.0039825439453125,1.0,0.04659166380781421,1.0
F2_screen_miss,119,0.35782136051034885,0.5697479248046875,0.3185066778660288,0.381139419727882,0.6563720703125,0.03295520305107397,0.005737304500026714,44,0.0411893157863136,0.0866241455078125,0.0,0.02331805921753316,1.0
F2_screen_miss,120,0.35782136051034885,0.5697479248046875,0.32087454184545877,0.3937421580734304,0.52734375,0.02932585074364396,0.006435215186796398,34,0.02552492138243061,-0.0424041748046875,1.0,0.03592079756308153,1.0
F2_screen_miss,121,0.35782136051034885,0.5697479248046875,0.357316508192431,0.4496105654383475,0.6829833984375,0.03406655449797483,0.0057594955440935704,31,0.02818893854693343,0.1132354736328125,0.0,0.09178920492799864,0.0
F2_screen_miss,122,0.35782136051034885,0.5697479248046875,0.32795120199194544,0.3854171698993061,0.646728515625,0.032647702877449794,0.005194312235677019,35,0.03529026686046864,0.0769805908203125,0.0,0.027595809388957226,1.0
F2_screen_miss,123,0.35782136051034885,0.5697479248046875,0.313384016061283,0.3827444648199544,0.609130859375,0.030733044533220292,0.005727818639707972,37,0.03406837224303739,0.0393829345703125,1.0,0.024923104309605537,1.0
F2_screen_miss,124,0.35782136051034885,0.5697479248046875,0.32228569594068973,0.4198869683211753,0.564208984375,0.031169389658804884,0.006591219944884188,45,0.035245507709492904,-0.0055389404296875,1.0,0.06206560781082643,0.0
F2_screen_miss,125,0.35782136051034885,0.5697479248046875,0.3110970689290062,0.37485417702140056,0.594970703125,0.0307519112004531,0.005751882272395183,49,0.04514060847638173,0.0252227783203125,1.0,0.017032816511051707,1.0
F2_screen_miss,126,0.35782136051034885,0.5697479248046875,0.32368959687685217,0.37145917865985134,0.5743408203125,0.0312470464564401,0.005364097253751203,30,0.028300811307247382,0.0045928955078125,1.0,0.01363781814950249,1.0
F2_screen_miss,127,0.35782136051034885,0.5697479248046875,0.3129028843014868,0.3756846285894831,0.618896484375,0.03243986938288095,0.005605190251711503,44,0.04103520003318879,0.0491485595703125,1.0,0.017863268079134242,1.0
F2_screen_miss,128,0.35782136051034885,0.5697479248046875,0.3074647820349226,0.3385005398247971,0.5423583984375,0.03042854998686132,0.006033370987346105,40,0.03180579239716581,-0.0273895263671875,1.0,-0.019320820685551743,1.0
F2_screen_miss,129,0.35782136051034885,0.5697479248046875,0.3316364187063033,0.38364249357490665,0.6143798828125,0.032197963830400744,0.005142186840145049,38,0.03834024056495304,0.0446319580078125,1.0,0.0258211330645578,1.0
F2_screen_miss,130,0.35782136051034885,0.5697479248046875,0.3133045136252631,0.3642881897419331,0.622314453125,0.03260777971219168,0.0054584168644450995,62,0.059759435045885594,0.0525665283203125,1.0,0.006466829231584259,1.0
F2_screen_miss,131,0.35782136051034885,0.5697479248046875,0.33505386368312184,0.3683304442535113,0.5599365234375,0.029853287288004602,0.005897546642648982,57,0.04774977381920881,-0.0098114013671875,1.0,0.01050908374316245,1.0
F2_screen_miss,132,0.35782136051034885,0.5697479248046875,0.3419292953465603,0.39726421302795223,0.674560546875,0.03314068329518144,0.006049746214653098,96,0.0820094405338515,0.1048126220703125,1.0,0.03944285251760338,1.0
F2_screen_miss,133,0.35782136051034885,0.5697479248046875,0.30885535840241524,0.35860971575976947,0.63720703125,0.032056897116646485,0.005558684967299011,40,0.03982321633942033,0.0674591064453125,1.0,0.0007883552494206136,1.0
F2_screen_miss,134,0.35782136051034885,0.5697479248046875,0.3104906890466793,0.31535115970562544,0.5550537109375,0.03087938555723348,0.005332204511954112,65,0.060705729244020956,-0.0146942138671875,1.0,-0.04247020080472341,1.0
F2_screen_miss,135,0.35782136051034885,0.5697479248046875,0.320843406298128,0.3884475620906671,0.549560546875,0.029508501882980553,0.005992580992818104,27,0.022201431095974607,-0.0201873779296875,1.0,0.030626201580318257,1.0
F2_screen_miss,136,0.35782136051034885,0.5697479248046875,0.31534658731987747,0.4089560904258146,0.5777587890625,0.0302101962334467,0.0065216636373533615,39,0.030136830986702137,0.0080108642578125,1.0,0.05113472991546575,1.0
F2_screen_miss,137,0.35782136051034885,0.5697479248046875,0.3246679968805146,0.3679691616081282,0.616455078125,0.031921778116088345,0.005551494586601143,44,0.04182590840876278,0.0467071533203125,1.0,0.010147801097779352,1.0
F2_screen_miss,138,0.35782136051034885,0.5697479248046875,0.33525802371710367,0.3794282221478805,0.65869140625,0.033237168246139884,0.005729965704366068,86,0.08041083179135244,0.0889434814453125,1.0,0.02160686163753167,1.0
F2_screen_miss,139,0.35782136051034885,0.5697479248046875,0.3243286439401381,0.35869585769755674,0.643798828125,0.0325701417264993,0.005363922771482375,57,0.05695001363036401,0.0740509033203125,1.0,0.0008744971872078899,1.0
F2_screen_miss,140,0.35782136051034885,0.5697479248046875,0.305568809652777,0.37221359093858725,0.5897216796875,0.0314149610512025,0.005592458892797859,38,0.03438924092171913,0.0199737548828125,1.0,0.014392230428238395,1.0
F2_screen_miss,141,0.35782136051034885,0.5697479248046875,0.304652159332371,0.35305703472078637,0.57470703125,0.030228636264519486,0.00569851666660896,31,0.027921206783514296,0.0049591064453125,1.0,-0.004764325789562485,1.0
F2_screen_miss,142,0.35782136051034885,0.5697479248046875,0.31249640855968286,0.3900309721500379,0.6239013671875,0.032371584954505324,0.005785988224014889,43,0.04118655592643991,0.0541534423828125,1.0,0.03220961163968905,1.0
F2_screen_miss,143,0.35782136051034885,0.5697479248046875,0.3171408950350483,0.37677469321195817,0.5400390625,0.029899212235774943,0.005955047356652253,38,0.03173832552484102,-0.0297088623046875,1.0,0.018953332701609316,1.0
F2_screen_miss,144,0.35782136051034885,0.5697479248046875,0.3486868802477458,0.46244216719976666,0.6156005859375,0.03239621192283742,0.0070366161169333,45,0.032506817051335075,0.0458526611328125,1.0,0.10462080668941781,0.0
F2_screen_miss,145,0.35782136051034885,0.5697479248046875,0.31522317482581913,0.37660065476763394,0.5743408203125,0.03001015852836313,0.005507641663614895,39,0.03659856533192826,0.0045928955078125,1.0,0.018779294257285084,1.0
F2_screen_miss,146,0.35782136051034885,0.5697479248046875,0.3127607880620007,0.37033022000249616,0.5902099609375,0.031214823095884928,0.006212106950616634,48,0.04085093541491843,0.0204620361328125,1.0,0.012508859492147306,1.0
F2_screen_miss,147,0.35782136051034885,0.5697479248046875,0.3424376228753264,0.3987610524075613,0.5184326171875,0.02901898814414293,0.0067147078746382155,69,0.049981512015862206,-0.0513153076171875,1.0,0.04093969189721247,1.0
F2_screen_miss,148,0.35782136051034885,0.5697479248046875,0.32245974364308494,0.42400431831072605,0.5966796875,0.03087660358542493,0.006509913375323802,44,0.03440606494955753,0.0269317626953125,1.0,0.0661829578003772,0.0
F2_screen_miss,149,0.35782136051034885,0.5697479248046875,0.358172573625367,0.42347055378475795,0.702392578125,0.03379624072031731,0.005066668780194116,44,0.044389946479438835,0.1326446533203125,0.0,0.0656491932744091,1.0
F2_control_S01,0,0.35782136051034885,0.5697479248046875,0.20729017654929102,0.37619540883636193,0.5780029296875,0.024654616077426007,0.0066174583203572265,37,0.020550383389073664,0.0082550048828125,1.0,0.01837404832601308,1.0
F2_control_S01,1,0.35782136051034885,0.5697479248046875,0.1496512198827973,0.3633748396183627,0.5872802734375,0.023673003960951285,0.00651577999906188,39,0.021867189037165998,0.0175323486328125,1.0,0.005553479108013848,1.0
F2_control_S01,2,0.35782136051034885,0.5697479248046875,0.18278972242621516,0.36752197156194777,0.603515625,0.024006592774642586,0.0064959481080736235,43,0.025741427077130577,0.0337677001953125,1.0,0.009700611051598917,1.0
F2_control_S01,3,0.35782136051034885,0.5697479248046875,0.13186056934195783,0.3746044061079301,0.59326171875,0.02410105987433977,0.006500546283404385,53,0.03141027758478664,0.0235137939453125,1.0,0.01678304559758126,1.0
F2_control_S01,4,0.35782136051034885,0.5697479248046875,0.17177656367776128,0.3176801096832557,0.51513671875,0.022233941630305586,0.006300561691647152,55,0.035929748732561835,-0.0546112060546875,1.0,-0.04014125082709313,1.0
F2_control_S01,5,0.35782136051034885,0.5697479248046875,0.14639986032533986,0.3582334578006384,0.5675048828125,0.023795572469754184,0.006636734801286585,47,0.02967731336525594,-0.0022430419921875,1.0,0.0004120972902895703,1.0
F2_control_S01,6,0.35782136051034885,0.5697479248046875,0.1405721151908963,0.41651150015055416,0.57373046875,0.023915330827718396,0.007293732241041512,43,0.021454081525270226,0.0039825439453125,1.0,0.05869013964020531,0.0
F2_control_S01,7,0.35782136051034885,0.5697479248046875,0.14970659496336627,0.3514709312823837,0.598876953125,0.024515593257569395,0.0065561890013845475,37,0.022401790577066392,0.0291290283203125,1.0,-0.0063504292279651375,1.0
F2_control_S01,8,0.35782136051034885,0.5697479248046875,0.19182384506885963,0.3239537133031567,0.5743408203125,0.023297314974965507,0.006445458221782644,54,0.029905441812881472,0.0045928955078125,1.0,-0.03386764720719215,1.0
F2_control_S01,9,0.35782136051034885,0.5697479248046875,0.13306178802687235,0.338004320799341,0.58056640625,0.023323812214108623,0.006389201957780162,55,0.032781467669364,0.0108184814453125,1.0,-0.019817039711007844,1.0
F2_control_S01,10,0.35782136051034885,0.5697479248046875,0.16790096662296583,0.34971243212016634,0.569091796875,0.022816104974457484,0.006874829275026092,35,0.018515288541014408,-0.0006561279296875,1.0,-0.008108928390182513,1.0
F2_control_S01,11,0.35782136051034885,0.5697479248046875,0.14768977112747117,0.3788676104928817,0.5849609375,0.024147627180281492,0.006992228155398369,54,0.029660023171130732,0.0152130126953125,1.0,0.02104624998253285,1.0
F2_control_S01,12,0.35782136051034885,0.5697479248046875,0.16218233903896181,0.3545888427861138,0.5279541015625,0.022633224818274098,0.006698046763206137,42,0.024201539373113368,-0.0417938232421875,1.0,-0.003232517724235051,1.0
F2_control_S01,13,0.35782136051034885,0.5697479248046875,0.14527565316070307,0.3649946324441029,0.540771484375,0.022403653567245718,0.006835059854762522,57,0.031088519726398412,-0.0289764404296875,1.0,0.007173271933754055,1.0
F2_control_S01,14,0.35782136051034885,0.5697479248046875,0.15996231832139973,0.38889129734717287,0.6134033203125,0.024360038919840392,0.00708911989127104,79,0.04289378455377303,0.0436553955078125,1.0,0.03106993683682402,1.0
F2_control_S01,15,0.35782136051034885,0.5697479248046875,0.1709157665026804,0.3476059061967453,0.6375732421875,0.024857352076245676,0.006315608042166057,55,0.032890115364938,0.0678253173828125,0.0,-0.010215454313603545,1.0
F2_control_S01,16,0.35782136051034885,0.5697479248046875,0.14393895597408313,0.3474888835907223,0.5933837890625,0.023776613908674173,0.006249874123880201,48,0.027511076791610897,0.0236358642578125,1.0,-0.010332476919626576,1.0
F2_control_S01,17,0.35782136051034885,0.5697479248046875,0.15649558942719208,0.35843325131028697,0.576416015625,0.023204463799121482,0.00632667874465527,38,0.020266796246568426,0.0066680908203125,1.0,0.0006118907999381196,1.0
F2_control_S01,18,0.35782136051034885,0.5697479248046875,0.16974412856365895,0.3647188145429266,0.578125,0.024342057454723946,0.006835507669172881,28,0.017409024850723466,0.0083770751953125,1.0,0.006897454032577743,1.0
F2_control_S01,19,0.35782136051034885,0.5697479248046875,0.11858917756070311,0.35557524884299446,0.572265625,0.02473331414367468,0.00654671867438614,67,0.04013442640449752,0.0025177001953125,1.0,-0.002246111667354389,1.0
F2_control_S01,20,0.35782136051034885,0.5697479248046875,0.1757830920441683,0.3899871525309445,0.5927734375,0.023964127990625875,0.0073158802841024745,49,0.025554594493717064,0.0230255126953125,1.0,0.03216579202059566,1.0
F2_control_S01,21,0.35782136051034885,0.5697479248046875,0.15579659303558568,0.34848184828807643,0.5296630859375,0.02124945207813631,0.006916991312975818,74,0.03996954746145215,-0.0400848388671875,1.0,-0.009339512222272417,1.0
F2_control_S01,22,0.35782136051034885,0.5697479248046875,0.1587103682198099,0.36791434216562613,0.560302734375,0.023086418479385654,0.006873447585289361,50,0.02738708096060673,-0.0094451904296875,1.0,0.010092981655277278,1.0
F2_control_S01,23,0.35782136051034885,0.5697479248046875,0.1340439754935208,0.3610092094766834,0.55908203125,0.02394946501008907,0.006859769395755051,43,0.02358644851524682,-0.0106658935546875,1.0,0.003187848966334561,1.0
F2_control_S01,24,0.35782136051034885,0.5697479248046875,0.15630975967465052,0.3748658054027154,0.5693359375,0.02415828279293558,0.007194692895959381,78,0.04183449869837984,-0.0004119873046875,1.0,0.01704444489236656,1.0
F2_control_S01,25,0.35782136051034885,0.5697479248046875,0.16507408361070708,0.3315011148396598,0.6431884765625,0.025010339074736383,0.006297554660656829,73,0.04105435416811526,0.0734405517578125,1.0,-0.026320245670689024,1.0
F2_control_S01,26,0.35782136051034885,0.5697479248046875,0.14692205352268015,0.3498949205997335,0.5587158203125,0.023171088189287883,0.006435323040461496,52,0.030191547641666552,-0.0110321044921875,1.0,-0.007926439910615368,1.0
F2_control_S01,27,0.35782136051034885,0.5697479248046875,0.14700609089902242,0.3460404024028299,0.5447998046875,0.022975120564060807,0.006895347128123754,47,0.0251772942060436,-0.0249481201171875,1.0,-0.011780958107518946,1.0
F2_control_S01,28,0.35782136051034885,0.5697479248046875,0.15558790525686186,0.3907114105080489,0.5924072265625,0.02354521911182243,0.007002508930957974,56,0.029302477839215815,0.0226593017578125,1.0,0.032890049997700066,1.0
F2_control_S01,29,0.35782136051034885,0.5697479248046875,0.18887326568296478,0.37253953914031457,0.544677734375,0.023283303358466956,0.0070885272283750436,34,0.01819789206647206,-0.0250701904296875,1.0,0.014718178629965717,1.0
F2_control_S01,30,0.35782136051034885,0.5697479248046875,0.15127422583817168,0.37654613327753694,0.55126953125,0.023979254152798727,0.006824302390572854,44,0.025151199103281962,-0.0184783935546875,1.0,0.01872477276718809,1.0
F2_control_S01,31,0.35782136051034885,0.5697479248046875,0.22123919167298148,0.38905351014116907,0.5531005859375,0.023170265129547722,0.007554581201034951,45,0.02275239012144157,-0.0166473388671875,1.0,0.031232149630820216,1.0
F2_control_S01,32,0.35782136051034885,0.5697479248046875,0.16005183300809528,0.36596688477800543,0.5960693359375,0.024053188551072104,0.006288214680414942,42,0.023661171923006246,0.0263214111328125,1.0,0.008145524267656579,1.0
F2_control_S01,33,0.35782136051034885,0.5697479248046875,0.15134171881510688,0.3844446629290972,0.5604248046875,0.023355776913122895,0.00690629451594752,71,0.03751997330613645,-0.0093231201171875,1.0,0.02662330241874833,1.0
F2_control_S01,34,0.35782136051034885,0.5697479248046875,0.17839494426806252,0.3148311879507744,0.513916015625,0.022046856560713816,0.006238258757329898,81,0.05018755176565687,-0.0558319091796875,1.0,-0.042990172559574436,1.0
F2_control_S01,35,0.35782136051034885,0.5697479248046875,0.2281123770851566,0.34200127854621665,0.53271484375,0.0223077663656495,0.0063459467284764795,37,0.020838689931607198,-0.0370330810546875,1.0,-0.015820081964132204,1.0
F2_control_S01,36,0.35782136051034885,0.5697479248046875,0.14944144155869815,0.34312183774018173,0.5830078125,0.02343148515623449,0.00651671865114404,59,0.03368984522354462,0.0132598876953125,1.0,-0.014699522770167117,1.0
F2_control_S01,37,0.35782136051034885,0.5697479248046875,0.16490304277532603,0.403253636813354,0.5968017578125,0.024086668408212678,0.007501494342604892,61,0.030331226439899227,0.0270538330078125,1.0,0.04543227630300517,1.0
F2_control_S01,38,0.35782136051034885,0.5697479248046875,0.15977581033942212,0.32363342903195413,0.56787109375,0.02378437997925476,0.006476487403627916,60,0.04053371102267442,-0.0018768310546875,1.0,-0.03418793147839472,1.0
F2_control_S01,39,0.35782136051034885,0.5697479248046875,0.172377311312562,0.409287482459351,0.6334228515625,0.025981010269012807,0.006730594252113558,60,0.03206209627726322,0.0636749267578125,0.0,0.05146612194900213,0.0
F2_control_S01,40,0.35782136051034885,0.5697479248046875,0.12825037993264782,0.37748678632801924,0.5567626953125,0.02334972438164816,0.006989647460010084,44,0.024052422504155038,-0.0129852294921875,1.0,0.01966542581767039,1.0
F2_control_S01,41,0.35782136051034885,0.5697479248046875,0.1552297780069937,0.3292480059698954,0.577392578125,0.023038210625880847,0.0065824700095015645,58,0.03226790687064011,0.0076446533203125,1.0,-0.028573354540453455,1.0
F2_control_S01,42,0.35782136051034885,0.5697479248046875,0.13333875245001303,0.3573747488172951,0.55517578125,0.023417309014233348,0.006820367094990123,31,0.016819852640611744,-0.0145721435546875,1.0,-0.0004466116930537667,1.0
F2_control_S01,43,0.35782136051034885,0.5697479248046875,0.17124281881534018,0.34371189710987765,0.5860595703125,0.024115781155859436,0.006708263459277053,57,0.03261035746791428,0.0163116455078125,1.0,-0.0141094634004712,1.0
F2_control_S01,44,0.35782136051034885,0.5697479248046875,0.15803052725795064,0.39015945326628654,0.6175537109375,0.025207847116603514,0.006959123705634273,68,0.0448230242483973,0.0478057861328125,1.0,0.032338092755937686,1.0
F2_control_S01,45,0.35782136051034885,0.5697479248046875,0.17446727448102364,0.30227805031884974,0.5728759765625,0.024357605190485035,0.006179178743973188,57,0.03308498944768328,0.0031280517578125,1.0,-0.05554331019149911,0.0
F2_control_S01,46,0.35782136051034885,0.5697479248046875,0.13412733838693153,0.39458860988227495,0.5994873046875,0.02446935400895866,0.0066456947714882125,52,0.027901836754219044,0.0297393798828125,1.0,0.0367672493719261,1.0
F2_control_S01,47,0.35782136051034885,0.5697479248046875,0.12949347728276023,0.3645601558903566,0.58642578125,0.023957099861415008,0.006844030687787745,57,0.031249460417314502,0.0166778564453125,1.0,0.006738795380007767,1.0
F2_control_S01,48,0.35782136051034885,0.5697479248046875,0.15048726679426666,0.3774808946012963,0.6278076171875,0.024181587594582877,0.006604736851078215,71,0.040515368063710415,0.0580596923828125,1.0,0.01965953409094745,1.0
F2_control_S01,49,0.35782136051034885,0.5697479248046875,0.14490622582985313,0.3591697545389815,0.5367431640625,0.022610595525085864,0.006730808090009357,46,0.02489865320095235,-0.0330047607421875,1.0,0.0013483940286326268,1.0
F2_control_S01,50,0.35782136051034885,0.5697479248046875,0.19365676719993563,0.388064385875453,0.59130859375,0.024194608169488978,0.007053043474129735,59,0.02975747382984277,0.0215606689453125,1.0,0.030243025365104148,1.0
F2_control_S01,51,0.35782136051034885,0.5697479248046875,0.16505778394151407,0.34630370936026755,0.595947265625,0.024621028573612678,0.006430174547770913,55,0.03417526328798758,0.0261993408203125,1.0,-0.011517651150081298,1.0
F2_control_S01,52,0.35782136051034885,0.5697479248046875,0.15805139116443478,0.35584843023591567,0.584228515625,0.023034162595271742,0.0063196760478614255,44,0.025455065843461386,0.0144805908203125,1.0,-0.0019729302744331823,1.0
F2_control_S01,53,0.35782136051034885,0.5697479248046875,0.1371213606188309,0.36843986739726503,0.5440673828125,0.0230309127627079,0.006914094791156776,42,0.023391122476331214,-0.0256805419921875,1.0,0.01061850688691618,1.0
F2_control_S01,54,0.35782136051034885,0.5697479248046875,0.15067561593780082,0.4015926131439942,0.5595703125,0.02309087558186581,0.007249596304430898,55,0.02594584620550285,-0.0101776123046875,1.0,0.04377125263364534,1.0
F2_control_S01,55,0.35782136051034885,0.5697479248046875,0.20240821070389597,0.37236415889094854,0.607421875,0.024243772550875432,0.006666801177887474,30,0.017562777685718484,0.0376739501953125,0.0,0.014542798380599686,1.0
F2_control_S01,56,0.35782136051034885,0.5697479248046875,0.15734320343708677,0.3745458269889468,0.6201171875,0.024645216542717424,0.006634792040115352,52,0.027303638263193705,0.0503692626953125,1.0,0.016724466478597932,1.0
F2_control_S01,57,0.35782136051034885,0.5697479248046875,0.16384133230842776,0.3401923408460772,0.631591796875,0.025116439669609494,0.006106732330458644,49,0.029010343257556047,0.0618438720703125,0.0,-0.01762901966427166,1.0
F2_control_S01,58,0.35782136051034885,0.5697479248046875,0.14389637364210134,0.35784344346004837,0.5821533203125,0.023494669779124146,0.006808867911054897,46,0.025262122077336892,0.0124053955078125,1.0,2.208294969952007e-05,1.0
F2_control_S01,59,0.35782136051034885,0.5697479248046875,0.17527847516775152,0.3057073124606698,0.537353515625,0.02352829918219792,0.006700598190978569,81,0.04634361715242302,-0.0323944091796875,1.0,-0.05211404804967906,0.0
F2_control_S01,60,0.35782136051034885,0.5697479248046875,0.14813380711035704,0.3486500391505725,0.5250244140625,0.02187615613805842,0.006677737673651324,46,0.023617847586391585,-0.0447235107421875,1.0,-0.00917132135977633,1.0
F2_control_S01,61,0.35782136051034885,0.5697479248046875,0.175300240857773,0.3112514727973417,0.54296875,0.022688765997808225,0.006245089008418993,49,0.030233984352113847,-0.0267791748046875,1.0,-0.04656988771300713,0.0
F2_control_S01,62,0.35782136051034885,0.5697479248046875,0.15870449640419554,0.35669666112474685,0.587890625,0.023894978101653433,0.006612702711839911,51,0.027983040773577023,0.0181427001953125,1.0,-0.0011246993856020016,1.0
F2_control_S01,63,0.35782136051034885,0.5697479248046875,0.11811540658558256,0.3791001557306599,0.5848388671875,0.023276391531575527,0.0067004112099339945,51,0.02712467206621182,0.0150909423828125,1.0,0.021278795220311064,1.0
F2_control_S01,64,0.35782136051034885,0.5697479248046875,0.19626466072740947,0.3193133588496737,0.554443359375,0.02328509087419301,0.00643645372580803,50,0.029496743672611805,-0.0153045654296875,1.0,-0.03850800166067514,1.0
F2_control_S01,65,0.35782136051034885,0.5697479248046875,0.12109793648726888,0.37859258861239303,0.5511474609375,0.023297315150759227,0.007131465843915996,42,0.023807823184688517,-0.0186004638671875,1.0,0.02077122810204418,1.0
F2_control_S01,66,0.35782136051034885,0.5697479248046875,0.14529946138803015,0.3502724309708479,0.5867919921875,0.02402836350114417,0.006370684529420155,47,0.026140431647171242,0.0170440673828125,1.0,-0.007548929539500926,1.0
F2_control_S01,67,0.35782136051034885,0.5697479248046875,0.17036982298941986,0.3458944824665119,0.5543212890625,0.023600608660274604,0.00647012268745502,46,0.027386220356768905,-0.0154266357421875,1.0,-0.011926878043836964,1.0
F2_control_S01,68,0.35782136051034885,0.5697479248046875,0.12954202411768323,0.3286391239817173,0.500244140625,0.02245904897929584,0.006466730566658954,50,0.02902622172267391,-0.0695037841796875,0.0,-0.029182236528631555,1.0
F2_control_S01,69,0.35782136051034885,0.5697479248046875,0.1895172361168341,0.36050189153832035,0.5938720703125,0.023904693825034656,0.00651013356270068,58,0.03586582343883432,0.0241241455078125,1.0,0.0026805310279715,1.0
F2_control_S01,70,0.35782136051034885,0.5697479248046875,0.15296217803040385,0.3464085612896066,0.534912109375,0.02360343996236547,0.006883909699268656,52,0.028839044634367768,-0.0348358154296875,1.0,-0.011412799220742231,1.0
F2_control_S01,71,0.35782136051034885,0.5697479248046875,0.1613308600620421,0.3613387747205985,0.548583984375,0.02397834361034469,0.006813867652831037,40,0.023829564925669944,-0.0211639404296875,1.0,0.0035174142102496475,1.0
F2_control_S01,72,0.35782136051034885,0.5697479248046875,0.11209420687334402,0.36345885309974785,0.53955078125,0.023359200473031347,0.006689517856099649,67,0.04768108552579174,-0.0301971435546875,1.0,0.005637492589398996,1.0
F2_control_S01,73,0.35782136051034885,0.5697479248046875,0.18058608277768842,0.3915857976538578,0.6014404296875,0.023724258566471142,0.007103346348743117,40,0.021874039689774166,0.0316925048828125,1.0,0.03376443714350896,1.0
F2_control_S01,74,0.35782136051034885,0.5697479248046875,0.1715642453606359,0.335961511056747,0.593505859375,0.024483922464332602,0.006594181026803913,54,0.02949197152513897,0.0237579345703125,1.0,-0.021859849453601865,1.0
F2_control_S01,75,0.35782136051034885,0.5697479248046875,0.16787898402053986,0.35987965719036746,0.60009765625,0.024790301728844825,0.006515339829366119,54,0.029556532591795366,0.0303497314453125,1.0,0.002058296680018612,1.0
F2_control_S01,76,0.35782136051034885,0.5697479248046875,0.15949878702940676,0.4050092618777923,0.580810546875,0.024203991064506138,0.006745125576764527,37,0.022216848935087723,0.0110626220703125,1.0,0.04718790136744344,1.0
F2_control_S01,77,0.35782136051034885,0.5697479248046875,0.16899007042562533,0.4102355091677067,0.59716796875,0.024478414293362543,0.006831523513755622,50,0.02718699382071091,0.0274200439453125,1.0,0.05241414865735783,0.0
F2_control_S01,78,0.35782136051034885,0.5697479248046875,0.17186343284834474,0.3468297005191557,0.5765380859375,0.023382799377196724,0.006672136013639557,65,0.03559967329633194,0.0067901611328125,1.0,-0.01099165999119317,1.0
F2_control_S01,79,0.35782136051034885,0.5697479248046875,0.14666657563241392,0.3845594922281227,0.59228515625,0.023853739247107958,0.007046399808256887,47,0.025675014474260384,0.0225372314453125,1.0,0.02673813171777384,1.0
F2_control_S01,80,0.35782136051034885,0.5697479248046875,0.16685319769754292,0.35133923082531704,0.541015625,0.023837485494879965,0.00700706817807825,41,0.021074841965450185,-0.0287322998046875,1.0,-0.006482129685031812,1.0
F2_control_S01,81,0.35782136051034885,0.5697479248046875,0.18191339814128787,0.37460007741693585,0.6094970703125,0.024342657085181258,0.006474813332072052,39,0.024215780412328667,0.0397491455078125,1.0,0.016778716906587,1.0
F2_control_S01,82,0.35782136051034885,0.5697479248046875,0.18335603635126274,0.35317332927369827,0.5413818359375,0.023292385475739755,0.006350167267280163,77,0.04930477480178747,-0.0283660888671875,1.0,-0.004648031236650585,1.0
F2_control_S01,83,0.35782136051034885,0.5697479248046875,0.14712317411784384,0.3611770014815402,0.5283203125,0.02329627808483339,0.006607168530759786,54,0.03137737673699164,-0.0414276123046875,1.0,0.0033556409711913426,1.0
F2_control_S01,84,0.35782136051034885,0.5697479248046875,0.13814426782898775,0.31290305836567067,0.5714111328125,0.02293069097050004,0.006068207848164077,52,0.032519736848385904,0.0016632080078125,1.0,-0.04491830214467818,1.0
F2_control_S01,85,0.35782136051034885,0.5697479248046875,0.17899245594784305,0.39444616062767945,0.578125,0.02439411206653063,0.006509581977398793,44,0.026556791386462556,0.0083770751953125,1.0,0.0366248001173306,1.0
F2_control_S01,86,0.35782136051034885,0.5697479248046875,0.1817589411514518,0.37724129322802774,0.597900390625,0.023899667465245706,0.006844533174003362,42,0.02209098798196469,0.0281524658203125,1.0,0.01941993271767889,1.0
F2_control_S01,87,0.35782136051034885,0.5697479248046875,0.14467957239571314,0.3541816773557199,0.592041015625,0.024170841391831,0.006673319340010086,42,0.022840382025742463,0.0222930908203125,1.0,-0.0036396831546289254,1.0
F2_control_S01,88,0.35782136051034885,0.5697479248046875,0.12036796103257888,0.3364056323511681,0.5369873046875,0.023214479583165047,0.006486678847699382,45,0.024429047009908306,-0.0327606201171875,1.0,-0.021415728159180747,1.0
F2_control_S01,89,0.35782136051034885,0.5697479248046875,0.17896879565482446,0.38892510132260594,0.5743408203125,0.023509769996325793,0.0069999072055368355,86,0.05333823099059972,0.0045928955078125,1.0,0.031103740812257086,1.0
F2_control_S01,90,0.35782136051034885,0.5697479248046875,0.16541527146897353,0.4205834514253187,0.5989990234375,0.02434787136434951,0.007245057450459616,47,0.023594982327985195,0.0292510986328125,1.0,0.06276209091496987,0.0
F2_control_S01,91,0.35782136051034885,0.5697479248046875,0.14698428378298173,0.3178176674775194,0.5645751953125,0.023132384538738702,0.006557963716629835,56,0.029690291175636388,-0.0051727294921875,1.0,-0.04000369303282947,1.0
F2_control_S01,92,0.35782136051034885,0.5697479248046875,0.19173758830073656,0.33748594985937796,0.5528564453125,0.02284139905608334,0.00702123018166233,60,0.028804953400809217,-0.0168914794921875,1.0,-0.020335410650970887,1.0
F2_control_S01,93,0.35782136051034885,0.5697479248046875,0.1402618751569223,0.40618352432761134,0.540771484375,0.02303888549761171,0.007079640650617628,41,0.021520204686442574,-0.0289764404296875,1.0,0.048362163817262493,0.0
F2_control_S01,94,0.35782136051034885,0.5697479248046875,0.14181769542361308,0.3459450066335028,0.552978515625,0.02298110055218082,0.006874897548269662,53,0.02913076800736625,-0.0167694091796875,1.0,-0.011876353876846046,1.0
F2_control_S01,95,0.35782136051034885,0.5697479248046875,0.15731292173993627,0.39097218880221807,0.5638427734375,0.02285885741271544,0.00714153301419893,42,0.024933406478160468,-0.0059051513671875,1.0,0.03315082829186922,1.0
F2_control_S01,96,0.35782136051034885,0.5697479248046875,0.16033772886022846,0.4112337746709892,0.579345703125,0.023695242039344724,0.0073864037839917905,60,0.03183077832497097,0.0095977783203125,1.0,0.053412414160640354,0.0
F2_control_S01,97,0.35782136051034885,0.5697479248046875,0.17548520782280844,0.3952373811452531,0.578125,0.023607236484199833,0.007302920344769613,59,0.03178649431215689,0.0083770751953125,1.0,0.037416020634904235,1.0
F2_control_S01,98,0.35782136051034885,0.5697479248046875,0.19572164307982384,0.3696625091622075,0.5919189453125,0.0239735199558453,0.006352481862807834,49,0.02752233476258717,0.0221710205078125,1.0,0.011841148651858646,1.0
F2_control_S01,99,0.35782136051034885,0.5697479248046875,0.1851106350697179,0.38623072657768936,0.6021728515625,0.023439314677340235,0.007048334829189245,32,0.016380069393486567,0.0324249267578125,0.0,0.028409366067340514,1.0
F2_control_S01,100,0.35782136051034885,0.5697479248046875,0.13621038866752933,0.39279177844444185,0.595947265625,0.02510660954664504,0.00663794450056896,47,0.026514292339289407,0.0261993408203125,1.0,0.034970417934093,1.0
F2_control_S01,101,0.35782136051034885,0.5697479248046875,0.16853956451070526,0.3688430307422544,0.59619140625,0.02483698225213928,0.006749021986516466,60,0.032711589222037964,0.0264434814453125,1.0,0.011021670231905534,1.0
F2_control_S01,102,0.35782136051034885,0.5697479248046875,0.15656405592127534,0.34707467621517085,0.5771484375,0.02473280174937444,0.006345263665213329,51,0.029701930449421446,0.0074005126953125,1.0,-0.010746684295178,1.0
F2_control_S01,103,0.35782136051034885,0.5697479248046875,0.17868790551371005,0.34715353378952507,0.609130859375,0.023359069155589274,0.0063014599989975805,42,0.024279538541643563,0.0393829345703125,1.0,-0.010667826720823781,1.0
F2_control_S01,104,0.35782136051034885,0.5697479248046875,0.1914982914061509,0.39919622410139494,0.5927734375,0.024533701745662106,0.006738079421410476,48,0.025035537378077323,0.0230255126953125,1.0,0.041374863591046085,1.0
F2_control_S01,105,0.35782136051034885,0.5697479248046875,0.11387466756924391,0.35307420796442257,0.6112060546875,0.024790018936649356,0.006165104692646072,42,0.025632364272024765,0.0414581298828125,1.0,-0.004747152545926281,1.0
F2_control_S01,106,0.35782136051034885,0.5697479248046875,0.1224121174980298,0.32937362060467806,0.603759765625,0.024639452043461057,0.006299903714326652,57,0.03282487076470155,0.0340118408203125,1.0,-0.028447739905670788,1.0
F2_control_S01,107,0.35782136051034885,0.5697479248046875,0.20395794138666312,0.37866026366351163,0.622314453125,0.023928851807978425,0.006692937163447245,93,0.061227538114539216,0.0525665283203125,1.0,0.02083890315316278,1.0
F2_control_S01,108,0.35782136051034885,0.5697479248046875,0.14248136152637308,0.3393003483596535,0.547119140625,0.023978035620692735,0.006483959399388073,48,0.02908436669179307,-0.0226287841796875,1.0,-0.01852101215069535,1.0
F2_control_S01,109,0.35782136051034885,0.5697479248046875,0.17619569749915,0.3549977232249303,0.5675048828125,0.023764379325454624,0.006683626762441828,52,0.02914479661072455,-0.0022430419921875,1.0,-0.0028236372854185676,1.0
F2_control_S01,110,0.35782136051034885,0.5697479248046875,0.17951809084513867,0.41244377200146987,0.60009765625,0.024080072457915293,0.007292892758146759,54,0.02723859945707518,0.0303497314453125,1.0,0.054622411491121015,0.0
F2_control_S01,111,0.35782136051034885,0.5697479248046875,0.14647552524624952,0.3718789971877685,0.589111328125,0.024025879600201104,0.006328352418931693,54,0.03086390990799515,0.0193634033203125,1.0,0.01405763667741966,1.0
F2_control_S01,112,0.35782136051034885,0.5697479248046875,0.1737130235406602,0.36554396582647564,0.5299072265625,0.022966736173835427,0.007421170374294619,67,0.0372182719626961,-0.0398406982421875,1.0,0.007722605316126785,1.0
F2_control_S01,113,0.35782136051034885,0.5697479248046875,0.20728848309958062,0.3746897400089174,0.485595703125,0.02166846925423972,0.007069693898097378,51,0.027990785320993913,-0.0841522216796875,0.0,0.016868379498568564,1.0
F2_control_S01,114,0.35782136051034885,0.5697479248046875,0.12483126249261303,0.391332749497943,0.5751953125,0.022854424925314736,0.007069200994651393,43,0.02276071738923339,0.0054473876953125,1.0,0.03351138898759415,1.0
F2_control_S01,115,0.35782136051034885,0.5697479248046875,0.17617851355318964,0.3678251426920593,0.5853271484375,0.02390159130371689,0.0062710222567750485,37,0.022636975650146225,0.0155792236328125,1.0,0.010003782181710441,1.0
F2_control_S01,116,0.35782136051034885,0.5697479248046875,0.1890904325015738,0.32355899864238297,0.5845947265625,0.024093866665345343,0.006662635542860719,56,0.030903852752846933,0.0148468017578125,1.0,-0.034262361867965885,1.0
F2_control_S01,117,0.35782136051034885,0.5697479248046875,0.14064674250062986,0.3632371574466027,0.566162109375,0.02283755423241979,0.006579378686130907,42,0.02311499617643504,-0.0035858154296875,1.0,0.005415796936253825,1.0
F2_control_S01,118,0.35782136051034885,0.5697479248046875,0.18035551193350693,0.359771303381881,0.55419921875,0.023201554909824368,0.007334014478375275,65,0.03243354137704463,-0.0155487060546875,1.0,0.001949942871532162,1.0
F2_control_S01,119,0.35782136051034885,0.5697479248046875,0.16812399266866404,0.3329259187025976,0.4918212890625,0.022501656158765565,0.006563606463643004,91,0.06975280893443676,-0.0779266357421875,1.0,-0.024895441807751273,1.0
F2_control_S01,120,0.35782136051034885,0.5697479248046875,0.17865815418202038,0.39208959177251945,0.5841064453125,0.024326177143675225,0.006882095794545917,41,0.022742765687578888,0.0143585205078125,1.0,0.0342682312621706,1.0
F2_control_S01,121,0.35782136051034885,0.5697479248046875,0.20552798833447494,0.3896002340084198,0.6453857421875,0.024790994094797056,0.006663850505044341,63,0.03334823590291397,0.0756378173828125,0.0,0.03177887349807096,1.0
F2_control_S01,122,0.35782136051034885,0.5697479248046875,0.12734745849040519,0.3835534878419665,0.6065673828125,0.024777166992922834,0.006825159346422195,59,0.03072408011173336,0.0368194580078125,1.0,0.02573212733161767,1.0
F2_control_S01,123,0.35782136051034885,0.5697479248046875,0.17683842697740426,0.37789086664883453,0.573974609375,0.024138245588620544,0.0066025047951655015,32,0.018165319673455027,0.0042266845703125,1.0,0.020069506138485682,1.0
F2_control_S01,124,0.35782136051034885,0.5697479248046875,0.10639804349121673,0.3568711732920285,0.57177734375,0.022731448869891476,0.006941707258021471,57,0.03158848979083641,0.0020294189453125,1.0,-0.000950187218320353,1.0
F2_control_S01,125,0.35782136051034885,0.5697479248046875,0.14775355403967613,0.3501311210510858,0.505615234375,0.02240274631831734,0.007115838646866106,41,0.02078556299250485,-0.0641326904296875,0.0,-0.00769023945926306,1.0
F2_control_S01,126,0.35782136051034885,0.5697479248046875,0.16950323508075124,0.3582181265034385,0.5345458984375,0.022542898659213977,0.007247744381407663,68,0.04543883014781929,-0.0352020263671875,1.0,0.0003967659930896317,1.0
F2_control_S01,127,0.35782136051034885,0.5697479248046875,0.15335859018427245,0.34666364560086743,0.610595703125,0.024314267528554666,0.006237185663998504,59,0.0346205510690091,0.0408477783203125,1.0,-0.01115771490948142,1.0
F2_control_S01,128,0.35782136051034885,0.5697479248046875,0.14589840901424897,0.3261553656199632,0.557861328125,0.02227660985452457,0.006099822079778162,44,0.026841367481388614,-0.0118865966796875,1.0,-0.03166599489038563,1.0
F2_control_S01,129,0.35782136051034885,0.5697479248046875,0.1944949181766455,0.34279923617610064,0.512451171875,0.022091243600521598,0.006872808573715207,44,0.023791533362541806,-0.0572967529296875,0.0,-0.01502212433424821,1.0
F2_control_S01,130,0.35782136051034885,0.5697479248046875,0.184387206268767,0.3321689841594741,0.59375,0.02408573659118604,0.006597351522690403,82,0.06083496011827124,0.0240020751953125,1.0,-0.02565237635087475,1.0
F2_control_S01,131,0.35782136051034885,0.5697479248046875,0.17343497746243933,0.4011170193737269,0.5885009765625,0.023731905563870722,0.006770808165645243,68,0.034978163971075546,0.0187530517578125,1.0,0.04329565886337805,1.0
F2_control_S01,132,0.35782136051034885,0.5697479248046875,0.1526571074380039,0.32477223134859134,0.592529296875,0.02343887558877849,0.006643393824253425,66,0.034136396080337784,0.0227813720703125,1.0,-0.03304912916175751,1.0
F2_control_S01,133,0.35782136051034885,0.5697479248046875,0.1353299491273473,0.3731617651905409,0.5784912109375,0.023520855012283657,0.006898322917902298,47,0.024386017055371,0.0087432861328125,1.0,0.015340404680192044,1.0
F2_control_S01,134,0.35782136051034885,0.5697479248046875,0.15713164289760476,0.3510203974828262,0.531005859375,0.022256293537558664,0.006715093700544701,54,0.030763815444653397,-0.0387420654296875,1.0,-0.006800963027522644,1.0
F2_control_S01,135,0.35782136051034885,0.5697479248046875,0.17517218240402732,0.33776952589451903,0.5389404296875,0.022825889522319277,0.0068642929060380095,69,0.03488924559824799,-0.0308074951171875,1.0,-0.020051834615829822,1.0
F2_control_S01,136,0.35782136051034885,0.5697479248046875,0.16658042414184288,0.34532169263301454,0.62255859375,0.025385968238276654,0.006909072068051695,63,0.03328408016540324,0.0528106689453125,1.0,-0.012499667877334308,1.0
F2_control_S01,137,0.35782136051034885,0.5697479248046875,0.16818193644973378,0.38107303205568793,0.5911865234375,0.02424645687200912,0.006671301091974989,47,0.025158719948246734,0.0214385986328125,1.0,0.02325167154533908,1.0
F2_control_S01,138,0.35782136051034885,0.5697479248046875,0.17416606783836833,0.3320453388117951,0.549072265625,0.022528904020997758,0.006767573830472147,91,0.050587790237441206,-0.0206756591796875,1.0,-0.025776021698553753,1.0
F2_control_S01,139,0.35782136051034885,0.5697479248046875,0.18468454608973547,0.3927016556975683,0.5455322265625,0.02324653746600295,0.007331049591347816,51,0.02611205938985718,-0.0242156982421875,1.0,0.03488029518721947,1.0
F2_control_S01,140,0.35782136051034885,0.5697479248046875,0.1587138011185495,0.4002987752984235,0.6214599609375,0.025238310094740837,0.006741856833664342,55,0.030112809028542725,0.0517120361328125,1.0,0.04247741478807465,1.0
F2_control_S01,141,0.35782136051034885,0.5697479248046875,0.18303688040145333,0.38456043794822203,0.5799560546875,0.023607580072716745,0.0069628869666656535,56,0.030131568468305732,0.0102081298828125,1.0,0.026739077437873182,1.0
F2_control_S01,142,0.35782136051034885,0.5697479248046875,0.18663053702148774,0.3922054886054695,0.6282958984375,0.02565755721403917,0.0068868248067947445,61,0.03225070701605682,0.0585479736328125,1.0,0.03438412809512065,1.0
F2_control_S01,143,0.35782136051034885,0.5697479248046875,0.16287240617800103,0.37164743277834267,0.5736083984375,0.023478958412878673,0.006904643082641814,50,0.025807013256381118,0.0038604736328125,1.0,0.013826072267993816,1.0
F2_control_S01,144,0.35782136051034885,0.5697479248046875,0.1549648231311615,0.39726847231516216,0.5364990234375,0.023455695208371485,0.007372488606292296,37,0.0189611733322362,-0.0332489013671875,1.0,0.039447111804813306,1.0
F2_control_S01,145,0.35782136051034885,0.5697479248046875,0.144191413506966,0.36126707765439375,0.584716796875,0.024933577032746703,0.006954032930306562,37,0.020181408255961597,0.0149688720703125,1.0,0.003445717144044902,1.0
F2_control_S01,146,0.35782136051034885,0.5697479248046875,0.1836607119242688,0.35910441813856897,0.531494140625,0.022457118470723056,0.006920281117255257,55,0.03379312121696232,-0.0382537841796875,1.0,0.001283057628220119,1.0
F2_control_S01,147,0.35782136051034885,0.5697479248046875,0.14925610316707402,0.35767279354452375,0.6226806640625,0.025409652618579744,0.006195933591367067,39,0.025808325517402298,0.0529327392578125,0.0,-0.0001485669658251032,1.0
F2_control_S01,148,0.35782136051034885,0.5697479248046875,0.15391555774402868,0.35794146257446235,0.552734375,0.023888628961363133,0.006661161872724719,52,0.029273690564618555,-0.0170135498046875,1.0,0.0001201020641135031,1.0
F2_control_S01,149,0.35782136051034885,0.5697479248046875,0.18479268257104536,0.3620585408425576,0.5738525390625,0.023845890635101438,0.0068181028906269545,55,0.02744132213660721,0.0041046142578125,1.0,0.0042371803322087676,1.0
F3_overlap6,0,0.33960013695911856,0.58599853515625,0.8980433488180777,0.786493295897195,0.8037109375,0.0419165021654598,0.008174371905220839,38,0.032997933445517706,0.21771240234375,0.0,0.4468931589380764,0.0
F3_overlap6,1,0.33960013695911856,0.58599853515625,0.781804507659892,0.6807544678239513,0.7493896484375,0.03924831788482127,0.008288247586071112,57,0.04057451231639895,0.16339111328125,0.0,0.34115433086483277,0.0
F3_overlap6,2,0.33960013695911856,0.58599853515625,0.7144371234990468,0.6311923537128423,0.7408447265625,0.040091430723917944,0.007869078088739368,49,0.037530875968444385,0.15484619140625,0.0,0.29159221675372377,0.0
F3_overlap6,3,0.33960013695911856,0.58599853515625,0.8747448850277867,0.8431452639871715,0.787109375,0.04097309517464535,0.009261838784289997,42,0.031413951863981486,0.20111083984375,0.0,0.5035451270280529,0.0
F3_overlap6,4,0.33960013695911856,0.58599853515625,0.7682753723935603,0.6899706590060912,0.750732421875,0.03976574788300265,0.008494278272730731,47,0.03402993687377525,0.16473388671875,0.0,0.35037052204697267,0.0
F3_overlap6,5,0.33960013695911856,0.58599853515625,0.757292645782447,0.6837493424679912,0.7330322265625,0.03778424972114558,0.00885587785665241,54,0.033381197911701105,0.14703369140625,0.0,0.3441492055088727,0.0
F3_overlap6,6,0.33960013695911856,0.58599853515625,0.833477059991362,0.7508154663917391,0.7572021484375,0.03974308681967057,0.00891917493690158,42,0.030028490196209495,0.17120361328125,0.0,0.41121532943262057,0.0
F3_overlap6,7,0.33960013695911856,0.58599853515625,0.7971176925404244,0.6958571405712983,0.75244140625,0.039788484986516985,0.008306381605956294,52,0.03781587423761325,0.16644287109375,0.0,0.35625700361217977,0.0
F3_overlap6,8,0.33960013695911856,0.58599853515625,0.79672586573777,0.6745118210576836,0.75390625,0.04014343938751946,0.008121930279446255,52,0.03515674501727841,0.16790771484375,0.0,0.33491168409856503,0.0
F3_overlap6,9,0.33960013695911856,0.58599853515625,0.8851469833661177,0.8414740242970165,0.8299560546875,0.04294377644364153,0.007980259277339285,39,0.035042560962359366,0.24395751953125,0.0,0.5018738873378978,0.0
F3_overlap6,10,0.33960013695911856,0.58599853515625,0.7396945976187533,0.6667677839254329,0.740478515625,0.03778975915406117,0.00838650646570639,57,0.03796897211188765,0.15447998046875,0.0,0.32716764696631434,0.0
F3_overlap6,11,0.33960013695911856,0.58599853515625,0.7699762583336294,0.6746632820476375,0.7421875,0.038585513569359874,0.008461516250670655,54,0.03584699487650183,0.15618896484375,0.0,0.3350631450885189,0.0
F3_overlap6,12,0.33960013695911856,0.58599853515625,0.8512053966418995,0.7723430812556772,0.7803955078125,0.041047271025879725,0.008664163942726668,52,0.03877356127247824,0.19439697265625,0.0,0.43274294429655863,0.0
F3_overlap6,13,0.33960013695911856,0.58599853515625,0.7960231362243158,0.6358958627469085,0.7493896484375,0.03728974119716045,0.007775950180754898,49,0.03669830255708779,0.16339111328125,0.0,0.2962957257877899,0.0
F3_overlap6,14,0.33960013695911856,0.58599853515625,0.8830128066170363,0.8221848497051273,0.7974853515625,0.040887519293214276,0.008620575409833355,41,0.030892782319334497,0.21148681640625,0.0,0.4825847127460087,0.0
F3_overlap6,15,0.33960013695911856,0.58599853515625,0.7730757494637138,0.682818713252861,0.7508544921875,0.040093906802122076,0.008311704169140966,46,0.035899912765841265,0.16485595703125,0.0,0.34321857629374247,0.0
F3_overlap6,16,0.33960013695911856,0.58599853515625,0.8238891127967827,0.7502644324271566,0.767333984375,0.04155002640465586,0.00881936595398577,57,0.0367991686884832,0.18133544921875,0.0,0.410664295468038,0.0
F3_overlap6,17,0.33960013695911856,0.58599853515625,0.7439817984419143,0.6916548720604709,0.7257080078125,0.04006545785282189,0.009181985817125406,56,0.03415783671675042,0.13970947265625,0.0,0.3520547351013524,0.0
F3_overlap6,18,0.33960013695911856,0.58599853515625,0.759474177025987,0.6570818559445598,0.7606201171875,0.03927260131446652,0.007805091512992958,50,0.035603448665027675,0.17462158203125,0.0,0.31748171898544125,0.0
F3_overlap6,19,0.33960013695911856,0.58599853515625,0.793835153041328,0.6994252441071147,0.7537841796875,0.03994274860878305,0.008357123233223287,54,0.040329693482245334,0.16778564453125,0.0,0.35982510714799615,0.0
F3_overlap6,20,0.33960013695911856,0.58599853515625,0.7546648623322257,0.7019299838958084,0.7593994140625,0.03990776796071311,0.00836687011685543,52,0.03360499986588745,0.17340087890625,0.0,0.36232984693668985,0.0
F3_overlap6,21,0.33960013695911856,0.58599853515625,0.775627447626226,0.711126529828076,0.7423095703125,0.03920359698854942,0.00880857552599006,48,0.03690773289894506,0.15631103515625,0.0,0.37152639286895744,0.0
F3_overlap6,22,0.33960013695911856,0.58599853515625,0.7720417720013036,0.654594444334111,0.721435546875,0.03737283272223554,0.008770626137364608,47,0.031182568843431534,0.13543701171875,0.0,0.3149943073749924,0.0
F3_overlap6,23,0.33960013695911856,0.58599853515625,0.7795734257215152,0.6757140818497751,0.716796875,0.04110095659774795,0.009036477077143064,59,0.038383593985947574,0.13079833984375,0.0,0.33611394489065655,0.0
F3_overlap6,24,0.33960013695911856,0.58599853515625,0.7835166262073372,0.690581696971345,0.7786865234375,0.04023095042522597,0.007823460804691592,52,0.039418128344393795,0.19268798828125,0.0,0.3509815600122264,0.0
F3_overlap6,25,0.33960013695911856,0.58599853515625,0.7438723947326991,0.6842648030491381,0.7591552734375,0.04050491550614296,0.008216295585565008,55,0.038732528123931666,0.17315673828125,0.0,0.3446646660900195,0.0
F3_overlap6,26,0.33960013695911856,0.58599853515625,0.7537189100930837,0.6540605401417288,0.705322265625,0.03818246457367845,0.009129854243689292,55,0.03494166412360706,0.11932373046875,0.0,0.3144604031826102,0.0
F3_overlap6,27,0.33960013695911856,0.58599853515625,0.8539551903771635,0.7601839052943027,0.76416015625,0.040226551073661354,0.00902648162188268,59,0.037534445222102496,0.17816162109375,0.0,0.4205837683351841,0.0
F3_overlap6,28,0.33960013695911856,0.58599853515625,0.8181201792003385,0.7689025872464382,0.7657470703125,0.03922946545836943,0.008904465909961717,51,0.034062578331080305,0.17974853515625,0.0,0.42930245028731967,0.0
F3_overlap6,29,0.33960013695911856,0.58599853515625,0.8660724470999328,0.7745989942262093,0.80908203125,0.041578099072295364,0.007941432890880104,29,0.0263752768576387,0.22308349609375,0.0,0.4349988572670907,0.0
F3_overlap6,30,0.33960013695911856,0.58599853515625,0.8014328594586195,0.7001589681423473,0.7518310546875,0.039112905449860354,0.008407951794253932,49,0.03662039276863095,0.16583251953125,0.0,0.3605588311832288,0.0
F3_overlap6,31,0.33960013695911856,0.58599853515625,0.8135557621086588,0.7064786837559928,0.7476806640625,0.03946899025621512,0.008682839720100553,53,0.03726965814876469,0.16168212890625,0.0,0.3668785467968742,0.0
F3_overlap6,32,0.33960013695911856,0.58599853515625,0.8137251918743883,0.7170436824966104,0.7666015625,0.04012105312418218,0.008263859320855835,58,0.041751384820754994,0.18060302734375,0.0,0.3774435455374919,0.0
F3_overlap6,33,0.33960013695911856,0.58599853515625,0.8051757111321128,0.6964496132154332,0.736328125,0.038004932132012385,0.0087476392044597,65,0.04012705072901872,0.15032958984375,0.0,0.35684947625631463,0.0
F3_overlap6,34,0.33960013695911856,0.58599853515625,0.7489893252276133,0.6535464201342611,0.7437744140625,0.03808292811920425,0.008129200143579539,51,0.03603736378194648,0.15777587890625,0.0,0.31394628317514256,0.0
F3_overlap6,35,0.33960013695911856,0.58599853515625,0.7600534011811657,0.667840489342754,0.7457275390625,0.03970464058547246,0.008159739110309563,63,0.040978954582801846,0.15972900390625,0.0,0.3282403523836354,0.0
F3_overlap6,36,0.33960013695911856,0.58599853515625,0.7881791346948885,0.717475993117491,0.7867431640625,0.04045028660671684,0.008079387236266632,57,0.0426650740939105,0.20074462890625,0.0,0.37787585615837244,0.0
F3_overlap6,37,0.33960013695911856,0.58599853515625,0.8352990330089765,0.7601600012976162,0.7847900390625,0.04086010965654709,0.008263422930544813,29,0.025761754598029388,0.19879150390625,0.0,0.4205598643384976,0.0
F3_overlap6,38,0.33960013695911856,0.58599853515625,0.8559304222736782,0.7881896828509829,0.808837890625,0.04272520682825336,0.008151789778830324,35,0.030326433655172885,0.22283935546875,0.0,0.44858954589186434,0.0
F3_overlap6,39,0.33960013695911856,0.58599853515625,0.732339896211099,0.6638474063773453,0.73583984375,0.039811306009657745,0.008433797561378367,72,0.04851516140342765,0.14984130859375,0.0,0.32424726941822674,0.0
F3_overlap6,40,0.33960013695911856,0.58599853515625,0.7765730353416235,0.708237421495907,0.7369384765625,0.03866171014752797,0.008900261255638616,42,0.02924341921194135,0.15093994140625,0.0,0.3686372845367884,0.0
F3_overlap6,41,0.33960013695911856,0.58599853515625,0.8488332081653758,0.7787023424932442,0.775634765625,0.04104430250933299,0.008846396620063186,50,0.03474443564929696,0.18963623046875,0.0,0.43910220553412566,0.0
F3_overlap6,42,0.33960013695911856,0.58599853515625,0.8429756193845316,0.7551931522698931,0.7685546875,0.040077013594332835,0.008784962687428071,41,0.028945068017058404,0.18255615234375,0.0,0.4155930153107746,0.0
F3_overlap6,43,0.33960013695911856,0.58599853515625,0.8294676905211734,0.7616401972672207,0.7877197265625,0.03988490610742346,0.008300624222445638,50,0.035674561745105825,0.20172119140625,0.0,0.4220400603081021,0.0
F3_overlap6,44,0.33960013695911856,0.58599853515625,0.8425160295473522,0.7424508588427396,0.811767578125,0.04192659761006869,0.0076754306738421275,47,0.03745526899595683,0.22576904296875,0.0,0.4028507218836211,0.0
F3_overlap6,45,0.33960013695911856,0.58599853515625,0.7774181995979186,0.7216796124696019,0.78564453125,0.041510320063911414,0.008036908013749199,47,0.03606945023905409,0.19964599609375,0.0,0.3820794755104833,0.0
F3_overlap6,46,0.33960013695911856,0.58599853515625,0.8035181398046897,0.7632224843883866,0.781005859375,0.04204380727891014,0.008497627038210017,50,0.038203726223212976,0.19500732421875,0.0,0.423622347429268,0.0
F3_overlap6,47,0.33960013695911856,0.58599853515625,0.8104065666328214,0.6803394788858654,0.7574462890625,0.040327193717962666,0.008263177438686868,47,0.03708873115880769,0.17144775390625,0.0,0.3407393419267469,0.0
F3_overlap6,48,0.33960013695911856,0.58599853515625,0.7019173834462177,0.6167629093229987,0.7386474609375,0.0392334014739486,0.007761726091844045,51,0.03908055058547993,0.15264892578125,0.0,0.27716277236388015,0.0
F3_overlap6,49,0.33960013695911856,0.58599853515625,0.7703033193837254,0.6760819523070289,0.7684326171875,0.040771678590478595,0.007892300319951136,50,0.038736254562877194,0.18243408203125,0.0,0.3364818153479104,0.0
F3_overlap6,50,0.33960013695911856,0.58599853515625,0.780552561158543,0.6705700482452593,0.7484130859375,0.03928186393477906,0.008201646864247274,49,0.036312308583312275,0.16241455078125,0.0,0.3309699112861408,0.0
F3_overlap6,51,0.33960013695911856,0.58599853515625,0.7494391680538744,0.7183878888729105,0.756591796875,0.0402559087630453,0.008482897712605833,52,0.0383121249850397,0.17059326171875,0.0,0.37878775191379194,0.0
F3_overlap6,52,0.33960013695911856,0.58599853515625,0.8430360486270911,0.7619449773839693,0.7830810546875,0.04177853355897399,0.008395552070411932,49,0.03568016810687258,0.19708251953125,0.0,0.4223448404248507,0.0
F3_overlap6,53,0.33960013695911856,0.58599853515625,0.8399177537685035,0.6932520216163471,0.7626953125,0.038846241477560904,0.008192870523959547,47,0.03733898930001915,0.17669677734375,0.0,0.3536518846572286,0.0
F3_overlap6,54,0.33960013695911856,0.58599853515625,0.8521380070805434,0.7508518723970297,0.773681640625,0.04113023391098607,0.00844560395983059,53,0.03708575123883127,0.18768310546875,0.0,0.4112517354379111,0.0
F3_overlap6,55,0.33960013695911856,0.58599853515625,0.7656665614830735,0.7183938968175861,0.775634765625,0.0409193154318216,0.008188295257537314,49,0.03677892182272144,0.18963623046875,0.0,0.3787937598584676,0.0
F3_overlap6,56,0.33960013695911856,0.58599853515625,0.7538734772281521,0.6972071252648594,0.79443359375,0.04224491513350434,0.007453769344994134,54,0.04466047013122685,0.20843505859375,0.0,0.35760698830574084,0.0
F3_overlap6,57,0.33960013695911856,0.58599853515625,0.7873983070777535,0.6662545036807457,0.7445068359375,0.03864522468224631,0.008288189911562828,71,0.05174776666287813,0.15850830078125,0.0,0.3266543667216271,0.0
F3_overlap6,58,0.33960013695911856,0.58599853515625,0.8208158015075268,0.7104939692560316,0.7431640625,0.03966326561836571,0.009003187004799164,56,0.03544597241363235,0.15716552734375,0.0,0.37089383229691303,0.0
F3_overlap6,59,0.33960013695911856,0.58599853515625,0.8258957121241184,0.7436089208933188,0.775634765625,0.042378723582649096,0.00848875077776738,60,0.043131229854186305,0.18963623046875,0.0,0.4040087839342002,0.0
F3_overlap6,60,0.33960013695911856,0.58599853515625,0.8352788269627356,0.7336927070647883,0.7227783203125,0.03806016681639828,0.009635204548360522,62,0.0367299174226892,0.13677978515625,0.0,0.3940925701056697,0.0
F3_overlap6,61,0.33960013695911856,0.58599853515625,0.8108961075434532,0.7365124656793343,0.7664794921875,0.040850993819731035,0.008484718649065748,45,0.03334155252425262,0.18048095703125,0.0,0.3969123287202157,0.0
F3_overlap6,62,0.33960013695911856,0.58599853515625,0.7607208982039636,0.7100632281028909,0.7413330078125,0.03965629445544829,0.008934011386736563,47,0.03190791308592566,0.15533447265625,0.0,0.37046309114377235,0.0
F3_overlap6,63,0.33960013695911856,0.58599853515625,0.7598050332399302,0.6726708033104694,0.7593994140625,0.03952362579189331,0.007966859927652312,45,0.03466723892530001,0.17340087890625,0.0,0.3330706663513508,0.0
F3_overlap6,64,0.33960013695911856,0.58599853515625,0.8016306504360057,0.7258594851049189,0.779296875,0.040651808432346254,0.0081644002067803,52,0.03707070348117523,0.19329833984375,0.0,0.3862593481458004,0.0
F3_overlap6,65,0.33960013695911856,0.58599853515625,0.858321399835073,0.7748092526438867,0.800537109375,0.04110331559496968,0.008122239441808654,41,0.03071967645783198,0.21453857421875,0.0,0.4352091156847681,0.0
F3_overlap6,66,0.33960013695911856,0.58599853515625,0.8073281269863254,0.7080844207846428,0.751708984375,0.04078452341321376,0.008537351668930363,56,0.0387400350542562,0.16571044921875,0.0,0.3684842838255243,0.0
F3_overlap6,67,0.33960013695911856,0.58599853515625,0.7824469231264398,0.6926240241033235,0.74267578125,0.0402676936245696,0.008702429735170613,59,0.0379154894259945,0.15667724609375,0.0,0.3530238871442049,0.0
F3_overlap6,68,0.33960013695911856,0.58599853515625,0.7809311935104253,0.7163017473961487,0.7509765625,0.04036481069982028,0.00882853251562568,48,0.034113004166957894,0.16497802734375,0.0,0.37670161043703015,0.0
F3_overlap6,69,0.33960013695911856,0.58599853515625,0.8149377393081045,0.7308894195901836,0.760009765625,0.039594884707730565,0.008637123155942365,56,0.037790668345960975,0.17401123046875,0.0,0.39128928263106505,0.0
F3_overlap6,70,0.33960013695911856,0.58599853515625,0.7803726890101894,0.7298441414820036,0.787841796875,0.04108882891073981,0.008004586046273854,57,0.04112456477124645,0.20184326171875,0.0,0.39024400452288505,0.0
F3_overlap6,71,0.33960013695911856,0.58599853515625,0.8407940830741526,0.7254420490600593,0.7525634765625,0.04005693645096549,0.008771643375760954,50,0.03347142216880108,0.16656494140625,0.0,0.3858419121009407,0.0
F3_overlap6,72,0.33960013695911856,0.58599853515625,0.8504053098546049,0.7502591465072448,0.7998046875,0.041973977153140045,0.007982170750575416,45,0.03572577779710609,0.21380615234375,0.0,0.41065900954812623,0.0
F3_overlap6,73,0.33960013695911856,0.58599853515625,0.800509529493625,0.7540343884104589,0.785888671875,0.04103478090608301,0.008289542553989386,40,0.03297739595491606,0.19989013671875,0.0,0.41443425145134033,0.0
F3_overlap6,74,0.33960013695911856,0.58599853515625,0.8464454997405668,0.7653891120868003,0.8031005859375,0.04223477795924598,0.007852837705876586,43,0.03492051971530658,0.21710205078125,0.0,0.4257889751276817,0.0
F3_overlap6,75,0.33960013695911856,0.58599853515625,0.7548361816988738,0.6592133626728911,0.7154541015625,0.039163659346497494,0.00899300998253695,55,0.03693653254892976,0.12945556640625,0.0,0.31961322571377254,0.0
F3_overlap6,76,0.33960013695911856,0.58599853515625,0.7846455225275447,0.7033706896854599,0.774658203125,0.04051403595787273,0.007901426091384625,55,0.038589352424568936,0.18865966796875,0.0,0.36377055272634135,0.0
F3_overlap6,77,0.33960013695911856,0.58599853515625,0.7420370208648807,0.6365841240136009,0.7427978515625,0.03737036319879926,0.007865546957864171,49,0.036133045840809584,0.15679931640625,0.0,0.2969839870544823,0.0
F3_overlap6,78,0.33960013695911856,0.58599853515625,0.8215476240442089,0.7258966295459641,0.7178955078125,0.038290108136564784,0.009785366056893873,50,0.028694312237968332,0.13189697265625,0.0,0.38629649258684556,0.0
F3_overlap6,79,0.33960013695911856,0.58599853515625,0.7493803061701141,0.6478676860401984,0.7305908203125,0.03971394361440612,0.008278077232869892,51,0.03703049457104622,0.14459228515625,0.0,0.30826754908107984,0.0
F3_overlap6,80,0.33960013695911856,0.58599853515625,0.8156674794162643,0.7316489217598356,0.8126220703125,0.040653968876260514,0.007427088650672584,43,0.03762567092118539,0.22662353515625,0.0,0.3920487848007171,0.0
F3_overlap6,81,0.33960013695911856,0.58599853515625,0.7860833803714053,0.682283136873136,0.741943359375,0.03995601061986759,0.008534195335541958,75,0.045862970944395905,0.15594482421875,0.0,0.34268299991401746,0.0
F3_overlap6,82,0.33960013695911856,0.58599853515625,0.7822051014285399,0.6712498081446496,0.740234375,0.04005979638007812,0.00843300250174078,61,0.04340251119723925,0.15423583984375,0.0,0.33164967118553107,0.0
F3_overlap6,83,0.33960013695911856,0.58599853515625,0.7469846258409644,0.6685697018882439,0.7340087890625,0.03910981282739905,0.008464064652571848,47,0.035203600504999114,0.14801025390625,0.0,0.3289695649291254,0.0
F3_overlap6,84,0.33960013695911856,0.58599853515625,0.7830480419586096,0.6601919240993172,0.7166748046875,0.03811522158525396,0.008764503461982202,60,0.03909631760406224,0.13067626953125,0.0,0.3205917871401986,0.0
F3_overlap6,85,0.33960013695911856,0.58599853515625,0.8471107290862928,0.7818562776501143,0.776611328125,0.039989090906412714,0.00888812329424757,49,0.033697076788970236,0.19061279296875,0.0,0.4422561406909958,0.0
F3_overlap6,86,0.33960013695911856,0.58599853515625,0.805898808611216,0.693640230916974,0.7877197265625,0.03907096750794513,0.007677370963442068,31,0.029268203314399367,0.20172119140625,0.0,0.35404009395785546,0.0
F3_overlap6,87,0.33960013695911856,0.58599853515625,0.742564090987105,0.6440574309931403,0.734130859375,0.03847684397022556,0.008275408520618623,46,0.03828725145683812,0.14813232421875,0.0,0.3044572940340217,0.0
F3_overlap6,88,0.33960013695911856,0.58599853515625,0.7734011851200989,0.6902777343297916,0.7440185546875,0.03946185995497596,0.00873166653507114,52,0.03410878635053197,0.15802001953125,0.0,0.350677597370673,0.0
F3_overlap6,89,0.33960013695911856,0.58599853515625,0.7918557516928132,0.7120683843581253,0.7392578125,0.03990041093667947,0.008894625870185593,52,0.037663084371326684,0.15325927734375,0.0,0.3724682473990067,0.0
F3_overlap6,90,0.33960013695911856,0.58599853515625,0.7747056998502746,0.6756455933666673,0.7796630859375,0.04006174088603585,0.007538981357932763,65,0.049494559184438444,0.19366455078125,0.0,0.33604545640754874,0.0
F3_overlap6,91,0.33960013695911856,0.58599853515625,0.7888476934024106,0.7235341205741571,0.7432861328125,0.041283395407853994,0.008904873877173567,59,0.0399826382097336,0.15728759765625,0.0,0.38393398361503855,0.0
F3_overlap6,92,0.33960013695911856,0.58599853515625,0.8836050265346739,0.7699681828548821,0.7440185546875,0.04048934390627462,0.009606307765290676,38,0.027368537046695736,0.15802001953125,0.0,0.43036804589576355,0.0
F3_overlap6,93,0.33960013695911856,0.58599853515625,0.8337546445391741,0.7204596820647515,0.7637939453125,0.03998481660240677,0.008468413219997074,49,0.03623967345462105,0.17779541015625,0.0,0.38085954510563297,0.0
F3_overlap6,94,0.33960013695911856,0.58599853515625,0.7409400125088296,0.6707456109371861,0.7171630859375,0.03887121618259494,0.008902493156566717,48,0.03181084988222003,0.13116455078125,0.0,0.33114547397806754,0.0
F3_overlap6,95,0.33960013695911856,0.58599853515625,0.7991037154769359,0.6585027448549061,0.749267578125,0.038378447783935274,0.007994910339053068,49,0.03607199192632139,0.16326904296875,0.0,0.31890260789578756,0.0
F3_overlap6,96,0.33960013695911856,0.58599853515625,0.7987746740033134,0.741423170075785,0.7806396484375,0.04156775447010348,0.00827728218949945,54,0.03735202020394579,0.19464111328125,0.0,0.4018230331166664,0.0
F3_overlap6,97,0.33960013695911856,0.58599853515625,0.8032952214546165,0.7523360268354671,0.792236328125,0.04149428985864974,0.008112095106697718,42,0.0324702679483097,0.20623779296875,0.0,0.4127358898763485,0.0
F3_overlap6,98,0.33960013695911856,0.58599853515625,0.7611686099798494,0.6607369984372952,0.744384765625,0.03809399034694315,0.008215554728474482,61,0.04123044390365958,0.15838623046875,0.0,0.3211368614781766,0.0
F3_overlap6,99,0.33960013695911856,0.58599853515625,0.770801561538993,0.737005066082387,0.802734375,0.039396333821472056,0.00767648607919732,46,0.03474757086377751,0.21673583984375,0.0,0.39740492912326847,0.0
F3_overlap6,100,0.33960013695911856,0.58599853515625,0.7376393113469767,0.6494065817462134,0.739501953125,0.03835829568593997,0.008123048127783859,45,0.03621934720252512,0.15350341796875,0.0,0.3098064447870948,0.0
F3_overlap6,101,0.33960013695911856,0.58599853515625,0.7033389007466102,0.6658296666987704,0.728515625,0.03916318057541039,0.008469894196647077,63,0.04302302547578217,0.14251708984375,0.0,0.32622952973965186,0.0
F3_overlap6,102,0.33960013695911856,0.58599853515625,0.816468608402668,0.6909026585362876,0.7294921875,0.03839383595640039,0.008865559768588351,54,0.037827389660358465,0.14349365234375,0.0,0.35130252157716907,0.0
F3_overlap6,103,0.33960013695911856,0.58599853515625,0.7816046196659739,0.6810051506629915,0.7509765625,0.03916937049712889,0.00831489552914884,59,0.0372427962612715,0.16497802734375,0.0,0.34140501370387294,0.0
F3_overlap6,104,0.33960013695911856,0.58599853515625,0.8019716976518594,0.7397752309830465,0.772705078125,0.0406235503961332,0.008518600210421473,48,0.0331154871862011,0.18670654296875,0.0,0.400175094023928,0.0
F3_overlap6,105,0.33960013695911856,0.58599853515625,0.7207987711851747,0.6539165853739144,0.734130859375,0.03955221995868584,0.008509862088475841,54,0.03663068743104666,0.14813232421875,0.0,0.31431644841479583,0.0
F3_overlap6,106,0.33960013695911856,0.58599853515625,0.7469575793927857,0.6824645028245419,0.7799072265625,0.039756393685035835,0.0077300904139840565,47,0.03992617403091162,0.19390869140625,0.0,0.3428643658654233,0.0
F3_overlap6,107,0.33960013695911856,0.58599853515625,0.755587138377259,0.6584683394736814,0.7564697265625,0.03864876206950814,0.008015450432082898,56,0.04453706991742216,0.17047119140625,0.0,0.3188682025145629,0.0
F3_overlap6,108,0.33960013695911856,0.58599853515625,0.798590023904155,0.7162210255034562,0.7520751953125,0.038622776149940544,0.008813220177264897,63,0.04397935417929278,0.16607666015625,0.0,0.3766208885443377,0.0
F3_overlap6,109,0.33960013695911856,0.58599853515625,0.858107087380372,0.7766468857624051,0.783935546875,0.0415947504236359,0.008579356157628821,46,0.03270427726278124,0.19793701171875,0.0,0.4370467488032866,0.0
F3_overlap6,110,0.33960013695911856,0.58599853515625,0.7625370631272285,0.6829959232076713,0.77783203125,0.041082954577326,0.007751545009740258,42,0.034807620359296514,0.19183349609375,0.0,0.34339578624855277,0.0
F3_overlap6,111,0.33960013695911856,0.58599853515625,0.8297683280507798,0.7451114363392861,0.7880859375,0.040918463827548456,0.008176263971945062,46,0.03524273856641729,0.20208740234375,0.0,0.40551129938016756,0.0
F3_overlap6,112,0.33960013695911856,0.58599853515625,0.8762529203047591,0.770770166661715,0.764404296875,0.039055699605757284,0.00901201643963816,52,0.0353135964300677,0.17840576171875,0.0,0.4311700297025965,0.0
F3_overlap6,113,0.33960013695911856,0.58599853515625,0.7847557340671544,0.7051641332399006,0.760009765625,0.0393297616658776,0.00839954313028332,51,0.03633898498217133,0.17401123046875,0.0,0.365563996280782,0.0
F3_overlap6,114,0.33960013695911856,0.58599853515625,0.7522507468084132,0.7030581771082296,0.7518310546875,0.041649943215747984,0.008482528837329348,40,0.030291799161892115,0.16583251953125,0.0,0.36345804014911104,0.0
F3_overlap6,115,0.33960013695911856,0.58599853515625,0.8270458121840017,0.7737671734720281,0.7841796875,0.041438077356800135,0.008661088240506496,46,0.033702315872901734,0.19818115234375,0.0,0.4341670365129095,0.0
F3_overlap6,116,0.33960013695911856,0.58599853515625,0.7335736548665229,0.6602193704151823,0.7490234375,0.04026775454984396,0.008084322330278925,63,0.04395390479281343,0.16302490234375,0.0,0.32061923345606375,0.0
F3_overlap6,117,0.33960013695911856,0.58599853515625,0.7605900596958837,0.6892236730179746,0.758544921875,0.039623197532277665,0.0082142395015249,57,0.04015587518303264,0.17254638671875,0.0,0.34962353605885604,0.0
F3_overlap6,118,0.33960013695911856,0.58599853515625,0.8197767495870455,0.7646211102221534,0.7672119140625,0.040246446153248176,0.00884630047718858,55,0.0351022352270642,0.18121337890625,0.0,0.42502097326303484,0.0
F3_overlap6,119,0.33960013695911856,0.58599853515625,0.7721220794371151,0.7005344381666492,0.761962890625,0.04100900481966385,0.008297986949248694,51,0.03602584634423259,0.17596435546875,0.0,0.3609343012075306,0.0
F3_overlap6,120,0.33960013695911856,0.58599853515625,0.7706268696263272,0.6454341645359477,0.7275390625,0.03940765956444371,0.008365769990726938,43,0.03106121615753359,0.14154052734375,0.0,0.30583402757682915,0.0
F3_overlap6,121,0.33960013695911856,0.58599853515625,0.7073420807109423,0.5880380167581023,0.7099609375,0.03846675269413656,0.008128796337746273,57,0.04268709117051767,0.12396240234375,0.0,0.24843787979898374,0.0
F3_overlap6,122,0.33960013695911856,0.58599853515625,0.7528988687067113,0.670149160476216,0.7257080078125,0.03869371479241052,0.008748892543621593,60,0.04064920204277821,0.13970947265625,0.0,0.3305490235170974,0.0
F3_overlap6,123,0.33960013695911856,0.58599853515625,0.7980422797924719,0.6997187736551009,0.75634765625,0.039561814617115686,0.008398334524904197,47,0.033048166588745105,0.17034912109375,0.0,0.3601186366959824,0.0
F3_overlap6,124,0.33960013695911856,0.58599853515625,0.8687557909440697,0.780999535842956,0.78173828125,0.040847952165544765,0.008808575287131623,45,0.034430768685773,0.19573974609375,0.0,0.44139939888383745,0.0
F3_overlap6,125,0.33960013695911856,0.58599853515625,0.7611049466411115,0.6698504689081339,0.73779296875,0.03914981519283043,0.008568864881959801,46,0.03219917147584379,0.15179443359375,0.0,0.3302503319490154,0.0
F3_overlap6,126,0.33960013695911856,0.58599853515625,0.7357374399804317,0.6234016973941211,0.7169189453125,0.03811337055204667,0.008213864262299194,57,0.03769483111681377,0.13092041015625,0.0,0.28380156043500254,0.0
F3_overlap6,127,0.33960013695911856,0.58599853515625,0.7690382487001589,0.731225994363903,0.78076171875,0.04213050654659944,0.008147581306732378,47,0.03758729597349261,0.19476318359375,0.0,0.39162585740478445,0.0
F3_overlap6,128,0.33960013695911856,0.58599853515625,0.7828137207470482,0.7011310601689881,0.74609375,0.04016122281088763,0.008629550040218073,58,0.04056603986028486,0.16009521484375,0.0,0.3615309232098695,0.0
F3_overlap6,129,0.33960013695911856,0.58599853515625,0.8532956411304196,0.7816371760426194,0.791748046875,0.040587902090807426,0.008403176188128792,42,0.03357231372842369,0.20574951171875,0.0,0.44203703908350084,0.0
F3_overlap6,130,0.33960013695911856,0.58599853515625,0.7612557330947939,0.6722931049800825,0.7481689453125,0.03976770353676157,0.008183212922134746,41,0.031243176994101753,0.16217041015625,0.0,0.332692968020964,0.0
F3_overlap6,131,0.33960013695911856,0.58599853515625,0.7629826494799556,0.6729377310799477,0.7236328125,0.040263973115708965,0.008849570473688907,38,0.02962095518497498,0.13763427734375,0.0,0.33333759412082914,0.0
F3_overlap6,132,0.33960013695911856,0.58599853515625,0.8327239013429479,0.7125380661716947,0.7791748046875,0.03968927623568546,0.008020778192062858,46,0.034145146991156616,0.19317626953125,0.0,0.3729379292125761,0.0
F3_overlap6,133,0.33960013695911856,0.58599853515625,0.7809661730248881,0.6822135356217227,0.7308349609375,0.03997855595290255,0.008719136674379244,39,0.030338153450449247,0.14483642578125,0.0,0.34261339866260415,0.0
F3_overlap6,134,0.33960013695911856,0.58599853515625,0.8163397701624854,0.7355877633754617,0.7840576171875,0.04196105202949123,0.008119083677413723,45,0.03591277647827019,0.19805908203125,0.0,0.39598762641634316,0.0
F3_overlap6,135,0.33960013695911856,0.58599853515625,0.7796085729885239,0.7230797167045584,0.7578125,0.039472146884224325,0.008543708382619489,57,0.04082944650305138,0.17181396484375,0.0,0.38347957974543984,0.0
F3_overlap6,136,0.33960013695911856,0.58599853515625,0.747770872232914,0.6697648100505182,0.7667236328125,0.04053549749061881,0.007653214408572935,57,0.04260880087526856,0.18072509765625,0.0,0.3301646730913997,0.0
F3_overlap6,137,0.33960013695911856,0.58599853515625,0.804310886165436,0.7342007907764581,0.76318359375,0.04228953322212934,0.00853861231374502,45,0.03275401192798445,0.17718505859375,0.0,0.3946006538173395,0.0
F3_overlap6,138,0.33960013695911856,0.58599853515625,0.7823543662689288,0.7138655739542956,0.755615234375,0.03972699719394088,0.008693068385095757,35,0.027275559644158513,0.16961669921875,0.0,0.37426543699517706,0.0
F3_overlap6,139,0.33960013695911856,0.58599853515625,0.850211489521655,0.7310165458130835,0.7606201171875,0.0409629860955921,0.008439979562692244,64,0.047122707054472836,0.17462158203125,0.0,0.39141640885396495,0.0
F3_overlap6,140,0.33960013695911856,0.58599853515625,0.7385928238058562,0.6217040265198446,0.7291259765625,0.037929843752359756,0.00818853637157251,65,0.04358932293367769,0.14312744140625,0.0,0.282103889560726,0.0
F3_overlap6,141,0.33960013695911856,0.58599853515625,0.8063981783708437,0.7107410005106003,0.7598876953125,0.04104971316628967,0.008470401154615536,39,0.031143221416618138,0.17388916015625,0.0,0.37114086355148174,0.0
F3_overlap6,142,0.33960013695911856,0.58599853515625,0.7699698979524586,0.7162149021837202,0.7774658203125,0.03941098337952246,0.008121389225436216,60,0.03890321303625147,0.19146728515625,0.0,0.37661476522460163,0.0
F3_overlap6,143,0.33960013695911856,0.58599853515625,0.7762992278625633,0.7005746113233613,0.790771484375,0.03918340333468586,0.007595302819609284,37,0.03135849667261448,0.20477294921875,0.0,0.36097447436424274,0.0
F3_overlap6,144,0.33960013695911856,0.58599853515625,0.717857765788317,0.6167041468060455,0.7452392578125,0.03914564042971115,0.007714793308918424,43,0.034090605534650244,0.15924072265625,0.0,0.2771040098469269,0.0
F3_overlap6,145,0.33960013695911856,0.58599853515625,0.8351343466236105,0.7798214589852113,0.7728271484375,0.04246343203641765,0.008846842789486066,62,0.04279012576471288,0.18682861328125,0.0,0.4402213220260927,0.0
F3_overlap6,146,0.33960013695911856,0.58599853515625,0.7122859198358517,0.6690000884598999,0.71142578125,0.03911009622139698,0.009107920976869438,60,0.03441660861481756,0.12542724609375,0.0,0.32939995150078133,0.0
F3_overlap6,147,0.33960013695911856,0.58599853515625,0.7985574682353646,0.6718747652011267,0.791748046875,0.0409411940875292,0.007303938217816717,53,0.04370097039070087,0.20574951171875,0.0,0.3322746282420081,0.0
F3_overlap6,148,0.33960013695911856,0.58599853515625,0.7797800333656453,0.7392818887304946,0.7637939453125,0.04064802704379566,0.008688569012852292,40,0.03152369365711636,0.17779541015625,0.0,0.39968175177137605,0.0
F3_overlap6,149,0.33960013695911856,0.58599853515625,0.7730506396897876,0.7096898740723832,0.72900390625,0.040231974357478426,0.0092609517541178,55,0.03584586898775274,0.14300537109375,0.0,0.3700897371132646,0.0
