shift,n,rep,V_true,h_rmse,W_hat,V_hat,W_se,eps_band,n_band,V_se,V_loo,V_hat_dev,V_hat_cover,V_loo_dev,V_loo_cover
-0.55,4000,0,0.8134002685546875,0.6590258568877108,0.7700294366369829,0.78662109375,0.03298902080731743,0.008561015981830036,40,0.026262130600650628,1.1461250101160152,-0.0267791748046875,1.0,0.3327247415613277,0.0
-0.55,4000,1,0.8134002685546875,0.6249404691214103,0.7585813133775607,0.76220703125,0.03235129736834249,0.009001041848970076,43,0.028532490965939857,1.0108736868601365,-0.0511932373046875,1.0,0.19747341830544896,0.0
-0.55,4000,2,0.8134002685546875,0.6114320678809861,0.7978287221118818,0.79296875,0.0327419481478897,0.008472335309050791,44,0.031870360194588075,0.7951318569635433,-0.0204315185546875,1.0,-0.01826841159114423,1.0
-0.55,4000,3,0.8134002685546875,0.5822336667895346,0.7149236595990512,0.793212890625,0.03246616869252782,0.0077470957889730655,49,0.035570472975748134,0.9730705796516552,-0.0201873779296875,1.0,0.15967031109696772,0.0
-0.55,4000,4,0.8134002685546875,0.5838079898287634,0.7638658297916356,0.775146484375,0.032345644685023815,0.008674688988549154,43,0.03179648493381403,0.7393407132625531,-0.0382537841796875,1.0,-0.07405955529213437,0.0
-0.55,4000,5,0.8134002685546875,0.5849521901916942,0.7632855621900815,0.78125,0.032584505712635305,0.008540134816684726,44,0.02970597507058911,0.836540293173941,-0.0321502685546875,1.0,0.023140024619253463,1.0
-0.55,4000,6,0.8134002685546875,0.6574249875806418,0.7105908311846819,0.75439453125,0.03169192233875614,0.008673348699449464,47,0.028936085448744354,0.7604516136864208,-0.0590057373046875,0.0,-0.05294865486826672,1.0
-0.55,4000,7,0.8134002685546875,0.5777139824071271,0.7576529926376936,0.7899169921875,0.03296590456917186,0.008104076873816302,48,0.03186594089684574,0.7404746780699808,-0.0234832763671875,1.0,-0.0729255904847067,0.0
-0.55,4000,8,0.8134002685546875,0.564639771873757,0.8000609943223861,0.804931640625,0.033852205973549196,0.008329859128099555,42,0.028045551143319032,0.9752355908132904,-0.0084686279296875,1.0,0.16183532225860287,0.0
-0.55,4000,9,0.8134002685546875,0.6132405005466246,0.7345435385431863,0.780029296875,0.03273185762853513,0.008451057249499086,46,0.02852097905929061,1.0234307635280466,-0.0333709716796875,1.0,0.21003049497335913,0.0
-0.55,4000,10,0.8134002685546875,0.5951018780302846,0.696138461971978,0.757568359375,0.032654367265628946,0.008267075660376252,35,0.02423902149495785,0.7771707944291443,-0.0558319091796875,0.0,-0.036229474125543226,1.0
-0.55,4000,11,0.8134002685546875,0.5382735144452891,0.7488384828474164,0.8067626953125,0.033913957170372745,0.00776449534828628,43,0.030031485555682774,0.8774656814953814,-0.0066375732421875,1.0,0.0640654129406939,0.0
-0.55,4000,12,0.8134002685546875,0.5703136285825513,0.7151166424775917,0.760009765625,0.03182053596289407,0.008425511327527942,49,0.03370447420428551,0.9197927883304914,-0.0533905029296875,1.0,0.10639251977580388,0.0
-0.55,4000,13,0.8134002685546875,0.6348600037289585,0.7046646139066766,0.740234375,0.03159164800431367,0.008829530858925261,43,0.0295584176261433,0.8373115999845506,-0.0731658935546875,0.0,0.023911331429863125,1.0
-0.55,4000,14,0.8134002685546875,0.6125116987601841,0.7648349173904037,0.7908935546875,0.03197036124622913,0.008246766893183287,52,0.034371746134152045,0.6767776967853898,-0.0225067138671875,1.0,-0.1366225717692977,0.0
-0.55,4000,15,0.8134002685546875,0.5857247727043217,0.7115565153945207,0.764892578125,0.03116537417138185,0.008220081307898234,50,0.0333580501830637,0.7632727033039234,-0.0485076904296875,1.0,-0.05012756525076412,1.0
-0.55,4000,16,0.8134002685546875,0.5426045557759963,0.7312953231978274,0.7818603515625,0.03226313429611785,0.008053545366143187,40,0.02998404667964509,0.6993189717609694,-0.0315399169921875,1.0,-0.11408129679371815,0.0
-0.55,4000,17,0.8134002685546875,0.6463969231988936,0.7608395050606253,0.7808837890625,0.03170993179460313,0.008571838657044124,39,0.02665356344754741,0.7230100112414566,-0.0325164794921875,1.0,-0.09039025731323092,0.0
-0.55,4000,18,0.8134002685546875,0.5410252335828926,0.7363783812736777,0.794921875,0.032883801212218185,0.007805772826661648,40,0.031771490860162566,0.464016223418117,-0.0184783935546875,1.0,-0.3493840451365705,0.0
-0.55,4000,19,0.8134002685546875,0.608476983063038,0.7117023481980314,0.7628173828125,0.03228809001557766,0.008484447766175355,37,0.029156527340889887,0.8392066854454084,-0.0505828857421875,1.0,0.02580641689072094,1.0
-0.55,4000,20,0.8134002685546875,0.617777976775766,0.7718654981906437,0.767578125,0.03226366683930283,0.009015721010564302,46,0.029247140620544065,0.7810502669417423,-0.0458221435546875,1.0,-0.03235000161294521,1.0
-0.55,4000,21,0.8134002685546875,0.5995722162449197,0.7071181383372717,0.75048828125,0.03190592038766798,0.008769468224998534,48,0.030775989835234142,0.9349295437920142,-0.0629119873046875,0.0,0.1215292752373267,0.0
-0.55,4000,22,0.8134002685546875,0.5707486895789853,0.7612048213141167,0.792236328125,0.033324287809809915,0.008110753935169853,47,0.035347537294733326,0.7487381374154355,-0.0211639404296875,1.0,-0.06466213113925201,1.0
-0.55,4000,23,0.8134002685546875,0.6280098131295743,0.7929805412229586,0.8046875,0.03296284869258696,0.008237746233045455,49,0.034215522107575766,0.9507432058207582,-0.0087127685546875,1.0,0.13734293726607072,0.0
-0.55,4000,24,0.8134002685546875,0.5966516056531752,0.778011676244024,0.7889404296875,0.033140838888127744,0.008370116498112565,52,0.03551391104388449,1.007048943739807,-0.0244598388671875,1.0,0.1936486751851194,0.0
-0.55,4000,25,0.8134002685546875,0.5859934975020683,0.7724502574444183,0.8016357421875,0.03396878080670636,0.008078688640070763,50,0.03427784235588101,0.9768192298136004,-0.0117645263671875,1.0,0.16341896125891286,0.0
-0.55,4000,26,0.8134002685546875,0.5916870516099227,0.7146790101778392,0.774658203125,0.03283586818957448,0.008245557877754052,46,0.03198147267458377,0.8662482467608872,-0.0387420654296875,1.0,0.052847978206199686,1.0
-0.55,4000,27,0.8134002685546875,0.6105818684047408,0.7001259558863782,0.7681884765625,0.03319201723340453,0.008359742080288576,43,0.02949569136060217,0.9346056610470757,-0.0452117919921875,1.0,0.12120539249238815,0.0
-0.55,4000,28,0.8134002685546875,0.5863236099073388,0.7457440667190287,0.7860107421875,0.03261221968888208,0.008168803369136031,37,0.029351852062088495,0.7980745909624267,-0.0273895263671875,1.0,-0.015325677592260778,1.0
-0.55,4000,29,0.8134002685546875,0.6184593536116513,0.7382106414938994,0.7513427734375,0.03199523441902785,0.008963720115015937,53,0.0332293039466023,0.8572782158421947,-0.0620574951171875,1.0,0.04387794728750716,1.0
-0.55,4000,30,0.8134002685546875,0.6062216943316429,0.7907286264944962,0.7818603515625,0.03480948862863306,0.008831763819872666,58,0.0365544569682208,0.8630211248218229,-0.0315399169921875,1.0,0.049620856267135416,1.0
-0.55,4000,31,0.8134002685546875,0.5828682333780661,0.7293126178943843,0.7774658203125,0.03251641196665322,0.008215443032258256,53,0.03440764895554262,0.604445694238215,-0.0359344482421875,1.0,-0.20895457431647246,0.0
-0.55,4000,32,0.8134002685546875,0.5889484222345424,0.743592870384222,0.7763671875,0.032065923151500184,0.00843461389883026,42,0.030586510308442696,0.868082072694915,-0.0370330810546875,1.0,0.0546818041402275,1.0
-0.55,4000,33,0.8134002685546875,0.5612458780933113,0.7193875677155221,0.7734375,0.03205769613899164,0.008132782197072124,46,0.03364338857540365,0.8701943703418398,-0.0399627685546875,1.0,0.056794101787152274,1.0
-0.55,4000,34,0.8134002685546875,0.6489930190423085,0.6759987944728475,0.7442626953125,0.03116358133618217,0.008483508559191178,50,0.03280313620146276,1.0038103340593378,-0.0691375732421875,0.0,0.19041006550465034,0.0
-0.55,4000,35,0.8134002685546875,0.6185899395926353,0.7599935432043332,0.773681640625,0.032458425252410446,0.008787124288344354,44,0.028161330086363158,0.9445706570614817,-0.0397186279296875,1.0,0.1311703885067942,0.0
-0.55,4000,36,0.8134002685546875,0.5883118320292043,0.6684922539779045,0.7542724609375,0.0312894063560071,0.008101852585084694,37,0.027855288687535062,0.881085271790468,-0.0591278076171875,0.0,0.06768500323578053,0.0
-0.55,4000,37,0.8134002685546875,0.6238756154078718,0.7172314718450836,0.773681640625,0.03318668884578954,0.008135879020172656,54,0.037995236652671086,0.7296042654369875,-0.0397186279296875,1.0,-0.08379600311769997,0.0
-0.55,4000,38,0.8134002685546875,0.5762235715579727,0.7132785453739305,0.7645263671875,0.033287711697754,0.008266642948911999,38,0.02688053788679481,0.8428274067632169,-0.0488739013671875,1.0,0.02942713820852938,1.0
-0.55,4000,39,0.8134002685546875,0.6109817423186673,0.7508795288456365,0.7799072265625,0.032477387525545645,0.008517069126749183,51,0.035469942357072216,0.7012303160309842,-0.0334930419921875,1.0,-0.11216995252370332,0.0
-0.55,4000,40,0.8134002685546875,0.6330234649089873,0.780465828066369,0.7550048828125,0.032058656742270625,0.009483349875109012,53,0.029560830924813212,0.7605869729943637,-0.0583953857421875,0.0,-0.05281329556032377,1.0
-0.55,4000,41,0.8134002685546875,0.5904613290947749,0.7182769351697036,0.7847900390625,0.034055320494865024,0.007948291042086473,49,0.03628400738737762,0.776312052305193,-0.0286102294921875,1.0,-0.03708821624949454,1.0
-0.55,4000,42,0.8134002685546875,0.6359081775235629,0.7369916669145947,0.7777099609375,0.031497176952919884,0.008338592057740705,36,0.02799275056731211,0.6949915667865376,-0.0356903076171875,1.0,-0.11840870176814988,0.0
-0.55,4000,43,0.8134002685546875,0.5932007722699145,0.7439733602696742,0.755859375,0.03299830678194798,0.008896308601082311,51,0.031930497538038165,0.9034045544022039,-0.0575408935546875,1.0,0.09000428584751641,0.0
-0.55,4000,44,0.8134002685546875,0.5943269616658443,0.7493323311535557,0.7730712890625,0.03377629348386876,0.008567404085163035,36,0.028573682008648005,1.0391721670134526,-0.0403289794921875,1.0,0.2257718984587651,0.0
-0.55,4000,45,0.8134002685546875,0.5889669127994674,0.7298474264839541,0.7850341796875,0.033515004350082415,0.008154296838724135,57,0.03779803981054718,0.6296528350966624,-0.0283660888671875,1.0,-0.18374743345802513,0.0
-0.55,4000,46,0.8134002685546875,0.6308624889987681,0.7066043641265396,0.7596435546875,0.032920211641365736,0.008355250109995067,54,0.03364266602816468,0.8587752850737712,-0.0537567138671875,1.0,0.04537501651908371,1.0
-0.55,4000,47,0.8134002685546875,0.6250530586484835,0.756061093549534,0.776123046875,0.031485767574286484,0.008698872400096525,49,0.03125429780066551,0.8570059958320584,-0.0372772216796875,1.0,0.04360572727737089,1.0
-0.55,4000,48,0.8134002685546875,0.60170576277129,0.6982458046945683,0.7568359375,0.032120242203118134,0.008385259084317259,49,0.03325951270327978,0.9520181422525796,-0.0565643310546875,1.0,0.13861787369789214,0.0
-0.55,4000,49,0.8134002685546875,0.6316222670017613,0.7157031146317065,0.7735595703125,0.034164360529782944,0.008210919455875442,47,0.032182418289437756,1.2155969682972696,-0.0398406982421875,1.0,0.4021966997425821,0.0
-0.55,4000,50,0.8134002685546875,0.6116342275265728,0.775819555385232,0.763427734375,0.03205479660681648,0.009094227844661289,53,0.031531013815898346,0.8320953347373594,-0.0499725341796875,1.0,0.018695066182671916,1.0
-0.55,4000,51,0.8134002685546875,0.6068587719683305,0.7184877515828856,0.752685546875,0.031985936897279,0.008702478739442514,53,0.0315212500142603,0.647588125228368,-0.0607147216796875,1.0,-0.16581214332631955,0.0
-0.55,4000,52,0.8134002685546875,0.6102744045626486,0.7205154857761842,0.789794921875,0.03191654321396777,0.007791753060671587,45,0.032039137475928604,0.7550772779147906,-0.0236053466796875,1.0,-0.05832299063989688,1.0
-0.55,4000,53,0.8134002685546875,0.5888581695994206,0.7597617126868845,0.79541015625,0.03244180366465707,0.008171855042687333,51,0.03336347979713421,0.9747456759720613,-0.0179901123046875,1.0,0.1613454074173738,0.0
-0.55,4000,54,0.8134002685546875,0.5914342121743887,0.772000942759168,0.779296875,0.033049919882006715,0.008620612329237365,49,0.03200578780607298,0.880924435494545,-0.0341033935546875,1.0,0.06752416693985752,0.0
-0.55,4000,55,0.8134002685546875,0.6125424283883781,0.7431444191671526,0.781494140625,0.03321354252859712,0.008269953171338718,51,0.03431904507449546,0.8673041089466303,-0.0319061279296875,1.0,0.05390384039194285,1.0
-0.55,4000,56,0.8134002685546875,0.6493762709235587,0.718276148098258,0.739501953125,0.030968235215660566,0.008938693722444628,50,0.03025268864138802,0.7254055907870841,-0.0738983154296875,0.0,-0.08799467776760339,0.0
-0.55,4000,57,0.8134002685546875,0.6202932380816113,0.7356277327034605,0.77734375,0.031877299356244226,0.008464208898945407,44,0.029867423109691496,0.9184508759233048,-0.0360565185546875,1.0,0.10505060736861727,0.0
-0.55,4000,58,0.8134002685546875,0.603001429001014,0.7082317806418938,0.76611328125,0.03205179958059995,0.008141901881692287,54,0.0358970279687441,0.6158806549138011,-0.0472869873046875,1.0,-0.19751961364088644,0.0
-0.55,4000,59,0.8134002685546875,0.6382448486489813,0.7679774678040252,0.7529296875,0.03142568319023405,0.009160889362014521,41,0.02489930673941967,0.5554857821789998,-0.0604705810546875,0.0,-0.2579144863756877,0.0
-0.55,4000,60,0.8134002685546875,0.5595606940016041,0.6969057462088792,0.768310546875,0.03297864753345334,0.008007386212680974,60,0.04234596675083332,0.6693867044176477,-0.0450897216796875,1.0,-0.1440135641370398,0.0
-0.55,4000,61,0.8134002685546875,0.6124208311678132,0.7393252002803337,0.7794189453125,0.03177907769515548,0.008243807804585033,45,0.02890821063049201,0.928116552648522,-0.0339813232421875,1.0,0.1147162840938345,0.0
-0.55,4000,62,0.8134002685546875,0.60320628547159,0.7451035483191077,0.7557373046875,0.032238025347443355,0.008851726722805433,44,0.027381388302107398,0.8796363771193048,-0.0576629638671875,0.0,0.06623610856461726,0.0
-0.55,4000,63,0.8134002685546875,0.6105117531647437,0.6589545542526908,0.7271728515625,0.030448118076420977,0.008572252170059105,52,0.03104068782657135,0.8365260819435422,-0.0862274169921875,0.0,0.023125813388854666,1.0
-0.55,4000,64,0.8134002685546875,0.6235695436097205,0.6861493334505879,0.7525634765625,0.03199459978310197,0.008357461749901788,53,0.03444085244805309,0.6479752743465104,-0.0608367919921875,1.0,-0.16542499420817713,0.0
-0.55,4000,65,0.8134002685546875,0.5444351366831348,0.6990096826621277,0.76513671875,0.03257741656524661,0.008112211589377302,49,0.034838001244788634,0.7598663480561325,-0.0482635498046875,1.0,-0.05353392049855499,1.0
-0.55,4000,66,0.8134002685546875,0.5925778315113027,0.7331491224438142,0.758056640625,0.033211585891728734,0.00875371127345887,55,0.03495396045896799,0.6352761580614359,-0.0553436279296875,1.0,-0.1781241104932516,0.0
-0.55,4000,67,0.8134002685546875,0.641345233626901,0.7190524770834581,0.7431640625,0.03126822551425722,0.009068763547859494,53,0.031814354303525555,0.6020755222715225,-0.0702362060546875,0.0,-0.211324746283165,0.0
-0.55,4000,68,0.8134002685546875,0.603022728867688,0.7866701821185905,0.8104248046875,0.03336620753863515,0.0080861609078005,33,0.02776623028543871,1.0424006963614671,-0.0029754638671875,1.0,0.22900042780677965,0.0
-0.55,4000,69,0.8134002685546875,0.579221253576285,0.7530889293730418,0.7567138671875,0.030041962172548408,0.009001184742177737,60,0.03440680767880152,0.9436467282560876,-0.0566864013671875,1.0,0.13024645970140014,0.0
-0.55,4000,70,0.8134002685546875,0.5723429439229923,0.7126094087947161,0.7462158203125,0.032097193665350236,0.008793719215070469,54,0.03396493997815465,0.8833289367811088,-0.0671844482421875,0.0,0.0699286682264213,0.0
-0.55,4000,71,0.8134002685546875,0.5488698592840029,0.7114916530948772,0.7760009765625,0.031869553792639525,0.008115292156018993,45,0.03201586816606723,0.8331303246051462,-0.0373992919921875,1.0,0.019730056050458744,1.0
-0.55,4000,72,0.8134002685546875,0.5858309743543264,0.7649626039418908,0.8148193359375,0.032637267042654,0.007759004964788824,44,0.03284951410347824,0.8544535798041172,0.0014190673828125,1.0,0.04105331124942968,1.0
-0.55,4000,73,0.8134002685546875,0.5920594415560807,0.7508120469682793,0.77734375,0.03210757837926572,0.00845890599158259,61,0.039657197614388726,0.7745234122421779,-0.0360565185546875,1.0,-0.03887685631250959,1.0
-0.55,4000,74,0.8134002685546875,0.6237712339654089,0.721256605547292,0.7557373046875,0.0304274441162121,0.008616015935889626,42,0.027057745547196695,0.8858058288574109,-0.0576629638671875,0.0,0.07240556030272338,0.0
-0.55,4000,75,0.8134002685546875,0.6183078926381791,0.7193513787936537,0.7630615234375,0.031956386195609435,0.008387537836904295,63,0.03635209753906245,0.6814017403381658,-0.0503387451171875,1.0,-0.1319985282165217,0.0
-0.55,4000,76,0.8134002685546875,0.6011150750426539,0.6845135615181275,0.73486328125,0.031120084068015152,0.008637962335412343,52,0.03418950968497718,0.7425083434761164,-0.0785369873046875,0.0,-0.07089192507857112,0.0
-0.55,4000,77,0.8134002685546875,0.5896840424282604,0.7336433383441415,0.77734375,0.03224013695114305,0.008313647170632628,45,0.02994836807709758,0.9716519229632784,-0.0360565185546875,1.0,0.1582516544085909,0.0
-0.55,4000,78,0.8134002685546875,0.6125036618001649,0.7279208548017588,0.7568359375,0.03170975232477494,0.008796151858008687,56,0.034546066140011183,0.6390471214643394,-0.0565643310546875,1.0,-0.1743531470903481,0.0
-0.55,4000,79,0.8134002685546875,0.5814533892832148,0.7296709891117805,0.7626953125,0.032001199013248584,0.008662499059848373,50,0.030267407521477274,0.8346889591125275,-0.0507049560546875,1.0,0.021288690557839995,1.0
-0.55,4000,80,0.8134002685546875,0.6128200741363898,0.7226620720983485,0.773193359375,0.032582871627901314,0.008272153738635834,52,0.03409280348808966,0.6726767885583399,-0.0402069091796875,1.0,-0.1407234799963476,0.0
-0.55,4000,81,0.8134002685546875,0.6051795667035001,0.7556744504563004,0.7724609375,0.032219093715910176,0.008699512311552112,53,0.03294329224200077,0.8337940411146751,-0.0409393310546875,1.0,0.020393772559987644,1.0
-0.55,4000,82,0.8134002685546875,0.5511752435619653,0.6776899827274416,0.756103515625,0.03211447332197378,0.00816661422531712,54,0.03666759562121195,0.499210291663671,-0.0572967529296875,1.0,-0.3141899768910165,0.0
-0.55,4000,83,0.8134002685546875,0.5774436523049035,0.7702360186759016,0.7955322265625,0.03314067175564129,0.008147770914099132,32,0.02619827810914726,0.8535913828203558,-0.0178680419921875,1.0,0.04019111426566835,1.0
-0.55,4000,84,0.8134002685546875,0.602894877168308,0.7459186553561773,0.79248046875,0.03235086120848244,0.008108162921874686,49,0.035767578798028436,0.5347335223152689,-0.0209197998046875,1.0,-0.27866674623941856,0.0
-0.55,4000,85,0.8134002685546875,0.5757082376106012,0.7515203561436873,0.793701171875,0.032153335233159885,0.008056928354694615,41,0.03195320646650367,0.8705688459829699,-0.0196990966796875,1.0,0.05716857742828241,1.0
-0.55,4000,86,0.8134002685546875,0.5662155534634586,0.7501736456508101,0.789794921875,0.03262834933055015,0.008176002457262533,52,0.03639930911289647,0.890963507417837,-0.0236053466796875,1.0,0.07756323886314953,0.0
-0.55,4000,87,0.8134002685546875,0.6205306122849011,0.726222894296147,0.7427978515625,0.03197440902602984,0.009175855686221965,50,0.030677202342832183,0.8163965441022669,-0.0706024169921875,0.0,0.002996275547579419,1.0
-0.55,4000,88,0.8134002685546875,0.6263753274065803,0.7553504027028303,0.7750244140625,0.032904717688243997,0.008575182772569096,51,0.030531747106616235,0.6705053719089626,-0.0383758544921875,1.0,-0.14289489664572486,0.0
-0.55,4000,89,0.8134002685546875,0.6140471077630654,0.7555677107387454,0.7691650390625,0.033037353349526184,0.008850253586336865,43,0.02717787147460081,0.9821596965120919,-0.0442352294921875,1.0,0.1687594279574044,0.0
-0.55,4000,90,0.8134002685546875,0.6552012895201188,0.7741641766455748,0.765869140625,0.03207234408536931,0.009062677369538507,77,0.042892853522587086,0.7920189562692954,-0.0475311279296875,1.0,-0.021381312285392085,1.0
-0.55,4000,91,0.8134002685546875,0.5674157352874287,0.6648978012922332,0.753662109375,0.03177748025053946,0.007991938273586591,71,0.042567309504207965,0.7503438415283852,-0.0597381591796875,1.0,-0.06305642702630232,1.0
-0.55,4000,92,0.8134002685546875,0.6182895330063557,0.7943107652980741,0.777099609375,0.03392186838835836,0.008858051268144495,47,0.03278931158223905,0.8089819354364539,-0.0363006591796875,1.0,-0.004418333118233586,1.0
-0.55,4000,93,0.8134002685546875,0.6136771004941202,0.6936088937291844,0.7413330078125,0.03212006817000284,0.008530077101793617,58,0.03349550232009982,0.6644964087039775,-0.0720672607421875,0.0,-0.14890385985070997,0.0
-0.55,4000,94,0.8134002685546875,0.628180918305823,0.696994568059383,0.7498779296875,0.033067826643565924,0.008574961260182338,61,0.03400385694047761,0.8357295267667406,-0.0635223388671875,1.0,0.022329258212053116,1.0
-0.55,4000,95,0.8134002685546875,0.587840582732533,0.7508092451979365,0.7733154296875,0.03138386825880839,0.008547802467795254,36,0.026427099783584894,0.7578608158066253,-0.0400848388671875,1.0,-0.05553945274806216,0.0
-0.55,4000,96,0.8134002685546875,0.5914950297889373,0.7433953454832787,0.802001953125,0.033756682526297786,0.0077976764371875,43,0.03271607383764678,0.8539734028139895,-0.0113983154296875,1.0,0.04057313425930198,1.0
-0.55,4000,97,0.8134002685546875,0.6306357230030449,0.7087946258488868,0.7398681640625,0.03249333800361539,0.00892178801560836,50,0.030840357200347075,1.03484472594175,-0.0735321044921875,0.0,0.22144445738706242,0.0
-0.55,4000,98,0.8134002685546875,0.5986626851195874,0.7015727854817775,0.761474609375,0.030806577219619737,0.00819092540007338,49,0.03413796278016461,0.7491104375285237,-0.0519256591796875,1.0,-0.06428983102616381,1.0
-0.55,4000,99,0.8134002685546875,0.6402272285122514,0.7741593420073085,0.793212890625,0.032932640863913384,0.008520590503238612,44,0.031542356872753016,0.9618914418393696,-0.0201873779296875,1.0,0.1484911732846821,0.0
-0.55,4000,100,0.8134002685546875,0.6168527293238443,0.7617231828767506,0.7425537109375,0.03172717062534844,0.009262545820380233,55,0.0310738513464871,0.49623132324273067,-0.0708465576171875,0.0,-0.31716894531195683,0.0
-0.55,4000,101,0.8134002685546875,0.6263873656996513,0.77191860373432,0.7845458984375,0.0325608445677741,0.008525415930208792,48,0.034171065446884495,0.9085905379383888,-0.0288543701171875,1.0,0.09519026938370134,0.0
-0.55,4000,102,0.8134002685546875,0.5969557821748658,0.729698197082162,0.76171875,0.03219952080682452,0.00858069147307197,54,0.03390027174372494,0.9131529324444417,-0.0516815185546875,1.0,0.09975266388975423,0.0
-0.55,4000,103,0.8134002685546875,0.5841284970411983,0.7456121498526191,0.79443359375,0.033205258584612735,0.008149406614367957,38,0.028131850245453144,0.9086334736009933,-0.0189666748046875,1.0,0.09523320504630584,0.0
-0.55,4000,104,0.8134002685546875,0.6613901282921526,0.8282997618508603,0.76416015625,0.031400106100557185,0.009689531902713367,57,0.032672715244041875,0.9430584564198483,-0.0492401123046875,1.0,0.1296581878651608,0.0
-0.55,4000,105,0.8134002685546875,0.5811647865840602,0.6886579341750415,0.761474609375,0.031851008550475575,0.008153968827638197,47,0.029778617678506217,0.869093377515174,-0.0519256591796875,1.0,0.055693108960486515,1.0
-0.55,4000,106,0.8134002685546875,0.5655832735164142,0.6792171473083601,0.7435302734375,0.03122156325255119,0.008397483354879068,58,0.03689550986484264,0.7895847598657206,-0.0698699951171875,1.0,-0.02381550868896687,1.0
-0.55,4000,107,0.8134002685546875,0.6006762724636336,0.7594654938817141,0.781982421875,0.0325607901364595,0.00851647750565547,51,0.032253339388121686,0.77458903921728,-0.0314178466796875,1.0,-0.03881122933740755,1.0
-0.55,4000,108,0.8134002685546875,0.6087072320333105,0.7493764126644424,0.7647705078125,0.0323057623712995,0.008833780013554466,52,0.034586702403912,0.8479962834123849,-0.0486297607421875,1.0,0.034596014857697366,1.0
-0.55,4000,109,0.8134002685546875,0.585950389688461,0.7006869460931962,0.761962890625,0.03314816623032813,0.008304792585282843,58,0.03918094546754345,0.9118144455090235,-0.0514373779296875,1.0,0.09841417695433596,0.0
-0.55,4000,110,0.8134002685546875,0.5886174017591639,0.6628481296521518,0.7647705078125,0.03224778369555848,0.007698290710814435,46,0.03495022304867265,0.8695196658472292,-0.0486297607421875,1.0,0.05611939729254167,1.0
-0.55,4000,111,0.8134002685546875,0.5927981097894092,0.7171722864151355,0.760986328125,0.032042662059912935,0.008435542116788769,42,0.028484230742697122,0.8912057257343884,-0.0524139404296875,1.0,0.07780545717970089,0.0
-0.55,4000,112,0.8134002685546875,0.5879145529675074,0.736962924624845,0.7867431640625,0.034650345430005614,0.008050229039235529,42,0.034004141164426835,0.6489386247123143,-0.0266571044921875,1.0,-0.16446164384237316,0.0
-0.55,4000,113,0.8134002685546875,0.6059451130484015,0.7100409708017683,0.779541015625,0.03169070680082205,0.007982112221578193,36,0.03048727292800239,0.7867010655616022,-0.0338592529296875,1.0,-0.026699202993085258,1.0
-0.55,4000,114,0.8134002685546875,0.5797666122962662,0.6968520604090498,0.7513427734375,0.03195277592830652,0.008517083946941872,58,0.037299592444147184,0.635201152539319,-0.0620574951171875,1.0,-0.17819911601536853,0.0
-0.55,4000,115,0.8134002685546875,0.59014290413898,0.7652377034894206,0.7705078125,0.03322410805506325,0.008693009466076587,50,0.03466559129656063,0.6062783198128113,-0.0428924560546875,1.0,-0.20712194874187617,0.0
-0.55,4000,116,0.8134002685546875,0.6136503072476429,0.7221410089378235,0.746826171875,0.03188617017876439,0.008901188751844537,63,0.03565644167031636,0.7655378214091235,-0.0665740966796875,1.0,-0.04786244714556398,1.0
-0.55,4000,117,0.8134002685546875,0.6074825937032269,0.6575340791651019,0.73876953125,0.03152335689954697,0.008234267032141057,52,0.03099058262112145,0.7303552739287238,-0.0746307373046875,0.0,-0.08304499462596371,0.0
-0.55,4000,118,0.8134002685546875,0.5901666371380526,0.7454925812305125,0.7711181640625,0.03181420976258301,0.008488645988288789,56,0.03341871571474466,0.7711863553197261,-0.0422821044921875,1.0,-0.042213913234961375,1.0
-0.55,4000,119,0.8134002685546875,0.5544697760811894,0.7046669837851927,0.804443359375,0.03399865301815801,0.007259344583920796,49,0.039697294169467545,1.049847976586787,-0.0089569091796875,1.0,0.23644770803209947,0.0
-0.55,4000,120,0.8134002685546875,0.5868320146304409,0.7425404806380679,0.77587890625,0.03141726058085322,0.00840162617590423,44,0.028657652741247517,0.6024014198332952,-0.0375213623046875,1.0,-0.2109988487213923,0.0
-0.55,4000,121,0.8134002685546875,0.6345049790197766,0.7363281338529011,0.7706298828125,0.03339011902861491,0.008532014508799856,51,0.033435952529714125,0.8926814910276266,-0.0427703857421875,1.0,0.07928122247293912,0.0
-0.55,4000,122,0.8134002685546875,0.6423455450526718,0.7567913630508645,0.760498046875,0.032686312545849215,0.008868709132608385,44,0.029420956425048453,0.8543795124453226,-0.0529022216796875,1.0,0.04097924389063512,1.0
-0.55,4000,123,0.8134002685546875,0.606866229544949,0.7622425524984628,0.7840576171875,0.032028472765921606,0.008449307340330815,41,0.031671644903862255,0.9982489232913756,-0.0293426513671875,1.0,0.1848486547366881,0.0
-0.55,4000,124,0.8134002685546875,0.5465780951685218,0.7246914998112054,0.8179931640625,0.033511973237955,0.00723885089995796,51,0.039357812923316936,1.0176634179225708,0.0045928955078125,1.0,0.20426314936788326,0.0
-0.55,4000,125,0.8134002685546875,0.5737254529175585,0.7515993099409726,0.778564453125,0.0330318034111549,0.008505574741691007,53,0.03477611750744645,0.7545021174221516,-0.0348358154296875,1.0,-0.058898151132535936,1.0
-0.55,4000,126,0.8134002685546875,0.5613539936805902,0.7597708292774368,0.7772216796875,0.03312448975837236,0.008470244646187253,42,0.03141580006018934,0.881237593330102,-0.0361785888671875,1.0,0.06783732477541449,0.0
-0.55,4000,127,0.8134002685546875,0.6148063487374801,0.7075557573242086,0.74755859375,0.032133702832369014,0.008722746688136973,40,0.02812236951326983,0.9688570400196566,-0.0658416748046875,0.0,0.15545677146496906,0.0
-0.55,4000,128,0.8134002685546875,0.5846479507610198,0.7344319889068136,0.774658203125,0.03424182942360047,0.008363185174565088,46,0.032225561633753175,1.0042159403209072,-0.0387420654296875,1.0,0.19081567176621972,0.0
-0.55,4000,129,0.8134002685546875,0.593708813028669,0.6971782674985109,0.78759765625,0.03231630932498056,0.007698054433398526,41,0.03457614634067783,0.6899696164184486,-0.0258026123046875,1.0,-0.12343065213623894,0.0
-0.55,4000,130,0.8134002685546875,0.5832373914129064,0.6406733165248395,0.7259521484375,0.031794234712218886,0.0083606101361227,55,0.03543698431856175,0.7331282459324021,-0.0874481201171875,0.0,-0.08027202262228539,0.0
-0.55,4000,131,0.8134002685546875,0.6090358357255303,0.7360412053348602,0.805419921875,0.03263939545014315,0.007616675805103207,45,0.03335597349354903,0.9895241847139155,-0.0079803466796875,1.0,0.17612391615922796,0.0
-0.55,4000,132,0.8134002685546875,0.5634645888599366,0.7443004547122853,0.76123046875,0.03346042124605962,0.008773116918759784,52,0.03234360460670816,0.8931292820390919,-0.0521697998046875,1.0,0.07972901348440442,0.0
-0.55,4000,133,0.8134002685546875,0.6359873422238008,0.753515272169335,0.773193359375,0.03217121424245756,0.008683826650404474,60,0.03566128480790794,0.9358497053567734,-0.0402069091796875,1.0,0.12244943680208586,0.0
-0.55,4000,134,0.8134002685546875,0.5686278618353011,0.7631497653410511,0.805419921875,0.03351631282560994,0.008018815135505633,60,0.039128750410151826,1.0528571966200087,-0.0079803466796875,1.0,0.23945692806532115,0.0
-0.55,4000,135,0.8134002685546875,0.5701837961769785,0.748518065297701,0.79345703125,0.03355514612251349,0.008098194745582632,54,0.03702588040957972,0.8648057109189283,-0.0199432373046875,1.0,0.05140544236424083,1.0
-0.55,4000,136,0.8134002685546875,0.6313393232354362,0.7553415310654552,0.75537109375,0.03254447818332769,0.009238293466361843,44,0.026222881585525413,0.7903900356391591,-0.0580291748046875,0.0,-0.023010232915528395,1.0
-0.55,4000,137,0.8134002685546875,0.6348746381046461,0.7287848891974158,0.7845458984375,0.032848447719651876,0.008142595094327597,46,0.03227709084592507,0.8004905639785811,-0.0288543701171875,1.0,-0.012909704576106407,1.0
-0.55,4000,138,0.8134002685546875,0.6168353705477309,0.692600896241953,0.7593994140625,0.03130213905772219,0.008256577189384476,54,0.03366762363789395,0.8388183520920698,-0.0540008544921875,1.0,0.025418083537382286,1.0
-0.55,4000,139,0.8134002685546875,0.634075990070244,0.7160392960657365,0.7537841796875,0.03175286226931821,0.00867859460951415,42,0.02949550901833653,0.8842640078188106,-0.0596160888671875,0.0,0.07086373926412315,0.0
-0.55,4000,140,0.8134002685546875,0.6076660290912158,0.7806107445853647,0.7747802734375,0.033533308309327874,0.008784986477309324,47,0.02957120410954622,0.5681488727857158,-0.0386199951171875,1.0,-0.2452513957689717,0.0
-0.55,4000,141,0.8134002685546875,0.5375234472315826,0.7073844462291528,0.7799072265625,0.032133900996293784,0.007874257519335197,63,0.040997312308485585,0.8042030567998271,-0.0334930419921875,1.0,-0.009197211754860435,1.0
-0.55,4000,142,0.8134002685546875,0.6041429984335701,0.731613752553593,0.74462890625,0.03149333507745978,0.009016456428654484,53,0.032109122473073966,0.5783477093859192,-0.0687713623046875,0.0,-0.23505255916876833,0.0
-0.55,4000,143,0.8134002685546875,0.6098611109615648,0.7057414400610484,0.75634765625,0.032674735972102874,0.008532331189671411,51,0.033639002127379705,0.971748778126037,-0.0570526123046875,1.0,0.1583485095713495,0.0
-0.55,4000,144,0.8134002685546875,0.6121775665926347,0.7491071014176748,0.78076171875,0.03258996638148201,0.008309824802254638,48,0.030442049337289234,0.9573482960064448,-0.0326385498046875,1.0,0.14394802745175728,0.0
-0.55,4000,145,0.8134002685546875,0.597329774600149,0.7245322771362284,0.7645263671875,0.032263986656122325,0.008504401677783872,51,0.03261429731730822,0.8825587473504704,-0.0488739013671875,1.0,0.06915847879578285,0.0
-0.55,4000,146,0.8134002685546875,0.5907937804969405,0.7121859012479732,0.7545166015625,0.032066559176556306,0.008660832149892626,45,0.029445781924789777,0.7863431186685549,-0.0588836669921875,0.0,-0.027057149886132614,1.0
-0.55,4000,147,0.8134002685546875,0.580995377622811,0.6768197893203843,0.749755859375,0.03189611084690013,0.008287197379870673,43,0.029770904888490643,0.7919921044882658,-0.0636444091796875,0.0,-0.021408164066421653,1.0
-0.55,4000,148,0.8134002685546875,0.5801300155447585,0.6874780874866389,0.771728515625,0.03130872764006063,0.008096483756707655,48,0.030594219830470434,0.7197494552372878,-0.0416717529296875,1.0,-0.09365081331739966,0.0
-0.55,4000,149,0.8134002685546875,0.6104660285168025,0.7584729001633874,0.7850341796875,0.03253010348336744,0.0084472054490946,37,0.026198424778814105,1.219433898296913,-0.0283660888671875,1.0,0.40603362974222557,0.0
-0.55,16000,0,0.8134002685546875,0.3292890666033074,0.6721934157800756,0.8245849609375,0.01682209945996374,0.006447510321013258,40,0.019300040952330837,0.8397710423648196,0.0111846923828125,1.0,0.026370773810132087,1.0
-0.55,16000,1,0.8134002685546875,0.29066325366227247,0.6707385991910256,0.8193359375,0.016497779494871075,0.006603405857057057,51,0.022943381806876384,0.8039613203403864,0.0059356689453125,1.0,-0.009438948214301135,1.0
-0.55,16000,2,0.8134002685546875,0.31195860255473246,0.6869130847717921,0.827392578125,0.01708524027677289,0.006603054419707304,42,0.020325811589260855,0.8122046607430402,0.0139923095703125,1.0,-0.0011956078116472924,1.0
-0.55,16000,3,0.8134002685546875,0.33637733667196545,0.6954604218793069,0.8115234375,0.016689788509536736,0.0070318246213576545,45,0.01911983694149492,0.7986886916168802,-0.0018768310546875,1.0,-0.014711576937807336,1.0
-0.55,16000,4,0.8134002685546875,0.3197096564983033,0.6843691264454658,0.8287353515625,0.016880710453837943,0.006718648075796008,40,0.019580982117125216,0.8874867071929279,0.0153350830078125,1.0,0.07408643863824038,0.0
-0.55,16000,5,0.8134002685546875,0.2992829695846946,0.6972158704894149,0.8167724609375,0.01660847471905834,0.006901244432106195,41,0.018960768056873804,0.8287114629935539,0.0033721923828125,1.0,0.015311194438866416,1.0
-0.55,16000,6,0.8134002685546875,0.3539935475665026,0.7077566951457727,0.8431396484375,0.017111854745140397,0.006553484277103068,39,0.018236391150086795,0.9070606092115608,0.0297393798828125,1.0,0.09366034065687334,0.0
-0.55,16000,7,0.8134002685546875,0.3353267241776441,0.6999274992714573,0.834228515625,0.01695868654993536,0.006702765433425181,33,0.01481806516590929,0.8718965320786491,0.0208282470703125,1.0,0.058496263523961645,0.0
-0.55,16000,8,0.8134002685546875,0.34356200565876516,0.6900588698400281,0.81640625,0.016836454307461834,0.006969080755550026,40,0.018578717681366135,0.8677697637399356,0.0030059814453125,1.0,0.05436949518524814,0.0
-0.55,16000,9,0.8134002685546875,0.3159103469911319,0.6925514628266829,0.81640625,0.016820809335444387,0.006936706661159337,45,0.01920047756066414,0.8461893279344845,0.0030059814453125,1.0,0.032789059379797036,1.0
-0.55,16000,10,0.8134002685546875,0.3296576015573202,0.6635414131987731,0.8013916015625,0.01698103028601533,0.0068759999178541935,42,0.017673957364487673,0.7141092835712965,-0.0120086669921875,1.0,-0.09929098498339095,0.0
-0.55,16000,11,0.8134002685546875,0.31271656646140195,0.6768686585595856,0.829833984375,0.016889504806148165,0.006447634198103536,39,0.02042962876983168,0.8259782724937819,0.0164337158203125,1.0,0.012578003939094362,1.0
-0.55,16000,12,0.8134002685546875,0.31978832012991015,0.6808212224555337,0.8160400390625,0.0167337074727185,0.006730660081733389,37,0.018103155459668178,0.8248925250817833,0.0026397705078125,1.0,0.011492256527095845,1.0
-0.55,16000,13,0.8134002685546875,0.2989152826546,0.7011960722375058,0.8267822265625,0.016877774890674793,0.006668983305574737,43,0.02090281263656259,0.7526969730971692,0.0133819580078125,1.0,-0.06070329545751829,0.0
-0.55,16000,14,0.8134002685546875,0.32242284398049437,0.6806770998863936,0.80712890625,0.01668135319170881,0.006941722669748598,40,0.018189204612623328,0.7976528442653976,-0.0062713623046875,1.0,-0.01574742428928988,1.0
-0.55,16000,15,0.8134002685546875,0.3168893524218898,0.6636974321200085,0.826416015625,0.01710125156447556,0.006470342982271717,46,0.021346858238160075,0.9074431959591693,0.0130157470703125,1.0,0.09404292740448184,0.0
-0.55,16000,16,0.8134002685546875,0.3077366865568068,0.6798812568520736,0.8150634765625,0.016529915885121003,0.006779838351916356,46,0.01945600874346414,0.8712712353131726,0.0016632080078125,1.0,0.05787096675848513,0.0
-0.55,16000,17,0.8134002685546875,0.32391794644554506,0.7238372044344058,0.82470703125,0.01703545687532592,0.007085740116126907,43,0.017606605880100056,0.8211589462784546,0.0113067626953125,1.0,0.007758677723767149,1.0
-0.55,16000,18,0.8134002685546875,0.3124544289129177,0.6838515754251598,0.8218994140625,0.016837863277899934,0.006741369456317503,38,0.017408994764992122,0.8441026088350952,0.0084991455078125,1.0,0.030702340280407747,1.0
-0.55,16000,19,0.8134002685546875,0.33007990395829834,0.68490371185491,0.810302734375,0.01675978832221761,0.006947970952043077,46,0.019000391262618852,0.8432908631428336,-0.0030975341796875,1.0,0.029890594588146135,1.0
-0.55,16000,20,0.8134002685546875,0.3311092945249912,0.6848626131465588,0.822265625,0.01700349595481644,0.006666453437119887,35,0.017055580600304085,0.8501316959485166,0.0088653564453125,1.0,0.036731427393829064,0.0
-0.55,16000,21,0.8134002685546875,0.3473064507088561,0.7293779129385288,0.8331298828125,0.016951870373783,0.006892121411040281,29,0.014109772896089912,0.8394013294336523,0.0197296142578125,1.0,0.02600106087896481,1.0
-0.55,16000,22,0.8134002685546875,0.3188091213053982,0.6579094633632692,0.795166015625,0.01668013193544114,0.0070555671951266045,44,0.018867225473176027,0.7924819433694126,-0.0182342529296875,1.0,-0.020918325185274922,1.0
-0.55,16000,23,0.8134002685546875,0.3166037879717966,0.6745133658025952,0.8048095703125,0.01669419279524153,0.007029141526938616,48,0.019355625528451877,0.8594823224203241,-0.0085906982421875,1.0,0.046082053865636574,0.0
-0.55,16000,24,0.8134002685546875,0.315801184628072,0.7100802533012859,0.8304443359375,0.01696890061017086,0.006749812879179216,42,0.018242802656036835,0.7937566734365336,0.0170440673828125,1.0,-0.019643595118153945,1.0
-0.55,16000,25,0.8134002685546875,0.3039424351296335,0.6726159740233879,0.8076171875,0.016752076410770488,0.006907184678233302,49,0.021009654666207474,0.807979404623758,-0.0057830810546875,1.0,-0.005420863930929554,1.0
-0.55,16000,26,0.8134002685546875,0.3215124015269757,0.6996486932643804,0.822998046875,0.016851077027901305,0.006892784142189668,40,0.018059495006202547,0.8684657960818032,0.0095977783203125,1.0,0.05506552752711569,0.0
-0.55,16000,27,0.8134002685546875,0.3235383683579573,0.7007107704691278,0.8038330078125,0.01641260744472568,0.007273013074324271,47,0.01902860169354756,0.8322496052256296,-0.0095672607421875,1.0,0.01884933667094213,1.0
-0.55,16000,28,0.8134002685546875,0.36226320492424297,0.7044190099566513,0.82861328125,0.01710529404844119,0.006694409347135055,38,0.01922259282462267,0.8156621238398497,0.0152130126953125,1.0,0.0022618552851622065,1.0
-0.55,16000,29,0.8134002685546875,0.3243607086889989,0.6899312858644915,0.80419921875,0.016641800683025353,0.00700683500741082,52,0.021461499576353446,0.7889491206116501,-0.0092010498046875,1.0,-0.024451147943037377,1.0
-0.55,16000,30,0.8134002685546875,0.3022962997749069,0.6831075413244055,0.81298828125,0.01679996733587681,0.006876869316007044,51,0.02098184471709999,0.8465281416300809,-0.0004119873046875,1.0,0.033127873075393444,1.0
-0.55,16000,31,0.8134002685546875,0.31312569764738835,0.6742765368157624,0.81689453125,0.016872497199734045,0.006587168439808205,34,0.01674122680768677,0.7912572356359631,0.0034942626953125,1.0,-0.022143032918724437,1.0
-0.55,16000,32,0.8134002685546875,0.314943816049107,0.6947686016268867,0.830322265625,0.017210971439925435,0.006644796163661765,38,0.017888034843124612,0.8777073872654931,0.0169219970703125,1.0,0.06430711871080563,0.0
-0.55,16000,33,0.8134002685546875,0.31849678529418335,0.6774243834711288,0.8021240234375,0.01675466161095332,0.006970720378620124,37,0.015651704584276168,0.7681182203149283,-0.0112762451171875,1.0,-0.04528204823975923,0.0
-0.55,16000,34,0.8134002685546875,0.308168627058918,0.7201245543402205,0.820068359375,0.016862966434060156,0.00701240377276082,48,0.020741486664139927,0.8023627177048812,0.0066680908203125,1.0,-0.011037550849806288,1.0
-0.55,16000,35,0.8134002685546875,0.33258022521921926,0.6831519847564135,0.8184814453125,0.016708074554642297,0.00685903863359403,44,0.01981129157147666,0.8955745909863126,0.0050811767578125,1.0,0.08217432243162515,0.0
-0.55,16000,36,0.8134002685546875,0.3298412870581012,0.6838442392603113,0.82470703125,0.016802369949721768,0.006561933887034605,49,0.021475280772951532,0.8124022713854833,0.0113067626953125,1.0,-0.0009979971692042344,1.0
-0.55,16000,37,0.8134002685546875,0.3448523143354613,0.6934733843125825,0.8238525390625,0.01674423525108198,0.006821473258990199,46,0.02021243242112422,0.9014620609016226,0.0104522705078125,1.0,0.08806179234693512,0.0
-0.55,16000,38,0.8134002685546875,0.3118958351424117,0.670436829315951,0.8056640625,0.016234240976553734,0.006874927634538489,49,0.02090138673249947,0.7627651213855011,-0.0077362060546875,1.0,-0.05063514716918638,0.0
-0.55,16000,39,0.8134002685546875,0.30638047920406547,0.6800364852109319,0.807861328125,0.016536103003245886,0.006953509730432876,52,0.021881567529026855,0.852193649766211,-0.0055389404296875,1.0,0.03879338121152354,1.0
-0.55,16000,40,0.8134002685546875,0.3118810396882908,0.6743048774865947,0.8253173828125,0.01677556372331779,0.006482943865696218,36,0.0177841064008866,0.8617198133324906,0.0119171142578125,1.0,0.04831954477780309,0.0
-0.55,16000,41,0.8134002685546875,0.3119489633236671,0.6753410164524438,0.82177734375,0.01673722587623197,0.006626001406042831,40,0.018298030155229114,0.8334200574962851,0.0083770751953125,1.0,0.020019788941597616,1.0
-0.55,16000,42,0.8134002685546875,0.31522546993858014,0.6843482162297005,0.814453125,0.016535275611206483,0.007005136461595867,38,0.016668268802835104,0.880353226435127,0.0010528564453125,1.0,0.06695295788043953,0.0
-0.55,16000,43,0.8134002685546875,0.3321983122922292,0.6880236095082719,0.8223876953125,0.016711139953697513,0.006775145995822784,52,0.02176682636035735,0.909516228701384,0.0089874267578125,1.0,0.09611596014669654,0.0
-0.55,16000,44,0.8134002685546875,0.30972695384556936,0.6763258812189477,0.8116455078125,0.016722375175603127,0.006881598840636572,50,0.021748765606273347,0.784790882127022,-0.0017547607421875,1.0,-0.02860938642766553,1.0
-0.55,16000,45,0.8134002685546875,0.3421878366942917,0.7429168811311468,0.8345947265625,0.01700535482697861,0.007099074602172062,39,0.01787368400950305,0.8932725531500247,0.0211944580078125,1.0,0.07987228459533724,0.0
-0.55,16000,46,0.8134002685546875,0.34164611773932757,0.6669876249018851,0.8018798828125,0.01655982556219212,0.006945079428975022,41,0.017926987646196484,0.7894750064219376,-0.0115203857421875,1.0,-0.023925262132749925,1.0
-0.55,16000,47,0.8134002685546875,0.3514484699266341,0.6845216905770154,0.8232421875,0.017150972860081028,0.006608856229590573,36,0.0179361555801938,0.7729566808435182,0.0098419189453125,1.0,-0.04044358771116929,0.0
-0.55,16000,48,0.8134002685546875,0.2981746907206985,0.6805116653104089,0.8306884765625,0.016987451062933482,0.006491684379991773,42,0.019470312418203517,0.9272848999029878,0.0172882080078125,1.0,0.11388463134830029,0.0
-0.55,16000,49,0.8134002685546875,0.33728123021218387,0.690043980745551,0.8011474609375,0.01642407180244967,0.007189957981293582,38,0.017147376480328495,0.8038241559660397,-0.0122528076171875,1.0,-0.009576112588647767,1.0
-0.55,16000,50,0.8134002685546875,0.3251745015442774,0.6909154527834028,0.8193359375,0.016736051286267567,0.006819751250408583,51,0.021424842078016555,0.8464409065368048,0.0059356689453125,1.0,0.033040637982117316,1.0
-0.55,16000,51,0.8134002685546875,0.2836314884812949,0.6627515652751013,0.813720703125,0.01683803300573866,0.006694620479892578,28,0.016334935665497725,0.8213695174412654,0.0003204345703125,1.0,0.007969248886577907,1.0
-0.55,16000,52,0.8134002685546875,0.3162129129014398,0.6657361258397517,0.803955078125,0.016374170481415623,0.006874808079578195,52,0.020871190916719108,0.764705479464646,-0.0094451904296875,1.0,-0.048694789090041546,0.0
-0.55,16000,53,0.8134002685546875,0.34641972727272347,0.7133118662328134,0.81640625,0.016436275192224133,0.00715465380716007,38,0.016523017539025315,0.807592689783153,0.0030059814453125,1.0,-0.005807578771534483,1.0
-0.55,16000,54,0.8134002685546875,0.3541748904198094,0.6779096393421191,0.8328857421875,0.016903777333036725,0.006407050411756397,52,0.021484786078431087,0.7926252137059943,0.0194854736328125,1.0,-0.020775054848693242,1.0
-0.55,16000,55,0.8134002685546875,0.33043975686241917,0.6712938460051469,0.82666015625,0.016927107529293803,0.00651358738948779,58,0.025495727619420976,0.8257608288834001,0.0132598876953125,1.0,0.012360560328712578,1.0
-0.55,16000,56,0.8134002685546875,0.2970743999123904,0.6897168877491683,0.8155517578125,0.01642468057045629,0.006821170399443631,54,0.021989275740533765,0.7946106999299769,0.0021514892578125,1.0,-0.018789568624710595,1.0
-0.55,16000,57,0.8134002685546875,0.31134361005865946,0.6541534304588148,0.8092041015625,0.01690427800723536,0.0066541705980378485,44,0.019800729857913122,0.8302074567725353,-0.0041961669921875,1.0,0.01680718821784777,1.0
-0.55,16000,58,0.8134002685546875,0.3280128481252143,0.6646851186250441,0.8121337890625,0.016792041232402948,0.006678451417610386,46,0.020630520346113408,0.7858495262951446,-0.0012664794921875,1.0,-0.027550742259542904,1.0
-0.55,16000,59,0.8134002685546875,0.31133197745893804,0.6920500498155738,0.8233642578125,0.016959712272936227,0.0067467443318743,40,0.01885324264419127,0.8022036585345187,0.0099639892578125,1.0,-0.011196610020168807,1.0
-0.55,16000,60,0.8134002685546875,0.2911136240683328,0.6921424927628745,0.8214111328125,0.01683287874321657,0.006796975438525159,45,0.018257840081014873,0.8539335267144883,0.0080108642578125,1.0,0.0405332581598008,0.0
-0.55,16000,61,0.8134002685546875,0.3143907176093482,0.6707249232800045,0.815185546875,0.016743947097141058,0.006819134120295759,37,0.01699217745397174,0.8492796419433246,0.0017852783203125,1.0,0.035879373388637115,0.0
-0.55,16000,62,0.8134002685546875,0.3016501376520047,0.6835348404737148,0.8172607421875,0.016973305104520973,0.006746967634888244,43,0.02007614819439539,0.7965461926630185,0.0038604736328125,1.0,-0.016854075891668985,1.0
-0.55,16000,63,0.8134002685546875,0.3368646086353361,0.6655948460176069,0.8062744140625,0.016740579254743145,0.00687911706586378,35,0.01665598260622175,0.8283703939560799,-0.0071258544921875,1.0,0.01497012540139242,1.0
-0.55,16000,64,0.8134002685546875,0.3326644743787913,0.7072040676377405,0.8408203125,0.017385943624913525,0.006586874801747545,39,0.019084598962652514,0.9364732092968241,0.0274200439453125,1.0,0.1230729407421366,0.0
-0.55,16000,65,0.8134002685546875,0.3114890121703597,0.6549565088898348,0.8192138671875,0.016548251980678705,0.006450141935957192,36,0.018490420628910976,0.807610296563794,0.0058135986328125,1.0,-0.005789971990893483,1.0
-0.55,16000,66,0.8134002685546875,0.3336294560031873,0.6802488577148627,0.8179931640625,0.016940349631702253,0.006793118648809155,30,0.015282630760829015,0.7733863738099301,0.0045928955078125,1.0,-0.04001389474475736,0.0
-0.55,16000,67,0.8134002685546875,0.30326896497380323,0.6776701663309024,0.81396484375,0.016719998244208296,0.006779717919378454,46,0.018818876039991356,0.8227937122608188,0.0005645751953125,1.0,0.009393443706131266,1.0
-0.55,16000,68,0.8134002685546875,0.3301472661371755,0.6713776564147397,0.81201171875,0.01659678011657514,0.006768324518414485,48,0.02206123668530439,0.770215295385884,-0.0013885498046875,1.0,-0.04318497316880354,1.0
-0.55,16000,69,0.8134002685546875,0.3142541393519189,0.6493488930667868,0.8057861328125,0.016500439967013864,0.006747920379651732,46,0.0192125399261909,0.84358987475575,-0.0076141357421875,1.0,0.03018960620106248,1.0
-0.55,16000,70,0.8134002685546875,0.3295636461917683,0.6714537779277824,0.8311767578125,0.01683830392919497,0.006441735583061965,35,0.017476766548517028,0.9183134922091934,0.0177764892578125,1.0,0.10491322365450595,0.0
-0.55,16000,71,0.8134002685546875,0.33105848688424583,0.6808512922203371,0.82373046875,0.01697530866019321,0.006704652646310574,40,0.01836781739399474,0.9247991390609116,0.0103302001953125,1.0,0.1113988705062241,0.0
-0.55,16000,72,0.8134002685546875,0.31271763539186404,0.6711565463732128,0.803466796875,0.01660464379952313,0.006988732533579349,45,0.018512927529418216,0.7903484597692364,-0.0099334716796875,1.0,-0.0230518087854511,1.0
-0.55,16000,73,0.8134002685546875,0.343977726075273,0.6969743632379634,0.81884765625,0.016867934168855514,0.00686831728151328,42,0.018320308511946062,0.8575288742992262,0.0054473876953125,1.0,0.044128605744538696,0.0
-0.55,16000,74,0.8134002685546875,0.32078913505286205,0.687557007242178,0.8236083984375,0.016973651199909665,0.006724832613138649,43,0.02013459935864327,0.8331999853300224,0.0102081298828125,1.0,0.019799716775334875,1.0
-0.55,16000,75,0.8134002685546875,0.329093572806418,0.6657427146764923,0.8011474609375,0.016692499453751536,0.0069855701588039465,45,0.017782118139326442,0.8021441131604121,-0.0122528076171875,1.0,-0.01125615539427538,1.0
-0.55,16000,76,0.8134002685546875,0.30536698998255163,0.6998141561325654,0.8177490234375,0.0164390893435163,0.006940894949976021,42,0.018690433393328845,0.8552313950009542,0.0043487548828125,1.0,0.04183112644626674,0.0
-0.55,16000,77,0.8134002685546875,0.33603904945889346,0.711818818947621,0.82177734375,0.016689429886663693,0.006962155032247215,42,0.0181938577458152,0.9145195583394445,0.0083770751953125,1.0,0.10111928978475704,0.0
-0.55,16000,78,0.8134002685546875,0.3057877175785085,0.6952094100182584,0.8194580078125,0.016705556986365583,0.006928536119361187,47,0.0197044029382578,0.8807346944714762,0.0060577392578125,1.0,0.06733442591678873,0.0
-0.55,16000,79,0.8134002685546875,0.3289111551377531,0.6968831000184044,0.8292236328125,0.01723946020719204,0.006718316726708572,37,0.018590091406559817,0.8600068144762187,0.0158233642578125,1.0,0.04660654592153124,0.0
-0.55,16000,80,0.8134002685546875,0.31622342186756175,0.6966396879740958,0.8148193359375,0.016796509581536216,0.006939882480022927,41,0.01700381160920351,0.8198335277420792,0.0014190673828125,1.0,0.006433259187391682,1.0
-0.55,16000,81,0.8134002685546875,0.33096595954249086,0.6741619686411056,0.824951171875,0.016952459048653983,0.006489307454888056,38,0.01873052156227554,0.8471972124883482,0.0115509033203125,1.0,0.03379694393366073,1.0
-0.55,16000,82,0.8134002685546875,0.3089560730634213,0.6982912754525898,0.824951171875,0.01700077886042985,0.006777523346533919,40,0.01816636542566694,0.8072474348749525,0.0115509033203125,1.0,-0.006152833679734959,1.0
-0.55,16000,83,0.8134002685546875,0.3098652801961781,0.6755779186395178,0.82421875,0.01688484416034829,0.006571202710344379,41,0.01981743965799972,0.9029906665078429,0.0108184814453125,1.0,0.08959039795315538,0.0
-0.55,16000,84,0.8134002685546875,0.3400338208000455,0.6988709540334243,0.809326171875,0.016613443839212778,0.007072979997660364,36,0.016386949165271496,0.7831673459832591,-0.0040740966796875,1.0,-0.0302329225714284,1.0
-0.55,16000,85,0.8134002685546875,0.3160254013854499,0.6886970337842628,0.8348388671875,0.01690193750642101,0.006455177561054858,38,0.019371333273984742,0.8694145931889442,0.0214385986328125,1.0,0.05601432463425671,0.0
-0.55,16000,86,0.8134002685546875,0.32652019790072456,0.62861936027851,0.8045654296875,0.016614316031145174,0.006531481324596117,49,0.020566946572224208,0.838841006911816,-0.0088348388671875,1.0,0.025440738357128456,1.0
-0.55,16000,87,0.8134002685546875,0.33019055981599116,0.7002233116014073,0.81494140625,0.017024979656304794,0.006960561793047654,36,0.015977972713057127,0.8349243754259352,0.0015411376953125,1.0,0.021524106871247728,1.0
-0.55,16000,88,0.8134002685546875,0.320283306622858,0.6581285908310366,0.8148193359375,0.016812440247876474,0.006579788387415146,39,0.018304090683678137,0.8128134658992237,0.0014190673828125,1.0,-0.0005868026554638472,1.0
-0.55,16000,89,0.8134002685546875,0.32106417921955327,0.6862769731600304,0.8338623046875,0.017154688530047247,0.006532961970199848,40,0.01918174466207716,0.8786313727081251,0.0204620361328125,1.0,0.06523110415343758,0.0
-0.55,16000,90,0.8134002685546875,0.3283310708502583,0.6589900142707413,0.819580078125,0.01708001193310037,0.006527735017948256,39,0.01921903378516091,0.7801138745295584,0.0061798095703125,1.0,-0.03328639402512912,1.0
-0.55,16000,91,0.8134002685546875,0.3072774053530898,0.6924293505196055,0.81787109375,0.016855156860945172,0.006875058645016369,40,0.01837839882030565,0.8563599844995978,0.0044708251953125,1.0,0.042959715944910326,0.0
-0.55,16000,92,0.8134002685546875,0.31510047020623894,0.670180112024134,0.8179931640625,0.016716059625136965,0.006620205653265448,44,0.020518914544513198,0.7927363167784642,0.0045928955078125,1.0,-0.020663951776223266,1.0
-0.55,16000,93,0.8134002685546875,0.29645459104328753,0.6592793876331757,0.820556640625,0.01680533183770891,0.006515965648688979,39,0.017181818885863197,0.9006235570274111,0.0071563720703125,1.0,0.08722328847272365,0.0
-0.55,16000,94,0.8134002685546875,0.3050999285270625,0.7056059040063805,0.8245849609375,0.017031275447167,0.006880408532777328,47,0.020311389897889002,0.8241336248342014,0.0111846923828125,1.0,0.010733356279513884,1.0
-0.55,16000,95,0.8134002685546875,0.3165844803450554,0.688430823173211,0.8304443359375,0.01679477612442826,0.0065905925317451255,32,0.015394705593091987,0.8499638389824808,0.0170440673828125,1.0,0.036563570427793346,0.0
-0.55,16000,96,0.8134002685546875,0.3335241331360853,0.681501979172719,0.81640625,0.01677181877334833,0.00683527022734389,47,0.020625490154008774,0.8524075504292081,0.0030059814453125,1.0,0.03900728187452063,1.0
-0.55,16000,97,0.8134002685546875,0.3285810597953941,0.6867034407651866,0.8209228515625,0.01664807713228187,0.006776889932978827,42,0.020370084057051433,0.8766306522960907,0.0075225830078125,1.0,0.06323038374140322,0.0
-0.55,16000,98,0.8134002685546875,0.35220578425308513,0.6851912964874128,0.820556640625,0.016993037568619248,0.006773377909504746,24,0.013170257878085755,0.8761543761422802,0.0071563720703125,1.0,0.0627541075875927,0.0
-0.55,16000,99,0.8134002685546875,0.3348790750780797,0.6735035142986361,0.8345947265625,0.01708001961465253,0.006352337600808056,38,0.019020459431179672,0.8074989337486721,0.0211944580078125,1.0,-0.005901334806015401,1.0
-0.55,16000,100,0.8134002685546875,0.3119400486698755,0.7002927718876857,0.827880859375,0.017108752754076077,0.006726304749386992,44,0.01925222942367094,0.8547262600643286,0.0144805908203125,1.0,0.04132599150964111,0.0
-0.55,16000,101,0.8134002685546875,0.3528537609585284,0.676919188199472,0.8328857421875,0.017316960046116877,0.00642445734415621,45,0.021406700705255573,0.8539247920096346,0.0194854736328125,1.0,0.04052452345494706,1.0
-0.55,16000,102,0.8134002685546875,0.3023201815251805,0.6460567607165446,0.813232421875,0.016719998390564608,0.006570167739132479,54,0.022438214884128577,0.8552788384257913,-0.0001678466796875,1.0,0.04187856987110383,1.0
-0.55,16000,103,0.8134002685546875,0.3389768107477296,0.6756474626205522,0.807861328125,0.016947532350821838,0.006952576326103729,45,0.018998444608809943,0.7860609459262271,-0.0055389404296875,1.0,-0.027339322628460394,1.0
-0.55,16000,104,0.8134002685546875,0.31896597409974403,0.6953044617778779,0.8145751953125,0.01687871172976921,0.006938915236033209,45,0.01949025181934789,0.8292980919582696,0.0011749267578125,1.0,0.015897823403582145,1.0
-0.55,16000,105,0.8134002685546875,0.3375096272795979,0.6618613872255765,0.8353271484375,0.01707355737262619,0.00626876472616361,37,0.01944164763759561,0.9219654102790399,0.0219268798828125,1.0,0.10856514172435239,0.0
-0.55,16000,106,0.8134002685546875,0.32644442079775254,0.6698309378788287,0.8187255859375,0.016836155560831356,0.006639456449748711,49,0.022657585472854264,0.7397213604614825,0.0053253173828125,1.0,-0.07367890809320499,0.0
-0.55,16000,107,0.8134002685546875,0.2920784133758088,0.6978926181352376,0.8232421875,0.0169892567128531,0.006803466037986484,38,0.01762455645302627,0.8246084932925158,0.0098419189453125,1.0,0.011208224737828343,1.0
-0.55,16000,108,0.8134002685546875,0.33325182594072844,0.6836059432549049,0.8087158203125,0.01673636729207263,0.007041241707441279,35,0.014632231316068358,0.8624281183297601,-0.0046844482421875,1.0,0.049027849775072574,0.0
-0.55,16000,109,0.8134002685546875,0.3321180446720085,0.6697685748221831,0.817626953125,0.016802777848167413,0.0067119670090821084,40,0.018163870027445492,0.891437722684139,0.0042266845703125,1.0,0.07803745412945151,0.0
-0.55,16000,110,0.8134002685546875,0.3103294914839213,0.6944894054828527,0.830322265625,0.01701009072543693,0.006623147566944324,35,0.018184740485995887,0.7810594231146913,0.0169219970703125,1.0,-0.03234084543999616,1.0
-0.55,16000,111,0.8134002685546875,0.3104835417976117,0.6695606319240145,0.8255615234375,0.016927835373836957,0.006529919252981206,33,0.016222075834216733,0.8618041104082259,0.0121612548828125,1.0,0.04840384185353841,0.0
-0.55,16000,112,0.8134002685546875,0.3066686997022615,0.6567909665407172,0.8271484375,0.016901503239378248,0.006361464176715031,38,0.018684099240457837,0.806369980493095,0.0137481689453125,1.0,-0.007030288061592449,1.0
-0.55,16000,113,0.8134002685546875,0.3295376251139296,0.695799824100287,0.8057861328125,0.016572778060804868,0.007173167576015339,44,0.018525905510704647,0.8224048819253464,-0.0076141357421875,1.0,0.009004613370658943,1.0
-0.55,16000,114,0.8134002685546875,0.33563217170203674,0.6842140419022456,0.8145751953125,0.0168580250919594,0.006931027244879292,35,0.01692669859638409,0.8445246520721174,0.0011749267578125,1.0,0.031124383517429854,1.0
-0.55,16000,115,0.8134002685546875,0.31159615770469906,0.6738018545183868,0.81689453125,0.01691816232105542,0.006697052257375785,42,0.01871726507199133,0.8682073319299783,0.0034942626953125,1.0,0.05480706337529084,0.0
-0.55,16000,116,0.8134002685546875,0.3023060722881925,0.6663411955812827,0.81640625,0.016756893737898525,0.006646655366268081,47,0.02069354127591867,0.8147376832136983,0.0030059814453125,1.0,0.0013374146590108271,1.0
-0.55,16000,117,0.8134002685546875,0.3352742892685348,0.6562064187894374,0.8111572265625,0.016664821924861083,0.006623964862719704,37,0.0194240424688677,0.7393743112422899,-0.0022430419921875,1.0,-0.07402595731239758,0.0
-0.55,16000,118,0.8134002685546875,0.3311145462035306,0.7146977621464425,0.84423828125,0.017108167584772894,0.006534883412809146,36,0.018501540680897325,0.817136020767458,0.0308380126953125,1.0,0.003735752212770449,1.0
-0.55,16000,119,0.8134002685546875,0.33677346140957787,0.7042653993628103,0.8360595703125,0.016976612336891066,0.00664751472923171,43,0.019662648984759938,0.867524334911547,0.0226593017578125,1.0,0.05412406635685951,0.0
-0.55,16000,120,0.8134002685546875,0.3076845043980152,0.6641924162225761,0.80126953125,0.016776312416321888,0.006980345318178584,48,0.019605011663427256,0.8596557478879993,-0.0121307373046875,1.0,0.046255479333311755,0.0
-0.55,16000,121,0.8134002685546875,0.3359699148880559,0.6860480775891034,0.8173828125,0.016800810812554613,0.006776884990515123,48,0.020654593049606068,0.7489222263160613,0.0039825439453125,1.0,-0.06447804223862619,0.0
-0.55,16000,122,0.8134002685546875,0.3105970100513185,0.6751500592531676,0.8270263671875,0.016959584284142324,0.006480958915256562,43,0.021277484122328633,0.8001118843388113,0.0136260986328125,1.0,-0.013288384215876192,1.0
-0.55,16000,123,0.8134002685546875,0.3156144894514005,0.6698020426649858,0.83154296875,0.01709269750473775,0.00642923210347338,31,0.016186811775554616,0.8577599684890275,0.0181427001953125,1.0,0.04435969993433997,0.0
-0.55,16000,124,0.8134002685546875,0.33781105915865367,0.700290165309971,0.82421875,0.016784658522131124,0.006926322415314633,34,0.01693246961488093,0.8572078450429796,0.0108184814453125,1.0,0.043807576488292144,0.0
-0.55,16000,125,0.8134002685546875,0.3123805242087135,0.6616102299818492,0.815185546875,0.01699065368758848,0.006625462560004446,54,0.022072200573198048,0.8021292706403677,0.0017852783203125,1.0,-0.011270997914319847,1.0
-0.55,16000,126,0.8134002685546875,0.3423628140137401,0.7249818547672675,0.8199462890625,0.016704658847405834,0.007114268647225107,32,0.01629901549635513,0.8333903509717003,0.0065460205078125,1.0,0.019990082417012833,1.0
-0.55,16000,127,0.8134002685546875,0.32646825690643333,0.7087143520541641,0.8150634765625,0.01666642381984668,0.0070857772324067715,45,0.019000777405628475,0.8336636411036957,0.0016632080078125,1.0,0.02026337254900823,1.0
-0.55,16000,128,0.8134002685546875,0.31048231962602135,0.6707204775101397,0.8414306640625,0.017142355088886972,0.006216418896981799,35,0.01881216087389629,0.862426164090991,0.0280303955078125,1.0,0.04902589553630354,0.0
-0.55,16000,129,0.8134002685546875,0.3008089836045708,0.6791698835586047,0.8292236328125,0.016934960918112845,0.0065176029796343675,45,0.020691712723631538,0.8350466215251786,0.0158233642578125,1.0,0.02164635297049111,1.0
-0.55,16000,130,0.8134002685546875,0.32437645806194837,0.6805097861055633,0.8184814453125,0.016890328473876122,0.006823466668352604,49,0.019863866571069828,0.8086378240105885,0.0050811767578125,1.0,-0.00476244454409902,1.0
-0.55,16000,131,0.8134002685546875,0.3150701013951105,0.6723457542738727,0.83056640625,0.01719161670767542,0.00641286162396301,36,0.017909864491200935,0.819524424138389,0.0171661376953125,1.0,0.006124155583701496,1.0
-0.55,16000,132,0.8134002685546875,0.3237719162555811,0.6861607227840286,0.8306884765625,0.017019874723308907,0.006512485890885152,47,0.021919873415909806,0.8213956099791738,0.0172882080078125,1.0,0.007995341424486324,1.0
-0.55,16000,133,0.8134002685546875,0.33803712344281306,0.6979802399322063,0.824951171875,0.01698345974227346,0.006851020034211994,45,0.020604026471374888,0.8471921213298309,0.0115509033203125,1.0,0.033791852775143405,1.0
-0.55,16000,134,0.8134002685546875,0.3341647271906823,0.7142025072871174,0.8365478515625,0.016924808849630713,0.006762462182909197,39,0.01815494877051364,0.9158904054089115,0.0231475830078125,1.0,0.10249013685422403,0.0
-0.55,16000,135,0.8134002685546875,0.3108489320849467,0.6651546228665988,0.8284912109375,0.016937164271452226,0.006389335261279334,41,0.0207597660584724,0.7659191171331898,0.0150909423828125,1.0,-0.04748115142149767,0.0
-0.55,16000,136,0.8134002685546875,0.32047019126700654,0.6808847088965608,0.8211669921875,0.016620081187594848,0.006676991872812542,43,0.017864552888754565,0.7810263898461632,0.0077667236328125,1.0,-0.03237387870852426,1.0
-0.55,16000,137,0.8134002685546875,0.32144346433520177,0.6794839151765125,0.813232421875,0.016687108777580176,0.006907065003110292,42,0.01691599054259022,0.7876374202516797,-0.0001678466796875,1.0,-0.02576284830300779,1.0
-0.55,16000,138,0.8134002685546875,0.30885748175312866,0.6685808904019305,0.8154296875,0.01680679558748001,0.0067247313227917025,44,0.02042188045262827,0.8457782165999281,0.0020294189453125,1.0,0.032377948045240634,1.0
-0.55,16000,139,0.8134002685546875,0.3201277141539648,0.6661618586039111,0.82080078125,0.017149696103603396,0.006633744003591743,45,0.02077142759148704,0.8438088286905472,0.0074005126953125,1.0,0.030408560135859686,1.0
-0.55,16000,140,0.8134002685546875,0.3124501707002327,0.6777529964813648,0.833251953125,0.01690359254451421,0.006446298610267603,37,0.018151706532870432,0.8963237805222741,0.0198516845703125,1.0,0.08292351196758663,0.0
-0.55,16000,141,0.8134002685546875,0.3180866194701972,0.6814583238297159,0.830322265625,0.016865548806172186,0.006503287507020656,52,0.02272400230601367,0.8605488674906084,0.0169219970703125,1.0,0.04714859893592094,0.0
-0.55,16000,142,0.8134002685546875,0.33969126322661947,0.691479820641423,0.807861328125,0.016655724852215163,0.007081443163079452,37,0.01616368231095671,0.8156654932103421,-0.0055389404296875,1.0,0.0022652246556545963,1.0
-0.55,16000,143,0.8134002685546875,0.3404935869766855,0.671437757397221,0.81982421875,0.01696035370728231,0.0066506985549419995,35,0.01723714089102857,0.7852913883050616,0.0064239501953125,1.0,-0.02810888024962588,1.0
-0.55,16000,144,0.8134002685546875,0.30859406616299867,0.6809360140727055,0.809814453125,0.01691673799850213,0.006930120972649393,50,0.02223668539339671,0.8131287268934742,-0.0035858154296875,1.0,-0.0002715416612133481,1.0
-0.55,16000,145,0.8134002685546875,0.3134387828511727,0.6910109660358742,0.830322265625,0.016721731790828583,0.006658207781659085,31,0.015285216658581156,0.919557119460649,0.0169219970703125,1.0,0.1061568509059615,0.0
-0.55,16000,146,0.8134002685546875,0.31970754555991043,0.6832814035067406,0.8197021484375,0.01678538547757939,0.006763417836318434,39,0.016851062875131995,0.8893216085964387,0.0063018798828125,1.0,0.07592134004175122,0.0
-0.55,16000,147,0.8134002685546875,0.34211846982485355,0.6658571490542116,0.8055419921875,0.0166125751919498,0.006922404785666226,40,0.017582534037732182,0.8343900975766628,-0.0078582763671875,1.0,0.020989829021975326,1.0
-0.55,16000,148,0.8134002685546875,0.33185868637603017,0.6696686062785604,0.816650390625,0.016726935134813426,0.00672791047366544,51,0.02105167459841642,0.8545033243861249,0.0032501220703125,1.0,0.04110305583143736,1.0
-0.55,16000,149,0.8134002685546875,0.31621842092302205,0.6854383985238359,0.829345703125,0.017059472642441346,0.0065666913392916,35,0.017302228533663522,0.8968020191045024,0.0159454345703125,1.0,0.08340175054981491,0.0
-0.4,4000,0,0.954071044921875,0.5696658058756137,1.0873091910892598,0.8822021484375,0.03541945227895937,0.008644426401704508,35,0.027977755544795636,0.8529120615687454,-0.071868896484375,0.0,-0.10115898335312956,0.0
-0.4,4000,1,0.954071044921875,0.6511619152064226,1.1787821147437962,0.90478515625,0.035817866266091694,0.008717809879790246,29,0.02429298479474925,1.028608421296883,-0.049285888671875,0.0,0.0745373763750079,0.0
-0.4,4000,2,0.954071044921875,0.6249720522459057,1.118606950202789,0.8922119140625,0.03503004427345962,0.008787038443003648,37,0.02670630754491532,0.9126290116724819,-0.061859130859375,0.0,-0.041442033249393107,1.0
-0.4,4000,3,0.954071044921875,0.5804737455181387,1.098837284180426,0.8853759765625,0.03511152785770788,0.008716744233959548,29,0.023354811134061158,0.797333685271543,-0.068695068359375,0.0,-0.15673735965033198,0.0
-0.4,4000,4,0.954071044921875,0.6179893896438842,0.9999985721299012,0.8662109375,0.034843375119983984,0.008328016117798022,32,0.027943742888714637,0.8630842983542676,-0.087860107421875,0.0,-0.09098674656760741,0.0
-0.4,4000,5,0.954071044921875,0.5479665329531449,1.0895269830208743,0.8914794921875,0.03567918591803464,0.008393858731392588,34,0.028064014342517433,0.8136267680941763,-0.062591552734375,0.0,-0.14044427682769867,0.0
-0.4,4000,6,0.954071044921875,0.5721478104384556,1.1110146359323867,0.901611328125,0.03429386893800468,0.008277727817115013,32,0.026450157800014442,1.0395558650096002,-0.052459716796875,0.0,0.08548482008772518,0.0
-0.4,4000,7,0.954071044921875,0.5964927460934277,1.1071214641291949,0.88818359375,0.03347746560960254,0.00870696971279251,31,0.02346565531974902,1.0062487040405317,-0.065887451171875,0.0,0.05217765911865668,0.0
-0.4,4000,8,0.954071044921875,0.5956629337607148,1.0888287775372287,0.8953857421875,0.03449638641285362,0.008339228361906415,36,0.03001943174822295,1.0456255927342777,-0.058685302734375,1.0,0.09155454781240269,0.0
-0.4,4000,9,0.954071044921875,0.5821238433773785,1.049840460665206,0.890625,0.035760331058478936,0.008273974898081453,37,0.03058486375477811,0.801934379094488,-0.063446044921875,0.0,-0.15213666582738705,0.0
-0.4,4000,10,0.954071044921875,0.6639936378953404,1.1393349138477458,0.8818359375,0.036092623932866684,0.00905479641999506,25,0.021592696363401748,0.9800944151098293,-0.072235107421875,0.0,0.02602337018795431,1.0
-0.4,4000,11,0.954071044921875,0.5710092950386025,1.0806136562501698,0.9033203125,0.035373289464151,0.008003019094287587,21,0.02212292661291995,0.9944644278971552,-0.050750732421875,0.0,0.04039338297528017,1.0
-0.4,4000,12,0.954071044921875,0.5835078197527285,1.1201005736630267,0.898681640625,0.03485118468066619,0.008529870629242873,29,0.024464254263450787,0.9899866067295234,-0.055389404296875,0.0,0.03591556180764843,1.0
-0.4,4000,13,0.954071044921875,0.5826060319153554,1.0897378488931837,0.890625,0.03734028128360593,0.008417113526263089,20,0.021246995516511883,0.9293718446900715,-0.063446044921875,0.0,-0.024699200231803498,1.0
-0.4,4000,14,0.954071044921875,0.596355714900953,1.12791576749827,0.9019775390625,0.034940697567374474,0.008577206993164301,29,0.025584940435432166,0.9888836354686532,-0.052093505859375,0.0,0.03481259054677821,1.0
-0.4,4000,15,0.954071044921875,0.623617019470534,1.1653042304306553,0.900146484375,0.035786845968641214,0.008685672085252876,31,0.026728819550531056,0.8161476331093905,-0.053924560546875,0.0,-0.13792341181248446,0.0
-0.4,4000,16,0.954071044921875,0.5936909144437362,1.1308642188823272,0.9058837890625,0.03678766641609364,0.008477573808637494,27,0.023909007006017648,1.0458464647060006,-0.048187255859375,0.0,0.09177541978412562,0.0
-0.4,4000,17,0.954071044921875,0.5798281751613709,1.12121262890835,0.9166259765625,0.03656025128979942,0.00792741280740863,25,0.02566842037135341,0.9891020285362109,-0.037445068359375,1.0,0.035030983614335875,1.0
-0.4,4000,18,0.954071044921875,0.5864502406247768,1.1669386320173463,0.91064453125,0.0372930987636177,0.008507732616429974,23,0.02042625237604711,1.0183299241232768,-0.043426513671875,0.0,0.06425887920140183,0.0
-0.4,4000,19,0.954071044921875,0.6325897902969989,1.0349975375279608,0.8680419921875,0.03491899477246993,0.008720630314176614,49,0.03388146896104456,0.8482925090561536,-0.086029052734375,0.0,-0.10577853586572139,0.0
-0.4,4000,20,0.954071044921875,0.6453704773291666,1.0707167565409916,0.8822021484375,0.03606463001376276,0.008620857991581913,40,0.02877296644566275,0.8639577348558372,-0.071868896484375,0.0,-0.09011331006603784,0.0
-0.4,4000,21,0.954071044921875,0.576208048324869,1.0929584322098949,0.90185546875,0.035199884857409026,0.008222106988318757,28,0.02511647873612937,0.9052425579107726,-0.052215576171875,0.0,-0.04882848701110243,1.0
-0.4,4000,22,0.954071044921875,0.5939568525250164,1.0747008334248251,0.8953857421875,0.03555250446864029,0.00823559644399625,20,0.022283834701096194,1.0115645233270893,-0.058685302734375,0.0,0.05749347840521435,0.0
-0.4,4000,23,0.954071044921875,0.6078178328663568,1.0973552761408278,0.89892578125,0.035784917236498896,0.008351849926484337,41,0.03194615256684292,0.9268297449650491,-0.055145263671875,1.0,-0.027241299956825893,1.0
-0.4,4000,24,0.954071044921875,0.6525971006446154,1.1530233587429821,0.909423828125,0.03575530373347919,0.00832735820606448,27,0.025321112157854514,0.9612509727556432,-0.044647216796875,1.0,0.007179927833768196,1.0
-0.4,4000,25,0.954071044921875,0.5787651118503975,1.172258535145371,0.90576171875,0.0353234813303898,0.008595469190648632,32,0.029251902911234733,0.9363448487002958,-0.048309326171875,1.0,-0.017726196221579227,1.0
-0.4,4000,26,0.954071044921875,0.6301725469070177,1.1193240640486568,0.9119873046875,0.036583753606879515,0.008227390933342262,29,0.02640311546367334,0.9891594240692091,-0.042083740234375,1.0,0.03508837914733409,1.0
-0.4,4000,27,0.954071044921875,0.6237941957688108,1.1267574551965893,0.90478515625,0.03546470775332523,0.008374254493334352,30,0.025009588991212188,0.8802407570070919,-0.049285888671875,0.0,-0.07383028791478308,0.0
-0.4,4000,28,0.954071044921875,0.6084787571048951,1.1658799219941292,0.8875732421875,0.03634731377332937,0.00921768273846144,32,0.0246736428146557,1.0647395541016682,-0.066497802734375,0.0,0.1106685091797932,0.0
-0.4,4000,29,0.954071044921875,0.5903391336016973,1.0995188755528298,0.897705078125,0.03555536208801246,0.008398312543027463,25,0.02257616674719263,0.9134165437910515,-0.056365966796875,0.0,-0.04065450113082347,1.0
-0.4,4000,30,0.954071044921875,0.5686711462475444,1.090891591206471,0.9151611328125,0.034649845661563004,0.00773689553347046,25,0.023686829013204316,1.130940203626786,-0.038909912109375,1.0,0.17686915870491093,0.0
-0.4,4000,31,0.954071044921875,0.6011791465844665,1.0992314161831689,0.896240234375,0.035359215010600124,0.00836374322090567,28,0.026132738162612246,1.1221124085508039,-0.057830810546875,0.0,0.16804136362892885,0.0
-0.4,4000,32,0.954071044921875,0.6080597490461928,1.052725229338253,0.8599853515625,0.03403115568791047,0.009032144311267117,37,0.027282781072214064,0.9422398508910447,-0.094085693359375,0.0,-0.011831194030830328,1.0
-0.4,4000,33,0.954071044921875,0.6540628443054505,1.063414886075425,0.8729248046875,0.035973179398077725,0.008869550249554855,23,0.0200348026748704,1.0355423168617501,-0.081146240234375,0.0,0.08147127193987513,0.0
-0.4,4000,34,0.954071044921875,0.5933721571109433,1.1030111261719386,0.91259765625,0.03656869434551078,0.007880170380537297,20,0.020940386023774224,1.0083994841795465,-0.041473388671875,0.0,0.0543284392576715,0.0
-0.4,4000,35,0.954071044921875,0.5905125478826416,1.0722206729539154,0.8760986328125,0.03558033304171691,0.008654877805518185,32,0.026212485573545326,0.8917770099119631,-0.077972412109375,0.0,-0.06229403500991193,0.0
-0.4,4000,36,0.954071044921875,0.5484464094248409,1.1103555426769391,0.9010009765625,0.036031267658060716,0.008378954733456899,28,0.025389880856908444,0.999111326308997,-0.053070068359375,0.0,0.045040281387122016,1.0
-0.4,4000,37,0.954071044921875,0.6174615108478372,1.121151265272978,0.8935546875,0.034893266104734096,0.008553697888596357,32,0.027878510201220542,0.947583756637321,-0.060516357421875,0.0,-0.006487288284554027,1.0
-0.4,4000,38,0.954071044921875,0.6053371156488366,1.111690044878458,0.906005859375,0.036069904417910165,0.007930808505089568,21,0.02341249031224244,0.8915404460596779,-0.048065185546875,0.0,-0.06253059886219714,0.0
-0.4,4000,39,0.954071044921875,0.5661203008273973,1.0444285455426736,0.885009765625,0.03484151587978641,0.008122261753180999,32,0.029117599335730434,0.8450216070742124,-0.069061279296875,0.0,-0.10904943784766263,0.0
-0.4,4000,40,0.954071044921875,0.5752332999096202,1.1613098248105662,0.911376953125,0.03549690170385344,0.008300277421704643,22,0.021195685893107562,1.041941041995689,-0.042694091796875,0.0,0.08786999707381393,0.0
-0.4,4000,41,0.954071044921875,0.5807391517487599,1.0484705544249642,0.880126953125,0.03486788382266901,0.008377213884303429,46,0.03263616215254738,1.0601542386951044,-0.073944091796875,0.0,0.10608319377322939,0.0
-0.4,4000,42,0.954071044921875,0.5754548686278357,1.1167713815168958,0.896240234375,0.03618626193798262,0.00845828641527945,20,0.02044771751785173,0.8673513633873058,-0.057830810546875,0.0,-0.08671968153456922,0.0
-0.4,4000,43,0.954071044921875,0.5909426800792739,1.1327694895765834,0.90771484375,0.03463349358346587,0.008180431424550695,28,0.023542954499337937,0.8187287718901586,-0.046356201171875,0.0,-0.13534227303171642,0.0
-0.4,4000,44,0.954071044921875,0.5818649181698295,1.0424555643692632,0.8685302734375,0.03439610605564997,0.008676899021019407,32,0.027096274224645892,0.8905021411297412,-0.085540771484375,0.0,-0.06356890379213376,0.0
-0.4,4000,45,0.954071044921875,0.5756221308566206,1.0834532857000594,0.903076171875,0.03489688704897703,0.008034540765974442,19,0.01900692610925744,0.874117914900123,-0.050994873046875,0.0,-0.07995313002175197,0.0
-0.4,4000,46,0.954071044921875,0.60279774690337,1.1199939021049778,0.89892578125,0.036091658734815686,0.008366166786370678,19,0.02400222036100095,0.7685041565031533,-0.055145263671875,0.0,-0.1855668884187217,0.0
-0.4,4000,47,0.954071044921875,0.5976788675741953,1.0793529070994348,0.892333984375,0.035142982062064225,0.008381941322211414,28,0.02418900622555004,1.042793850479875,-0.061737060546875,0.0,0.08872280555800005,0.0
-0.4,4000,48,0.954071044921875,0.5785312684682317,1.0503453798753202,0.8712158203125,0.03516581875425281,0.008661256765031293,30,0.024198383563512695,0.7086274358898754,-0.082855224609375,0.0,-0.24544360903199958,0.0
-0.4,4000,49,0.954071044921875,0.5650802454102224,1.0973713341942566,0.90087890625,0.03564115528722063,0.008254679336122013,34,0.026549806450427756,0.9224813134228773,-0.053192138671875,0.0,-0.031589731498997686,1.0
-0.4,4000,50,0.954071044921875,0.5820075689794785,1.114384410710803,0.9000244140625,0.035883221175079465,0.008315899899140253,24,0.022394280401994558,1.0210097794734176,-0.054046630859375,0.0,0.06693873455154264,0.0
-0.4,4000,51,0.954071044921875,0.5388741875200247,1.141244911358752,0.9193115234375,0.036324916369345976,0.007893124875454743,31,0.02866279256641458,0.935665552797601,-0.034759521484375,1.0,-0.018405492124274003,1.0
-0.4,4000,52,0.954071044921875,0.5608770389045427,1.1250197204360552,0.890625,0.03456842373362238,0.008696622150439424,28,0.02420646005688891,1.0666735765971822,-0.063446044921875,0.0,0.1126025316753072,0.0
-0.4,4000,53,0.954071044921875,0.5848819745394139,1.139392975099553,0.9034423828125,0.03609908419530017,0.008434007790061785,23,0.02180964026802463,0.8719959635002925,-0.050628662109375,0.0,-0.08207508142158249,0.0
-0.4,4000,54,0.954071044921875,0.6090548034250055,1.1333973633937804,0.89208984375,0.03498716957549029,0.008728311992323544,34,0.02858762962378172,0.840616216678748,-0.061981201171875,0.0,-0.11345482824312703,0.0
-0.4,4000,55,0.954071044921875,0.5889281263830557,1.148267093935551,0.90625,0.036440096478011594,0.00840804656629425,27,0.025941932593241568,0.989631318745603,-0.047821044921875,1.0,0.03556027382372795,1.0
-0.4,4000,56,0.954071044921875,0.5976793217746119,1.0420444038774792,0.876220703125,0.036104949209147245,0.008574020423152412,28,0.02474809919020937,0.9756167058552985,-0.077850341796875,0.0,0.02154566093342347,1.0
-0.4,4000,57,0.954071044921875,0.5744342254142963,1.14162383652358,0.8995361328125,0.03584493472498296,0.008478485201819073,33,0.02571480958637485,0.9976373328830912,-0.054534912109375,0.0,0.0435662879612162,1.0
-0.4,4000,58,0.954071044921875,0.6246963685069825,1.17257145333925,0.896728515625,0.03490116001100129,0.008975581117258175,25,0.019074968080535125,0.9504218891989216,-0.057342529296875,0.0,-0.0036491557229534344,1.0
-0.4,4000,59,0.954071044921875,0.6267080643351942,1.1777640383728427,0.907958984375,0.03537070443800314,0.008548133667332447,26,0.023081384000279002,0.9794392800301891,-0.046112060546875,0.0,0.025368235108314097,1.0
-0.4,4000,60,0.954071044921875,0.5649447348876504,1.089367032072971,0.8902587890625,0.03601448775175241,0.008380662470687484,28,0.025304962384082315,0.842352243364803,-0.063812255859375,0.0,-0.11171880155707203,0.0
-0.4,4000,61,0.954071044921875,0.5788387035988236,1.1207754090676485,0.89013671875,0.03484974438212351,0.008671792500941945,35,0.028401264159581874,1.0283445409686125,-0.063934326171875,0.0,0.0742734960467375,0.0
-0.4,4000,62,0.954071044921875,0.5751764083575394,1.1113361507700608,0.898193359375,0.03498590268006009,0.008371398143589354,20,0.020414012332504717,0.8657866021948136,-0.055877685546875,0.0,-0.08828444272706137,0.0
-0.4,4000,63,0.954071044921875,0.5815359442814046,1.1434458203113584,0.89501953125,0.036088234388041714,0.008815008499955293,28,0.02448167344477071,1.0088602728011011,-0.059051513671875,0.0,0.05478922787922613,0.0
-0.4,4000,64,0.954071044921875,0.5876640084593624,1.099366887233118,0.89990234375,0.034959638823131814,0.008372867197728366,32,0.027088529403472384,1.0347075665270353,-0.054168701171875,0.0,0.08063652160516033,0.0
-0.4,4000,65,0.954071044921875,0.621657353945529,1.1280245662392758,0.875244140625,0.03376835259969231,0.009219238407224354,33,0.024243870524939138,0.8575967101794242,-0.078826904296875,0.0,-0.09647433474245082,0.0
-0.4,4000,66,0.954071044921875,0.6334962854250901,1.1416714216811876,0.90673828125,0.03579384083312417,0.008249006809799366,29,0.02544079004854872,0.9751577701687266,-0.047332763671875,1.0,0.021086725246851623,1.0
-0.4,4000,67,0.954071044921875,0.6337144615532508,1.1719939721068249,0.8961181640625,0.036227452989311945,0.008929857480997222,31,0.023436649582992398,1.0181522484586814,-0.057952880859375,0.0,0.06408120353680635,0.0
-0.4,4000,68,0.954071044921875,0.5815383803117943,1.0993167739589393,0.903564453125,0.034353010531083215,0.008177189129678419,28,0.023069330011175736,0.979268435815784,-0.050506591796875,0.0,0.025197390893909044,1.0
-0.4,4000,69,0.954071044921875,0.6131557060566932,1.1350400040913202,0.891845703125,0.03543272414667995,0.008820661733552131,21,0.019155326930843288,0.9879112937222018,-0.062225341796875,0.0,0.033840248800326767,1.0
-0.4,4000,70,0.954071044921875,0.601086074401999,1.0805704503707685,0.8994140625,0.03562482188254562,0.008044768887662323,33,0.02916007129012346,1.2060363534318115,-0.054656982421875,1.0,0.2519653085099365,0.0
-0.4,4000,71,0.954071044921875,0.6120650218398442,1.1104807911611643,0.8983154296875,0.03589395668762527,0.008447943717204576,27,0.025740554020381102,0.952216607579449,-0.055755615234375,0.0,-0.001854437342425963,1.0
-0.4,4000,72,0.954071044921875,0.5842191973847533,1.1077907107589655,0.88427734375,0.03600011705853642,0.008666826485725155,29,0.024858328707455524,1.044244017352203,-0.069793701171875,0.0,0.09017297243032796,0.0
-0.4,4000,73,0.954071044921875,0.6542791956707675,1.1841260743271498,0.885009765625,0.03508457550894808,0.00939006047065855,24,0.019693421247064635,0.8942921596520395,-0.069061279296875,0.0,-0.05977888526983555,0.0
-0.4,4000,74,0.954071044921875,0.6246783695540674,1.1008983483890655,0.8663330078125,0.0357725174560682,0.009323184133081598,42,0.027669186524830133,0.9725844438124012,-0.087738037109375,0.0,0.018513398890526167,1.0
-0.4,4000,75,0.954071044921875,0.5902305437643234,1.090580848120653,0.8746337890625,0.035373665796786594,0.008937845580519112,47,0.029659341719959386,0.8636563271802442,-0.079437255859375,0.0,-0.09041471774163079,0.0
-0.4,4000,76,0.954071044921875,0.5790345102238431,1.0921773877388272,0.9051513671875,0.03626519742831311,0.008083164578433109,19,0.01977122498751153,0.8770702648918358,-0.048919677734375,0.0,-0.07700078003003918,0.0
-0.4,4000,77,0.954071044921875,0.6109039597861141,1.127720194989671,0.8861083984375,0.03427076335659733,0.008923957895184235,33,0.02443678680638713,0.9276849031220405,-0.067962646484375,0.0,-0.02638614179983445,1.0
-0.4,4000,78,0.954071044921875,0.6116274281135716,1.0653867921744005,0.8768310546875,0.03434156054677699,0.00878952615005417,35,0.026934388678241925,0.8171515982036777,-0.077239990234375,0.0,-0.13691944671819734,0.0
-0.4,4000,79,0.954071044921875,0.6150936704962149,1.1145336991533736,0.8817138671875,0.03493750355922245,0.008934745530643787,27,0.022493200650245425,0.9856625584429508,-0.072357177734375,0.0,0.03159151352107581,1.0
-0.4,4000,80,0.954071044921875,0.6177386264337212,1.1367731310373315,0.9068603515625,0.03663995703375202,0.00822656868289086,28,0.025101611702123446,0.8809375994264306,-0.047210693359375,1.0,-0.07313344549544443,0.0
-0.4,4000,81,0.954071044921875,0.5394251970119499,1.1179149881022554,0.9031982421875,0.03613451912400265,0.008176874132438063,24,0.02185682125542193,0.8851920196745944,-0.050872802734375,0.0,-0.06887902524728062,0.0
-0.4,4000,82,0.954071044921875,0.5838122162510283,1.107474771567278,0.907470703125,0.035735260235489216,0.00811628985726615,22,0.022918808794597224,0.9726166919331015,-0.046600341796875,0.0,0.018545647011226518,1.0
-0.4,4000,83,0.954071044921875,0.5921820172571876,1.06899823997455,0.893798828125,0.0362253286880623,0.008099710777642743,28,0.02408910065998011,1.1287107819956907,-0.060272216796875,0.0,0.17463973707381575,0.0
-0.4,4000,84,0.954071044921875,0.6268078478140566,1.1528970057745518,0.915283203125,0.036375833752926336,0.008154477754650244,22,0.022725119959710594,1.0838120979723924,-0.038787841796875,1.0,0.12974105305051742,0.0
-0.4,4000,85,0.954071044921875,0.5817713269404627,1.0507165771439786,0.878173828125,0.034970212881510185,0.008732280393016278,33,0.024112740998416118,1.0496288285454793,-0.075897216796875,0.0,0.09555778362360434,0.0
-0.4,4000,86,0.954071044921875,0.5801090960915691,1.085712815775245,0.9088134765625,0.03667302925783943,0.0080134115625157,34,0.029498024777264695,1.0517589226033195,-0.045257568359375,1.0,0.09768787768144449,0.0
-0.4,4000,87,0.954071044921875,0.6571498217390583,1.1175881536040413,0.8826904296875,0.03459393619978975,0.008819893552524766,23,0.021172096619090884,0.9211957748821777,-0.071380615234375,0.0,-0.03287527003969726,1.0
-0.4,4000,88,0.954071044921875,0.6266448499013706,1.099534992610859,0.8988037109375,0.03590422938343541,0.00843182750718355,32,0.02600480899757485,0.9670858458468587,-0.055267333984375,0.0,0.01301480092498375,1.0
-0.4,4000,89,0.954071044921875,0.5926618780574264,1.0894118843732916,0.908203125,0.03562591421161925,0.007993533443382434,36,0.030507793694461986,1.2108105546120562,-0.045867919921875,1.0,0.2567395096901812,0.0
-0.4,4000,90,0.954071044921875,0.6326287579689154,1.1052941444711666,0.8895263671875,0.03526477056701794,0.008657135648775263,31,0.02684475168348256,0.8927613812229355,-0.064544677734375,0.0,-0.06130966369893953,0.0
-0.4,4000,91,0.954071044921875,0.5383303050951262,1.0878244440621412,0.9034423828125,0.03580675168835572,0.008028552766411234,31,0.026262847675186825,0.9385425560052658,-0.050628662109375,1.0,-0.015528488916609184,1.0
-0.4,4000,92,0.954071044921875,0.6164861631987888,1.131601496101513,0.8924560546875,0.03579227461821832,0.008801375504996004,30,0.023615208184169765,1.1605702236469049,-0.061614990234375,0.0,0.20649917872502987,0.0
-0.4,4000,93,0.954071044921875,0.6084640059397031,1.1892482204818364,0.908935546875,0.036082531619484645,0.008648953135217928,24,0.02169822395794832,1.079778850760752,-0.045135498046875,0.0,0.12570780583887697,0.0
-0.4,4000,94,0.954071044921875,0.5880976137070058,1.1126883327221981,0.8994140625,0.035781665890586636,0.008317988874143648,24,0.02384027025315699,1.053888816976242,-0.054656982421875,0.0,0.09981777205436693,0.0
-0.4,4000,95,0.954071044921875,0.5810889034571352,1.0926103690147517,0.8902587890625,0.03535242437993423,0.00853316770853899,29,0.024572240301229186,1.0354105131894733,-0.063812255859375,0.0,0.0813394682675983,0.0
-0.4,4000,96,0.954071044921875,0.6542999114408999,1.1278186182561036,0.8817138671875,0.03468503809372278,0.008901916842384427,42,0.02933847208366462,1.0427118912230444,-0.072357177734375,0.0,0.08864084630116942,0.0
-0.4,4000,97,0.954071044921875,0.5964745696565958,1.1179791015817413,0.8992919921875,0.03482684029727157,0.008473659973454924,27,0.023503919247433912,1.0426527759154016,-0.054779052734375,0.0,0.08858173099352662,0.0
-0.4,4000,98,0.954071044921875,0.5710118520735948,1.0810192686474114,0.89501953125,0.03451671993573222,0.008204294217706232,27,0.02315861387401808,0.8126835056744137,-0.059051513671875,0.0,-0.14138753924746128,0.0
-0.4,4000,99,0.954071044921875,0.6117072406735222,1.1067326256165801,0.9071044921875,0.036007335307316445,0.008262060698068379,25,0.023990276497071736,1.0127507729295009,-0.046966552734375,1.0,0.058679728007625886,0.0
-0.4,4000,100,0.954071044921875,0.5706824914836321,1.1342254591886887,0.8792724609375,0.0344550278187682,0.00924363324323432,40,0.026639712440942022,0.9294256200427279,-0.074798583984375,0.0,-0.024645424879147115,1.0
-0.4,4000,101,0.954071044921875,0.5596897788321696,1.083231917072914,0.8995361328125,0.035308438101624026,0.008187515879393458,41,0.031349170466925036,0.9895909825195592,-0.054534912109375,1.0,0.03551993759768424,1.0
-0.4,4000,102,0.954071044921875,0.5939946233048444,1.1220132555462494,0.9044189453125,0.03563843156917718,0.008335939150123322,30,0.02560334475951614,1.013371579706183,-0.049652099609375,1.0,0.05930053478430808,0.0
-0.4,4000,103,0.954071044921875,0.5967457065981446,1.1176530902157613,0.8966064453125,0.03531585064904769,0.008596023672742986,25,0.021513592247465352,0.9695956450781001,-0.057464599609375,0.0,0.015524600156225143,1.0
-0.4,4000,104,0.954071044921875,0.6383496757049669,1.084714721489203,0.8604736328125,0.035092817381859834,0.009316776445679905,37,0.02845882508549984,1.0461069404442391,-0.093597412109375,0.0,0.09203589552236413,0.0
-0.4,4000,105,0.954071044921875,0.5909106492577672,1.0657669088203496,0.8970947265625,0.03561907905318818,0.0081611903275053,31,0.026865750757257754,0.882396780128204,-0.056976318359375,0.0,-0.071674264793671,0.0
-0.4,4000,106,0.954071044921875,0.6163200051990628,1.05223288680039,0.888916015625,0.03578211322524852,0.008196077960865703,41,0.0321267831557208,1.0153706461317473,-0.065155029296875,0.0,0.06129960120987232,1.0
-0.4,4000,107,0.954071044921875,0.5793338816397553,1.1282925598266247,0.9071044921875,0.03561845907744273,0.008207062038600181,29,0.024407891070840324,1.0040223482870811,-0.046966552734375,1.0,0.049951303365206146,0.0
-0.4,4000,108,0.954071044921875,0.6534823520990762,1.1188046189443557,0.9073486328125,0.03584985765499141,0.008209881458950258,23,0.020848106324267764,0.932268430389485,-0.046722412109375,0.0,-0.021802614532389963,1.0
-0.4,4000,109,0.954071044921875,0.6358691017510634,1.091741471039138,0.87744140625,0.035257287740802605,0.009053784337849102,47,0.03308681554445134,1.177773658737597,-0.076629638671875,0.0,0.2237026138157221,0.0
-0.4,4000,110,0.954071044921875,0.6003435667359293,1.2310019091659998,0.9329833984375,0.037189663774180245,0.008052417662009412,25,0.025308982607008944,0.8567114410021011,-0.021087646484375,1.0,-0.09735960391977394,0.0
-0.4,4000,111,0.954071044921875,0.5638122252569907,1.0710375013585485,0.8878173828125,0.035391371233853365,0.008378694326173941,33,0.028996110462514883,0.739941339997932,-0.066253662109375,0.0,-0.214129704923943,0.0
-0.4,4000,112,0.954071044921875,0.5721049102201539,1.0769457330004157,0.8848876953125,0.03483598951636161,0.008424783935784311,26,0.023781454327104323,0.8356339112358123,-0.069183349609375,0.0,-0.11843713368606268,0.0
-0.4,4000,113,0.954071044921875,0.564192748033468,1.136806678586255,0.9149169921875,0.03669874122054377,0.007899637860349704,25,0.02649111809545244,1.0419494450305857,-0.039154052734375,1.0,0.08787840010871073,0.0
-0.4,4000,114,0.954071044921875,0.6207677137981978,1.086882684873776,0.8782958984375,0.03554984196174826,0.008883759362264479,27,0.021849016794824785,0.7987407834833193,-0.075775146484375,0.0,-0.15533026143855566,0.0
-0.4,4000,115,0.954071044921875,0.569958462278555,1.0939803047833703,0.901611328125,0.035406117122203644,0.008163737299796935,32,0.028252602438961737,0.9785257595010998,-0.052459716796875,1.0,0.024454714579224768,1.0
-0.4,4000,116,0.954071044921875,0.6119779221662007,1.1418350816831087,0.900390625,0.0351661383763905,0.008448008483948525,28,0.02349538349689128,0.901710000363263,-0.053680419921875,0.0,-0.05236104455861201,0.0
-0.4,4000,117,0.954071044921875,0.5943743782870725,1.0624183763428778,0.8829345703125,0.034849322468606066,0.008507097360158856,31,0.02571850292817145,0.9465363705156035,-0.071136474609375,0.0,-0.007534674406271535,1.0
-0.4,4000,118,0.954071044921875,0.5687355789730637,1.1029598122511097,0.909912109375,0.03626506881501604,0.007952200872918022,23,0.02279652348097895,0.9429956858580167,-0.044158935546875,1.0,-0.011075359063858259,1.0
-0.4,4000,119,0.954071044921875,0.616800659598906,1.0653549950059797,0.895263671875,0.03430862755698364,0.008146802236748085,21,0.019876973730543514,1.039303064244929,-0.058807373046875,0.0,0.08523201932305402,0.0
-0.4,4000,120,0.954071044921875,0.6381703558611244,1.0909881375377783,0.8836669921875,0.03522886838795396,0.008818901951853472,36,0.027886775755485295,0.9832591505553392,-0.070404052734375,0.0,0.02918810563346419,1.0
-0.4,4000,121,0.954071044921875,0.5889826709840258,1.1385351097667353,0.8948974609375,0.03554612786087414,0.008593246110579515,27,0.02321107336682046,0.9225587880213386,-0.059173583984375,0.0,-0.031512256900536384,1.0
-0.4,4000,122,0.954071044921875,0.6056770587190348,1.0976455383708552,0.8677978515625,0.03463831138161641,0.009158802805899115,32,0.025710764280896258,0.7855316534998026,-0.086273193359375,0.0,-0.16853939142207242,0.0
-0.4,4000,123,0.954071044921875,0.6125434838445353,1.0580423651760644,0.8931884765625,0.03521918453674843,0.00813096678615924,27,0.02558391894705214,0.8613853515344552,-0.060882568359375,0.0,-0.09268569338741983,0.0
-0.4,4000,124,0.954071044921875,0.5937222646949434,1.1034160616114113,0.89404296875,0.03592997308329927,0.008625103799418353,32,0.02876918231857943,0.9814860678053557,-0.060028076171875,0.0,0.027415022883480744,1.0
-0.4,4000,125,0.954071044921875,0.6528676143643506,1.0905404777861059,0.8629150390625,0.0339965817723433,0.009470964302392554,45,0.0305127081559326,0.8823152776955575,-0.091156005859375,0.0,-0.07175576722631749,0.0
-0.4,4000,126,0.954071044921875,0.6185974202031304,1.0477424565608948,0.8570556640625,0.03528955772089076,0.009185191267257881,26,0.02179275877411859,0.8559531928526498,-0.097015380859375,0.0,-0.09811785206922519,0.0
-0.4,4000,127,0.954071044921875,0.6426861452530844,1.1303363357072314,0.893798828125,0.03517503467512584,0.008788817375909794,40,0.030629242857619813,1.0613801801441918,-0.060272216796875,0.0,0.10730913522231678,0.0
-0.4,4000,128,0.954071044921875,0.6047277075513617,1.0963497991551934,0.8822021484375,0.03590534340460991,0.008720445952480105,29,0.026024584193625425,0.974391232736032,-0.071868896484375,0.0,0.02032018781415701,1.0
-0.4,4000,129,0.954071044921875,0.5592606917957998,1.0725243863637743,0.8909912109375,0.03560784775346002,0.008280540520082775,32,0.028627901791567618,0.7837193967938991,-0.063079833984375,0.0,-0.17035164812797587,0.0
-0.4,4000,130,0.954071044921875,0.5570776858086207,1.0296130161410644,0.902587890625,0.03649516486866254,0.007783929128450213,31,0.029389567180549307,1.103813066967802,-0.051483154296875,1.0,0.1497420220459269,0.0
-0.4,4000,131,0.954071044921875,0.569946114029211,1.0775404275783533,0.890625,0.03614669501682978,0.00837374555034946,34,0.0264842240500012,1.1547320210163832,-0.063446044921875,0.0,0.20066097609450817,0.0
-0.4,4000,132,0.954071044921875,0.601023703580353,1.0803342747811238,0.8751220703125,0.03328332863726453,0.008912326780721376,26,0.022603542401118365,0.9673972419863375,-0.078948974609375,0.0,0.013326197064462475,1.0
-0.4,4000,133,0.954071044921875,0.6597907477938961,1.0985111013703317,0.88720703125,0.03415144173628258,0.00866374143045971,30,0.025969539490138163,0.9541552834310567,-0.066864013671875,0.0,8.423850918171105e-05,1.0
-0.4,4000,134,0.954071044921875,0.5484511095243013,1.1086373673781877,0.9031982421875,0.03689647417048255,0.00822724944669174,31,0.02949851140810773,1.1703002107466316,-0.050872802734375,1.0,0.2162291658247566,0.0
-0.4,4000,135,0.954071044921875,0.614818708362639,1.1407723984975815,0.896484375,0.03562114052921918,0.008666689818275265,38,0.02867970131634647,1.0912410534186698,-0.057586669921875,0.0,0.13717000849679484,0.0
-0.4,4000,136,0.954071044921875,0.5860190385018446,1.116138359273529,0.8787841796875,0.03516124247351198,0.009066050005587545,34,0.02350119419335496,0.9054400545260728,-0.075286865234375,0.0,-0.04863099039580221,0.0
-0.4,4000,137,0.954071044921875,0.5940483349792447,1.079450619414593,0.88427734375,0.034334547637217445,0.008532954674766011,32,0.02675090042256977,0.9868383872752282,-0.069793701171875,0.0,0.03276734235335321,1.0
-0.4,4000,138,0.954071044921875,0.5942002178809401,1.1078333978069121,0.9085693359375,0.036061588640922466,0.007900025349224944,27,0.026186095775626392,0.8304512522771912,-0.045501708984375,1.0,-0.12361979264468381,0.0
-0.4,4000,139,0.954071044921875,0.5670136091634184,1.1347647623439185,0.9022216796875,0.03594243840936537,0.00860738712909607,26,0.021579752726864992,1.006504922565283,-0.051849365234375,0.0,0.0524338776434079,0.0
-0.4,4000,140,0.954071044921875,0.5883139095507316,1.1096412785307594,0.9073486328125,0.03569364390776919,0.008121514123662224,19,0.018802364903563525,1.0313636784311946,-0.046722412109375,0.0,0.07729263350931959,0.0
-0.4,4000,141,0.954071044921875,0.5680696582282655,1.159577981350366,0.9039306640625,0.036242197771896884,0.008571004192926506,21,0.01905774210116055,0.908710775693255,-0.050140380859375,0.0,-0.04536026922862002,0.0
-0.4,4000,142,0.954071044921875,0.5610356594769849,1.0821408129586025,0.8887939453125,0.035959648976320154,0.008396675178256756,37,0.028666400280623627,0.8698901352381002,-0.065277099609375,0.0,-0.08418090968377479,0.0
-0.4,4000,143,0.954071044921875,0.5546240944874078,1.0943406253867578,0.9149169921875,0.037018168794372086,0.007835885026032148,32,0.0275904998857383,1.1034137253576048,-0.039154052734375,1.0,0.14934268043572985,0.0
-0.4,4000,144,0.954071044921875,0.6235241775966079,1.0688089611753342,0.8873291015625,0.035802819379252844,0.008398547132016416,31,0.02638921460659109,0.9862058622263167,-0.066741943359375,0.0,0.032134817304441676,1.0
-0.4,4000,145,0.954071044921875,0.6082768068748577,1.1161145899523564,0.8834228515625,0.0366280508703789,0.008812342841045422,29,0.026171007727120964,1.0316467739803004,-0.070648193359375,0.0,0.07757572905842536,0.0
-0.4,4000,146,0.954071044921875,0.5833323069294336,1.0873419570129401,0.9036865234375,0.03662798742728818,0.008043955602726902,30,0.02747835193373133,1.006948857322115,-0.050384521484375,1.0,0.05287781240024003,1.0
-0.4,4000,147,0.954071044921875,0.5656154397739461,1.1036405988567872,0.907958984375,0.0357820015550499,0.008120306994859723,31,0.026923724492142018,1.079310623326569,-0.046112060546875,1.0,0.12523957840469402,0.0
-0.4,4000,148,0.954071044921875,0.5761534490862882,1.1243455680457746,0.9049072265625,0.035030092380593916,0.008373568730897172,25,0.0222400715739081,0.959427665156402,-0.049163818359375,0.0,0.0053566202345269875,1.0
-0.4,4000,149,0.954071044921875,0.6220837497429414,1.0261863890494074,0.8782958984375,0.035031960364923884,0.008297578196921115,29,0.024958474620774204,0.9635644128529601,-0.075775146484375,0.0,0.009493367931085128,1.0
-0.4,16000,0,0.954071044921875,0.2945384352993868,1.096812665994368,0.9586181640625,0.018498645023213897,0.006247052736065413,17,0.012642057414053488,0.9382398875469591,0.004547119140625,1.0,-0.015831157374915916,1.0
-0.4,16000,1,0.954071044921875,0.3283441833347761,1.077739851961196,0.93310546875,0.018404727874327828,0.006914039351512575,15,0.010814111235590137,0.9452358933365257,-0.020965576171875,1.0,-0.00883515158534931,1.0
-0.4,16000,2,0.954071044921875,0.3422659706075047,1.0725430224026309,0.943603515625,0.018408610726952174,0.006518831271906501,20,0.014240586968307383,0.988775988980853,-0.010467529296875,1.0,0.03470494405897795,0.0
-0.4,16000,3,0.954071044921875,0.3114238394627096,1.0851766989024578,0.9256591796875,0.017976756503891137,0.007258242506151633,20,0.012570475494646826,0.9359784654495706,-0.028411865234375,0.0,-0.01809257947230436,1.0
-0.4,16000,4,0.954071044921875,0.33225387086530594,1.0555133221191593,0.9373779296875,0.01827609602331382,0.006733571484130271,20,0.012659799500798433,0.9469160035000802,-0.016693115234375,1.0,-0.007155041421794794,1.0
-0.4,16000,5,0.954071044921875,0.306236054897248,1.0648821578412073,0.9365234375,0.018459416825019732,0.006761427539190239,24,0.014517061129988401,0.9547897488630606,-0.017547607421875,1.0,0.0007187039411855611,1.0
-0.4,16000,6,0.954071044921875,0.3280602534471045,1.0747102487626026,0.9404296875,0.01842270269517649,0.006703122817106249,26,0.016422028439028194,0.9370162869514399,-0.013641357421875,1.0,-0.017054757970435097,1.0
-0.4,16000,7,0.954071044921875,0.3086872471441844,1.0671562208360763,0.929443359375,0.018045007596775405,0.00698154027077211,19,0.01107523616750105,0.9188646217307965,-0.024627685546875,0.0,-0.03520642319107847,0.0
-0.4,16000,8,0.954071044921875,0.31685242972978006,1.0648306144586548,0.9478759765625,0.01864592744200882,0.006352729100337855,23,0.01592246125856173,0.9447247113421064,-0.006195068359375,1.0,-0.009346333579768551,1.0
-0.4,16000,9,0.954071044921875,0.3419688264904626,1.0942475018228217,0.9344482421875,0.01828889256056469,0.006959427583319239,20,0.013510803578026157,0.9624232046127332,-0.019622802734375,1.0,0.00835215969085823,1.0
-0.4,16000,10,0.954071044921875,0.3156246231991255,1.1125338106537497,0.9415283203125,0.018287638408186677,0.006912076960270117,11,0.008842359043080717,0.9508796884532911,-0.012542724609375,1.0,-0.003191356468583928,1.0
-0.4,16000,11,0.954071044921875,0.3389707271701938,1.0553570818553775,0.9393310546875,0.018371654725262088,0.0066288420447445555,19,0.013255043213266142,0.9737572807912642,-0.014739990234375,1.0,0.019686235869389224,1.0
-0.4,16000,12,0.954071044921875,0.32049467648423335,1.1101268923557162,0.9356689453125,0.01802748617029128,0.007076524810591884,18,0.011367718606556648,0.9692968148606019,-0.018402099609375,1.0,0.01522576993872693,1.0
-0.4,16000,13,0.954071044921875,0.31278392555391593,1.070495869269159,0.9351806640625,0.018324097765080486,0.006722948407361138,16,0.011987757712873536,0.9355802528925357,-0.018890380859375,1.0,-0.018490792029339342,1.0
-0.4,16000,14,0.954071044921875,0.323550307068449,1.0725076988905333,0.942138671875,0.018451288739192818,0.006640082848684115,15,0.011057089998033853,0.9471224994281376,-0.011932373046875,1.0,-0.006948545493737357,1.0
-0.4,16000,15,0.954071044921875,0.3161022127855655,1.0740509301763663,0.9371337890625,0.01849804695362652,0.006860736281918804,12,0.008892275265626672,0.9532057275410692,-0.016937255859375,1.0,-0.0008653173808057524,1.0
-0.4,16000,16,0.954071044921875,0.3306674273471755,1.0527675949706041,0.9302978515625,0.01840500144971051,0.006821760310342313,17,0.013194447084534346,0.9433299823681162,-0.023773193359375,1.0,-0.01074106255375884,1.0
-0.4,16000,17,0.954071044921875,0.3331540129789505,1.0628166462174589,0.93115234375,0.01813018954512707,0.0068715527364108684,22,0.013795441954776635,0.8866338024034197,-0.022918701171875,1.0,-0.06743724251845529,0.0
-0.4,16000,18,0.954071044921875,0.3319092716469461,1.0663864554982556,0.9393310546875,0.018279837875340862,0.006764767042731973,16,0.011626925003352055,0.9894392580383914,-0.014739990234375,1.0,0.03536821311651639,0.0
-0.4,16000,19,0.954071044921875,0.3171439694080193,1.1315003716348253,0.9542236328125,0.018597502506959764,0.0064630064289085834,18,0.013612009898674051,0.9088325336350975,0.000152587890625,1.0,-0.04523851128677747,0.0
-0.4,16000,20,0.954071044921875,0.34056380097075983,1.0936447068401125,0.93603515625,0.018070439708634357,0.006821780974783155,17,0.01253795947636919,0.9421604975636964,-0.018035888671875,1.0,-0.011910547358178647,1.0
-0.4,16000,21,0.954071044921875,0.3150791955822025,1.0937071829655758,0.9473876953125,0.018466217558906654,0.006579625688092085,12,0.010631060180800879,0.9895032550312814,-0.006683349609375,1.0,0.03543221010940645,0.0
-0.4,16000,22,0.954071044921875,0.32977626299982393,1.0767068293521382,0.9326171875,0.01803377490529001,0.0069553185019826345,24,0.0150552848474582,0.9483726957139152,-0.021453857421875,1.0,-0.005698349207959752,1.0
-0.4,16000,23,0.954071044921875,0.3325744551878349,1.0378647248276531,0.93310546875,0.01824154237971987,0.006750632552432062,17,0.011166806655473302,1.006326544746773,-0.020965576171875,1.0,0.05225549982489808,0.0
-0.4,16000,24,0.954071044921875,0.3527428817737741,1.1167013844155818,0.9461669921875,0.01853173639652792,0.006831852885856915,13,0.010394618075852218,0.9276256626389228,-0.007904052734375,1.0,-0.026445382282952234,0.0
-0.4,16000,25,0.954071044921875,0.33187625797223064,1.0976955100202308,0.9427490234375,0.01849122819693212,0.0068139194826272636,13,0.00970340466184369,0.9683720609813017,-0.011322021484375,1.0,0.014301016059426686,1.0
-0.4,16000,26,0.954071044921875,0.3001677652523589,1.0672036898570265,0.9298095703125,0.018160749412112324,0.007042220725089841,18,0.011855273490004944,0.9169792510969986,-0.024261474609375,0.0,-0.03709179382487637,0.0
-0.4,16000,27,0.954071044921875,0.3175797158715846,1.0898223451655689,0.9412841796875,0.018246151630794932,0.006681589144769631,16,0.011137048191338572,0.9703051000867617,-0.012786865234375,1.0,0.01623405516488674,1.0
-0.4,16000,28,0.954071044921875,0.29066275887640186,1.0630967804466593,0.9415283203125,0.018346905926118363,0.006519266456848613,11,0.008733119134614071,0.917492869897299,-0.012542724609375,1.0,-0.036578175024576054,0.0
-0.4,16000,29,0.954071044921875,0.306163425039628,1.0695288448121352,0.927490234375,0.01817727742427352,0.006906931391273721,22,0.013197005415212725,0.8871775420862934,-0.026580810546875,0.0,-0.0668935028355816,0.0
-0.4,16000,30,0.954071044921875,0.300234441490571,1.0906453524762403,0.945556640625,0.01828516915961187,0.006701777024917519,15,0.011767236842584959,0.9724034852324739,-0.008514404296875,1.0,0.018332440310598885,1.0
-0.4,16000,31,0.954071044921875,0.32240407083157785,1.0773713780813365,0.93212890625,0.018033507477309144,0.006898118455319599,22,0.012791059564495886,0.9460826469051365,-0.021942138671875,1.0,-0.007988398016738452,1.0
-0.4,16000,32,0.954071044921875,0.3027714111305386,1.091064769274185,0.943603515625,0.018378382569965677,0.006742660373017674,17,0.012199737861443464,0.9230734522165859,-0.010467529296875,1.0,-0.030997592705289123,0.0
-0.4,16000,33,0.954071044921875,0.30968670199360004,1.0571407776928008,0.94384765625,0.018287992142877522,0.0064492531186516764,13,0.009946041712369144,0.9838126591924105,-0.010223388671875,1.0,0.029741614270535455,0.0
-0.4,16000,34,0.954071044921875,0.32682911826415023,1.0622798843992702,0.9310302734375,0.018206609111671403,0.006823065115681042,25,0.014793675713968007,0.9306197186087775,-0.023040771484375,1.0,-0.023451326313097542,1.0
-0.4,16000,35,0.954071044921875,0.29819511018274736,1.1054382061757906,0.95166015625,0.018633874867279437,0.00653927117158415,14,0.010660537841367813,0.9964041928060257,-0.002410888671875,1.0,0.04233314788415066,0.0
-0.4,16000,36,0.954071044921875,0.31516571531600424,1.0687621259268165,0.9427490234375,0.01839465520243839,0.006510651195706194,17,0.014231421996521009,0.9369226589504815,-0.011322021484375,1.0,-0.017148385971393454,1.0
-0.4,16000,37,0.954071044921875,0.31933877647389597,1.1210060152494985,0.9420166015625,0.018517097310906394,0.006830995618770656,19,0.011908751689524603,0.943117897756388,-0.012054443359375,1.0,-0.01095314716548701,1.0
-0.4,16000,38,0.954071044921875,0.3097670475870363,1.0449004412661531,0.93115234375,0.01814192347973633,0.0068659134668532075,19,0.011878569237658567,0.9392148796273337,-0.022918701171875,1.0,-0.014856165294541257,1.0
-0.4,16000,39,0.954071044921875,0.32031127099550494,1.0646316822485695,0.9315185546875,0.01826987969306087,0.006830625675626438,20,0.01275823412179633,0.9219507731561373,-0.022552490234375,1.0,-0.03212027176573773,0.0
-0.4,16000,40,0.954071044921875,0.3427675578693501,1.1045993688069338,0.9405517578125,0.018421319016895393,0.006705697618922387,13,0.009573229544322076,0.939043121625186,-0.013519287109375,1.0,-0.015027923296689005,1.0
-0.4,16000,41,0.954071044921875,0.2971894918308546,1.07928100888015,0.9385986328125,0.018241317846463077,0.006620362844190825,23,0.014279757742109078,0.9333632338799043,-0.015472412109375,1.0,-0.020707811041970725,1.0
-0.4,16000,42,0.954071044921875,0.29453610776291406,1.0581204049277453,0.943359375,0.018372435707915823,0.0065416126636192,24,0.015653541045585216,0.9480516923200744,-0.010711669921875,1.0,-0.006019352601800643,1.0
-0.4,16000,43,0.954071044921875,0.3302550391525237,1.0751972822152824,0.930908203125,0.01841884660712934,0.007007779125939158,23,0.014246562567410226,0.9372527020212897,-0.023162841796875,1.0,-0.01681834290058526,1.0
-0.4,16000,44,0.954071044921875,0.3133806166460201,1.1087917893286614,0.9405517578125,0.01826929613357414,0.0067298877924594856,17,0.011377609305389858,0.8997592094489201,-0.013519287109375,1.0,-0.05431183547295493,0.0
-0.4,16000,45,0.954071044921875,0.31781697918050705,1.0927631876035733,0.9552001953125,0.01864099755901766,0.0064241146120360346,13,0.009854279294952611,1.0186510758550127,0.001129150390625,1.0,0.06458003093313769,0.0
-0.4,16000,46,0.954071044921875,0.30844508657307435,1.1061589078415235,0.9383544921875,0.01849091842368536,0.006997069134054817,21,0.01316193451623423,0.988233489210119,-0.015716552734375,1.0,0.034162444288244,0.0
-0.4,16000,47,0.954071044921875,0.28230435054667474,1.0904501780286404,0.93359375,0.018280661955350195,0.007020472620094434,23,0.013220770382821765,0.9242153920674021,-0.020477294921875,1.0,-0.02985565285447289,0.0
-0.4,16000,48,0.954071044921875,0.3220192229972113,1.0975670485546258,0.9345703125,0.018477318693253884,0.006979038412930694,23,0.014501546261750722,0.9535547359749326,-0.019500732421875,1.0,-0.0005163089469424342,1.0
-0.4,16000,49,0.954071044921875,0.2994423683985646,1.1053572908914944,0.9456787109375,0.018211413880012642,0.0066103868905503325,17,0.012008256595381817,0.9650920964697116,-0.008392333984375,1.0,0.011021051547836613,1.0
-0.4,16000,50,0.954071044921875,0.33007317509187295,1.0743380591947087,0.937744140625,0.018451508565818876,0.00688440026000712,17,0.01124278730527802,0.9836948017465788,-0.016326904296875,1.0,0.02962375682470375,0.0
-0.4,16000,51,0.954071044921875,0.33311998874627946,1.117962434048152,0.9425048828125,0.018487624817219606,0.00690493217435754,22,0.013588926495564266,1.010642597316726,-0.011566162109375,1.0,0.0565715523948509,0.0
-0.4,16000,52,0.954071044921875,0.332978644359964,1.0726383150227936,0.9327392578125,0.018373066675789654,0.007037821718802458,17,0.011461318731151195,1.0183050225516168,-0.021331787109375,1.0,0.06423397762974181,0.0
-0.4,16000,53,0.954071044921875,0.30993598574886666,1.0795399368799443,0.9447021484375,0.018245399864078037,0.00658546606859216,20,0.013532344639052984,0.8914979453715691,-0.009368896484375,1.0,-0.06257309955030588,0.0
-0.4,16000,54,0.954071044921875,0.3264499561467288,1.0577781584776647,0.9266357421875,0.01825766654280481,0.007075030290537075,21,0.012375815899236513,0.948860491895545,-0.027435302734375,0.0,-0.00521055302633,1.0
-0.4,16000,55,0.954071044921875,0.2921542325786982,1.1117403149099259,0.9500732421875,0.01856143981778967,0.006646998824588262,21,0.012921878631423656,0.9953320150735225,-0.003997802734375,1.0,0.041260970151647536,0.0
-0.4,16000,56,0.954071044921875,0.33352859531827783,1.0836903851378863,0.93505859375,0.01838388304616643,0.006972397173957129,16,0.010901829256601415,0.9831033478693861,-0.019012451171875,1.0,0.029032302947511135,0.0
-0.4,16000,57,0.954071044921875,0.310359529290207,1.0864699700234866,0.93359375,0.018152735360170806,0.006992967978588749,17,0.011653924709177444,0.9431337463878086,-0.020477294921875,1.0,-0.010937298534066442,1.0
-0.4,16000,58,0.954071044921875,0.30428910203403037,1.0972471811504496,0.9578857421875,0.01858545479136552,0.006297670826030479,15,0.012395439074444651,0.9840559166266392,0.003814697265625,1.0,0.02998487170476416,0.0
-0.4,16000,59,0.954071044921875,0.3115910327014989,1.0672583653580254,0.9495849609375,0.018460352443367925,0.00633477774523288,20,0.013245912541289704,0.9174594619009417,-0.004486083984375,1.0,-0.03661158302093326,0.0
-0.4,16000,60,0.954071044921875,0.31054129763296057,1.0689045091135745,0.942626953125,0.018373845286858766,0.006684404538940193,24,0.014586528506688158,0.9762905987738406,-0.011444091796875,1.0,0.022219553851965612,1.0
-0.4,16000,61,0.954071044921875,0.2917961492328094,1.0981250512103755,0.9420166015625,0.018398526390264586,0.006765788223181939,20,0.01348741452167828,0.969974716847365,-0.012054443359375,1.0,0.015903671925490026,1.0
-0.4,16000,62,0.954071044921875,0.2982398985514808,1.0786080675622838,0.9376220703125,0.018346173102564596,0.006827106253164945,14,0.009795390110533994,0.9349777700366443,-0.016448974609375,1.0,-0.019093274885230715,1.0
-0.4,16000,63,0.954071044921875,0.328087409008697,1.0756557172446168,0.935791015625,0.018359690678234723,0.006761729655444875,16,0.011025869621018583,0.9096219248472052,-0.018280029296875,1.0,-0.044449120074669835,0.0
-0.4,16000,64,0.954071044921875,0.3136250243250426,1.0527628408021505,0.924560546875,0.018044461157361528,0.006994643606757467,24,0.014804416969819224,0.9300160310445845,-0.029510498046875,0.0,-0.024055013877290476,1.0
-0.4,16000,65,0.954071044921875,0.30715266108110667,1.074299645534905,0.9302978515625,0.018298067152769625,0.006924806246408055,20,0.012749330255422327,0.9352866346629523,-0.023773193359375,1.0,-0.018784410258922746,1.0
-0.4,16000,66,0.954071044921875,0.30005486926975583,1.0778441432830137,0.9488525390625,0.01859298946911387,0.006350337792636972,16,0.012878021725170531,0.9397165582283181,-0.005218505859375,1.0,-0.014354486693556878,1.0
-0.4,16000,67,0.954071044921875,0.3099443184952428,1.0734105385891402,0.943359375,0.018291990649433206,0.006516428075010186,13,0.011615660507753736,0.972123645890155,-0.010711669921875,1.0,0.018052600968279986,1.0
-0.4,16000,68,0.954071044921875,0.28918665354111595,1.0666376468989989,0.9425048828125,0.018346457507525293,0.006643789762470293,26,0.015500847313613054,1.021203725495252,-0.011566162109375,1.0,0.06713268057337696,0.0
-0.4,16000,69,0.954071044921875,0.30997221831209065,1.1081764023994505,0.948974609375,0.018730836892047586,0.006773280013784322,28,0.015788111520209692,0.9695148421986094,-0.005096435546875,1.0,0.015443797276734395,1.0
-0.4,16000,70,0.954071044921875,0.3139187178932572,1.0794972952270845,0.94189453125,0.01839507130170352,0.006747926542304503,23,0.013774179702694131,0.9391574728269443,-0.012176513671875,1.0,-0.014913572094930716,1.0
-0.4,16000,71,0.954071044921875,0.3128636608299745,1.0836654249936775,0.941162109375,0.01824485812862805,0.006625813568253699,19,0.012672700488738713,0.953662511086147,-0.012908935546875,1.0,-0.00040853383572803104,1.0
-0.4,16000,72,0.954071044921875,0.3175278486751438,1.1094431842851131,0.9404296875,0.018323144008015116,0.006993971639010192,20,0.012401149874038977,0.9620713876780888,-0.013641357421875,1.0,0.008000342756213752,1.0
-0.4,16000,73,0.954071044921875,0.31324941131923334,1.0724689395940543,0.9361572265625,0.01835908416534285,0.006747668729895962,19,0.013089835183829208,1.0006346790470684,-0.017913818359375,1.0,0.046563634125193376,0.0
-0.4,16000,74,0.954071044921875,0.31974094476401416,1.0962983528531602,0.9425048828125,0.018152828086881158,0.0066821685104862805,14,0.009896089141317371,0.9712428014169965,-0.011566162109375,1.0,0.017171756495121482,1.0
-0.4,16000,75,0.954071044921875,0.2960687962857321,1.0770045202187002,0.939697265625,0.01835015013107288,0.006724559168639087,21,0.013685927912827906,0.9727864099103559,-0.014373779296875,1.0,0.01871536498848092,1.0
-0.4,16000,76,0.954071044921875,0.29919395324219367,1.0794729398599612,0.9542236328125,0.018682326097015756,0.006234787990501164,13,0.01178708242202998,0.9868710839593062,0.000152587890625,1.0,0.03280003903743123,0.0
-0.4,16000,77,0.954071044921875,0.30646391024270103,1.057066857557175,0.952880859375,0.018559316100178413,0.0062118792678404824,15,0.01194345617188744,0.980126898226341,-0.001190185546875,1.0,0.026055853304466026,0.0
-0.4,16000,78,0.954071044921875,0.32858137991175873,1.0978455775849174,0.936767578125,0.018317321222289216,0.006910847903396087,16,0.011235966659921017,0.9494476812483156,-0.017303466796875,1.0,-0.004623363673559422,1.0
-0.4,16000,79,0.954071044921875,0.32288005137891823,1.0896709741369102,0.9442138671875,0.01817163742301337,0.006681243305855438,16,0.011522896979475299,0.9913817593075297,-0.009857177734375,1.0,0.0373107143856547,0.0
-0.4,16000,80,0.954071044921875,0.34351733687365954,1.1079452591760917,0.9361572265625,0.018444837930213658,0.006932810518575236,15,0.010251188820849544,0.9526622171000735,-0.017913818359375,1.0,-0.0014088278218015171,1.0
-0.4,16000,81,0.954071044921875,0.33535506632216205,1.1041331670713976,0.9361572265625,0.018204654916727046,0.007053745677923837,24,0.014909449160853806,0.9842747055302387,-0.017913818359375,1.0,0.03020366060836366,0.0
-0.4,16000,82,0.954071044921875,0.32387363929421265,1.0831065401367903,0.9375,0.01825311646383587,0.0068778737412547464,18,0.011517408118483577,0.930839089573693,-0.016571044921875,1.0,-0.02323195534818201,0.0
-0.4,16000,83,0.954071044921875,0.3086570916306409,1.0644866160718451,0.943359375,0.018397595015458734,0.006528104063669202,11,0.010247193080209214,0.9249167438978404,-0.010711669921875,1.0,-0.0291543010240346,0.0
-0.4,16000,84,0.954071044921875,0.333033594189282,1.124619247932952,0.9405517578125,0.018456382288272153,0.00691914496932568,22,0.013452879383682448,0.9525747722767753,-0.013519287109375,1.0,-0.001496272645099661,1.0
-0.4,16000,85,0.954071044921875,0.34914200531208656,1.0881756977870172,0.9368896484375,0.01833609333662431,0.006880108587388556,24,0.014358661693507002,0.9346864153528592,-0.017181396484375,1.0,-0.019384629569015766,1.0
-0.4,16000,86,0.954071044921875,0.3121780805857042,1.0756133287530798,0.948974609375,0.018690527034410112,0.0064261360241671395,14,0.011099978201338906,0.9650333405028078,-0.005096435546875,1.0,0.010962295580932757,1.0
-0.4,16000,87,0.954071044921875,0.3160918887376989,1.1183058768056957,0.94091796875,0.018171383173319053,0.007059764778469333,32,0.01823009096566668,0.9348787350732484,-0.013153076171875,1.0,-0.019192309848626632,1.0
-0.4,16000,88,0.954071044921875,0.33604962239785785,1.0747062501865825,0.9451904296875,0.018409578018273816,0.006550474718094737,12,0.009571633180981884,0.9920353180187518,-0.008880615234375,1.0,0.03796427309687678,0.0
-0.4,16000,89,0.954071044921875,0.34174587109256693,1.083384503661272,0.9298095703125,0.018239744747250528,0.007143617564474882,29,0.014713885688019315,0.9706649529441,-0.024261474609375,1.0,0.016593908022225046,1.0
-0.4,16000,90,0.954071044921875,0.32908395566866006,1.0712916175533813,0.9359130859375,0.018284245803439278,0.006750853538411341,28,0.017874807171550915,0.9649261409017915,-0.018157958984375,1.0,0.010855095979916518,1.0
-0.4,16000,91,0.954071044921875,0.3276054575000242,1.1009259596203766,0.9383544921875,0.018336534238962653,0.006915612999857816,17,0.0107334980600687,0.9232572544538407,-0.015716552734375,1.0,-0.03081379046803434,0.0
-0.4,16000,92,0.954071044921875,0.29756750906510326,1.0488427886514062,0.9366455078125,0.018191090790627033,0.0066673055030814325,17,0.011745141889865796,0.930039729302896,-0.017425537109375,1.0,-0.024031315618978977,0.0
-0.4,16000,93,0.954071044921875,0.3314668731813744,1.0912488616700853,0.9444580078125,0.018446091077788246,0.00661650748998016,11,0.009678412316605286,0.9526748177767556,-0.009613037109375,1.0,-0.0013962271451194441,1.0
-0.4,16000,94,0.954071044921875,0.3213844436222235,1.0852801399010243,0.946533203125,0.018357444520158226,0.00656620103263503,20,0.01382770435970825,0.9293797794207765,-0.007537841796875,1.0,-0.02469126550109846,1.0
-0.4,16000,95,0.954071044921875,0.35702240649369654,1.1047409795500214,0.93701171875,0.01835495563955653,0.007022545624760572,23,0.013376640302107291,0.8886733031565198,-0.017059326171875,1.0,-0.06539774176535518,0.0
-0.4,16000,96,0.954071044921875,0.3183510899134835,1.0673535792813331,0.9251708984375,0.01813728407458199,0.007116556604840864,19,0.01287458616326958,0.930461294042157,-0.028900146484375,0.0,-0.02360975087971795,1.0
-0.4,16000,97,0.954071044921875,0.3237873586777376,1.0633672942428913,0.9283447265625,0.018355784555164116,0.006973061006133008,16,0.010240005102764701,0.944789075100442,-0.025726318359375,0.0,-0.009281969821433034,1.0
-0.4,16000,98,0.954071044921875,0.31524133901207124,1.102545879122978,0.943359375,0.01827606270531739,0.006688094291767671,20,0.012675394396273389,0.9374161500804983,-0.010711669921875,1.0,-0.01665489484137672,1.0
-0.4,16000,99,0.954071044921875,0.3184673888812589,1.0843841396883434,0.9384765625,0.018625513354757112,0.0067810351147257475,23,0.013825394711632284,0.9496768131207506,-0.015594482421875,1.0,-0.004394231801124415,1.0
-0.4,16000,100,0.954071044921875,0.31190657486831047,1.070409562889996,0.9490966796875,0.018485677196774204,0.006402633653496524,16,0.011959881289557436,0.9754303452320925,-0.004974365234375,1.0,0.02135930031021749,1.0
-0.4,16000,101,0.954071044921875,0.3031091031892105,1.091679186963407,0.9434814453125,0.01823057030820414,0.006731276023045276,21,0.013483923060348823,0.98805500931758,-0.010589599609375,1.0,0.033983964395704946,0.0
-0.4,16000,102,0.954071044921875,0.32145339596932515,1.0885326937768562,0.935546875,0.018007960480259436,0.006884088871996782,18,0.012413135196596387,0.9421868096318392,-0.018524169921875,1.0,-0.011884235290035794,1.0
-0.4,16000,103,0.954071044921875,0.32835147576326995,1.069134516436311,0.9376220703125,0.01843364490449388,0.006773553169436952,12,0.009103852147656888,0.9504976987332796,-0.016448974609375,1.0,-0.0035733461885953943,1.0
-0.4,16000,104,0.954071044921875,0.3114249288627001,1.073457748719013,0.9473876953125,0.018660944867899792,0.0064645980236784474,15,0.011693125959225963,0.9808538512723908,-0.006683349609375,1.0,0.026782806350515775,0.0
-0.4,16000,105,0.954071044921875,0.33718792278748677,1.0967698710626275,0.942626953125,0.018352607513631495,0.006718757062275232,16,0.011003008068306352,0.9799680361339699,-0.011444091796875,1.0,0.025896991212094878,0.0
-0.4,16000,106,0.954071044921875,0.34617553555020475,1.0496645913620253,0.9351806640625,0.017845621686212353,0.0066099670146263145,12,0.00946218580933083,0.9257075023509713,-0.018890380859375,0.0,-0.028363542570903677,0.0
-0.4,16000,107,0.954071044921875,0.34289531616341473,1.059991377782103,0.93798828125,0.01864967953131798,0.006639881945300519,19,0.012995961961446189,0.9357957124067643,-0.016082763671875,1.0,-0.01827533251511071,1.0
-0.4,16000,108,0.954071044921875,0.34281155057495816,1.1095165556143194,0.923828125,0.018190686772406064,0.0073903471352558545,18,0.010970680847255403,0.9195162464518534,-0.030242919921875,0.0,-0.03455479847002163,0.0
-0.4,16000,109,0.954071044921875,0.3274871149944151,1.076145329969887,0.9373779296875,0.01839909123504467,0.006772852550155506,12,0.009592970805963988,0.9434636140121919,-0.016693115234375,1.0,-0.01060743090968308,1.0
-0.4,16000,110,0.954071044921875,0.32451572425452496,1.1032291830712806,0.961181640625,0.019057251903492323,0.006152754195221995,15,0.011968770418723863,0.9818002930782073,0.007110595703125,1.0,0.027729248156332265,0.0
-0.4,16000,111,0.954071044921875,0.31211802095951924,1.109334722735305,0.943359375,0.018425771324165556,0.006857104867164374,28,0.015795238983685678,0.9449341363420685,-0.010711669921875,1.0,-0.009136908579806535,1.0
-0.4,16000,112,0.954071044921875,0.2931901766762473,1.083927851010554,0.946533203125,0.01841586562144605,0.006573707444863145,16,0.011332384589571825,0.9636191021136266,-0.007537841796875,1.0,0.009548057191751558,1.0
-0.4,16000,113,0.954071044921875,0.28864928516404403,1.0944919582984691,0.9481201171875,0.018461948191794225,0.006512917492535223,14,0.010854521148994241,0.9379234807961736,-0.005950927734375,1.0,-0.016147564125701397,1.0
-0.4,16000,114,0.954071044921875,0.3184986619118707,1.1031257807797807,0.94921875,0.018440180645920862,0.006615262085203271,17,0.012350848313962472,0.9790059278306679,-0.004852294921875,1.0,0.024934882908792866,0.0
-0.4,16000,115,0.954071044921875,0.3054657301421395,1.122432609056926,0.95849609375,0.018666534247255392,0.006496351140448115,10,0.009203633841880306,0.9617070210542731,0.004425048828125,1.0,0.007635976132398081,1.0
-0.4,16000,116,0.954071044921875,0.3288365892750899,1.0656059018869775,0.9364013671875,0.018128074542281457,0.00675518569993379,17,0.011271662972322643,0.928349253713628,-0.017669677734375,1.0,-0.025721791208247025,0.0
-0.4,16000,117,0.954071044921875,0.3014975591959514,1.0924959823266334,0.942138671875,0.018328231326341083,0.006802727746944397,21,0.01432606837364138,0.9364555736143215,-0.011932373046875,1.0,-0.017615471307553476,1.0
-0.4,16000,118,0.954071044921875,0.32209556107818427,1.0561343758033632,0.9434814453125,0.018591605553572713,0.0064787899709839785,18,0.013547601508234777,1.002419402718171,-0.010589599609375,1.0,0.04834835779629598,0.0
-0.4,16000,119,0.954071044921875,0.3292319472105019,1.0862052315812725,0.93798828125,0.018467683979332888,0.006915670416071902,11,0.009411236112447867,0.9486442331438585,-0.016082763671875,1.0,-0.005426811778016516,1.0
-0.4,16000,120,0.954071044921875,0.35251740769981604,1.0807152934329212,0.9393310546875,0.018313784423170013,0.00683225885098269,22,0.014671338408984064,0.9235702196903159,-0.014739990234375,1.0,-0.03050082523155906,0.0
-0.4,16000,121,0.954071044921875,0.3204272101098579,1.0974102827233752,0.9500732421875,0.018537692448241952,0.006431888753725843,14,0.01073990606916605,1.0234363493631944,-0.003997802734375,1.0,0.06936530444131939,0.0
-0.4,16000,122,0.954071044921875,0.3401551744902568,1.063942975604213,0.937255859375,0.018291969869075053,0.006739617156035105,16,0.011011338701577132,0.9349885085924404,-0.016815185546875,1.0,-0.019082536329434574,1.0
-0.4,16000,123,0.954071044921875,0.33421991922198807,1.0725575075694458,0.9442138671875,0.018561109363538178,0.006645083929190534,19,0.013273342322639546,0.9955477125245064,-0.009857177734375,1.0,0.041476667602631356,0.0
-0.4,16000,124,0.954071044921875,0.3105995005540834,1.062950207967329,0.9326171875,0.018151422620189855,0.00683162214295869,24,0.015431288070233145,0.9329359643619246,-0.021453857421875,1.0,-0.021135080559950392,1.0
-0.4,16000,125,0.954071044921875,0.32727166506234706,1.0994988950904416,0.9365234375,0.018383289751861584,0.006894521915093095,18,0.012660415177736932,0.9419045053759105,-0.017547607421875,1.0,-0.012166539545964472,1.0
-0.4,16000,126,0.954071044921875,0.3281139065450821,1.0676884419883972,0.9443359375,0.018434180361185815,0.0066060983622970295,16,0.011568261140675494,1.0066158726790073,-0.009735107421875,1.0,0.05254482775713232,0.0
-0.4,16000,127,0.954071044921875,0.30260293872911226,1.0840152676483266,0.947265625,0.01850219500978483,0.006558105822409241,16,0.012411908111961696,0.9737375186926737,-0.006805419921875,1.0,0.019666473770798665,1.0
-0.4,16000,128,0.954071044921875,0.3198889609676824,1.0994699766333271,0.9443359375,0.018423467670413692,0.006703749755931458,8,0.006957680043107068,0.982037836479402,-0.009735107421875,1.0,0.027966791557527015,0.0
-0.4,16000,129,0.954071044921875,0.34076342062263315,1.0753145467380048,0.9423828125,0.018198228276985053,0.0066342985366420705,13,0.009948670427488421,0.9577976476448221,-0.011688232421875,1.0,0.0037266027229471144,1.0
-0.4,16000,130,0.954071044921875,0.31857227015848777,1.0902429921493708,0.948974609375,0.018626508022141285,0.006571114170140839,20,0.013786236180795781,1.0108641539573329,-0.005096435546875,1.0,0.05679310903545787,0.0
-0.4,16000,131,0.954071044921875,0.3286039011830484,1.0602101916734286,0.9373779296875,0.01854456336378717,0.006666856252427223,18,0.013688327245171685,0.932801533653502,-0.016693115234375,1.0,-0.021269511268372954,1.0
-0.4,16000,132,0.954071044921875,0.3266901485922626,1.08854010242363,0.9483642578125,0.018533241379130646,0.006577991555288959,19,0.012410074590755734,1.0012683004142982,-0.005706787109375,1.0,0.04719725549242315,0.0
-0.4,16000,133,0.954071044921875,0.30709007478971134,1.0875411329097868,0.930908203125,0.01818759935278536,0.006981283069670134,23,0.013685237348182656,0.9400398496827079,-0.023162841796875,1.0,-0.014031195239167071,1.0
-0.4,16000,134,0.954071044921875,0.31913008526028636,1.0682716536291246,0.9541015625,0.01877400867773607,0.006296628968475738,12,0.010104034075292258,1.0213068591347925,3.0517578125e-05,1.0,0.06723581421291747,0.0
-0.4,16000,135,0.954071044921875,0.3170147506693387,1.0497463390533528,0.9334716796875,0.018141396224138774,0.006884810153729162,14,0.011017214461677222,0.9557830293449054,-0.020599365234375,1.0,0.0017119844230304437,1.0
-0.4,16000,136,0.954071044921875,0.30974216774936436,1.0959228719209015,0.939697265625,0.018425941020027543,0.006808350584186407,16,0.010379341250822158,0.9429762278289346,-0.014373779296875,1.0,-0.011094817092940357,1.0
-0.4,16000,137,0.954071044921875,0.3340555034125418,1.0499686769433345,0.93017578125,0.017820024930971092,0.006835707287142218,24,0.013947735028269513,0.9867206846967458,-0.023895263671875,1.0,0.03264963977487079,0.0
-0.4,16000,138,0.954071044921875,0.3206309115149362,1.0808771924453562,0.9393310546875,0.018287792390882386,0.006845271668808721,15,0.010470017665490694,0.9714191673565862,-0.014739990234375,1.0,0.017348122434711177,1.0
-0.4,16000,139,0.954071044921875,0.29907474859364935,1.0784840999654626,0.9439697265625,0.018462349532564714,0.006633967392985673,14,0.010967667161104668,0.9327053233930988,-0.010101318359375,1.0,-0.02136572152877625,1.0
-0.4,16000,140,0.954071044921875,0.33341076363340877,1.0995687058527757,0.9483642578125,0.01880906548952889,0.006607879737076841,16,0.011749857740735623,0.9811481273266339,-0.005706787109375,1.0,0.027077082404758923,0.0
-0.4,16000,141,0.954071044921875,0.32673495865741004,1.0686293654699865,0.9287109375,0.018034993671023104,0.007002449474474584,23,0.013208510890886009,0.9346081501125415,-0.025360107421875,1.0,-0.019462894809333497,1.0
-0.4,16000,142,0.954071044921875,0.3259919338581442,1.0799363544683436,0.935302734375,0.018376365831797695,0.00690222050611077,17,0.011927912046171229,0.952176470241247,-0.018768310546875,1.0,-0.0018945746806280361,1.0
-0.4,16000,143,0.954071044921875,0.30614152715566956,1.0500204386113643,0.931396484375,0.018168057656345948,0.006806114735931882,16,0.012293699944150856,0.9201969761259374,-0.022674560546875,1.0,-0.03387406879593757,0.0
-0.4,16000,144,0.954071044921875,0.33808810406027484,1.0880680060925898,0.9324951171875,0.018296919547106227,0.007095143147739699,21,0.014447495743972562,0.9099579878113421,-0.021575927734375,1.0,-0.04411305711053293,0.0
-0.4,16000,145,0.954071044921875,0.29603964490905227,1.1031943514080595,0.9444580078125,0.018404335997474593,0.006797051373338377,18,0.01190132058978077,0.9028368385193096,-0.009613037109375,1.0,-0.051234206402565374,0.0
-0.4,16000,146,0.954071044921875,0.3375577015963393,1.076406826895527,0.9400634765625,0.018278191944822934,0.00671155691381655,26,0.015055840797927102,0.9748312748807534,-0.014007568359375,1.0,0.020760229958878385,1.0
-0.4,16000,147,0.954071044921875,0.31072963498396006,1.0891740653533721,0.947509765625,0.01862958301687891,0.006606100792661391,22,0.01508663275841481,0.9505448448523581,-0.006561279296875,1.0,-0.0035262000695168716,1.0
-0.4,16000,148,0.954071044921875,0.32018646945197626,1.0778926828559126,0.9376220703125,0.018069594560492484,0.006818445122527863,15,0.011041982561627394,0.9427390126704668,-0.016448974609375,1.0,-0.01133203225140822,1.0
-0.4,16000,149,0.954071044921875,0.3296449454864923,1.0670452693978996,0.9267578125,0.01817119824288357,0.007097922500576793,19,0.01127487224535054,0.9838387857110263,-0.027313232421875,0.0,0.029767740789151342,0.0
